residue	score	rank
69	2.306358	1
42	2.260116	2
51	2.009634	3
50	1.998073	4
55	1.832370	5
41	1.554913	6
6	1.512524	7
54	1.450867	8
40	1.450867	9
68	1.408478	10
43	1.404624	11
22	1.389210	12
52	1.327553	13
44	1.269750	14
70	1.254335	15
72	1.238921	16
24	1.231214	17
27	1.231214	18
5	1.219653	19
37	1.200385	20
18	1.146435	21
71	1.107900	22
31	1.046243	23
73	0.976879	24
28	0.899807	25
21	0.865125	26
13	0.842004	27
25	0.834297	28
63	0.830443	29
67	0.818882	30
38	0.776493	31
66	0.749518	32
74	0.707129	33
4	0.707129	34
12	0.695568	35
61	0.695568	36
7	0.691715	37
53	0.676301	38
62	0.676301	39
14	0.660886	40
15	0.626204	41
64	0.622351	42
65	0.622351	43
17	0.614644	44
3	0.595376	45
56	0.595376	46
16	0.591522	47
36	0.564547	48
58	0.549133	49
20	0.526012	50
1	0.522158	51
45	0.479769	52
49	0.475915	53
35	0.433526	54
75	0.429672	55
11	0.425819	56
8	0.418112	57
2	0.414258	58
30	0.383430	59
48	0.364162	60
19	0.337187	61
60	0.298651	62
34	0.287091	63
57	0.271676	64
47	0.248555	65
32	0.202312	66
29	0.159923	67
10	0.152216	68
9	0.148362	69
33	0.148362	70
39	0.144509	71
46	0.144509	72
76	0.144509	73
23	0.144509	74
59	0.144509	75
26	0.144509	76
