residue	score	rank
69	2.308664	1
70	2.055957	2
71	1.965704	3
22	1.777978	4
40	1.651625	5
51	1.644404	6
50	1.629964	7
6	1.474729	8
18	1.370036	9
43	1.337545	10
5	1.258123	11
55	1.225632	12
21	1.185921	13
37	1.164260	14
72	1.160650	15
68	1.146209	16
24	1.124549	17
52	1.066787	18
31	1.052347	19
42	1.037906	20
27	1.023466	21
44	0.969314	22
25	0.929603	23
73	0.915162	24
13	0.889892	25
28	0.868231	26
54	0.821300	27
14	0.796029	28
2	0.792419	29
15	0.777978	30
1	0.731047	31
67	0.731047	32
4	0.727437	33
12	0.709386	34
66	0.698556	35
17	0.680505	36
16	0.676895	37
63	0.662455	38
74	0.662455	39
3	0.648014	40
38	0.619134	41
65	0.608303	42
64	0.604693	43
7	0.575812	44
62	0.557762	45
61	0.539711	46
36	0.521661	47
39	0.507220	48
11	0.463899	49
41	0.460289	50
58	0.460289	51
45	0.456679	52
49	0.442238	53
75	0.402527	54
35	0.398917	55
23	0.395307	56
56	0.384477	57
20	0.344765	58
19	0.341155	59
30	0.333935	60
48	0.333935	61
8	0.326715	62
60	0.287004	63
57	0.279783	64
34	0.268953	65
47	0.225632	66
32	0.222022	67
10	0.214801	68
53	0.207581	69
29	0.149819	70
33	0.138989	71
26	0.138989	72
9	0.135379	73
59	0.135379	74
76	0.135379	75
46	0.135379	76
