residue	score	rank
69	2.073308	1
51	2.016917	2
50	1.990602	3
70	1.934211	4
55	1.859023	5
71	1.836466	6
40	1.498120	7
54	1.483083	8
6	1.441729	9
43	1.437970	10
22	1.404135	11
42	1.377820	12
52	1.328947	13
24	1.313910	14
27	1.302632	15
68	1.265038	16
44	1.238722	17
5	1.216165	18
72	1.208647	19
18	1.189850	20
37	1.129699	21
31	0.953008	22
73	0.953008	23
21	0.892857	24
28	0.840226	25
38	0.791353	26
13	0.783835	27
25	0.780075	28
14	0.697368	29
12	0.693609	30
61	0.693609	31
74	0.689850	32
41	0.686090	33
15	0.674812	34
67	0.663534	35
17	0.656015	36
7	0.648496	37
62	0.648496	38
56	0.644737	39
66	0.622180	40
16	0.618421	41
4	0.603383	42
63	0.569549	43
36	0.539474	44
65	0.531955	45
58	0.531955	46
3	0.524436	47
20	0.520677	48
1	0.509398	49
53	0.501880	50
49	0.486842	51
45	0.456767	52
2	0.445489	53
11	0.437970	54
30	0.422932	55
75	0.419173	56
35	0.411654	57
8	0.385338	58
48	0.366541	59
19	0.351504	60
64	0.340226	61
23	0.317669	62
57	0.287594	63
34	0.276316	64
47	0.242481	65
60	0.242481	66
10	0.174812	67
32	0.159774	68
9	0.148496	69
29	0.148496	70
33	0.144737	71
59	0.140977	72
76	0.140977	73
26	0.140977	74
39	0.140977	75
46	0.140977	76
