residue	score	rank
69	2.565844	1
42	2.331276	2
22	2.076132	3
51	2.018519	4
50	1.993827	5
43	1.751029	6
18	1.644033	7
41	1.594650	8
55	1.532922	9
38	1.508230	10
21	1.454733	11
70	1.355967	12
72	1.323045	13
6	1.281893	14
37	1.236626	15
52	1.228395	16
36	1.195473	17
71	1.187243	18
24	1.154321	19
25	1.154321	20
44	1.125514	21
28	1.104938	22
27	1.096708	23
31	1.096708	24
68	1.076132	25
12	1.072016	26
54	1.072016	27
13	1.067901	28
73	1.043210	29
15	1.022634	30
14	1.018519	31
2	0.956790	32
17	0.911523	33
7	0.903292	34
16	0.890947	35
67	0.849794	36
1	0.759259	37
74	0.755144	38
66	0.751029	39
63	0.693416	40
64	0.685185	41
65	0.660494	42
5	0.639918	43
61	0.598765	44
40	0.594650	45
62	0.586420	46
56	0.574074	47
58	0.561728	48
4	0.541152	49
49	0.532922	50
3	0.504115	51
45	0.495885	52
23	0.487654	53
10	0.471193	54
75	0.458848	55
11	0.434156	56
30	0.409465	57
48	0.405350	58
19	0.393004	59
39	0.339506	60
57	0.323045	61
34	0.294239	62
35	0.290123	63
47	0.269547	64
20	0.257202	65
60	0.257202	66
8	0.183128	67
29	0.174897	68
26	0.162551	69
32	0.162551	70
33	0.158436	71
9	0.154321	72
46	0.154321	73
53	0.154321	74
59	0.154321	75
76	0.154321	76
