residue	score	rank
51	2.007225	1
50	1.995665	2
54	1.854046	3
55	1.735549	4
6	1.625723	5
42	1.611272	6
52	1.423410	7
24	1.385838	8
43	1.273121	9
44	1.223988	10
68	1.218208	11
71	1.119942	12
27	1.099711	13
69	1.036127	14
70	1.027457	15
12	0.960983	16
40	0.955202	17
72	0.929191	18
41	0.917630	19
28	0.894509	20
18	0.854046	21
53	0.755780	22
31	0.755780	23
73	0.732659	24
37	0.726879	25
61	0.721098	26
63	0.674855	27
56	0.666185	28
62	0.645954	29
13	0.637283	30
14	0.617052	31
15	0.614162	32
22	0.611272	33
21	0.605491	34
5	0.570809	35
74	0.530347	36
58	0.524566	37
25	0.521676	38
17	0.492775	39
35	0.489884	40
7	0.486994	41
16	0.484104	42
3	0.478324	43
36	0.463873	44
4	0.455202	45
49	0.446532	46
20	0.443642	47
1	0.371387	48
11	0.345376	49
67	0.339595	50
66	0.336705	51
45	0.330925	52
65	0.330925	53
75	0.322254	54
48	0.302023	55
8	0.287572	56
23	0.287572	57
38	0.276012	58
2	0.247110	59
32	0.226879	60
19	0.206647	61
34	0.200867	62
47	0.200867	63
57	0.177746	64
39	0.171965	65
30	0.154624	66
10	0.145954	67
9	0.117052	68
64	0.117052	69
33	0.114162	70
26	0.108382	71
29	0.108382	72
59	0.108382	73
76	0.108382	74
46	0.108382	75
60	0.108382	76
