node1,node2,x,y,z,size
LEU50,GLU51,26.4325,39.03,29.752000000000002,1.0
GLN41,ARG42,28.0715,33.236000000000004,37.7775,0.790787
ARG54,THR55,24.865000000000002,35.8785,22.915,0.677543
ARG42,LEU69,31.5175,33.7965,36.951499999999996,0.587332
PRO37,GLN40,24.3845,28.536,40.5135,0.564299
VAL70,LEU71,31.7845,32.850500000000004,41.049,0.564299
ARG72,LEU73,27.573999999999998,32.635,46.087,0.552783
