residue	score	rank
42	2.402098	1
40	2.099068	2
41	1.963869	3
50	1.614219	4
51	1.597902	5
6	1.527972	6
69	1.467366	7
5	1.420746	8
55	1.343823	9
53	1.283217	10
43	1.252914	11
13	1.143357	12
54	1.138695	13
37	1.117716	14
14	1.082751	15
15	0.933566	16
44	0.928904	17
58	0.835664	18
68	0.791375	19
72	0.749417	20
18	0.728438	21
49	0.723776	22
3	0.686480	23
22	0.602564	24
31	0.602564	25
73	0.590909	26
57	0.562937	27
36	0.518648	28
1	0.486014	29
7	0.481352	30
19	0.472028	31
21	0.467366	32
28	0.446387	33
52	0.430070	34
74	0.427739	35
48	0.409091	36
63	0.397436	37
24	0.383450	38
12	0.357809	39
64	0.353147	40
25	0.343823	41
8	0.318182	42
27	0.315851	43
16	0.297203	44
2	0.285548	45
17	0.285548	46
56	0.280886	47
47	0.259907	48
75	0.259907	49
38	0.222611	50
70	0.208625	51
34	0.194639	52
11	0.192308	53
67	0.182984	54
61	0.171329	55
30	0.168998	56
65	0.155012	57
32	0.152681	58
9	0.152681	59
23	0.143357	60
62	0.141026	61
66	0.120047	62
4	0.106061	63
45	0.101399	64
71	0.099068	65
29	0.092075	66
33	0.092075	67
20	0.089744	68
10	0.087413	69
26	0.087413	70
35	0.087413	71
59	0.087413	72
60	0.087413	73
39	0.087413	74
46	0.087413	75
76	0.087413	76
