residue	score	rank
69	2.229050	1
70	2.221601	2
71	1.957169	3
43	1.916201	4
51	1.744879	5
50	1.744879	6
22	1.677840	7
39	1.662942	8
42	1.581006	9
40	1.432030	10
55	1.350093	11
68	1.271881	12
18	1.264432	13
37	1.253259	14
72	1.197393	15
67	1.134078	16
66	1.104283	17
7	1.096834	18
21	1.081937	19
52	1.018622	20
25	0.988827	21
54	0.959032	22
27	0.947858	23
73	0.944134	24
65	0.929236	25
24	0.929236	26
44	0.836127	27
2	0.821229	28
41	0.810056	29
31	0.802607	30
38	0.798883	31
11	0.769088	32
12	0.728119	33
5	0.687151	34
74	0.683426	35
1	0.668529	36
4	0.664804	37
6	0.661080	38
64	0.661080	39
3	0.605214	40
17	0.586592	41
48	0.586592	42
36	0.582868	43
16	0.579143	44
13	0.575419	45
56	0.560521	46
61	0.545624	47
62	0.538175	48
49	0.527002	49
28	0.497207	50
14	0.471136	51
8	0.452514	52
23	0.445065	53
35	0.437616	54
26	0.437616	55
58	0.433892	56
15	0.422719	57
75	0.415270	58
63	0.400372	59
19	0.392924	60
29	0.333333	61
45	0.314711	62
34	0.288641	63
57	0.284916	64
60	0.236499	65
32	0.225326	66
20	0.221601	67
30	0.210428	68
10	0.184358	69
33	0.143389	70
9	0.139665	71
46	0.139665	72
47	0.139665	73
53	0.139665	74
59	0.139665	75
76	0.139665	76
