0.000000 3.841000 6.626500 9.548000 12.949000 15.305000 18.147000 16.606000 15.866500 19.424500 20.955000 19.518000 20.803000 24.083000 24.431000 23.956500 26.516000 28.882500 28.491000 28.707000 29.435000 28.420500 29.122000 27.046000 24.008500 21.582000 17.886000 17.921000 19.712500 17.486500 14.464000 16.798500 17.938500 14.651500 13.783000 10.615500 10.198500 11.733000 9.481500 6.966000 10.289000 11.675500 9.526500 10.948500 14.234000 16.104000 19.135500 21.215000 23.825500 21.576500 20.416500 24.100000 25.056500 22.717000 24.199500 27.669000 27.659000 26.399500 29.287500 31.699500 30.488000 30.803500 34.180000 35.443000 37.025000 38.469500 40.515500 42.488500 45.806000 48.143500 50.888000 53.390000 53.137500 53.049000 51.157000 52.079000 50.542000 47.366000 47.039000 47.837000 45.297000 42.591500 43.317500 43.484500 40.263500 38.501500 39.899500 38.771500 35.238000 35.153000 36.808500 34.515000 32.002000 32.377500 32.414500 31.993500 34.464500 32.871500 29.463000 31.276000 33.256500 32.201500 30.022500 29.970500 31.096500 28.843500 29.491000 29.986500 32.596500 34.422500 36.028500 37.187000 38.497000 40.318500 41.817500 43.014000 44.574500 46.143000 47.593500 49.257000 50.550500 52.052000 53.806000 55.419500 53.415500 52.841500 49.239500 49.266000 50.920000 48.520500 45.541500 47.373500 48.202500 44.586500 43.633000 46.441500 45.431500 41.788500 42.730500 45.166000 42.791500 39.960000 42.479500 44.070500 40.874000 39.743000 43.105500 43.174500 39.783500 40.799000 44.094500 42.763500 41.798500 43.180000 44.056000 43.388000 44.711500 47.231500 50.020500 52.026000 53.448500 55.300500 57.196500 59.981000 60.905500 60.820500 64.020500 65.454500 64.617000 61.068000 60.794500 61.894000 59.478000 56.538500 57.644000 57.826000 54.404500 53.023000 54.794000 53.881500 50.404500 48.584500 48.545500 52.210000 51.847500 48.902500 50.916500 53.997500 52.126500 50.521000 54.040000 55.280500 52.708500 53.595000 57.315500 56.878000 55.009000 57.862500 60.319000 58.238000 57.999000 61.723500 62.122000 60.774500 62.392000 64.641000 66.441000
3.841000 0.000000 3.825000 6.600500 9.928500 12.751500 15.232000 13.524500 13.323500 16.938500 18.118500 16.894500 18.605000 21.644500 21.878000 21.825500 24.471000 26.565000 26.328000 26.934000 27.707500 26.987500 28.022000 25.796000 22.678500 20.700000 17.170000 17.348500 18.510000 15.903500 13.154500 15.328500 15.818500 12.234500 11.784500 9.132000 10.011000 11.974000 10.634500 7.166500 9.644000 11.991000 10.080500 10.237000 13.582500 16.137500 18.982000 20.592500 23.150000 20.777000 19.137000 22.712000 23.712500 21.021000 22.197000 25.793000 25.688000 24.054500 26.894000 29.416500 28.032500 28.086000 31.529500 32.900500 34.597000 36.153000 38.326000 40.315500 43.687500 45.909000 48.653000 51.126000 50.875500 50.844500 49.116000 49.989500 48.266000 45.172000 44.990000 45.627000 42.943500 40.404500 41.209000 41.157500 37.860500 36.323000 37.698500 36.328000 32.853500 32.991500 34.496500 31.992000 29.596500 30.200000 30.554500 30.009500 32.704500 31.397000 27.911000 29.710500 32.005000 31.273500 28.929500 29.090000 30.069000 27.677500 28.282500 28.368500 31.005000 33.095500 34.494000 35.434500 36.979000 38.912500 40.145500 41.309500 43.118000 44.643500 45.866000 47.632000 49.104000 50.445500 52.101500 53.906500 52.017000 51.673000 48.155000 48.291000 49.738500 47.180000 44.337500 46.183500 46.756000 43.068000 42.305000 45.025000 43.761500 40.188500 41.317000 43.567500 40.985500 38.308000 40.948000 42.299500 38.983000 38.094500 41.466000 41.274000 37.895000 39.155500 42.330000 40.820500 39.963000 41.464500 42.283000 41.702500 43.188500 45.755500 48.552000 50.478000 51.880000 53.765000 55.566500 58.398500 59.427000 59.290500 62.488000 63.753500 62.901500 59.408500 59.023000 59.977000 57.601000 54.677000 55.620500 55.715000 52.358000 50.909000 52.512000 51.571000 48.162500 46.448500 46.265000 49.956500 49.794000 46.845500 48.736500 51.933500 50.243500 48.563000 52.028000 53.460500 50.979000 51.723500 55.472000 55.237500 53.360500 56.099000 58.694000 56.765000 56.430500 60.136000 60.691000 59.378500 60.929500 63.208000 65.000000
6.626500 3.825000 0.000000 3.827000 6.719500 9.464500 12.175000 11.101000 11.020000 14.348500 15.830000 15.235500 16.795000 19.592500 20.303500 20.585500 22.872500 25.003000 25.261500 25.986500 26.350000 25.497500 26.952500 25.001000 21.622000 20.003000 16.613000 17.527000 18.404500 15.273000 13.252500 15.827500 15.618500 11.927500 12.605000 10.272000 11.652500 12.915500 11.674000 7.962500 9.227000 11.502000 9.243500 8.209000 11.718500 14.586500 17.445000 18.976000 21.132500 18.415000 16.801500 20.358000 20.991500 18.071000 19.434500 22.951000 22.535500 20.914000 23.944000 26.279000 24.739000 24.969000 28.472000 29.663500 31.291000 32.745000 34.892500 36.818000 40.183500 42.405500 45.133500 47.632500 47.428500 47.437500 45.732000 46.700500 44.979500 41.834000 41.746000 42.473000 39.744500 37.188000 38.150000 38.168500 34.797000 33.313000 34.892000 33.541500 30.003500 30.344500 32.029500 29.504000 27.335500 28.258500 28.583500 27.666500 30.303500 29.256500 25.629500 27.118500 29.585000 28.860000 26.264000 26.307500 27.034000 24.474500 24.933500 24.898500 27.616500 29.720000 31.009500 31.963500 33.603500 35.491500 36.654000 37.887500 39.742000 41.191000 42.392500 44.232500 45.697500 46.970000 48.657000 50.506500 48.693000 48.408000 44.914000 45.174500 46.589000 43.938000 41.183000 43.141000 43.633500 39.917500 39.314000 42.098000 40.770500 37.250000 38.570000 40.837500 38.212000 35.672500 38.488500 39.822500 36.549500 35.867000 39.350000 39.131000 35.889000 37.371000 40.550000 39.116000 38.493000 40.106500 41.026500 40.655000 42.253000 44.769500 47.635500 49.396500 50.633000 52.478000 54.113500 57.022000 58.026500 57.687500 60.782500 61.949500 60.927500 57.483000 57.202000 58.003000 55.509500 52.711500 53.687500 53.583000 50.198000 48.907500 50.435500 49.294000 45.908000 44.076000 43.709500 47.348500 47.230000 44.165500 45.922500 49.152500 47.467000 45.637500 49.048000 50.535500 47.985000 48.605500 52.378000 52.175000 50.195000 52.872000 55.519500 53.586500 53.147000 56.849000 57.457500 56.118000 57.617000 59.911000 61.701500
9.548000 6.600500 3.827000 0.000000 3.825000 6.407000 8.814000 7.444500 7.311000 10.693000 12.077000 11.567500 13.195000 15.866000 16.630000 17.089000 19.300000 21.341500 21.771000 22.644000 22.925000 22.237500 23.933000 21.972500 18.552000 17.377000 14.316500 15.532500 15.845000 12.408000 11.075000 13.654500 12.794000 9.203500 10.867500 9.204000 11.317500 12.275000 11.998500 8.336500 8.000500 10.838000 9.510500 7.222000 9.971500 13.352500 15.699500 16.602000 18.740500 16.163000 14.011000 17.354500 18.230500 15.183000 16.109500 19.741000 19.538000 17.682500 20.514500 23.060000 21.680000 21.679500 25.112500 26.527500 28.278000 29.960000 32.211500 34.324500 37.715000 39.919000 42.718500 45.100000 44.737500 44.651000 42.968500 43.746500 41.949000 38.914500 38.751000 39.291000 36.570500 34.090500 34.916500 34.788000 31.461000 30.006000 31.429000 29.993000 26.504000 26.819500 28.382500 25.815500 23.621000 24.585000 25.047500 24.129500 26.905000 25.988500 22.374500 23.969000 26.599500 26.206500 23.640500 24.063500 24.899500 22.484500 23.250000 22.887000 25.354000 27.789500 29.115500 29.692000 31.337000 33.506000 34.521500 35.493000 37.516000 39.131000 40.106500 41.843500 43.541000 44.824000 46.289500 48.227000 46.376000 46.271000 42.866500 43.037000 44.224000 41.548500 38.828000 40.628500 40.947500 37.214000 36.612000 39.231000 37.752500 34.253500 35.573000 37.671000 34.935500 32.429000 35.236000 36.414000 33.064500 32.464500 35.915000 35.562500 32.316000 33.900000 37.008000 35.505000 34.942000 36.617000 37.540000 37.253500 38.929000 41.447500 44.323500 46.006500 47.204500 49.042000 50.617000 53.544500 54.590500 54.221000 57.313000 58.405000 57.392500 53.972500 53.632500 54.386000 51.924000 49.120000 50.033500 49.920000 46.562000 45.232500 46.725000 45.603000 42.229000 40.455500 40.099500 43.766000 43.702000 40.690000 42.469000 45.725500 44.129500 42.362500 45.786500 47.336000 44.909000 45.556000 49.316500 49.225000 47.362000 50.026000 52.708000 50.920500 50.554000 54.239000 54.920500 53.678500 55.208000 57.515500 59.313500
12.949000 9.928500 6.719500 3.825000 0.000000 3.846500 5.632000 5.460500 6.573000 8.979000 10.208500 10.907000 12.637000 14.543000 15.689500 16.874500 18.663500 20.401000 21.421000 22.674000 22.611000 22.049000 24.275000 22.537000 19.037000 18.544500 15.976000 17.663000 17.400500 13.694000 13.305000 15.678000 13.961500 10.675500 13.128500 12.245000 14.717500 15.438000 15.379500 11.886500 10.861000 13.416500 12.110000 9.018000 11.178500 14.652500 16.680500 17.177000 18.733000 15.901000 13.616000 16.574500 17.011500 13.549500 14.348000 17.844500 17.165000 14.982500 17.951000 20.324500 18.574500 18.524500 22.081000 23.363500 25.125000 26.758500 29.080500 31.093500 34.507000 36.599500 39.356500 41.749500 41.462500 41.479500 39.961000 40.820000 38.886000 35.865000 35.935000 36.454000 33.574000 31.229000 32.302000 32.072500 28.614000 27.434000 29.055500 27.443000 23.976000 24.721500 26.323500 23.580000 21.791500 23.275000 23.961000 22.578000 25.404500 24.999000 21.297500 22.490500 25.463000 25.301000 22.435500 22.849000 23.258500 20.611500 21.117500 20.292500 22.846000 25.435500 26.434500 26.876500 28.806000 30.949500 31.677000 32.724500 34.956000 36.415000 37.211000 39.112500 40.895000 41.971000 43.419000 45.526500 43.855500 43.953000 40.649000 41.035000 42.062000 39.202000 36.695500 38.620000 38.687000 34.906500 34.621500 37.227500 35.519500 32.166500 33.808000 35.774000 32.872000 30.659000 33.694000 34.669000 31.316500 31.116000 34.626500 34.062500 31.006500 32.952000 35.926500 34.380000 34.121500 35.961000 36.917500 36.869000 38.724000 41.197000 44.090000 45.565000 46.601000 48.404500 49.761500 52.756000 53.849500 53.282000 56.264000 57.154000 55.990000 52.673000 52.350500 52.864500 50.341000 47.682000 48.501500 48.145500 44.833000 43.609000 44.893000 43.568000 40.296000 38.506000 37.855000 41.465000 41.600500 38.486500 40.017500 43.378500 41.928500 39.958500 43.264500 45.002500 42.577000 42.983000 46.772500 46.853000 44.876500 47.380000 50.201500 48.512000 47.962500 51.614500 52.447000 51.197000 52.620500 54.951500 56.735000
15.305000 12.751500 9.464500 6.407000 3.846500 0.000000 3.841500 5.493500 5.223500 6.329500 8.672000 9.980000 10.682500 12.374000 14.347500 15.430000 16.529000 18.561500 20.060000 21.046500 20.404500 19.490500 21.990000 20.734000 17.096000 16.907500 14.722000 17.107000 16.790500 12.984000 13.499000 16.199000 14.297000 11.666000 14.734500 13.860500 15.990500 15.852000 15.926000 12.957500 10.973000 12.870500 11.964000 8.292500 9.365000 12.703000 14.291500 14.521500 15.578000 12.643000 10.412000 13.183500 13.329500 9.815000 10.837500 14.214000 13.498000 11.605000 14.725000 16.958500 15.470500 15.814000 19.251000 20.421000 22.072500 23.700500 25.938000 28.090000 31.472000 33.714000 36.545000 38.881500 38.465500 38.345500 36.657000 37.474000 35.696500 32.619500 32.512500 33.139500 30.400000 27.877500 28.872500 28.857000 25.455000 24.040000 25.764000 24.417000 20.831000 21.470000 23.370000 20.871000 19.164500 20.737000 21.091500 19.428500 22.036000 21.705500 17.939000 18.881000 21.862500 21.670500 18.718000 19.163500 19.587500 17.054000 17.831000 17.017500 19.354500 22.033000 23.241000 23.551500 25.297000 27.586000 28.425500 29.300000 31.466000 33.094000 33.915000 35.660500 37.475500 38.696500 40.068500 42.088000 40.305500 40.375500 37.073000 37.361000 38.364500 35.559000 32.994500 34.864500 34.976000 31.206000 30.853500 33.481000 31.847000 28.457000 30.087500 32.135500 29.313500 27.075000 30.160000 31.259000 28.014500 27.816500 31.411500 31.009500 28.079500 30.057500 33.110500 31.797000 31.715500 33.583500 34.708000 34.835500 36.674500 39.027500 41.971500 43.300000 44.164500 45.885000 47.133500 50.161000 51.157500 50.431500 53.315500 54.233000 52.934000 49.621000 49.470500 49.961500 47.309500 44.748500 45.729500 45.277000 41.886500 40.865500 42.244500 40.775500 37.454000 35.465000 34.819000 38.374500 38.358000 35.170500 36.747500 40.034500 38.450000 36.476500 39.821500 41.451000 38.959000 39.444500 43.229000 43.209500 41.252000 43.833000 46.588000 44.855000 44.389000 48.059000 48.835000 47.614500 49.105500 51.439000 53.246000
18.147000 15.232000 12.175000 8.814000 5.632000 3.841500 0.000000 3.835000 5.487000 5.151500 6.052000 8.503500 9.807000 10.431000 12.218500 14.150000 15.147000 16.508000 18.318000 19.888000 19.312500 18.986000 21.831000 20.448500 17.053500 17.641500 16.090500 18.302500 17.183500 13.459000 14.588500 16.604000 13.940500 11.781500 15.201500 15.263000 17.949500 18.107000 18.790500 15.802500 13.594000 15.881000 15.453000 11.788500 12.310000 15.643000 16.649500 16.097000 16.983500 14.441000 11.684500 13.599500 13.936000 10.287000 10.141000 13.450500 12.737500 9.976500 12.672000 15.188500 13.501500 13.105000 16.606000 18.116000 20.024000 21.951500 24.414000 26.644500 30.062500 32.092000 34.920000 37.142000 36.659000 36.571500 35.139500 35.783500 33.717500 30.849500 30.915000 31.196500 28.272500 26.085500 27.105000 26.662500 23.202500 22.202500 23.757500 21.975000 18.580500 19.586500 21.104500 18.256000 16.804000 18.766500 19.705000 17.919500 20.860000 21.036500 17.412500 18.339000 21.685500 22.114500 19.195000 20.092000 20.349000 17.922000 18.716000 17.181500 19.254500 22.329000 23.194500 22.989000 25.013000 27.501500 27.881000 28.564500 31.090500 32.694000 33.096000 34.899000 37.012000 38.012500 39.144000 41.415000 39.782000 40.202500 37.100500 37.467500 38.109500 35.159500 32.837500 34.598000 34.308500 30.520500 30.419500 32.779500 30.771000 27.566000 29.389000 31.049500 27.943000 25.988500 29.136000 29.799000 26.404500 26.588000 30.073500 29.249500 26.384000 28.684000 31.467000 29.888500 29.963000 31.970500 32.985000 33.224000 35.249500 37.626000 40.517000 41.726500 42.565000 44.309000 45.430000 48.475000 49.611500 48.855500 51.731000 52.424500 51.153000 47.936500 47.604500 47.915000 45.366500 42.823000 43.554000 43.017000 39.753000 38.608500 39.743500 38.281000 35.083000 33.307000 32.482500 36.069500 36.355500 33.235500 34.647000 38.078500 36.799500 34.792000 38.041500 39.936000 37.659500 37.974500 41.749500 42.040000 40.160000 42.562500 45.476000 44.014500 43.477000 47.076500 48.059500 46.936000 48.347500 50.696000 52.477000
16.606000 13.524500 11.101000 7.444500 5.460500 5.493500 3.835000 0.000000 3.844000 5.499000 5.104500 6.024500 8.490000 9.784500 10.482000 12.215000 14.105500 15.337500 16.429000 18.130000 18.257500 18.348000 20.794500 18.824500 15.617000 16.018000 14.348500 15.910000 14.547500 10.930500 11.718500 13.285500 10.530500 8.214000 11.606000 12.132500 15.187000 15.825000 17.018000 13.982500 11.874500 14.831500 14.876500 11.587500 12.222000 15.779000 16.765000 16.056500 17.715500 15.645500 12.438500 14.530000 15.751000 12.436000 11.757500 15.398500 15.456500 12.650500 14.758000 17.769500 16.494500 15.578000 18.870500 20.842500 22.923000 25.111000 27.635000 30.014500 33.422000 35.406500 38.264000 40.391500 39.787500 39.614500 38.193000 38.597500 36.474500 33.772500 33.674000 33.694500 30.842000 28.766000 29.452000 28.778000 25.482500 24.440000 25.523500 23.609000 20.382500 20.996500 22.063000 19.141500 17.161500 18.588000 19.785500 18.692000 21.922500 21.708000 18.255500 19.879000 23.055500 23.644500 21.117000 22.364500 23.102500 20.959500 22.063500 20.702500 22.597500 25.724000 26.773000 26.455000 28.325500 30.964000 31.396500 31.888000 34.405500 36.169000 36.509500 38.167500 40.380500 41.467000 42.461000 44.713000 42.970000 43.389500 40.291000 40.449000 41.040500 38.211500 35.780000 37.307000 37.052000 33.304000 32.958500 35.137000 33.145000 29.869500 31.386000 32.920500 29.805500 27.636000 30.504000 31.085500 27.529000 27.424500 30.739000 29.827000 26.671000 28.725000 31.482000 29.664000 29.377000 31.283000 32.126000 32.095000 34.064500 36.582000 39.422000 40.857000 41.942500 43.784500 45.127500 48.105000 49.322000 48.845500 51.897000 52.672000 51.661500 48.374500 47.821000 48.319500 45.970000 43.205500 43.818500 43.579500 40.369000 38.913000 40.122000 38.996000 35.759500 34.234500 33.702000 37.412000 37.693500 34.797000 36.428000 39.838000 38.629000 36.891000 40.222000 42.083500 39.993000 40.498500 44.222000 44.542000 42.876000 45.345000 48.204500 46.833000 46.472000 50.058500 51.012000 49.969000 51.448500 53.779500 55.554000
15.866500 13.323500 11.020000 7.311000 6.573000 5.223500 5.487000 3.844000 0.000000 3.852500 5.580000 5.188500 6.139000 8.636000 9.945000 10.552500 12.254000 14.349000 15.301500 16.244000 16.098500 15.617500 17.850000 16.097500 12.626500 12.648000 10.834000 12.864500 11.921500 8.128500 9.277500 11.583500 9.387500 7.444000 11.006500 10.883000 13.298500 13.137000 14.424000 11.899500 9.078000 11.670500 12.277500 9.000000 8.837000 12.322000 13.070000 12.333000 14.237500 12.374000 9.082500 11.514500 13.120500 10.229000 9.815500 13.613500 14.247500 12.145500 14.245500 17.292500 16.674500 16.267000 19.292000 21.230500 23.150500 25.328500 27.673500 30.241500 33.585000 35.819000 38.768500 40.852000 40.085500 39.698500 37.950000 38.266500 36.449000 33.662500 33.168000 33.348000 30.801500 28.400000 28.769000 28.442000 25.340000 23.754500 24.745500 23.317000 19.928000 19.926500 21.292500 18.836500 16.431500 17.323500 17.879500 17.030000 20.016500 19.262000 15.757500 17.663000 20.500000 20.818500 18.520500 19.845000 21.062500 19.266500 20.850000 19.990000 21.629000 24.639000 26.188500 25.940500 27.354500 30.114000 30.948500 31.244000 33.469500 35.517000 36.088000 37.453000 39.580500 40.999000 41.972500 43.963000 41.946000 42.122500 38.918000 38.784500 39.532000 36.939000 34.236500 35.601500 35.661000 31.971000 31.233000 33.464500 31.794500 28.319000 29.485500 31.263000 28.405500 25.873000 28.562000 29.511000 26.051000 25.492500 28.867000 28.366500 25.099500 26.798000 29.829000 28.302000 27.862000 29.632000 30.632000 30.534500 32.310000 34.772500 37.679500 39.191000 40.270500 42.071000 43.536000 46.495000 47.562000 47.119000 50.192500 51.209500 50.205500 46.805500 46.419500 47.144500 44.710500 41.890000 42.783500 42.690500 39.336500 37.986500 39.524000 38.448500 35.040500 33.307500 33.092000 36.808000 36.714500 33.835000 35.772500 38.998500 37.487500 35.944500 39.437000 40.990500 38.814500 39.639000 43.330500 43.367000 41.814000 44.519500 47.173000 45.644000 45.531500 49.169000 49.912000 48.895000 50.537500 52.846000 54.656000
19.424500 16.938500 14.348500 10.693000 8.979000 6.329500 5.151500 5.499000 3.852500 0.000000 3.848500 5.474000 5.048500 6.114500 8.631000 9.797500 10.379500 12.369000 14.206500 15.252500 14.391500 13.874000 16.732500 15.531000 12.120500 13.085000 12.215000 14.761000 13.382000 9.872000 12.086000 14.116500 11.492000 10.507000 14.268500 14.494500 16.778000 16.183000 17.542000 15.343000 12.203500 14.150500 14.898500 11.385000 10.350000 13.376500 13.404500 11.969000 13.019500 11.311000 7.873500 9.263500 10.643000 7.682000 6.438500 10.160500 10.862500 8.581000 10.452500 13.570500 13.198000 12.776500 15.634000 17.636500 19.552500 21.856500 24.211500 26.905000 30.211000 32.445000 35.428500 37.408000 36.524500 36.054000 34.308000 34.527500 32.698000 29.966000 29.431000 29.545500 27.020000 24.637500 24.975500 24.627500 21.534500 19.952500 20.980500 19.566500 16.137000 16.253000 17.751000 15.323500 13.163500 14.490000 15.052500 13.703000 16.705500 16.415000 12.863500 14.450000 17.593000 18.279500 15.872000 17.479500 18.543500 16.930000 18.697000 17.469500 18.725000 21.976500 23.472000 22.847000 24.249000 27.195000 27.860000 27.926000 30.279000 32.414500 32.786500 34.069000 36.357000 37.752000 38.555500 40.607000 38.608000 38.952500 35.869500 35.738000 36.273500 33.630500 31.041000 32.331500 32.195500 28.503500 27.885000 30.006000 28.179000 24.781000 26.095000 27.739500 24.774000 22.400500 25.233000 26.049000 22.595500 22.315500 25.758500 25.159500 22.073500 24.067000 27.028000 25.587500 25.479500 27.395000 28.518500 28.703500 30.597000 32.940500 35.873000 37.139000 38.005000 39.732000 40.984500 44.002500 45.056500 44.402000 47.357500 48.251000 47.093500 43.759500 43.456500 44.019500 41.489500 38.799500 39.710500 39.425500 36.057000 34.866000 36.334500 35.071000 31.686000 29.848500 29.485500 33.166000 33.113500 30.160000 32.017500 35.272500 33.804500 32.193500 35.659000 37.276500 35.132500 35.899500 39.591500 39.713500 38.182500 40.840000 43.534500 42.104500 41.988500 45.598500 46.415000 45.460000 47.097000 49.415500 51.228000
20.955000 18.118500 15.830000 12.077000 10.208500 8.672000 6.052000 5.104500 5.580000 3.848500 0.000000 3.843500 5.447500 5.039500 6.222500 8.665500 9.799000 10.653000 12.412000 14.349000 14.101500 14.601500 17.478000 15.766500 12.883500 14.422500 13.982500 15.819000 13.637000 10.467000 12.763000 13.806000 10.470000 9.953000 13.717000 14.903500 17.754000 17.782000 19.620000 17.237000 14.333500 16.867000 17.757000 14.390000 13.673500 16.811000 16.736500 14.948500 16.203500 14.911000 11.328000 12.107000 13.785000 10.994000 8.858000 12.200500 13.009500 9.993500 10.997500 14.462500 13.942000 12.471500 15.236500 17.748500 19.967000 22.579000 25.147000 27.859000 31.164000 33.125500 36.068500 37.924000 36.994000 36.578500 35.139500 35.144000 32.992500 30.551500 30.194500 29.863500 27.166500 25.234500 25.512000 24.594500 21.531500 20.466000 21.093500 19.100500 16.062000 16.452000 17.188000 14.274500 12.142000 13.639000 15.143500 14.106500 17.566500 17.649000 14.499000 16.302000 19.604500 20.868500 18.686000 20.620000 21.580500 20.028000 21.666500 19.971000 21.101000 24.566500 25.724500 24.740000 26.394500 29.433500 29.687000 29.619500 32.273000 34.338500 34.333500 35.677500 38.214000 39.380000 39.964500 42.247500 40.402500 41.053500 38.159000 38.086000 38.308000 35.572500 33.211500 34.362500 33.869500 30.212500 29.789500 31.587500 29.419500 26.241500 27.630000 28.816000 25.589000 23.480500 26.211000 26.508500 22.856000 22.871500 26.055000 24.932000 21.790500 24.000000 26.609000 24.718500 24.574000 26.583500 27.468500 27.610500 29.679500 32.133500 34.966500 36.239500 37.222000 39.031500 40.267500 43.260500 44.508500 43.975500 47.006000 47.698500 46.704000 43.448500 42.834000 43.291000 40.983500 38.208000 38.769000 38.541000 35.355000 33.859000 35.071500 33.992000 30.746000 29.298500 28.864500 32.619500 32.920000 30.161500 31.901000 35.291000 34.199500 32.659500 36.018500 37.901500 36.056500 36.688000 40.329500 40.778500 39.383500 41.853000 44.681000 43.543500 43.382000 46.900500 47.906000 47.049500 48.601500 50.916500 52.687000
19.518000 16.894500 15.235500 11.567500 10.907000 9.980000 8.503500 6.024500 5.188500 5.474000 3.843500 0.000000 3.829500 5.450500 5.094000 6.252000 8.671000 9.947500 10.558500 12.178000 12.684500 13.338000 15.573500 13.270500 10.492500 11.663000 11.167000 12.434500 10.032000 7.020000 9.380000 10.074000 6.750000 6.854500 10.565000 12.016000 14.788000 14.882500 17.227500 15.172000 12.215000 15.005000 16.488500 13.626500 12.747000 15.832000 15.653500 13.794500 15.850500 15.061000 11.310000 12.418500 14.891000 12.601000 10.586000 14.084000 15.561000 13.033000 13.818500 17.409500 17.340500 15.965000 18.456500 21.099500 23.287000 25.952000 28.445000 31.270000 34.537500 36.584000 39.565000 41.370000 40.327500 39.783000 38.198000 38.039000 36.021500 33.640500 33.003000 32.610500 30.135000 28.121500 28.037000 27.169500 24.359500 23.001500 23.249000 21.473000 18.553500 18.287000 18.802000 16.207500 13.422000 13.911500 15.233500 15.100000 18.551000 17.918500 14.985500 17.498000 20.358000 21.515500 19.786500 21.896000 23.391000 22.115000 24.058000 22.777500 23.827000 27.182000 28.674500 27.785500 29.143000 32.254500 32.773500 32.577000 35.040000 37.300000 37.425000 38.564000 41.067000 42.445000 42.983000 45.106500 43.063500 43.552500 40.587000 40.245000 40.561500 38.039500 35.462000 36.398000 36.132500 32.553000 31.753000 33.470000 31.532000 28.217500 29.169000 30.408500 27.373500 24.910500 27.269500 27.725000 24.051000 23.527000 26.547000 25.610500 22.167500 23.874500 26.600000 24.663000 24.037500 25.834500 26.619000 26.430000 28.314500 30.886000 33.702500 35.258000 36.491000 38.369500 39.896000 42.803000 44.038000 43.796000 46.996500 47.903500 47.155500 43.784500 43.064000 43.824000 41.661500 38.667500 39.275000 39.406000 36.211000 34.498000 35.954000 35.220000 31.877000 30.553500 30.553000 34.369000 34.455500 31.915500 33.975500 37.217000 36.018500 34.797500 38.274000 39.949000 38.193000 39.123000 42.693000 42.997000 41.803500 44.433000 47.102000 45.926500 46.003000 49.533000 50.396000 49.591500 51.262000 53.546000 55.324000
20.803000 18.605000 16.795000 13.195000 12.637000 10.682500 9.807000 8.490000 6.139000 5.048500 5.447500 3.829500 0.000000 3.849000 5.421000 5.020500 6.158500 8.691000 9.778000 10.407000 10.004500 9.934000 12.410000 10.715000 7.546000 9.112000 9.279500 11.392000 9.258000 6.474000 9.785500 11.094000 8.535500 9.235500 12.792500 13.604500 15.624000 14.770000 17.079500 15.643000 12.144500 14.107500 16.030500 13.212500 11.322500 13.877500 12.996000 10.593500 12.425000 12.149500 8.385000 8.933500 11.825000 10.239000 8.000000 11.303000 13.423500 11.619500 12.134500 15.641500 16.275500 15.401000 17.498500 20.037500 22.020500 24.664000 26.960000 29.950500 33.110500 35.354500 38.399000 40.121000 38.911000 38.157500 36.294500 36.034000 34.306000 31.880500 30.884000 30.627500 28.461000 26.176000 25.795500 25.266500 22.674000 20.824500 20.996500 19.740500 16.699500 15.847000 16.731000 14.705500 11.628000 11.693000 12.243500 12.181000 15.378500 14.382000 11.411500 14.154500 16.774500 17.899500 16.434000 18.779000 20.630000 19.806500 22.181000 21.182500 21.816000 25.102500 26.957500 25.985000 26.924000 30.172500 30.951500 30.498500 32.735000 35.249000 35.490000 36.337000 38.809500 40.449000 40.905000 42.814000 40.557500 40.902500 37.919000 37.330000 37.688000 35.366500 32.623000 33.374500 33.305500 29.805500 28.710000 30.410000 28.712000 25.273500 25.950500 27.352500 24.531500 21.801500 24.040500 24.799000 21.237000 20.382500 23.511000 22.956500 19.493500 20.990500 23.990500 22.424500 21.839500 23.585500 24.627500 24.546500 26.298000 28.740500 31.653500 33.137500 34.231500 36.023500 37.543500 40.474500 41.547500 41.203500 44.353500 45.429000 44.584000 41.138500 40.645500 41.529000 39.215000 36.250000 37.156000 37.306000 33.958000 32.459500 34.198500 33.388000 29.897500 28.296500 28.517000 32.297000 32.038000 29.471500 31.766000 34.834500 33.366000 32.287500 35.882000 37.294500 35.468000 36.651500 40.180500 40.258500 39.169000 41.976000 44.469000 43.193500 43.478500 47.028500 47.734500 46.977500 48.778000 51.039500 52.844000
24.083000 21.644500 19.592500 15.866000 14.543000 12.374000 10.431000 9.784500 8.636000 6.114500 5.039500 5.450500 3.849000 0.000000 3.836500 5.427000 5.023000 6.321000 8.709500 10.172500 9.295500 9.992500 13.128500 11.829000 9.389000 11.957000 12.832500 14.848500 12.270000 10.008500 13.381000 14.135000 11.075000 12.070500 15.680500 16.970000 19.264000 18.574500 20.879000 19.295000 15.861500 17.788500 19.506000 16.423000 14.561000 17.005000 15.876500 13.133500 14.143000 13.996500 10.406000 9.765000 12.253000 10.725500 7.473500 10.112500 12.265500 10.016500 9.576000 13.283500 14.106000 12.649500 14.380500 17.258000 19.361500 22.253000 24.648500 27.713500 30.813500 32.886000 35.914500 37.482000 36.168500 35.390000 33.721000 33.275500 31.350000 29.143000 28.238500 27.670000 25.420000 23.432500 23.002000 22.105000 19.549500 18.031000 17.977500 16.364500 13.548500 12.960500 13.448000 11.114500 8.163500 8.899000 10.256500 9.802500 13.383500 13.236500 10.564500 12.981500 15.998500 17.805000 16.335000 18.982500 20.510500 19.810000 22.133000 20.600500 20.883500 24.417000 25.980000 24.534500 25.622500 29.016000 29.402500 28.717500 31.223500 33.720500 33.585500 34.422000 37.145500 38.604500 38.814500 40.911500 38.791500 39.458000 36.695000 36.190000 36.193500 33.760500 31.283500 31.926500 31.461500 27.990500 27.165000 28.584000 26.526500 23.320500 24.222500 25.211000 22.112000 19.740000 22.084500 22.364500 18.666500 18.340000 21.388500 20.366500 17.051000 19.069000 21.761000 19.979000 19.765500 21.759000 22.790500 22.998500 24.999500 27.379000 30.252500 31.475000 32.410000 34.178000 35.458000 38.444500 39.625500 39.123500 42.194500 43.013500 42.093500 38.762000 38.170500 38.808000 36.514500 33.634500 34.343000 34.309000 31.044500 29.526000 31.028500 30.114500 26.718000 25.237000 25.241000 29.046500 29.056000 26.512000 28.640500 31.836000 30.639500 29.509000 33.006000 34.652000 33.018500 34.037500 37.541000 37.896000 36.877000 39.511000 42.130500 41.106000 41.327500 44.794000 45.681500 45.020500 46.746500 49.013000 50.791000
24.431000 21.878000 20.303500 16.630000 15.689500 14.347500 12.218500 10.482000 9.945000 8.631000 6.222500 5.094000 5.421000 3.836500 0.000000 3.840000 5.454500 5.158500 6.279000 8.782500 9.366500 11.217000 13.690000 11.497500 9.821500 12.412500 13.427000 14.487000 11.257500 9.638000 12.800000 12.512000 9.132500 10.901000 14.131000 16.181500 18.754500 18.599500 21.366000 19.771000 16.605500 19.030000 20.961500 18.160000 16.617500 19.222000 18.213500 15.489500 17.092000 17.169000 13.464000 13.126000 15.910500 14.367500 11.255500 13.861000 16.001000 13.500500 12.848500 16.594500 17.251500 15.237000 16.855000 20.009500 22.278000 25.303500 27.799500 30.845000 33.933000 35.828000 38.814500 40.297500 38.952000 38.199000 36.719000 36.089000 33.988000 32.024500 31.180500 30.284500 28.006500 26.350500 25.777500 24.485500 22.098500 20.910000 20.416000 18.469000 16.142500 15.543000 15.221000 12.734000 9.673000 9.756000 11.884500 12.346000 16.024000 15.740000 13.606000 16.351000 19.132000 21.104000 19.927000 22.662000 24.291500 23.581000 25.836500 24.233500 24.598000 28.164500 29.620000 28.110000 29.294500 32.698500 32.943500 32.215500 34.822000 37.293000 37.000500 37.841500 40.670500 42.037500 42.126500 44.313500 42.241000 43.021500 40.339000 39.792500 39.669500 37.264500 34.856000 35.356500 34.773500 31.380000 30.546000 31.728500 29.573000 26.505000 27.255000 27.942500 24.808500 22.519000 24.539000 24.494500 20.722500 20.338000 22.979000 21.627500 18.156500 19.979000 22.351000 20.115500 19.517000 21.418000 22.109000 22.029000 24.072500 26.636000 29.385000 30.812000 32.029000 33.918000 35.372000 38.264000 39.614500 39.416500 42.648000 43.415500 42.799000 39.488000 38.551500 39.275500 37.290500 34.221500 34.624500 34.867500 31.798000 29.868500 31.262000 30.745500 27.465000 26.449000 26.633500 30.480500 30.686500 28.464000 30.618500 33.811500 32.883000 31.972500 35.394500 37.134000 35.777000 36.809000 40.216500 40.743500 39.903500 42.449000 45.084500 44.246000 44.518000 47.911500 48.866500 48.281500 49.980000 52.221500 53.964000
23.956500 21.825500 20.585500 17.089000 16.874500 15.430000 14.150000 12.215000 10.552500 9.797500 8.665500 6.252000 5.020500 5.427000 3.840000 0.000000 3.845500 5.398000 4.993000 5.952500 6.945500 8.590000 10.413000 7.849000 6.318000 8.988000 10.580500 11.451000 8.145000 7.368000 10.912500 10.605500 8.040000 10.569500 13.422000 15.170000 17.134500 16.495000 19.539000 18.573500 15.245500 17.303000 19.797000 17.466000 15.440000 17.606000 16.205500 13.277500 15.318000 16.033000 12.473000 12.126500 15.489500 14.616500 11.785500 14.326500 17.032500 15.222000 14.633500 18.272500 19.411500 17.897500 19.320000 22.332000 24.427500 27.375000 29.689000 32.847500 35.867500 37.958500 40.996000 42.446000 40.980000 40.048500 38.285500 37.558500 35.759500 33.752500 32.533500 31.768500 29.827000 27.903000 26.981000 26.024000 23.913000 22.212500 21.523500 20.141000 17.785000 16.418500 16.291000 14.526000 11.002000 9.848500 11.053500 12.382500 15.700500 14.531500 12.661000 15.979500 18.164000 19.921500 19.246500 22.107500 24.257000 23.915500 26.521000 25.394000 25.593500 28.982000 30.854000 29.473500 30.243500 33.704500 34.320500 33.448000 35.751000 38.459500 38.394500 38.962500 41.685000 43.354000 43.432000 45.357000 43.025500 43.555000 40.784000 39.924000 39.957000 37.828500 35.157000 35.442000 35.196500 31.912000 30.634000 31.801500 30.021500 26.780500 27.038000 27.926000 25.136500 22.416500 24.053500 24.394000 20.757000 19.675500 22.229500 21.371000 17.675500 18.819000 21.502000 19.546500 18.499500 20.119000 20.886000 20.546000 22.290500 24.882000 27.692500 29.351500 30.705000 32.592000 34.310000 37.136000 38.348000 38.337000 41.670000 42.753000 42.269500 38.814500 37.970500 39.042500 37.067500 33.855500 34.527500 35.076500 31.902000 29.977000 31.772500 31.470000 28.036000 26.908000 27.569000 31.389000 31.175500 29.093000 31.614000 34.555500 33.337500 32.732000 36.297500 37.687500 36.308500 37.703000 41.032500 41.272000 40.603500 43.376500 45.775500 44.801000 45.350000 48.769500 49.504000 48.955000 50.810500 53.013500 54.777500
26.516000 24.471000 22.872500 19.300000 18.663500 16.529000 15.147000 14.105500 12.254000 10.379500 9.799000 8.671000 6.158500 5.023000 5.454500 3.845500 0.000000 3.836500 5.498500 5.599500 4.351500 5.914500 8.734500 7.514000 6.255000 9.779000 12.052500 13.664500 10.810000 10.081500 13.867500 14.065500 11.720500 13.942000 16.993500 18.389500 20.096500 18.944500 21.732000 20.952000 17.362000 18.841500 21.324000 18.812000 16.282000 18.023500 16.081000 12.693000 13.892000 15.043500 11.798000 10.311500 13.596500 13.388500 10.146500 11.845500 14.976500 13.651500 12.383500 15.814000 17.572500 16.252500 17.101500 20.077000 21.999500 24.981000 27.141000 30.415000 33.282500 35.424000 38.474000 39.778000 38.148500 37.047500 35.170500 34.284500 32.639500 30.716500 29.265000 28.467500 26.765000 24.789000 23.595000 22.756500 20.899000 18.971000 18.071000 17.018500 14.774000 12.960000 12.912500 11.679500 8.002500 6.434000 7.263500 8.717500 11.963000 10.934000 9.403500 12.736500 14.842000 17.003000 16.602000 19.772500 21.970500 22.052000 24.881500 23.713500 23.417000 26.809000 28.768500 27.110500 27.618500 31.208500 31.815000 30.637500 32.876500 35.742000 35.578000 35.911500 38.715000 40.478500 40.374000 42.217500 39.809000 40.392000 37.740000 36.748000 36.624000 34.603000 31.966500 32.048500 31.746000 28.567500 27.207500 28.197500 26.432000 23.242500 23.383500 24.170500 21.428000 18.683000 20.256000 20.595500 16.981000 15.880000 18.518500 17.748000 14.085500 15.381500 18.201500 16.497500 15.777500 17.556500 18.640000 18.660000 20.452000 22.852000 25.756000 27.137500 28.215500 29.996000 31.528000 34.438000 35.559000 35.306500 38.531500 39.604000 38.943000 35.483500 34.820500 35.831500 33.691000 30.573500 31.426000 31.839000 28.550500 26.849000 28.766000 28.285000 24.761000 23.409500 24.135500 27.926000 27.548500 25.436000 28.062000 30.917000 29.605500 29.081500 32.682000 33.973000 32.628000 34.132000 37.408500 37.605000 37.046500 39.858500 42.179500 41.252000 41.919500 45.301500 46.006500 45.542500 47.450500 49.635000 51.402500
28.882500 26.565000 25.003000 21.341500 20.401000 18.561500 16.508000 15.337500 14.349000 12.369000 10.653000 9.947500 8.691000 6.321000 5.158500 5.398000 3.836500 0.000000 3.849500 6.050500 5.903000 8.831000 11.336000 9.897500 9.606000 13.140500 15.389000 16.493500 13.181000 12.676000 16.257500 15.752000 12.956000 15.416500 18.356000 20.360000 22.470000 21.790000 24.740500 23.700500 20.281500 22.141000 24.488000 21.835500 19.621500 21.606000 19.816500 16.471000 17.536500 18.536500 15.221000 13.636000 16.586000 16.094500 12.526500 13.929500 16.778500 14.943000 13.071000 16.530500 18.168500 16.129500 16.623500 19.957000 22.046500 25.240000 27.536000 30.792000 33.600000 35.471000 38.458000 39.602500 37.907000 36.838000 35.275000 34.162000 32.226000 30.640500 29.368000 28.113500 26.301500 24.826500 23.573000 22.145500 20.431000 19.089500 17.753000 16.121000 14.494500 13.055500 11.983500 10.367500 6.914500 5.495000 8.113000 9.648500 13.102000 12.905000 11.950500 14.874000 17.158500 19.782500 19.380500 22.627000 24.526000 24.540000 27.181500 25.585000 25.202000 28.761500 30.380000 28.398000 29.143500 32.780500 32.981500 31.676500 34.191000 36.959000 36.417500 36.799000 39.832500 41.354000 41.017500 43.080500 40.856000 41.765500 39.336000 38.448000 37.988500 35.867500 33.523000 33.496500 32.791000 29.690500 28.617500 29.261000 27.128000 24.275000 24.577000 24.812000 21.820000 19.548000 21.013000 20.660000 16.933000 16.389500 18.587500 17.078500 13.526500 15.225000 17.392500 15.071500 14.460500 16.430500 17.214500 17.313500 19.411000 21.875500 24.630000 25.899000 27.024000 28.869500 30.287500 33.183500 34.534500 34.346500 37.599500 38.381000 37.857000 34.533500 33.528500 34.352000 32.453000 29.293500 29.718000 30.142500 27.086500 25.058500 26.645500 26.351500 23.015000 22.141500 22.762500 26.588500 26.630000 24.767500 27.207500 30.176500 29.318000 28.863500 32.288000 33.864500 32.861500 34.181000 37.367000 37.925500 37.505000 40.081000 42.530500 41.926500 42.527000 45.784000 46.692500 46.335000 48.139500 50.308000 52.024500
28.491000 26.328000 25.261500 21.771000 21.421000 20.060000 18.318000 16.429000 15.301500 14.206500 12.412000 10.558500 9.778000 8.709500 6.279000 4.993000 5.498500 3.849500 0.000000 3.847000 6.186000 9.576500 10.866000 8.429000 9.047000 12.234500 14.636000 14.873500 11.273500 11.731500 15.018500 13.763500 11.399000 14.535000 16.860500 19.157500 21.104500 20.616500 23.928000 23.169000 19.960000 21.970500 24.637000 22.406500 20.282000 22.215500 20.466000 17.217500 18.938000 20.179500 16.810000 15.696500 19.036500 18.584000 15.303000 17.075000 20.025000 18.212500 16.682500 20.202500 21.736000 19.708500 20.378000 23.706000 25.827000 28.997500 31.293500 34.550500 37.380500 39.265500 42.252000 43.399000 41.691500 40.603500 39.013500 37.834500 35.943500 34.408000 33.052000 31.761000 30.043500 28.577000 27.201500 25.783000 24.197000 22.798000 21.318500 19.789000 18.276000 16.647000 15.455000 14.042000 10.650000 8.584000 10.644000 12.911500 16.094000 15.238000 14.501500 17.817500 19.699500 22.096500 21.971000 25.197000 27.383500 27.415500 30.132500 28.757500 28.523500 32.012500 33.777500 31.950500 32.620000 36.244500 36.592500 35.317000 37.731000 40.555000 40.112000 40.437000 43.422000 45.033000 44.709000 46.693000 44.376500 45.175500 42.690000 41.660000 41.290000 39.301000 36.829500 36.698000 36.157000 33.120000 31.829000 32.428500 30.480500 27.582000 27.580500 27.842000 25.059500 22.602500 23.698000 23.444500 19.845500 18.844500 20.694000 19.348500 15.678500 16.657500 18.726500 16.295500 14.981000 16.560500 16.996000 16.566500 18.450500 21.120000 23.774000 25.432500 26.933000 28.882500 30.644500 33.384000 34.782000 34.994500 38.430000 39.381500 39.195500 35.818500 34.606000 35.724500 34.096000 30.730000 31.075500 31.914000 28.988500 26.667500 28.386500 28.540500 25.267000 24.681000 25.660000 29.433000 29.373500 27.797500 30.397500 33.209500 32.350500 32.155000 35.586000 37.023500 36.132000 37.619500 40.717000 41.201500 40.925500 43.566500 45.906500 45.297000 46.034000 49.277500 50.098000 49.766000 51.623500 53.761500 55.468500
28.707000 26.934000 25.986500 22.644000 22.674000 21.046500 19.888000 18.130000 16.244000 15.252500 14.349000 12.178000 10.407000 10.172500 8.782500 5.952500 5.599500 6.050500 3.847000 0.000000 3.865000 7.009500 7.350500 4.959500 6.712500 9.955000 13.036500 13.308500 10.125500 11.353000 14.730500 13.791000 12.305000 15.562500 17.671000 19.458500 20.761500 19.684000 23.017500 22.846500 19.514000 20.967000 23.998000 22.130500 19.558500 20.941000 18.767500 15.370500 17.147500 18.999500 16.006000 14.688500 18.283500 18.502500 15.514500 17.021000 20.361000 19.198000 17.738500 21.056500 23.007000 21.496000 22.021000 25.129000 27.042500 30.088500 32.183500 35.523500 38.262000 40.348500 43.375000 44.493000 42.678500 41.415000 39.529500 38.292500 36.742500 35.135000 33.419000 32.325000 30.955000 29.194000 27.525000 26.524000 25.189500 23.283000 21.723500 20.833000 19.236000 16.960500 16.149000 15.487500 11.911000 9.005500 9.708500 12.650500 15.255000 13.582000 13.276000 16.906500 18.131000 20.324500 20.721000 24.022000 26.615000 27.036500 30.044000 29.082500 28.638000 31.924500 34.052000 32.329000 32.585000 36.236000 36.926000 35.505500 37.603000 40.640500 40.418000 40.467000 43.327000 45.228500 44.896000 46.604000 44.045500 44.596500 42.052000 40.727500 40.501000 38.795500 36.099500 35.758000 35.547500 32.648000 30.949500 31.533000 29.983000 26.952500 26.481000 26.960000 24.573000 21.734500 22.449000 22.641000 19.278500 17.578500 19.352000 18.646500 14.866500 15.072000 17.547000 15.646500 13.958000 15.212000 15.870000 15.259500 16.751000 19.370000 22.148500 23.968500 25.500000 27.390500 29.363500 32.055000 33.242000 33.542000 37.021500 38.314500 38.167000 34.647500 33.650500 35.098000 33.389000 29.955500 30.687000 31.745500 28.672000 26.517000 28.680000 28.916000 25.488500 24.653500 26.054500 29.738000 29.200500 27.708000 30.637000 33.167000 31.965500 32.033000 35.588000 36.646500 35.691500 37.521500 40.535500 40.703000 40.571000 43.431000 45.521000 44.758000 45.756000 49.016500 49.610000 49.315000 51.320000 53.415000 55.143000
29.435000 27.707500 26.350000 22.925000 22.611000 20.404500 19.312500 18.257500 16.098500 14.391500 14.101500 12.684500 10.004500 9.295500 9.366500 6.945500 4.351500 5.903000 6.186000 3.865000 0.000000 3.825000 5.638000 5.346500 6.275000 9.987000 13.237500 14.501500 11.863000 12.370000 16.066500 15.973000 14.360000 17.091000 19.679500 21.001000 22.182500 20.641000 23.602500 23.446000 19.845500 20.835500 23.739000 21.650000 18.714500 19.803000 17.285500 13.623500 14.663000 16.754000 14.086000 12.029000 15.450500 16.183000 13.145500 14.016500 17.571000 16.916500 15.205000 18.225000 20.577500 19.448000 19.669000 22.568500 24.276500 27.230500 29.167500 32.550000 35.178500 37.368000 40.407000 41.484000 39.604500 38.239500 36.193500 34.961500 33.605000 31.931500 30.039000 29.100000 27.909000 25.959500 24.173500 23.462500 22.239000 20.026000 18.509000 18.045000 16.355000 13.717500 13.318500 13.182500 9.637500 6.484500 6.110000 9.202000 11.523000 9.750000 9.687500 13.282500 14.372500 16.751000 17.307500 20.753000 23.369000 24.080500 27.225500 26.328500 25.565000 28.774500 31.004500 29.188000 29.215000 32.903000 33.672000 32.103500 34.081000 37.214000 37.027500 36.928500 39.762500 41.768000 41.399000 43.000000 40.370000 40.878500 38.361500 36.968500 36.726500 35.089000 32.369500 31.963500 31.804000 28.946500 27.164000 27.753500 26.296500 23.218000 22.682500 23.272500 20.966000 18.002500 18.781000 19.198500 15.871000 14.039000 16.145000 15.746000 11.959500 12.329000 15.255500 13.836500 12.629000 14.114000 15.334500 15.216500 16.713500 19.053000 21.994500 23.469500 24.618000 26.361000 28.092500 30.920500 31.939500 31.872000 35.195500 36.514500 36.051500 32.494000 31.832500 33.184000 31.156500 27.881000 28.928500 29.720000 26.427500 24.662000 26.975000 26.846500 23.266000 21.997500 23.365000 27.023500 26.254000 24.559500 27.569500 30.046000 28.618500 28.634000 32.262500 33.198000 32.108000 34.016500 37.049500 37.086000 36.928000 39.866500 41.895500 41.051500 42.098000 45.376500 45.913500 45.629000 47.680500 49.775500 51.524000
28.420500 26.987500 25.497500 22.237500 22.049000 19.490500 18.986000 18.348000 15.617500 13.874000 14.601500 13.338000 9.934000 9.992500 11.217000 8.590000 5.914500 8.831000 9.576500 7.009500 3.825000 0.000000 3.844000 5.464500 5.220500 8.421500 11.674500 13.667500 11.908500 12.114500 15.739000 16.463500 15.296000 17.533000 20.201000 20.847000 21.578500 19.485000 22.071000 22.208000 18.501500 18.857500 21.776000 19.840000 16.545500 17.117500 14.269500 10.522500 11.225500 13.732500 11.596500 9.289000 12.745500 14.116000 11.646500 12.251000 15.952000 16.021500 14.734000 17.407000 19.932500 19.508000 19.845500 22.318000 23.774000 26.461000 28.190500 31.552500 34.148000 36.569500 39.633500 40.813000 38.977500 37.560500 35.223500 34.192500 33.156000 31.208500 29.132500 28.639000 27.616000 25.238000 23.496000 23.382000 22.112000 19.397000 18.309000 18.451000 16.344000 13.452000 14.025000 14.280500 10.929500 8.309500 6.189000 8.666000 10.250000 7.533000 7.196000 10.974500 11.581500 13.482000 14.250500 17.633000 20.539000 21.489000 24.815000 24.348000 23.508500 26.465500 29.005500 27.443000 27.154500 30.769000 31.905500 30.393500 32.057000 35.286000 35.429000 35.225500 37.830500 40.066500 39.875500 41.238500 38.441000 38.648000 35.971000 34.457500 34.504500 33.004500 30.044000 29.697000 29.923500 27.060000 24.999000 25.887500 24.827000 21.495000 20.774000 21.908500 19.925500 16.576000 17.442500 18.588000 15.528500 13.236000 15.792500 16.197500 12.618500 12.696500 16.158000 15.512500 14.560500 15.884000 17.459500 17.415000 18.604000 20.668000 23.670000 25.068500 26.002000 27.601500 29.286500 32.122500 32.876500 32.609500 35.795000 37.337500 36.637000 33.007500 32.769000 34.197500 31.880000 28.769000 30.246500 30.891500 27.399000 26.084000 28.621000 28.194500 24.502500 22.727000 24.086000 27.632000 26.473500 24.517000 27.629500 29.963000 28.098000 28.022000 31.770000 32.413000 30.989000 33.058000 36.144000 35.825000 35.537500 38.679500 40.562500 39.418000 40.533000 43.901500 44.240000 43.871500 46.018500 48.114500 49.907000
29.122000 28.022000 26.952500 23.933000 24.275000 21.990000 21.831000 20.794500 17.850000 16.732500 17.478000 15.573500 12.410000 13.128500 13.690000 10.413000 8.734500 11.336000 10.866000 7.350500 5.638000 3.844000 0.000000 3.842000 5.607000 7.805500 11.525500 12.808500 11.438500 12.740500 15.966500 16.380500 16.002000 18.582000 20.673000 21.219500 21.434000 19.141000 21.920500 22.638500 19.126000 19.212500 22.514000 21.157500 17.802000 17.939500 14.939500 11.429000 12.673000 15.625000 13.840000 12.039000 15.554500 17.132500 15.059000 15.775500 19.455500 19.653000 18.518500 21.140500 23.672500 23.282500 23.621000 26.076500 27.498500 30.130500 31.777000 35.138500 37.667500 40.133000 43.185000 44.315500 42.414000 40.907000 38.468000 37.329000 36.461000 34.593000 32.332000 31.834500 31.038500 28.655500 26.705000 26.678500 25.650000 22.853000 21.566500 21.899500 19.999000 16.934500 17.291500 17.771000 14.411000 11.378000 9.318000 12.236000 13.305500 10.129500 10.449000 14.105500 13.943000 15.411500 16.732000 19.952000 23.158500 24.303500 27.722000 27.570000 26.736000 29.496500 32.231500 30.803000 30.289500 33.851500 35.194000 33.622500 35.061000 38.390500 38.658500 38.269500 40.776500 43.180000 42.954000 44.122500 41.175000 41.204000 38.522000 36.756000 36.901500 35.681500 32.593000 32.021000 32.500000 29.839500 27.471000 28.227500 27.504500 24.223500 23.037500 24.184000 22.607500 19.138500 19.412000 20.729500 18.012500 15.211000 17.202500 17.983000 14.477000 13.586000 16.961500 16.527500 14.985500 15.783000 17.230500 16.699000 17.426000 19.476000 22.409000 24.129500 25.305000 26.906500 28.928000 31.584500 32.236000 32.313500 35.621500 37.464000 37.046500 33.342500 33.066000 34.869000 32.745500 29.489000 31.079500 32.129500 28.721000 27.283500 30.078500 30.024500 26.374000 24.768500 26.552500 29.969000 28.565500 26.939000 30.256000 32.309500 30.355000 30.632000 34.366000 34.729000 33.430500 35.760000 38.679000 38.182000 38.115500 41.358000 43.013500 41.838500 43.190000 46.505500 46.670000 46.364500 48.605500 50.634000 52.409500
27.046000 25.796000 25.001000 21.972500 22.537000 20.734000 20.448500 18.824500 16.097500 15.531000 15.766500 13.270500 10.715000 11.829000 11.497500 7.849000 7.514000 9.897500 8.429000 4.959500 5.346500 5.464500 3.842000 0.000000 3.818000 6.213500 9.868000 10.362500 8.275000 10.058500 13.211500 13.049500 12.693000 15.616000 17.460500 18.382500 18.842500 17.017000 20.183500 20.692000 17.330500 18.040500 21.399500 20.066500 17.109500 17.811500 15.318500 12.033500 14.133500 16.490500 14.053000 13.021000 16.780000 17.574500 15.341000 16.853500 20.333500 19.866500 18.971500 22.043000 24.128500 23.336000 24.071500 26.790000 28.474000 31.250500 33.138000 36.467500 39.192000 41.556500 44.624000 45.863500 44.083500 42.742500 40.503000 39.451000 38.279500 36.386000 34.416000 33.784000 32.637500 30.405000 28.712500 28.336000 26.993500 24.523500 23.312500 23.061000 21.048500 18.412500 18.450000 18.221500 14.607000 11.742000 10.843000 13.664500 15.576000 12.871500 12.449000 16.256000 16.791500 18.246000 18.983500 22.072500 25.091000 25.744000 28.953000 28.599000 28.179000 31.134500 33.675500 32.330000 32.208000 35.751000 36.933500 35.598500 37.286500 40.453500 40.661000 40.559500 43.125500 45.341500 45.219000 46.603000 43.802500 43.940000 41.190000 39.648000 39.805500 38.345000 35.322000 34.984500 35.298500 32.446000 30.335500 31.205500 30.193500 26.891000 26.059000 27.108500 25.178000 21.873500 22.450500 23.429500 20.388000 18.000000 20.005000 20.220000 16.508500 16.029000 19.093500 18.004000 16.236500 17.124000 18.127500 17.321000 18.265000 20.652000 23.499000 25.460000 26.933000 28.702500 30.841500 33.465500 34.332500 34.629000 38.061000 39.755000 39.517000 35.858500 35.263500 36.997500 35.075000 31.700000 32.935000 34.054000 30.778500 28.993500 31.540500 31.643000 28.063500 26.771000 28.368500 31.943000 30.899000 29.259500 32.412500 34.712000 33.014500 33.129500 36.831500 37.482000 36.220500 38.329000 41.352500 41.070500 40.882500 44.010500 45.864000 44.754500 45.915500 49.266500 49.571500 49.198000 51.346000 53.419500 55.189500
24.008500 22.678500 21.622000 18.552000 19.037000 17.096000 17.053500 15.617000 12.626500 12.120500 12.883500 10.492500 7.546000 9.389000 9.821500 6.318000 6.255000 9.606000 9.047000 6.712500 6.275000 5.220500 5.607000 3.818000 0.000000 3.836000 7.055000 8.631500 6.818000 7.291500 10.745500 11.478000 10.843500 13.118000 15.415000 15.944000 16.552500 14.621000 17.510000 17.694500 14.141500 14.892000 18.052500 16.464500 13.500500 14.472500 12.197000 8.935500 11.302500 13.168000 10.467000 9.930000 13.726000 14.173000 12.222500 14.211000 17.454500 16.946000 16.605500 19.723500 21.495000 20.964000 22.134000 24.673500 26.350000 28.998500 30.935000 34.173500 37.034500 39.475000 42.561000 44.002000 42.411000 41.224000 38.968000 38.241000 37.019500 34.837000 33.078500 32.737500 31.332000 28.891500 27.601500 27.400500 25.642000 23.129500 22.478000 22.129500 19.617000 17.345000 17.964500 17.319000 13.727500 11.667000 10.738500 12.616000 14.813500 12.253500 10.740000 14.455000 15.490000 16.569000 16.677000 19.519500 22.394000 22.697000 25.776000 25.471500 25.358000 28.306500 30.813500 29.716500 29.775000 33.206500 34.454500 33.422000 35.142500 38.162000 38.541500 38.692500 41.130500 43.281500 43.427000 44.872000 42.154500 42.211000 39.291500 37.987000 38.357500 36.681500 33.611000 33.651000 34.028000 30.946500 29.012000 30.294000 29.227500 25.737000 25.300000 26.704500 24.590500 21.266500 22.433500 23.626000 20.444500 18.354000 20.941000 21.163000 17.482500 17.607500 20.897000 19.843500 18.521000 19.705500 20.867500 20.342500 21.495500 23.841500 26.746500 28.541000 29.833000 31.580500 33.516500 36.255500 37.100000 37.123500 40.433500 42.021000 41.503500 37.865500 37.450000 38.950000 36.785000 33.571000 34.859000 35.625000 32.222500 30.660500 33.052000 32.762000 29.124000 27.542000 28.720500 32.369500 31.425500 29.375000 32.332000 34.844000 33.038000 32.741000 36.487000 37.266500 35.682000 37.578500 40.801000 40.482000 39.952500 43.083000 45.083000 43.782500 44.703000 48.169500 48.511000 47.974000 50.061500 52.200000 54.004500
21.582000 20.700000 20.003000 17.377000 18.544500 16.907500 17.641500 16.018000 12.648000 13.085000 14.422500 11.663000 9.112000 11.957000 12.412500 8.988000 9.779000 13.140500 12.234500 9.955000 9.987000 8.421500 7.805500 6.213500 3.836000 0.000000 3.837500 5.505500 5.390500 6.259500 8.756500 10.124000 10.669000 12.455000 14.171000 13.963000 13.830000 11.433500 14.269500 15.000500 11.643500 11.962500 15.432500 14.516000 11.592000 12.183500 10.131500 7.649500 10.888500 12.601000 10.353500 10.920000 14.512000 14.914000 13.847500 16.135500 19.075500 18.772000 19.073000 22.062000 23.567000 23.376000 24.888000 27.193500 28.797000 31.236500 33.104000 36.238500 39.154000 41.717500 44.801000 46.392000 44.926500 43.797000 41.415000 40.902000 39.811000 37.424500 35.678000 35.621000 34.207000 31.554000 30.429000 30.495000 28.605000 25.950000 25.610500 25.400500 22.656500 20.485500 21.439000 20.742000 17.222500 15.377500 14.226500 15.817500 17.739000 14.889000 13.117500 16.598500 17.351500 17.663000 17.693000 20.046500 23.052000 23.212500 26.214500 26.346500 26.543500 29.225500 31.901000 31.220000 31.206500 34.445500 35.987500 35.204000 36.704000 39.671000 40.369500 40.580000 42.770500 45.034500 45.423000 46.720000 43.931500 43.707500 40.607000 39.288500 39.991000 38.390000 35.141000 35.339500 36.042500 32.943000 30.876500 32.438000 31.654000 28.031500 27.528000 29.287500 27.383000 23.918500 25.099500 26.648000 23.632000 21.355500 23.997500 24.543000 20.936500 20.808000 24.202000 23.346000 21.911000 22.900000 24.044000 23.305000 24.216000 26.508500 29.349500 31.309500 32.679500 34.412500 36.484000 39.141000 39.873500 39.991000 43.299000 45.070500 44.574000 40.893500 40.598500 42.238000 40.040500 36.839500 38.269500 39.097500 35.659000 34.180000 36.669000 36.373500 32.713500 31.019500 32.215000 35.819500 34.730500 32.602000 35.578500 38.025500 36.023500 35.671500 39.453500 40.080500 38.298500 40.249500 43.503500 42.964500 42.314500 45.551500 47.464500 45.935000 46.852500 50.382500 50.575500 49.930000 52.053500 54.186000 56.007500
17.886000 17.170000 16.613000 14.316500 15.976000 14.722000 16.090500 14.348500 10.834000 12.215000 13.982500 11.167000 9.279500 12.832500 13.427000 10.580500 12.052500 15.389000 14.636000 13.036500 13.237500 11.674500 11.525500 9.868000 7.055000 3.837500 0.000000 3.839500 5.508000 4.967000 6.147000 8.703000 9.774500 10.488500 11.975500 10.967000 10.537000 7.930000 10.572000 11.235500 7.933000 8.327500 11.825500 11.206000 8.693500 9.603500 8.538500 7.392500 11.090000 11.797500 9.644000 11.505500 14.636500 14.416000 14.095000 16.893000 19.264000 18.825000 19.847000 22.793500 23.770500 23.783000 25.784500 27.881500 29.497500 31.753500 33.666000 36.627000 39.667500 42.263500 45.327500 47.128000 45.885500 44.941000 42.582500 42.385500 41.240000 38.620000 37.115500 37.304000 35.654500 32.884500 32.153000 32.321500 30.094000 27.517500 27.634000 27.271500 24.219000 22.477500 23.730000 22.647500 19.274500 18.009500 17.073500 18.060500 20.116000 17.490500 15.109500 18.215000 19.265500 19.069000 18.513500 20.305000 23.071000 22.738500 25.428000 25.738500 26.438000 28.981500 31.585500 31.306000 31.506000 34.514500 36.152000 35.762500 37.242000 39.996500 40.915000 41.398000 43.395500 45.582000 46.272000 47.599500 44.906500 44.550500 41.281000 40.193500 41.160000 39.403500 36.119000 36.680000 37.492000 34.241000 32.339500 34.252500 33.476000 29.760500 29.559000 31.579500 29.592500 26.187000 27.721000 29.385000 26.328000 24.273500 27.158500 27.672000 24.107500 24.249500 27.679000 26.764000 25.452500 26.524500 27.637500 26.915000 27.897000 30.224000 33.061000 35.038000 36.404500 38.155000 40.194500 42.880500 43.619500 43.678000 46.949000 48.684000 48.091500 44.424500 44.184000 45.726000 43.444500 40.309500 41.722500 42.401000 38.930500 37.513000 39.883000 39.422000 35.763500 33.973500 34.902000 38.537500 37.552500 35.196500 38.000000 40.583000 38.537000 37.898500 41.671000 42.389000 40.376500 42.144000 45.527000 44.947500 44.021000 47.238000 49.249000 47.545000 48.250500 51.860000 52.058000 51.253000 53.308500 55.477500 57.313000
17.921000 17.348500 17.527000 15.532500 17.663000 17.107000 18.302500 15.910000 12.864500 14.761000 15.819000 12.434500 11.392000 14.848500 14.487000 11.451000 13.664500 16.493500 14.873500 13.308500 14.501500 13.667500 12.808500 10.362500 8.631500 5.505500 3.839500 0.000000 3.839500 5.447500 5.170500 6.439000 8.793000 10.082500 10.429500 9.768500 8.978000 6.955500 10.447500 11.471000 9.004000 9.974500 13.504000 13.478500 11.696500 12.650000 11.956500 11.042500 14.757500 15.569500 13.350000 15.101500 18.353500 17.982000 17.383500 20.286500 22.717500 21.956000 22.813500 25.972500 26.878000 26.538000 28.552000 30.879500 32.624000 35.014500 37.021500 40.015000 43.089500 45.609000 48.677000 50.446500 49.175000 48.231000 45.959500 45.641000 44.387500 41.888000 40.395000 40.383000 38.704000 36.091500 35.255500 35.189000 33.023000 30.592500 30.445000 29.882000 27.015000 25.243000 26.080000 24.887000 21.375500 19.812500 19.247000 20.707000 22.938000 20.265500 18.213000 21.540000 22.530500 22.528000 22.175000 24.055500 26.842000 26.482500 29.107500 29.331500 30.098500 32.703500 35.242000 34.915500 35.194500 38.233000 39.793500 39.378000 40.931000 43.688000 44.525500 45.010000 47.077500 49.231000 49.856000 51.231000 48.539000 48.232000 44.995000 43.856000 44.758000 43.033000 39.766000 40.220500 40.977500 37.761500 35.827500 37.585500 36.754500 33.091500 32.773500 34.607000 32.591500 29.196000 30.510500 31.989000 28.869000 26.730000 29.338000 29.696500 26.012500 25.931000 29.171000 28.023000 26.385500 27.290000 28.136000 27.081500 27.947500 30.375500 33.073500 35.290500 36.914500 38.749000 40.997500 43.566500 44.391500 44.752500 48.159500 49.941500 49.617500 45.942000 45.470500 47.160000 45.113000 41.821500 43.071500 44.010500 40.663000 38.970000 41.335000 41.178500 37.574500 36.065500 37.162500 40.840500 39.929500 37.783000 40.655000 43.228500 41.318000 40.846000 44.609000 45.358500 43.517000 45.334500 48.667500 48.170000 47.373500 50.570500 52.576500 50.973500 51.741000 55.320500 55.534000 54.776500 56.837000 58.990000 60.809000
19.712500 18.510000 18.404500 15.845000 17.400500 16.790500 17.183500 14.547500 11.921500 13.382000 13.637000 10.032000 9.258000 12.270000 11.257500 8.145000 10.810000 13.181000 11.273500 10.125500 11.863000 11.908500 11.438500 8.275000 6.818000 5.390500 5.508000 3.839500 0.000000 3.836500 5.419500 5.083500 6.216000 8.720000 9.676000 10.377500 10.887000 9.847500 13.456000 13.635500 10.886500 12.641500 15.875500 15.042500 13.248000 14.807000 13.846000 12.058000 15.497000 16.373500 13.498500 14.677500 18.187000 17.599500 16.237000 19.168500 21.763000 20.572500 20.989000 24.394500 25.349500 24.539500 26.403500 29.028500 30.928000 33.548500 35.696500 38.772000 41.856500 44.221500 47.292000 48.950000 47.599000 46.654500 44.571000 44.070500 42.602500 40.300000 38.886000 38.560500 36.791000 34.441000 33.526500 33.102000 30.978500 28.804000 28.387000 27.517000 24.865000 23.171500 23.580000 22.203000 18.639000 17.019000 17.008000 18.670500 21.276500 18.936500 17.013500 20.524500 21.856500 22.478500 22.096500 24.383000 27.042000 26.676500 29.324500 29.084500 29.706500 32.618500 34.949500 34.265500 34.729000 37.943500 39.184500 38.608000 40.437000 43.200500 43.719000 44.229500 46.548000 48.543000 48.964500 50.539500 47.952000 47.937000 44.849000 43.769000 44.364500 42.514000 39.422500 39.777500 40.197500 36.955500 35.194500 36.714000 35.563500 32.024500 31.825500 33.306000 31.037000 27.814500 29.138000 30.214000 26.901000 25.001000 27.494000 27.440000 23.678000 23.827500 26.850500 25.360500 23.718500 24.751500 25.441000 24.431500 25.527500 28.088000 30.788000 32.958500 34.630500 36.531500 38.719500 41.327500 42.324000 42.706500 46.164500 47.748500 47.496000 43.876500 43.180000 44.748500 42.826500 39.479500 40.481000 41.423500 38.180000 36.287500 38.485500 38.429000 34.897000 33.625000 34.677500 38.418000 37.743000 35.706000 38.512000 41.194000 39.547500 39.109500 42.818500 43.779000 42.151000 43.867500 47.186000 46.954000 46.254000 49.318500 51.452500 50.090500 50.820000 54.345000 54.733500 54.065500 56.069500 58.238500 60.037000
17.486500 15.903500 15.273000 12.408000 13.694000 12.984000 13.459000 10.930500 8.128500 9.872000 10.467000 7.020000 6.474000 10.008500 9.638000 7.368000 10.081500 12.676000 11.731500 11.353000 12.370000 12.114500 12.740500 10.058500 7.291500 6.259500 4.967000 5.447500 3.836500 0.000000 3.839000 5.427000 5.029500 6.229000 8.420500 8.786000 10.058000 9.184000 12.280500 11.583500 8.426000 10.700500 13.450500 11.967000 10.416500 12.665000 12.202500 10.661000 13.946000 14.037500 10.857000 12.576500 15.766000 14.594000 13.465000 16.764000 18.934000 17.542000 18.420000 21.797000 22.370500 21.692500 23.899000 26.355000 28.268500 30.776500 32.984000 35.934000 39.107000 41.460500 44.511500 46.309500 45.126500 44.340000 42.324500 42.076000 40.515500 38.037000 36.870000 36.718000 34.714500 32.299500 31.752000 31.384500 28.944000 26.876500 26.889500 25.866500 22.921000 21.662000 22.415500 20.688000 17.331000 16.441000 16.569000 17.469500 20.272500 18.322000 15.758000 18.931000 20.749500 21.238000 20.259500 22.299000 24.628000 23.870500 26.280000 25.926000 26.830000 29.771500 31.934500 31.396500 32.105000 35.204500 36.373000 36.050000 37.979000 40.557000 41.123500 41.879500 44.133000 45.986000 46.588500 48.274500 45.832000 45.846500 42.690500 41.878500 42.552500 40.478000 37.458500 38.127500 38.475000 35.069000 33.575500 35.351500 34.058500 30.478000 30.681500 32.310000 29.846000 26.758500 28.541500 29.634000 26.224500 24.693000 27.549500 27.382500 23.703000 24.373000 27.487000 25.982500 24.726000 26.035000 26.869500 26.184000 27.528500 30.078000 32.885000 34.841500 36.316000 38.190500 40.150000 42.897000 43.908500 44.007000 47.353000 48.772000 48.260000 44.683500 44.106000 45.413500 43.295500 40.098500 41.095000 41.702500 38.381000 36.664500 38.683500 38.285500 34.745000 33.284500 33.953000 37.725000 37.205000 34.867500 37.443500 40.311000 38.666500 37.879000 41.561500 42.693500 40.863000 42.332000 45.789500 45.613500 44.640000 47.628500 49.920500 48.477500 48.960500 52.542500 53.025500 52.241500 54.151500 56.370500 58.181500
14.464000 13.154500 13.252500 11.075000 13.305000 13.499000 14.588500 11.718500 9.277500 12.086000 12.763000 9.380000 9.785500 13.381000 12.800000 10.912500 13.867500 16.257500 15.018500 14.730500 16.066500 15.739000 15.966500 13.211500 10.745500 8.756500 6.147000 5.170500 5.419500 3.839000 0.000000 3.842500 5.488000 5.228500 5.877000 5.298500 6.293000 6.128500 9.417000 8.675500 6.387000 9.224500 11.787500 11.097500 10.527500 12.794000 13.189500 12.667000 16.188500 15.867500 13.091000 15.486500 18.348500 16.921000 16.388000 19.855000 21.657500 20.224000 21.543500 24.838500 25.051500 24.479500 26.978000 29.295500 31.203000 33.569500 35.784500 38.600000 41.840000 44.206000 47.230000 49.162500 48.129500 47.455500 45.450000 45.377500 43.805000 41.207500 40.161500 40.146000 38.040000 35.572000 35.209500 34.902000 32.322500 30.301000 30.502500 29.425000 26.382500 25.297000 26.132000 24.266000 20.995500 20.225500 20.374000 21.191500 23.942000 21.915500 19.250000 22.274500 24.028500 24.145500 23.025000 24.671000 26.909500 25.878000 28.030500 27.890000 29.162000 31.923500 34.055500 33.851000 34.658500 37.562000 38.838500 38.785500 40.642000 43.082500 43.831500 44.737000 46.828000 48.659000 49.466000 51.129000 48.717500 48.592500 45.319000 44.596000 45.478500 43.379000 40.302000 41.144000 41.631500 38.182000 36.705000 38.661000 37.458500 33.826000 34.075500 35.861500 33.441000 30.331000 32.160000 33.363000 29.983500 28.416000 31.286000 31.182500 27.499500 28.080000 31.199500 29.680500 28.315500 29.531000 30.274000 29.413000 30.655000 33.227000 35.965000 38.063500 39.651000 41.557000 43.624500 46.316000 47.322500 47.534000 50.917000 52.402500 51.952000 48.358000 47.763500 49.132500 47.049000 43.825000 44.810000 45.471000 42.165000 40.408000 42.414000 42.055000 38.529000 37.088000 37.723000 41.498500 40.991500 38.614000 41.150500 44.041000 42.357000 41.496000 45.176500 46.302000 44.369000 45.794000 49.293500 49.053500 47.965000 50.966500 53.267500 51.706000 52.111500 55.733000 56.173000 55.295000 57.180500 59.405000 61.218500
16.798500 15.328500 15.827500 13.654500 15.678000 16.199000 16.604000 13.285500 11.583500 14.116500 13.806000 10.074000 11.094000 14.135000 12.512000 10.605500 14.065500 15.752000 13.763500 13.791000 15.973000 16.463500 16.380500 13.049500 11.478000 10.124000 8.703000 6.439000 5.083500 5.427000 3.842500 0.000000 3.850000 5.513500 4.912000 6.480000 7.951500 8.799000 12.388500 11.756500 10.065500 12.924000 15.457000 14.794000 14.271500 16.493000 16.575500 15.567000 19.071500 19.108500 16.078500 17.965000 21.105500 19.702500 18.575500 21.976500 23.999500 22.240500 23.106500 26.625000 26.917000 25.857500 28.183500 30.816000 32.870500 35.456000 37.779500 40.680000 43.918000 46.149500 49.173500 50.991500 49.862500 49.158000 47.298000 47.003000 45.269500 42.894000 41.850500 41.512000 39.391500 37.180500 36.645000 35.998000 33.549500 31.739500 31.567000 30.242500 27.501500 26.372000 26.679500 24.725000 21.368500 20.321500 20.940500 22.212500 25.176000 23.232500 20.929500 24.206000 25.984000 26.527000 25.636500 27.606000 29.889500 28.963500 31.172000 30.763000 31.900000 34.851500 36.876500 36.407000 37.293500 40.337500 41.411000 41.191500 43.215500 45.704500 46.217500 47.081000 49.364500 51.120000 51.734000 53.511500 51.127500 51.185000 48.027500 47.246500 47.908500 45.807000 42.818000 43.478000 43.770000 40.362500 38.903000 40.593500 39.219500 35.697000 35.863500 37.331000 34.806500 31.777500 33.400500 34.285000 30.806500 29.267500 31.845500 31.456000 27.691500 28.187500 31.032000 29.207500 27.618500 28.752000 29.220500 28.146000 29.392500 32.062500 34.663000 36.891500 38.679000 40.663500 42.843500 45.445500 46.594500 47.044500 50.539000 51.959000 51.755000 48.196500 47.319000 48.742000 46.911500 43.556000 44.295500 45.163000 42.021500 39.968500 41.886000 41.824500 38.397500 37.295000 38.060500 41.870500 41.516500 39.382500 41.950000 44.852500 43.398000 42.716000 46.356500 47.583000 45.905500 47.349000 50.780000 50.722000 49.816500 52.745500 55.081500 53.728000 54.198000 57.758500 58.285500 57.508500 59.385000 61.597500 63.387500
17.938500 15.818500 15.618500 12.794000 13.961500 14.297000 13.940500 10.530500 9.387500 11.492000 10.470000 6.750000 8.535500 11.075000 9.132500 8.040000 11.720500 12.956000 11.399000 12.305000 14.360000 15.296000 16.002000 12.693000 10.843500 10.669000 9.774500 8.793000 6.216000 5.029500 5.488000 3.850000 0.000000 3.836000 5.536000 8.031000 10.606500 11.463500 14.694000 13.294500 11.110500 14.277500 16.440500 14.889000 14.331500 17.038000 17.009000 15.544000 18.655500 18.458000 15.011500 16.586000 19.633000 17.884500 16.303000 19.752500 21.644000 19.491500 20.188500 23.809500 23.959000 22.591000 24.924500 27.677500 29.834500 32.519500 34.952000 37.838500 41.092000 43.191000 46.192500 47.973000 46.859500 46.223500 44.542000 44.227000 42.307500 40.014500 39.149500 38.664000 36.385500 34.361500 33.946000 33.069000 30.526000 28.987500 28.827000 27.211500 24.534000 23.713500 23.861500 21.610000 18.410000 17.767500 18.877000 19.858500 23.114000 21.659500 19.226500 22.361500 24.561500 25.472000 24.326500 26.448000 28.461500 27.402000 29.510000 28.695000 29.800500 32.963000 34.739000 34.048000 35.163000 38.267500 39.055500 38.814000 41.071500 43.472000 43.757500 44.734500 47.165500 48.733500 49.264000 51.227500 48.997500 49.287500 46.235500 45.618500 46.078500 43.800500 40.999500 41.718000 41.724500 38.255500 37.060500 38.676500 37.016500 33.606500 34.049000 35.316000 32.543500 29.752500 31.587000 32.181000 28.567500 27.419000 30.065500 29.332500 25.622500 26.560000 29.262000 27.225000 25.893500 27.267500 27.728500 26.909500 28.450500 31.161500 33.814500 35.843500 37.510000 39.502500 41.477500 44.180500 45.441000 45.716500 49.155500 50.337500 50.021000 46.544000 45.597500 46.775000 44.920000 41.638000 42.208500 42.874000 39.777000 37.711000 39.400500 39.207000 35.850500 34.816000 35.334000 39.172500 39.068000 36.870500 39.250500 42.302500 41.045500 40.217500 43.778500 45.231500 43.619500 44.860000 48.325500 48.486500 47.526500 50.306500 52.797000 51.589000 51.915500 55.444500 56.141500 55.384000 57.170000 59.409000 61.185500
14.651500 12.234500 11.927500 9.203500 10.675500 11.666000 11.781500 8.214000 7.444000 10.507000 9.953000 6.854500 9.235500 12.070500 10.901000 10.569500 13.942000 15.416500 14.535000 15.562500 17.091000 17.533000 18.582000 15.616000 13.118000 12.455000 10.488500 10.082500 8.720000 6.229000 5.228500 5.513500 3.836000 0.000000 3.851500 5.611500 8.940000 10.361500 12.891500 10.684000 8.961500 12.591000 14.016500 12.352000 12.668500 15.769000 16.503500 15.751500 18.778500 17.840000 14.554500 16.823000 19.356500 17.089000 16.142500 19.854000 21.156000 18.912000 20.282000 23.724000 23.354000 22.253500 25.021500 27.469000 29.584000 32.039500 34.484500 37.166500 40.505500 42.615000 45.573000 47.547500 46.663500 46.213500 44.564500 44.569000 42.621000 40.105500 39.484000 39.264000 36.785500 34.648000 34.625000 33.902500 31.060500 29.589500 29.903000 28.237000 25.274000 24.853500 25.398500 22.914000 19.986000 19.920000 20.929500 21.305500 24.537500 23.249000 20.356000 23.108000 25.526500 26.070000 24.456000 26.127500 27.830500 26.336000 28.080500 27.336000 28.874000 31.899000 33.529500 33.181500 34.512000 37.379000 38.200000 38.325500 40.572000 42.742000 43.202000 44.440500 46.690000 48.151500 48.957500 50.958000 48.849000 49.048500 45.877000 45.504500 46.170000 43.737000 40.952000 42.004500 42.077000 38.486000 37.479500 39.404500 37.748000 34.281000 35.016000 36.524500 33.698000 30.977500 33.146500 33.888000 30.285500 29.325000 32.246500 31.573500 27.958500 29.137500 31.965000 30.025000 28.914000 30.397000 30.972000 30.292500 31.892500 34.572500 37.286000 39.235500 40.794000 42.761500 44.632000 47.404500 48.626500 48.736500 52.096500 53.235500 52.734500 49.269000 48.461500 49.504500 47.488500 44.323500 44.953000 45.392000 42.224000 40.329500 41.926500 41.469500 38.105500 36.882000 37.112500 40.941000 40.899000 38.445000 40.639000 43.802500 42.475500 41.348000 44.884000 46.414500 44.565500 45.611500 49.192500 49.315500 48.077500 50.819000 53.404500 52.039000 52.143000 55.733500 56.452000 55.547500 57.253000 59.525000 61.310500
13.783000 11.784500 12.605000 10.867500 13.128500 14.734500 15.201500 11.606000 11.006500 14.268500 13.717000 10.565000 12.792500 15.680500 14.131000 13.422000 16.993500 18.356000 16.860500 17.671000 19.679500 20.201000 20.673000 17.460500 15.415000 14.171000 11.975500 10.429500 9.676000 8.420500 5.877000 4.912000 5.536000 3.851500 0.000000 3.813500 7.097000 9.632500 12.283000 10.413000 9.842000 13.430500 14.865500 14.095000 14.810500 17.592500 18.557500 18.165500 21.489500 20.690500 17.658000 20.085500 22.703000 20.578000 19.814500 23.508500 24.861000 22.696500 24.083000 27.528500 27.142000 26.026000 28.797500 31.262500 33.379500 35.816000 38.251000 40.911000 44.263500 46.373500 49.322500 51.321500 50.459500 50.017500 48.359500 48.353000 46.413500 43.909000 43.260000 43.023000 40.569500 38.438500 38.357000 37.618500 34.826500 33.335000 33.551000 31.895500 29.002500 28.465500 28.888500 26.462500 23.441000 23.087500 24.063500 24.753000 27.927000 26.395000 23.660000 26.561500 28.766500 29.172000 27.725500 29.316000 31.142000 29.659000 31.370000 30.805500 32.440500 35.359000 37.045000 36.832000 38.124500 40.934500 41.846500 42.027000 44.202500 46.371000 46.914000 48.147500 50.339500 51.840000 52.693000 54.648500 52.498000 52.609000 49.386500 48.955000 49.711000 47.344500 44.485500 45.509000 45.688500 42.122500 41.005000 42.929000 41.367500 37.867500 38.456500 39.991500 37.246500 34.431000 36.440000 37.227500 33.645500 32.496500 35.284000 34.669000 30.979000 31.897000 34.686000 32.700000 31.339000 32.654500 33.084500 32.140000 33.581000 36.294000 38.896500 41.042500 42.785000 44.797500 46.848000 49.517000 50.756000 51.090000 54.540500 55.779000 55.458500 51.963000 51.053000 52.248500 50.366500 47.097500 47.685500 48.323000 45.211000 43.173500 44.822500 44.570000 41.221500 40.122500 40.506000 44.342500 44.264000 41.922500 44.200500 47.317000 45.983000 44.965000 48.522500 49.995000 48.180500 49.306500 52.864000 52.941000 51.753500 54.536500 57.075500 55.681000 55.841000 59.438000 60.100000 59.186000 60.915500 63.173500 64.956000
10.615500 9.132000 10.272000 9.204000 12.245000 13.860500 15.263000 12.132500 10.883000 14.494500 14.903500 12.016000 13.604500 16.970000 16.181500 15.170000 18.389500 20.360000 19.157500 19.458500 21.001000 20.847000 21.219500 18.382500 15.944000 13.963000 10.967000 9.768500 10.377500 8.786000 5.298500 6.480000 8.031000 5.611500 3.813500 0.000000 3.821000 6.647000 8.707500 6.744000 6.885000 10.358000 11.550000 11.405500 12.533500 15.091000 16.548000 16.873000 20.244000 19.190500 16.641500 19.557500 21.897500 19.860000 19.777500 23.470500 24.640500 22.874500 24.691500 27.903000 27.470500 26.859000 29.771500 31.929000 33.884500 36.087500 38.389000 40.960000 44.306000 46.570000 49.517500 51.636000 50.864000 50.433500 48.597500 48.793500 47.053500 44.336000 43.633000 43.715000 41.328000 38.928000 38.953500 38.565500 35.703500 33.959500 34.464500 33.101000 29.960500 29.355500 30.220500 27.965000 24.946000 24.632500 25.114000 25.589500 28.491000 26.730500 23.803500 26.530000 28.544500 28.461000 26.926000 28.136500 29.979500 28.422000 30.051500 29.888500 31.694000 34.334500 36.177000 36.312000 37.467500 40.097000 41.289000 41.650000 43.587500 45.719500 46.562000 47.804000 49.757000 51.381000 52.447000 54.232500 52.012500 51.869500 48.509000 48.077000 49.111000 46.816500 43.821000 44.986000 45.442000 41.873500 40.653000 42.823000 41.514000 37.896000 38.449000 40.308500 37.747500 34.791000 36.868500 38.007000 34.557500 33.242000 36.207000 35.934500 32.281500 33.085500 36.123500 34.433500 33.120500 34.396000 35.017500 34.114000 35.433500 38.067500 40.748000 42.893000 44.548500 46.503500 48.564500 51.256000 52.343500 52.580500 55.974500 57.365000 56.910000 53.353000 52.679500 53.940500 51.880000 48.675500 49.514500 50.084000 46.830000 45.011500 46.820000 46.402500 42.950500 41.576000 41.957500 45.758500 45.468500 42.968000 45.290500 48.339000 46.752500 45.650000 49.263500 50.568000 48.525000 49.708000 53.304000 53.147000 51.827500 54.721000 57.169500 55.543500 55.697000 59.352500 59.873500 58.861000 60.625000 62.877500 64.681000
10.198500 10.011000 11.652500 11.317500 14.717500 15.990500 17.949500 15.187000 13.298500 16.778000 17.754000 14.788000 15.624000 19.264000 18.754500 17.134500 20.096500 22.470000 21.104500 20.761500 22.182500 21.578500 21.434000 18.842500 16.552500 13.830000 10.537000 8.978000 10.887000 10.058000 6.293000 7.951500 10.606500 8.940000 7.097000 3.821000 0.000000 3.842500 5.845000 5.476000 6.478500 8.874000 10.451000 11.493000 12.423500 14.191000 15.728500 16.559000 20.082500 19.282000 17.283000 20.317500 22.659500 21.080000 21.372000 24.892500 26.218000 24.918500 26.792500 29.866000 29.671500 29.391500 32.209000 34.240000 36.061500 38.156500 40.310500 42.903500 46.193500 48.608000 51.577000 53.709500 52.898000 52.370000 50.325000 50.537000 49.027000 46.227500 45.313000 45.567000 43.376500 40.772000 40.661000 40.542500 37.799000 35.758000 36.262500 35.229500 32.026500 31.108500 32.167000 30.227500 27.071000 26.437000 26.446500 27.106000 29.691000 27.532500 24.740500 27.513500 29.106500 28.654000 27.378000 28.415000 30.505000 29.159500 30.921000 31.192000 32.926500 35.318500 37.434000 37.759500 38.622500 41.185500 42.682000 43.021500 44.685000 46.921500 47.998500 49.081500 50.870000 52.706500 53.840500 55.402500 53.018500 52.626500 49.179500 48.571000 49.807500 47.717500 44.546000 45.640000 46.393500 42.915000 41.431500 43.672500 42.671000 38.963500 39.250000 41.317500 39.024000 35.860000 37.750500 39.190500 35.904000 34.251000 37.182000 37.264000 33.605000 34.054000 37.247000 35.818000 34.363500 35.461500 36.172000 35.142000 36.218000 38.765500 41.426000 43.672000 45.352000 47.263000 49.451000 52.073000 53.016000 53.329500 56.727000 58.341000 57.918500 54.290500 53.758500 55.220000 53.120000 49.893000 50.948000 51.645500 48.316500 46.589000 48.628000 48.260000 44.723000 43.215000 43.808000 47.566500 47.005000 44.533000 47.030500 49.917500 48.105500 47.130500 50.817000 51.872500 49.743500 51.130500 54.682000 54.281000 53.010500 56.056500 58.327500 56.541500 56.847500 60.524500 60.857500 59.829500 61.689500 63.908500 65.725500
11.733000 11.974000 12.915500 12.275000 15.438000 15.852000 18.107000 15.825000 13.137000 16.183000 17.782000 14.882500 14.770000 18.574500 18.599500 16.495000 18.944500 21.790000 20.616500 19.684000 20.641000 19.485000 19.141000 17.017000 14.621000 11.433500 7.930000 6.955500 9.847500 9.184000 6.128500 8.799000 11.463500 10.361500 9.632500 6.647000 3.842500 0.000000 3.898500 5.440500 5.099000 6.104500 8.740500 10.142500 10.166000 11.237500 12.501000 13.541000 17.094000 16.603000 15.026500 18.008500 20.363500 19.300500 19.828000 23.089000 24.627500 23.830500 25.652500 28.554500 28.710000 28.771000 31.394500 33.296500 34.964000 36.982000 38.975500 41.636500 44.831000 47.391500 50.390500 52.476500 51.566000 50.900500 48.646500 48.825500 47.559000 44.714000 43.562000 43.965000 42.006500 39.210000 38.937000 39.097500 36.508000 34.164500 34.672500 34.009000 30.756500 29.533000 30.840000 29.263000 26.040500 25.196500 24.692500 25.390500 27.628500 25.187500 22.500500 25.248000 26.483500 25.770000 24.728000 25.717000 28.056500 27.021500 29.038000 29.618500 31.114000 33.351000 35.743500 36.095500 36.633500 39.219000 40.954000 41.155000 42.587000 44.980000 46.197500 47.067000 48.766500 50.810000 51.919500 53.280000 50.737000 50.178500 46.707000 45.911000 47.245000 45.345500 42.044000 43.025000 43.992500 40.616500 38.907500 41.170000 40.425500 36.663500 36.727500 38.959500 36.910000 33.593500 35.350000 37.058000 33.951000 32.054000 35.002500 35.420000 31.826000 32.052500 35.411500 34.298500 32.866500 33.883500 34.782500 33.813500 34.747000 37.169500 39.885500 42.082000 43.648000 45.476000 47.658000 50.277500 51.063500 51.295000 54.626500 56.391000 55.884500 52.215000 51.891500 53.452000 51.235000 48.062000 49.360500 50.064000 46.637500 45.102500 47.343500 46.907500 43.291500 41.580500 42.317500 46.004000 45.178500 42.698000 45.332000 48.055500 46.029000 45.154000 48.891000 49.716000 47.514000 49.081000 52.576500 51.967000 50.757500 53.930000 56.035500 54.139000 54.599000 58.278000 58.460000 57.454500 59.409500 61.597000 63.427000
9.481500 10.634500 11.674000 11.998500 15.379500 15.926000 18.790500 17.018000 14.424000 17.542000 19.620000 17.227500 17.079500 20.879000 21.366000 19.539000 21.732000 24.740500 23.928000 23.017500 23.602500 22.071000 21.920500 20.183500 17.510000 14.269500 10.572000 10.447500 13.456000 12.280500 9.417000 12.388500 14.694000 12.891500 12.283000 8.707500 5.845000 3.898500 0.000000 3.850000 5.398500 4.913000 6.238000 8.887500 9.782000 10.410500 12.567500 14.568000 17.748500 16.718500 15.813000 19.171500 20.931000 19.791000 21.002500 24.180000 25.277000 24.735500 26.990500 29.585000 29.490000 29.945000 32.744500 34.307000 35.818500 37.551500 39.426500 41.891500 45.070000 47.698500 50.640500 52.868000 52.129500 51.562500 49.241000 49.692000 48.542000 45.504500 44.451000 45.156500 43.169000 40.213000 40.187000 40.605500 37.886000 35.484000 36.349500 35.817000 32.389000 31.341000 32.994500 31.418500 28.382500 27.826000 27.121500 27.429500 29.466500 27.080500 24.185000 26.536500 27.725500 26.550500 25.255500 25.699000 27.812000 26.551500 28.265500 29.183000 30.952000 32.854000 35.240000 35.991500 36.522500 38.815500 40.732000 41.225000 42.467500 44.689000 46.175000 47.163500 48.595500 50.647000 52.016500 53.271000 50.769000 50.003000 46.418500 45.756500 47.363500 45.457000 42.122000 43.349000 44.511000 41.125000 39.474500 42.005000 41.422500 37.631000 37.819500 40.315000 38.372000 35.081000 37.007500 38.935500 35.949000 34.108500 37.225500 37.814000 34.336500 34.644000 38.116500 37.176500 35.901000 36.959000 37.976000 37.114500 38.045000 40.399500 43.156000 45.282500 46.736500 48.516500 50.625500 53.280500 53.980000 54.068500 57.309000 59.108000 58.437500 54.768500 54.632000 56.138500 53.765000 50.707000 52.139000 52.686500 49.182000 47.844000 50.090500 49.449500 45.811500 43.898000 44.484000 48.113500 47.224500 44.564000 47.099000 49.816500 47.644000 46.583000 50.298000 51.061500 48.636000 50.120500 53.662000 52.903500 51.488000 54.676000 56.756500 54.657500 54.997000 58.711000 58.813500 57.679500 59.600500 61.784500 63.619500
6.966000 7.166500 7.962500 8.336500 11.886500 12.957500 15.802500 13.982500 11.899500 15.343000 17.237000 15.172000 15.643000 19.295000 19.771000 18.573500 20.952000 23.700500 23.169000 22.846500 23.446000 22.208000 22.638500 20.692000 17.694500 15.000500 11.235500 11.471000 13.635500 11.583500 8.675500 11.756500 13.294500 10.684000 10.413000 6.744000 5.476000 5.440500 3.850000 0.000000 3.828000 5.545500 5.410500 6.931000 8.965000 10.793000 13.308500 15.070500 18.080500 16.450500 15.086000 18.639500 20.191000 18.404000 19.578500 23.007000 23.728000 22.770000 25.242500 27.877500 27.375500 27.682500 30.715500 32.258000 33.861000 35.587000 37.591500 39.949000 43.217500 45.720500 48.625500 50.924000 50.319000 49.914500 47.791500 48.359500 46.991000 43.935000 43.167500 43.824000 41.582000 38.760500 39.008500 39.244500 36.307000 34.187500 35.228500 34.387000 30.906500 30.269000 31.887500 29.961000 27.116500 27.000500 26.692000 26.653500 28.987000 27.018000 23.827000 26.013500 27.691500 26.741500 25.000000 25.420500 27.155500 25.479500 26.891000 27.462000 29.508000 31.573000 33.646500 34.392000 35.286000 37.533500 39.193000 39.870000 41.360500 43.385000 44.738000 45.986500 47.492000 49.303000 50.733000 52.210000 49.910500 49.337500 45.778000 45.391000 46.895000 44.727500 41.561500 42.997000 43.907000 40.381500 39.052500 41.642500 40.770500 37.034000 37.586000 39.978500 37.759500 34.679000 36.904500 38.603500 35.457000 33.985500 37.235500 37.512000 34.049000 34.761500 38.144000 36.981000 35.886000 37.145500 38.109500 37.393500 38.574500 41.024500 43.830500 45.856500 47.269500 49.092000 51.063500 53.811500 54.640500 54.611500 57.835500 59.415500 58.656000 55.048000 54.819500 56.101500 53.708000 50.697500 51.951000 52.311500 48.842500 47.468000 49.481500 48.710500 45.136500 43.279500 43.578000 47.252500 46.632000 43.850000 46.164000 49.075000 47.082000 45.791500 49.436500 50.460500 48.021000 49.244000 52.876000 52.328000 50.756000 53.791000 56.076000 54.060500 54.167000 57.889500 58.176000 56.992000 58.789500 61.020500 62.848000
10.289000 9.644000 9.227000 8.000500 10.861000 10.973000 13.594000 11.874500 9.078000 12.203500 14.333500 12.215000 12.144500 15.861500 16.605500 15.245500 17.362000 20.281500 19.960000 19.514000 19.845500 18.501500 19.126000 17.330500 14.141500 11.643500 7.933000 9.004000 10.886500 8.426000 6.387000 10.065500 11.110500 8.961500 9.842000 6.885000 6.478500 5.099000 5.398500 3.828000 0.000000 3.856500 5.472000 5.377500 6.048000 8.381000 10.345500 11.593500 14.683000 13.252000 11.542000 14.978500 16.786500 15.154500 16.086000 19.487000 20.499500 19.626000 21.880000 24.588000 24.386500 24.674000 27.524500 29.170000 30.786500 32.641500 34.649500 37.162500 40.401000 42.933500 45.891000 48.079000 47.324000 46.804000 44.633500 45.047500 43.707500 40.726500 39.821000 40.389000 38.242500 35.415500 35.499500 35.730000 32.895500 30.682000 31.602500 30.847500 27.395500 26.601000 28.229500 26.433500 23.532000 23.345000 22.927500 22.903500 25.217000 23.239500 20.063500 22.346000 24.042000 23.275500 21.616500 22.345000 24.262000 22.813000 24.560000 24.993000 26.741000 29.002500 31.192500 31.655500 32.435000 34.903500 36.522500 36.950000 38.494000 40.691500 41.911500 43.011000 44.668500 46.544000 47.794000 49.278500 46.909000 46.435500 42.944000 42.441000 43.786500 41.650000 38.477500 39.759500 40.591500 37.082000 35.689000 38.160500 37.248000 33.509000 33.996000 36.313000 34.084500 30.975000 33.164500 34.835000 31.685500 30.197000 33.451000 33.735500 30.288000 31.024500 34.425500 33.320000 32.294000 33.592500 34.637500 34.034000 35.252500 37.670500 40.525000 42.456500 43.786500 45.577500 47.479500 50.260000 51.073000 50.965000 54.160000 55.712000 54.911000 51.310000 51.110500 52.367500 49.945500 46.956000 48.243000 48.577000 45.090500 43.763000 45.811000 45.015500 41.423000 39.530500 39.878000 43.545000 42.879000 40.126500 42.497500 45.375500 43.380500 42.162000 45.830500 46.832500 44.460500 45.754000 49.358500 48.836000 47.368000 50.425500 52.690500 50.757000 50.958500 54.666000 54.972500 53.870500 55.714000 57.947500 59.783000
11.675500 11.991000 11.502000 10.838000 13.416500 12.870500 15.881000 14.831500 11.670500 14.150500 16.867000 15.005000 14.107500 17.788500 19.030000 17.303000 18.841500 22.141000 21.970500 20.967000 20.835500 18.857500 19.212500 18.040500 14.892000 11.962500 8.327500 9.974500 12.641500 10.700500 9.224500 12.924000 14.277500 12.591000 13.430500 10.358000 8.874000 6.104500 4.913000 5.545500 3.856500 0.000000 3.836000 5.400000 5.092500 5.708500 8.076000 10.319000 13.189500 11.885000 11.243500 14.701000 16.185500 15.214000 16.735500 19.705500 20.747500 20.566000 22.887000 25.243000 25.306000 26.085000 28.763000 30.131000 31.508500 33.146500 34.917500 37.398500 40.515500 43.214500 46.164500 48.359000 47.581500 46.964000 44.557000 45.044000 44.010000 40.921000 39.807000 40.645500 38.743500 35.676000 35.678000 36.293500 33.599500 31.067500 32.103000 31.784500 28.272500 27.218000 29.180500 27.782000 24.909000 24.557000 23.557000 23.491000 25.309000 23.032500 19.975000 22.041500 23.250000 21.947000 20.484000 20.856000 22.967500 21.784000 23.658500 24.639500 26.249500 28.140500 30.633000 31.332000 31.740500 34.077000 36.048000 36.466000 37.655000 39.937000 41.438000 42.357500 43.786000 45.888500 47.232000 48.445000 45.920500 45.160000 41.586000 40.927000 42.517000 40.602000 37.266500 38.525000 39.695500 36.310000 34.679000 37.280500 36.737000 32.941500 33.207500 35.805000 33.910000 30.653000 32.717500 34.756500 31.872500 30.126000 33.403000 34.106500 30.787000 31.259500 34.827000 34.098000 33.100500 34.280000 35.506500 34.936000 35.962000 38.221000 41.091500 42.988500 44.207500 45.901000 47.807500 50.557000 51.183500 51.000000 54.106000 55.841500 54.944500 51.306500 51.361000 52.730000 50.177000 47.270500 48.832500 49.164000 45.582500 44.489500 46.740000 45.858000 42.202500 40.074000 40.543500 44.098500 43.136500 40.347500 42.826000 45.510000 43.245000 42.086000 45.787000 46.509000 43.987000 45.447500 48.995500 48.185500 46.712000 49.909500 51.975500 49.839000 50.164000 53.882500 53.983500 52.848500 54.778500 56.971500 58.819000
9.526500 10.080500 9.243500 9.510500 12.110000 11.964000 15.453000 14.876500 12.277500 14.898500 17.757000 16.488500 16.030500 19.506000 20.961500 19.797000 21.324000 24.488000 24.637000 23.998000 23.739000 21.776000 22.514000 21.399500 18.052500 15.432500 11.825500 13.504000 15.875500 13.450500 11.787500 15.457000 16.440500 14.016500 14.865500 11.550000 10.451000 8.740500 6.238000 5.410500 5.472000 3.836000 0.000000 3.843500 5.922000 6.886000 10.151500 12.835500 15.094500 12.950500 12.672000 16.392500 17.149000 15.686000 17.754500 20.734500 21.104000 20.877500 23.672500 25.755000 25.325500 26.340500 29.287000 30.341000 31.629500 32.997000 34.734500 36.953000 40.099000 42.767000 45.631500 47.990500 47.451500 47.025000 44.697000 45.490000 44.420000 41.172000 40.333000 41.389000 39.313000 36.219500 36.604000 37.307000 34.391000 32.019500 33.441500 33.030500 29.388500 28.748000 30.915500 29.310500 26.725000 26.836500 25.971500 25.435500 27.261500 25.319000 22.002000 23.606500 25.057500 23.543000 21.606500 21.444000 23.035000 21.352500 22.682000 23.764000 25.820000 27.476500 29.737000 30.814000 31.454500 33.468000 35.433000 36.240000 37.409000 39.393500 41.050000 42.241500 43.468500 45.416000 47.028500 48.283500 45.934000 45.112000 41.466000 41.108500 42.870000 40.794500 37.557000 39.159000 40.333000 36.874500 35.513000 38.359500 37.776500 34.026000 34.619000 37.341500 35.380000 32.309500 34.662500 36.708500 33.845000 32.379000 35.815000 36.447000 33.243000 33.993500 37.549500 36.801000 36.000500 37.304500 38.553000 38.109500 39.257000 41.523000 44.422500 46.232000 47.367000 49.052500 50.839500 53.649000 54.290000 53.960000 56.988000 58.621500 57.570000 53.980500 54.106500 55.310000 52.651000 49.861500 51.402000 51.522000 47.926000 46.946500 49.052500 47.961500 44.349500 42.129000 42.313000 45.832000 44.992500 42.013000 44.263500 47.047000 44.791500 43.353000 46.970500 47.799500 45.101500 46.323500 49.947500 49.148000 47.411500 50.512000 52.675000 50.426500 50.501000 54.241500 54.387000 53.111500 54.929000 57.139500 58.980000
10.948500 10.237000 8.209000 7.222000 9.018000 8.292500 11.788500 11.587500 9.000000 11.385000 14.390000 13.626500 13.212500 16.423000 18.160000 17.466000 18.812000 21.835500 22.406500 22.130500 21.650000 19.840000 21.157500 20.066500 16.464500 14.516000 11.206000 13.478500 15.042500 11.967000 11.097500 14.794000 14.889000 12.352000 14.095000 11.405500 11.493000 10.142500 8.887500 6.931000 5.377500 5.400000 3.843500 0.000000 3.846500 6.562000 9.501000 11.523000 13.483000 10.868500 10.023000 13.804000 14.407500 12.423500 14.435500 17.560500 17.727000 17.252000 20.145000 22.252500 21.669000 22.617000 25.636000 26.701000 28.059000 29.493500 31.339500 33.580500 36.785000 39.380000 42.256500 44.601000 44.064000 43.688500 41.485000 42.272000 41.049500 37.829000 37.129500 38.098000 35.882000 32.883000 33.394500 33.964000 30.936500 28.728000 30.242500 29.659000 25.988500 25.603000 27.782000 26.005500 23.601000 24.061000 23.416000 22.551500 24.556500 22.991000 19.460500 20.906500 22.777500 21.573000 19.291500 19.304500 20.664000 18.752000 20.059500 20.727000 22.827000 24.777500 26.859500 27.730500 28.603500 30.743500 32.464000 33.251500 34.669500 36.616000 38.069000 39.372500 40.771000 42.568500 44.103500 45.549000 43.314500 42.724500 39.149000 38.938000 40.497500 38.225500 35.126500 36.796000 37.704500 34.141500 33.010500 35.825000 34.977500 31.278000 32.136500 34.722500 32.539000 29.640000 32.214000 34.056000 31.088500 29.928000 33.459000 33.856000 30.714000 31.799000 35.273000 34.413000 33.820000 35.292500 36.552500 36.301000 37.645500 39.935500 42.883500 44.544000 45.581000 47.267500 48.894000 51.785000 52.506500 52.033500 55.016000 56.460500 55.312500 51.786000 51.866500 52.875000 50.185000 47.462000 48.887500 48.837500 45.267500 44.308000 46.249500 45.032000 41.470500 39.264000 39.243000 42.776500 42.116500 39.060000 41.160500 44.069000 41.954500 40.375000 43.946000 44.966000 42.302000 43.356500 47.033500 46.420000 44.626000 47.618000 49.932500 47.808500 47.759000 51.497500 51.806500 50.549000 52.298000 54.550000 56.391000
14.234000 13.582500 11.718500 9.971500 11.178500 9.365000 12.310000 12.222000 8.837000 10.350000 13.673500 12.747000 11.322500 14.561000 16.617500 15.440000 16.282000 19.621500 20.282000 19.558500 18.714500 16.545500 17.802000 17.109500 13.500500 11.592000 8.693500 11.696500 13.248000 10.416500 10.527500 14.271500 14.331500 12.668500 14.810500 12.533500 12.423500 10.166000 9.782000 8.965000 6.048000 5.092500 5.922000 3.846500 0.000000 3.828500 5.968500 7.765500 9.823000 7.625500 6.844000 10.555000 11.533000 10.273500 12.153000 15.037500 15.803500 15.785000 18.283000 20.411000 20.446000 21.483000 24.133000 25.306500 26.605000 28.174500 29.925500 32.398500 35.513500 38.213500 41.165000 43.351500 42.584000 41.989500 39.613000 40.172500 39.115000 35.978500 34.955500 35.871000 33.911000 30.813000 30.983500 31.675000 28.889500 26.387000 27.684000 27.401500 23.785500 22.967500 25.215000 23.811000 21.252000 21.387500 20.343500 19.651500 21.416500 19.574000 16.180500 17.796500 19.383000 18.168500 16.203000 16.560000 18.426500 17.073500 19.006500 19.773500 21.330500 23.383500 25.810000 26.380500 26.883500 29.294500 31.144000 31.548500 32.864500 35.122000 36.522000 37.510000 39.021000 41.037000 42.353000 43.672000 41.236500 40.627000 37.093000 36.589000 38.057500 35.971000 32.743000 34.132500 35.126500 31.650500 30.239000 32.918500 32.212000 28.449500 29.020500 31.623500 29.596000 26.517000 28.898500 30.876500 28.002500 26.600000 30.086500 30.694500 27.568500 28.452500 32.009000 31.354000 30.743000 32.144000 33.519500 33.307000 34.548000 36.744500 39.709500 41.324000 42.295500 43.925000 45.555500 48.426500 49.060000 48.567500 51.530000 53.069500 51.925000 48.367000 48.533000 49.642000 46.927000 44.199000 45.764000 45.790500 42.175500 41.291000 43.400000 42.227500 38.608000 36.321500 36.514000 40.016000 39.147000 36.177500 38.472000 41.236500 39.001500 37.624500 41.272500 42.113500 39.511500 40.800500 44.406000 43.686500 42.084500 45.201500 47.379000 45.279500 45.466000 49.193500 49.411500 48.262000 50.135000 52.366000 54.223500
16.104000 16.137500 14.586500 13.352500 14.652500 12.703000 15.643000 15.779000 12.322000 13.376500 16.811000 15.832000 13.877500 17.005000 19.222000 17.606000 18.023500 21.606000 22.215500 20.941000 19.803000 17.117500 17.939500 17.811500 14.472500 12.183500 9.603500 12.650000 14.807000 12.665000 12.794000 16.493000 17.038000 15.769000 17.592500 15.091000 14.191000 11.237500 10.410500 10.793000 8.381000 5.708500 6.886000 6.562000 3.828500 0.000000 3.827000 7.067500 8.729500 7.048000 7.869500 11.125000 11.823500 11.621000 13.857500 16.107000 17.041000 17.753500 20.095500 21.871000 22.278500 23.693000 26.060000 27.012500 28.074500 29.454500 30.938500 33.398500 36.350500 39.199000 42.129000 44.271500 43.441000 42.712500 40.094000 40.660000 39.929000 36.747500 35.459500 36.595000 34.943000 31.645000 31.639000 32.692500 30.141000 27.319500 28.613500 28.791000 25.222500 24.053500 26.522500 25.576500 23.006000 22.841000 21.237500 20.670000 21.877000 19.664500 16.578500 18.021000 18.939500 17.149500 15.577000 15.593500 17.794000 16.918000 19.072000 20.441500 21.711000 23.346000 26.124500 26.874500 26.911000 29.211500 31.431500 31.743500 32.663000 35.055500 36.717000 37.450500 38.747500 41.025000 42.380000 43.396000 40.769500 39.863000 36.266500 35.529500 37.227500 35.429000 32.017500 33.298000 34.659000 31.361000 29.636000 32.385000 32.096000 28.299500 28.542500 31.397500 29.765500 26.520000 28.664500 31.009000 28.438000 26.711500 30.133500 31.178500 28.183500 28.712500 32.394500 32.111500 31.460500 32.694500 34.216000 33.987500 34.997500 37.031500 39.980000 41.588000 42.483000 44.014500 45.680000 48.487500 48.932000 48.413000 51.299500 53.042000 51.851500 48.258000 48.650000 49.911000 47.110000 44.443000 46.271500 46.356000 42.673000 41.984500 44.312000 43.127000 39.462500 36.995500 37.382500 40.755500 39.570000 36.638000 39.078500 41.603500 39.107500 37.870000 41.545000 42.067000 39.364500 40.875500 44.384000 43.365000 41.823500 45.094000 47.032000 44.750000 45.121000 48.840000 48.829500 47.670000 49.648500 51.825500 53.692500
19.135500 18.982000 17.445000 15.699500 16.680500 14.291500 16.649500 16.765000 13.070000 13.404500 16.736500 15.653500 12.996000 15.876500 18.213500 16.205500 16.081000 19.816500 20.466000 18.767500 17.285500 14.269500 14.939500 15.318500 12.197000 10.131500 8.538500 11.956500 13.846000 12.202500 13.189500 16.575500 17.009000 16.503500 18.557500 16.548000 15.728500 12.501000 12.567500 13.308500 10.345500 8.076000 10.151500 9.501000 5.968500 3.827000 0.000000 3.840000 5.647000 5.487000 6.542000 8.928500 10.182500 10.980000 12.707000 14.507500 16.110500 17.167000 18.940000 20.726500 21.731000 23.093000 25.038500 26.135000 27.146500 28.676500 30.074500 32.748000 35.590500 38.491000 41.467000 43.427500 42.368000 41.423000 38.687500 38.984000 38.384500 35.349500 33.755500 34.768500 33.377500 30.063000 29.680000 30.788500 28.529000 25.484500 26.470500 26.921500 23.515000 21.901500 24.329000 23.780500 21.100500 20.562500 18.571500 18.278000 19.191500 16.656500 13.883000 15.554000 16.056000 14.327000 13.313500 13.864000 16.628000 16.451000 19.158000 20.467000 21.137500 22.895500 25.908000 26.278500 25.978000 28.552500 30.804000 30.700000 31.556500 34.240500 35.772000 36.187500 37.635500 40.084500 41.175000 42.095000 39.295500 38.425500 34.926500 33.884500 35.419500 33.816000 30.321000 31.254500 32.649500 29.472000 27.464500 29.994500 29.822500 26.005000 25.907500 28.713000 27.244000 23.830500 25.706500 28.152000 25.687000 23.694000 27.016500 28.260500 25.295000 25.581000 29.312000 29.224000 28.551500 29.705500 31.312500 31.105500 32.014500 33.945000 36.889000 38.448000 39.278500 40.760000 42.429000 45.200000 45.581000 45.064000 47.940000 49.764000 48.603000 44.985500 45.430500 46.791000 43.998000 41.317000 43.253500 43.432500 39.734000 39.093000 41.568500 40.462500 36.769000 34.272500 34.890500 38.219500 36.849000 34.051000 36.682000 39.055000 36.481500 35.484500 39.215500 39.574500 36.991000 38.736000 42.149500 41.065000 39.757000 43.124500 44.931500 42.726500 43.341000 47.024000 46.944500 45.921500 48.017000 50.167500 52.044500
21.215000 20.592500 18.976000 16.602000 17.177000 14.521500 16.097000 16.056500 12.333000 11.969000 14.948500 13.794500 10.593500 13.133500 15.489500 13.277500 12.693000 16.471000 17.217500 15.370500 13.623500 10.522500 11.429000 12.033500 8.935500 7.649500 7.392500 11.042500 12.058000 10.661000 12.667000 15.567000 15.544000 15.751500 18.165500 16.873000 16.559000 13.541000 14.568000 15.070500 11.593500 10.319000 12.835500 11.523000 7.765500 7.067500 3.840000 0.000000 3.850000 5.485000 5.105000 6.252000 8.681000 9.918500 10.580500 12.242500 14.585000 15.506000 16.632000 18.697000 20.153500 21.161500 22.782000 24.220500 25.327000 27.171000 28.658000 31.572500 34.399500 37.233500 40.271500 42.052500 40.785000 39.697000 37.018000 36.998500 36.299000 33.478000 31.735500 32.427000 31.109500 27.939500 27.237500 28.120500 26.039000 22.976000 23.567000 23.991500 20.758500 18.841500 21.028500 20.633500 17.796500 16.978500 14.903000 14.905500 15.928500 13.247000 10.595000 12.822000 13.388500 12.361000 11.736000 13.270500 16.312500 16.523000 19.585500 20.388000 20.603500 22.781000 25.754000 25.577500 25.254500 28.191000 30.187500 29.693000 30.775500 33.661500 34.848500 35.100000 36.872500 39.302500 40.069000 41.109500 38.274500 37.676000 34.347500 33.159500 34.326000 32.722500 29.298000 29.919500 31.049000 27.883500 25.810500 28.010500 27.631000 23.827500 23.589500 26.108500 24.503500 21.014000 22.754500 25.010500 22.405500 20.332500 23.596500 24.723500 21.655000 21.931500 25.645500 25.486500 24.814000 26.024500 27.634500 27.460000 28.435500 30.376500 33.330500 34.839000 35.662500 37.172000 38.822000 41.614500 42.073000 41.582000 44.516000 46.278500 45.191500 41.565500 41.889000 43.252000 40.533500 37.774500 39.635000 39.886500 36.213500 35.464000 37.954500 36.956000 33.250500 30.858000 31.611500 35.000500 33.656500 30.990000 33.743500 36.126500 33.671000 32.852500 36.629500 37.052000 34.693000 36.533500 39.908500 38.988000 37.905000 41.256500 43.098000 41.128000 41.872500 45.512500 45.531500 44.667000 46.800000 48.956500 50.831000
23.825500 23.150000 21.132500 18.740500 18.733000 15.578000 16.983500 17.715500 14.237500 13.019500 16.203500 15.850500 12.425000 14.143000 17.092000 15.318000 13.892000 17.536500 18.938000 17.147500 14.663000 11.225500 12.673000 14.133500 11.302500 10.888500 11.090000 14.757500 15.497000 13.946000 16.188500 19.071500 18.655500 18.778500 21.489500 20.244000 20.082500 17.094000 17.748500 18.080500 14.683000 13.189500 15.094500 13.483000 9.823000 8.729500 5.647000 3.850000 0.000000 3.838000 5.402000 5.005500 6.139000 8.628500 9.770500 10.315000 12.526000 14.307500 15.338500 16.734500 18.491000 20.020500 21.309000 22.326500 23.145000 24.737000 25.963000 28.836000 31.503000 34.436500 37.437500 39.172000 37.878000 36.716000 33.884000 33.940500 33.481000 30.586500 28.718500 29.668500 28.554000 25.205500 24.520500 25.794000 23.841000 20.556000 21.416500 22.289500 19.058000 17.111000 19.776000 19.792500 17.414000 16.916000 14.386000 13.738000 14.038500 11.583000 8.956000 10.249000 10.487000 8.906500 8.153500 9.601500 12.849000 13.535500 16.856000 17.860500 17.653500 19.632000 22.785000 22.578000 21.934000 24.861500 27.009000 26.399500 27.282000 30.255000 31.534500 31.640500 33.328500 35.874000 36.639000 37.545500 34.647000 33.967000 30.635500 29.400500 30.618000 29.079000 25.604000 26.248500 27.504000 24.389500 22.250000 24.595500 24.406500 20.590000 20.375500 23.147000 21.755500 18.304000 20.189500 22.719000 20.425000 18.468500 21.886500 23.285000 20.609000 21.027500 24.761500 24.988500 24.707500 25.976500 27.808000 27.964000 28.941500 30.658500 33.628000 34.849500 35.370000 36.729000 38.128000 40.964000 41.286000 40.484000 43.206000 44.924000 43.568000 40.007500 40.612000 41.828000 38.897500 36.380000 38.430500 38.422000 34.687500 34.306000 36.799500 35.507000 31.833000 29.148500 29.763000 32.972000 31.472000 28.652000 31.325500 33.591500 30.950000 30.018000 33.763000 34.048500 31.516500 33.368000 36.729000 35.656500 34.488500 37.889000 39.656000 37.572500 38.327000 41.974500 41.932500 41.048000 43.211000 45.364000 47.254000
21.576500 20.777000 18.415000 16.163000 15.901000 12.643000 14.441000 15.645500 12.374000 11.311000 14.911000 15.061000 12.149500 13.996500 17.169000 16.033000 15.043500 18.536500 20.179500 18.999500 16.754000 13.732500 15.625000 16.490500 13.168000 12.601000 11.797500 15.569500 16.373500 14.037500 15.867500 19.108500 18.458000 17.840000 20.690500 19.190500 19.282000 16.603000 16.718500 16.450500 13.252000 11.885000 12.950500 10.868500 7.625500 7.048000 5.487000 5.485000 3.838000 0.000000 3.840000 5.439500 5.026500 6.232500 8.661500 9.803000 10.955500 12.583500 14.501500 15.761000 16.797000 18.603500 20.415500 21.153000 21.992500 23.371000 24.705500 27.352500 30.182000 33.095000 36.069000 38.034500 37.011500 36.116500 33.419000 33.852500 33.221500 30.091000 28.636000 29.798000 28.317000 24.934000 24.825500 26.083000 23.687000 20.669500 22.095500 22.631500 19.097500 17.862000 20.739500 20.220000 18.118500 18.327500 16.334000 15.019500 15.732000 13.993000 10.738000 11.398000 12.518500 10.854000 8.774000 9.253500 11.700000 11.375000 14.287000 15.328500 15.803500 17.772500 20.716500 20.912500 20.709500 23.391500 25.493000 25.387000 26.413000 29.055500 30.471500 31.004000 32.551500 34.876000 35.963000 37.037000 34.369000 33.701000 30.234000 29.444000 30.832500 28.953500 25.596000 26.771000 27.920000 24.575500 22.901500 25.607500 25.194500 21.397000 21.807500 24.662000 22.992000 19.861000 22.264000 24.620500 22.196000 20.772000 24.385500 25.463500 22.837000 23.739500 27.375000 27.364000 27.248500 28.685500 30.434500 30.682000 31.868500 33.699500 36.705000 37.893500 38.408500 39.803000 41.099000 44.010000 44.417500 43.510000 46.185500 47.724000 46.244000 42.755000 43.330000 44.320000 41.328500 38.904000 40.809500 40.566000 36.848500 36.487000 38.731000 37.227500 33.612000 30.908000 31.102500 34.344500 33.124000 30.052000 32.396500 34.894500 32.363500 31.017000 34.673000 35.217500 32.487500 33.966500 37.486000 36.527500 34.998000 38.256000 40.241000 38.065000 38.456000 42.170000 42.262000 41.201000 43.210500 45.422000 47.314000
20.416500 19.137000 16.801500 14.011000 13.616000 10.412000 11.684500 12.438500 9.082500 7.873500 11.328000 11.310000 8.385000 10.406000 13.464000 12.473000 11.798000 15.221000 16.810000 16.006000 14.086000 11.596500 13.840000 14.053000 10.467000 10.353500 9.644000 13.350000 13.498500 10.857000 13.091000 16.078500 15.011500 14.554500 17.658000 16.641500 17.283000 15.026500 15.813000 15.086000 11.542000 11.243500 12.672000 10.023000 6.844000 7.869500 6.542000 5.105000 5.402000 3.840000 0.000000 3.843000 5.452500 5.110000 6.244000 8.633500 10.274000 10.804500 12.562000 14.645000 15.552500 16.653000 18.682000 19.992000 21.194500 23.021500 24.724500 27.537000 30.543500 33.274500 36.315500 38.241500 37.164000 36.321500 33.881000 34.116000 33.102000 30.138000 28.842500 29.571000 27.812500 24.710000 24.552000 25.262000 22.705500 19.984000 21.101000 21.080500 17.534500 16.412000 18.849500 17.857000 15.463000 15.705000 14.286000 13.177000 14.745000 13.167000 9.590500 11.107500 12.994500 12.397500 10.382500 11.768000 13.970500 13.325500 16.064500 16.291000 16.909000 19.469500 22.039000 21.829000 22.086500 25.016000 26.659500 26.464000 27.957500 30.562500 31.587000 32.269000 34.150000 36.238000 37.139500 38.525500 35.996000 35.683500 32.354500 31.662500 32.700500 30.617500 27.452000 28.522500 29.240000 25.769000 24.306500 26.723000 25.833000 22.071500 22.631000 25.052500 22.928500 19.853000 22.316000 24.200000 21.333500 20.074000 23.665000 24.251000 21.309000 22.445000 25.978000 25.506000 25.279500 26.846000 28.408000 28.564000 29.946000 31.978500 34.991000 36.273000 36.957000 38.490000 39.854500 42.801500 43.423500 42.673500 45.511500 46.907500 45.603000 42.104500 42.357500 43.307000 40.492000 37.887000 39.502000 39.356500 35.713000 35.013500 37.115000 35.783000 32.165500 29.745500 29.920000 33.375500 32.454000 29.471500 31.815500 34.545500 32.327500 31.018000 34.700500 35.554000 33.076000 34.448500 38.023000 37.410000 35.988500 39.115500 41.304500 39.411000 39.743000 43.433000 43.743500 42.775000 44.718000 46.964500 48.839000
24.100000 22.712000 20.358000 17.354500 16.574500 13.183500 13.599500 14.530000 11.514500 9.263500 12.107000 12.418500 8.933500 9.765000 13.126000 12.126500 10.311500 13.636000 15.696500 14.688500 12.029000 9.289000 12.039000 13.021000 9.930000 10.920000 11.505500 15.101500 14.677500 12.576500 15.486500 17.965000 16.586000 16.823000 20.085500 19.557500 20.317500 18.008500 19.171500 18.639500 14.978500 14.701000 16.392500 13.804000 10.555000 11.125000 8.928500 6.252000 5.005500 5.439500 3.843000 0.000000 3.845500 5.430000 5.030000 6.034500 8.788500 9.889500 10.606500 12.536000 14.301000 15.367000 16.709000 18.120000 19.217500 21.215000 22.806000 25.843500 28.692000 31.431000 34.503000 36.204000 34.881000 33.820000 31.302000 31.243000 30.326000 27.540500 25.955000 26.521000 25.017500 21.925500 21.379000 22.131000 19.886500 16.925000 17.750500 18.056500 14.685000 13.086000 15.631000 15.162500 12.868500 12.961500 11.059000 9.775000 10.995000 9.447500 5.834000 7.452000 9.390500 9.433000 7.797500 10.209000 12.710000 12.867000 16.046000 15.992000 15.786500 18.538500 21.197000 20.431000 20.380500 23.628000 25.156500 24.464000 25.988500 28.862000 29.637000 30.007500 32.117500 34.301500 34.878500 36.238000 33.602000 33.451000 30.297000 29.384000 30.120500 28.149000 25.012000 25.739500 26.316000 22.934000 21.318500 23.458500 22.520500 18.763000 19.142000 21.420500 19.314500 16.145500 18.535500 20.413000 17.594500 16.292500 19.915000 20.586500 17.779000 18.961500 22.494500 22.230500 22.229500 23.851500 25.560000 25.927000 27.316000 29.191500 32.199500 33.275500 33.779000 35.233000 36.456000 39.424000 40.009000 39.124000 41.889500 43.247000 41.871500 38.394000 38.718000 39.628500 36.761000 34.216500 35.910000 35.713500 32.044500 31.472000 33.639000 32.255000 28.623000 26.106500 26.384500 29.794000 28.749000 25.817000 28.286000 30.924000 28.672500 27.516000 31.244000 32.025000 29.669000 31.196000 34.702500 34.114000 32.896000 36.065000 38.192000 36.439500 36.953500 40.594500 40.916500 40.097000 42.114000 44.345000 46.223500
25.056500 23.712500 20.991500 18.230500 17.011500 13.329500 13.936000 15.751000 13.120500 10.643000 13.785000 14.891000 11.825000 12.253000 15.910500 15.489500 13.596500 16.586000 19.036500 18.283500 15.450500 12.745500 15.554500 16.780000 13.726000 14.512000 14.636500 18.353500 18.187000 15.766000 18.348500 21.105500 19.633000 19.356500 22.703000 21.897500 22.659500 20.363500 20.931000 20.191000 16.786500 16.185500 17.149000 14.407500 11.533000 11.823500 10.182500 8.681000 6.139000 5.026500 5.452500 3.845500 0.000000 3.838000 5.456000 5.068500 6.466500 8.760000 10.131500 10.993500 12.542000 14.493000 15.851000 16.516500 17.274000 18.804000 20.172000 23.017000 25.826500 28.687000 31.713500 33.541500 32.379500 31.420000 28.803500 29.103500 28.348000 25.294500 23.850000 24.882000 23.354500 20.010000 19.912500 21.123500 18.714000 15.691500 17.269500 17.859500 14.323500 13.279500 16.434000 16.066000 14.526500 15.320500 13.405500 11.205500 11.757500 10.992000 7.532500 7.126000 9.202500 8.489000 5.556000 7.144000 9.154500 9.117500 12.351500 12.501000 12.265000 14.848000 17.593000 17.080500 16.978500 20.069500 21.765000 21.309500 22.706000 25.462500 26.465000 26.972500 28.879500 31.062000 31.878500 33.189000 30.620000 30.355500 27.086500 26.411500 27.352000 25.231000 22.096000 23.222000 23.900000 20.410500 19.036000 21.606500 20.765500 17.009500 17.844500 20.471500 18.473000 15.610500 18.434000 20.501500 18.026500 17.173500 20.939000 21.734000 19.418000 20.878500 24.306500 24.303500 24.676500 26.349500 28.165000 28.791500 30.209500 31.934000 34.934500 35.789500 36.050500 37.376500 38.353000 41.355500 41.834500 40.651500 43.185500 44.441500 42.770500 39.406000 39.991000 40.672500 37.594500 35.345500 37.148000 36.603500 32.914500 32.714000 34.746000 32.987500 29.456500 26.665500 26.560500 29.763000 28.714500 25.496000 27.658000 30.287500 27.899500 26.365000 29.990000 30.761500 28.083000 29.387000 32.976000 32.268500 30.720000 33.862500 36.033500 34.074000 34.370500 38.071000 38.389500 37.424500 39.382500 41.645500 43.543000
22.717000 21.021000 18.071000 15.183000 13.549500 9.815000 10.287000 12.436000 10.229000 7.682000 10.994000 12.601000 10.239000 10.725500 14.367500 14.616500 13.388500 16.094500 18.584000 18.502500 16.183000 14.116000 17.132500 17.574500 14.173000 14.914000 14.416000 17.982000 17.599500 14.594000 16.921000 19.702500 17.884500 17.089000 20.578000 19.860000 21.080000 19.300500 19.791000 18.404000 15.154500 15.214000 15.686000 12.423500 10.273500 11.621000 10.980000 9.918500 8.628500 6.232500 5.110000 5.430000 3.838000 0.000000 3.840500 5.549000 5.588000 6.468000 8.988500 10.382000 10.845000 12.552500 14.717000 15.523500 16.601500 18.231000 19.992000 22.678000 25.756000 28.441500 31.464500 33.484500 32.558500 31.897000 29.605500 30.115000 28.952500 25.830000 24.907500 25.816000 23.772000 20.661500 21.071000 21.843000 18.938000 16.490000 18.305000 18.143500 14.396500 14.172000 17.051500 15.835500 14.368500 15.739000 14.697500 12.330500 13.801500 13.522000 9.761000 9.708500 12.510000 12.215000 9.088500 10.077000 11.078500 9.737500 12.159500 11.694000 12.428500 15.330000 17.508500 17.168000 17.865000 20.778500 22.096500 22.105000 23.907000 26.272000 27.150000 28.148500 30.097000 31.907500 32.903500 34.535500 32.278000 32.216500 28.948000 28.702500 29.596000 27.123500 24.255000 25.727000 26.079500 22.412500 21.568500 24.181000 22.915000 19.313500 20.650000 23.009000 20.583000 18.075500 21.162000 22.777500 19.975500 19.570000 23.342500 23.607000 21.126000 22.969500 26.238500 25.763500 26.111000 27.931500 29.547500 30.119000 31.755500 33.689000 36.701500 37.638000 38.037500 39.480000 40.466500 43.517000 44.179500 43.066000 45.678500 46.745500 45.131500 41.815000 42.165500 42.691000 39.713500 37.409000 38.913500 38.295500 34.697500 34.269000 36.020500 34.254000 30.796000 28.229500 27.806000 31.144500 30.518500 27.225500 29.102000 32.032500 29.960500 28.161500 31.681000 32.837000 30.198500 31.124500 34.829500 34.425500 32.674000 35.586000 38.030500 36.176500 36.140500 39.847000 40.390000 39.339000 41.113500 43.424000 45.296000
24.199500 22.197000 19.434500 16.109500 14.348000 10.837500 10.141000 11.757500 9.815500 6.438500 8.858000 10.586000 8.000000 7.473500 11.255500 11.785500 10.146500 12.526500 15.303000 15.514500 13.145500 11.646500 15.059000 15.341000 12.222500 13.847500 14.095000 17.383500 16.237000 13.465000 16.388000 18.575500 16.303000 16.142500 19.814500 19.777500 21.372000 19.828000 21.002500 19.578500 16.086000 16.735500 17.754500 14.435500 12.153000 13.857500 12.707000 10.580500 9.770500 8.661500 6.244000 5.030000 5.456000 3.840500 0.000000 3.843000 5.604500 5.157500 6.368000 8.877000 9.938500 10.638500 12.516500 14.129000 15.541500 17.782000 19.798500 22.778000 25.856000 28.357000 31.440000 33.242500 32.083500 31.303000 29.190000 29.284500 27.858000 25.055500 24.052500 24.413500 22.313000 19.518000 19.560000 19.794000 16.969000 14.680500 15.918500 15.367000 11.712500 11.322000 13.772000 12.336000 10.642500 12.097000 11.486500 9.142000 11.328500 11.375500 7.653500 8.314500 11.645500 12.493500 9.981000 12.055500 13.264000 12.459500 14.965000 13.832500 14.035000 17.360500 19.287000 18.239000 19.035500 22.296000 23.175500 22.736500 24.880000 27.392500 27.781500 28.642500 30.988500 32.689000 33.290500 35.117500 32.885000 33.178000 30.155500 29.778500 30.218000 27.738500 25.043000 26.133500 26.085500 22.451000 21.629500 23.755000 22.101500 18.592000 19.850500 21.696000 18.924500 16.445000 19.440000 20.593500 17.440000 17.181000 20.860500 20.713500 18.049000 20.115500 23.233000 22.458000 22.835500 24.778000 26.301500 26.901500 28.685000 30.678000 33.661500 34.564500 35.013500 36.521000 37.498500 40.567000 41.380500 40.352500 43.062000 44.007000 42.532500 39.223000 39.330000 39.825500 36.995500 34.562000 35.856500 35.328000 31.794000 31.123500 32.798000 31.186500 27.720000 25.380000 25.032500 28.540500 28.098000 24.963000 26.939500 29.994000 28.188500 26.576500 30.138000 31.487000 29.186500 30.158000 33.826500 33.714500 32.239000 35.070500 37.602000 36.081500 36.163000 39.791500 40.486000 39.623000 41.403500 43.711500 45.561500
27.669000 25.793000 22.951000 19.741000 17.844500 14.214000 13.450500 15.398500 13.613500 10.160500 12.200500 14.084000 11.303000 10.112500 13.861000 14.326500 11.845500 13.929500 17.075000 17.021000 14.016500 12.251000 15.775500 16.853500 14.211000 16.135500 16.893000 20.286500 19.168500 16.764000 19.855000 21.976500 19.752500 19.854000 23.508500 23.470500 24.892500 23.089000 24.180000 23.007000 19.487000 19.705500 20.734500 17.560500 15.037500 16.107000 14.507500 12.242500 10.315000 9.803000 8.633500 6.034500 5.068500 5.549000 3.843000 0.000000 3.841000 5.500000 5.375500 6.573000 8.838000 10.214500 11.090500 12.243500 13.259500 15.395500 17.122000 20.250000 23.119000 25.729000 28.824000 30.468500 29.137500 28.162000 25.863000 25.858500 24.666000 21.865500 20.585500 21.082000 19.268500 16.256500 16.119000 16.748500 14.163500 11.434500 12.891000 13.001000 9.380500 8.760500 11.888500 11.283500 10.321000 11.933500 10.716000 7.587500 8.753000 9.511000 6.229500 5.231000 8.845000 10.041000 7.507500 9.935500 10.965000 10.908500 13.720000 12.513000 11.763000 15.106500 17.160000 15.678500 16.073500 19.553000 20.435000 19.589500 21.660000 24.392500 24.683000 25.270500 27.713000 29.543500 29.958500 31.693500 29.365000 29.721000 26.810500 26.322000 26.592000 24.171000 21.501500 22.451000 22.333000 18.732000 17.887000 19.965000 18.319000 14.794500 16.158500 18.060500 15.360000 12.973000 16.183000 17.461000 14.597000 14.587000 18.357000 18.428500 16.258000 18.462000 21.503500 21.165500 21.956000 23.919000 25.641000 26.545500 28.276000 30.002500 32.953500 33.558000 33.700500 35.043500 35.769000 38.851500 39.534000 38.224500 40.725500 41.621000 39.914500 36.680000 37.038500 37.403000 34.390000 32.191000 33.671500 32.911500 29.328000 29.033500 30.737500 28.856500 25.423000 22.781000 22.335500 25.663500 25.039500 21.768000 23.722000 26.663000 24.695000 23.020000 26.598500 27.834500 25.447500 26.479000 30.135000 29.941000 28.487000 31.376500 33.846000 32.323000 32.489500 36.110000 36.782500 35.984500 37.823000 40.127500 41.995500
27.659000 25.688000 22.535500 19.538000 17.165000 13.498000 12.737500 15.456500 14.247500 10.862500 13.009500 15.561000 13.423500 12.265500 16.001000 17.032500 14.976500 16.778500 20.025000 20.361000 17.571000 15.952000 19.455500 20.333500 17.454500 19.075500 19.264000 22.717500 21.763000 18.934000 21.657500 23.999500 21.644000 21.156000 24.861000 24.640500 26.218000 24.627500 25.277000 23.728000 20.499500 20.747500 21.104000 17.727000 15.803500 17.041000 16.110500 14.585000 12.526000 10.955500 10.274000 8.788500 6.466500 5.588000 5.604500 3.841000 0.000000 3.848000 5.495500 5.176500 6.177500 8.698000 10.123000 10.369000 11.194500 12.874000 14.691500 17.529000 20.564000 23.179000 26.243000 28.143000 27.123000 26.453000 24.282000 24.781000 23.483000 20.366500 19.618000 20.512500 18.330500 15.245500 15.994000 16.796500 13.736500 11.489000 13.900000 13.791500 10.086500 10.740500 13.984500 12.991500 12.783500 15.053500 14.266500 10.865000 11.838000 13.074000 9.963500 8.210000 11.585500 12.165500 8.894000 10.034000 9.768000 8.718000 10.859500 9.134000 8.858000 12.375000 14.014000 12.770500 13.751500 16.975000 17.691500 17.384500 19.644500 21.987500 22.381000 23.438500 25.724000 27.293000 28.043500 29.948000 27.900500 28.296000 25.310500 25.332000 25.743000 22.965500 20.524500 22.064500 21.821500 18.053000 17.843500 20.310000 18.524500 15.229500 17.303500 19.309500 16.568000 14.813500 18.370500 19.540500 16.937000 17.484500 21.217500 21.147000 19.336000 21.799000 24.641500 24.281500 25.268500 27.284000 28.966000 29.993000 31.806500 33.524000 36.460500 36.962500 37.005500 38.297000 38.849500 41.958000 42.638000 41.149500 43.491000 44.212000 42.309000 39.217000 39.667500 39.768500 36.664500 34.703500 36.105000 35.031000 31.526500 31.423000 32.844500 30.668000 27.422000 24.725000 23.763500 26.908000 26.536500 23.031000 24.474000 27.536500 25.661500 23.491500 26.844000 28.291000 25.652500 26.211000 29.983500 29.867500 27.981000 30.674000 33.342500 31.703000 31.450000 35.112500 35.923500 34.945500 36.603000 38.960000 40.823500
26.399500 24.054500 20.914000 17.682500 14.982500 11.605000 9.976500 12.650500 12.145500 8.581000 9.993500 13.033000 11.619500 10.016500 13.500500 15.222000 13.651500 14.943000 18.212500 19.198000 16.916500 16.021500 19.653000 19.866500 16.946000 18.772000 18.825000 21.956000 20.572500 17.542000 20.224000 22.240500 19.491500 18.912000 22.696500 22.874500 24.918500 23.830500 24.735500 22.770000 19.626000 20.566000 20.877500 17.252000 15.785000 17.753500 17.167000 15.506000 14.307500 12.583500 10.804500 9.889500 8.760000 6.468000 5.157500 5.500000 3.848000 0.000000 3.839000 5.454000 5.027000 6.129000 8.634000 9.784500 11.315500 13.525000 15.869500 18.633000 21.852000 24.132000 27.178500 29.105000 28.174500 27.711500 25.965500 26.374000 24.580000 21.676500 21.340500 21.743000 19.107000 16.562500 17.453500 17.450500 14.063500 12.607000 14.648500 13.525500 9.817000 11.114000 13.618000 11.646000 11.387000 14.099500 14.264000 11.070000 13.099500 14.478500 11.248000 10.492000 14.197000 15.258500 12.233500 13.614000 13.420500 11.897000 13.451500 11.193500 11.644500 15.287000 16.326000 15.008500 16.633000 19.725500 19.934500 19.812500 22.462500 24.520000 24.579500 25.931500 28.390000 29.600500 30.286500 32.501500 30.709500 31.382500 28.531000 28.733500 28.939000 26.004500 23.827000 25.344500 24.755500 20.990000 21.048000 23.228000 21.045500 17.966000 20.119500 21.659500 18.525000 16.965000 20.454500 21.083500 18.056500 18.843000 22.450500 21.797000 19.699000 22.427000 25.078500 24.170000 25.051500 27.188000 28.631500 29.557000 31.574500 33.497500 36.417000 37.025500 37.254000 38.687000 39.306000 42.435500 43.339000 42.021000 44.511000 45.065500 43.345500 40.277000 40.382500 40.407500 37.512000 35.392000 36.435500 35.430500 32.055500 31.575500 32.749000 30.736000 27.552500 25.237500 24.143000 27.492500 27.557500 24.177000 25.484000 28.812500 27.355000 25.186500 28.450500 30.261000 27.901000 28.239000 32.019000 32.276000 30.448000 32.909000 35.780500 34.405500 34.004000 37.591000 38.612500 37.678500 39.201500 41.565000 43.382000
29.287500 26.894000 23.944000 20.514500 17.951000 14.725000 12.672000 14.758000 14.245500 10.452500 10.997500 13.818500 12.134500 9.576000 12.848500 14.633500 12.383500 13.071000 16.682500 17.738500 15.205000 14.734000 18.518500 18.971500 16.605500 19.073000 19.847000 22.813500 20.989000 18.420000 21.543500 23.106500 20.188500 20.282000 24.083000 24.691500 26.792500 25.652500 26.990500 25.242500 21.880000 22.887000 23.672500 20.145000 18.283000 20.095500 18.940000 16.632000 15.338500 14.501500 12.562000 10.606500 10.131500 8.988500 6.368000 5.375500 5.495500 3.839000 0.000000 3.835500 5.483500 5.246000 6.240500 8.369500 10.068500 12.917000 15.283500 18.376500 21.387000 23.528000 26.608500 28.195000 26.917500 26.201000 24.519000 24.425500 22.519000 19.989500 19.386000 19.260500 16.749000 14.473000 14.826500 14.390000 11.211500 9.786000 11.254500 9.907000 6.220000 7.597500 9.880000 8.008000 8.228500 11.262500 11.682500 8.257000 10.403500 12.470000 9.912500 9.128500 12.912500 14.862500 12.494500 14.617500 14.704000 14.011000 15.901500 13.516000 13.023000 16.756500 17.759500 15.693500 17.033500 20.453000 20.356500 19.572500 22.381500 24.694500 24.291000 25.297500 28.122000 29.340500 29.546500 31.828500 29.984000 30.955500 28.393000 28.362000 28.111500 25.289000 23.274000 24.321500 23.382000 19.757000 19.781000 21.425000 18.933000 16.032500 18.087500 19.103500 15.715500 14.345500 17.735500 17.912500 14.734500 15.864000 19.305000 18.328000 16.374000 19.366000 21.758000 20.788000 21.913500 24.145000 25.592000 26.687500 28.780500 30.602500 33.454000 33.882000 34.003000 35.398500 35.888000 39.020000 39.981000 38.615000 41.083500 41.516500 39.823000 36.803000 36.810500 36.755500 33.918500 31.797000 32.738000 31.712000 28.380500 27.858500 28.975500 26.978500 23.805500 21.569000 20.490000 23.923000 24.081000 20.810000 22.203000 25.587500 24.320000 22.337500 25.638500 27.554500 25.507000 25.947000 29.648500 30.121500 28.607500 31.026500 33.900500 32.834000 32.629500 36.116000 37.225500 36.508000 38.080000 40.418000 42.216000
31.699500 29.416500 26.279000 23.060000 20.324500 16.958500 15.188500 17.769500 17.292500 13.570500 14.462500 17.409500 15.641500 13.283500 16.594500 18.272500 15.814000 16.530500 20.202500 21.056500 18.225000 17.407000 21.140500 22.043000 19.723500 22.062000 22.793500 25.972500 24.394500 21.797000 24.838500 26.625000 23.809500 23.724000 27.528500 27.903000 29.866000 28.554500 29.585000 27.877500 24.588000 25.243000 25.755000 22.252500 20.411000 21.871000 20.726500 18.697000 16.734500 15.761000 14.645000 12.536000 10.993500 10.382000 8.877000 6.573000 5.176500 5.454000 3.835500 0.000000 3.847500 5.583500 5.384500 5.803500 6.921000 9.540500 11.803000 14.881000 17.798000 20.031500 23.124000 24.728500 23.478500 22.785500 21.000500 21.147000 19.376500 16.599500 16.103500 16.387000 13.854500 11.264000 12.151000 12.262500 8.903000 7.422500 9.999500 9.299500 5.819500 7.935000 10.820500 9.784000 10.947000 13.969000 13.915500 10.144000 11.091000 13.662000 11.516500 9.439500 12.914500 14.630000 12.080500 13.664500 12.974500 12.430000 14.018000 11.372000 10.263500 13.937500 14.673000 12.261000 13.633500 17.047500 16.764000 15.899000 18.802000 21.052000 20.576500 21.629500 24.462000 25.622500 25.855500 28.168500 26.420000 27.481500 25.000000 25.185000 24.857500 21.875000 20.075500 21.343000 20.235500 16.562500 17.026000 18.826000 16.240500 13.560500 16.169500 17.268500 13.975000 13.196500 16.890500 17.139000 14.518000 16.118500 19.523000 18.753000 17.484500 20.553000 22.781000 22.239000 23.712000 25.904000 27.488000 28.850000 30.867000 32.466500 35.280500 35.449000 35.281500 36.491500 36.704500 39.837000 40.647500 38.963500 41.153500 41.478500 39.479000 36.610500 36.914000 36.622000 33.577000 31.815000 32.901000 31.508500 28.194000 28.142500 29.142000 26.743000 23.742500 21.201500 19.722500 22.813500 22.937500 19.406500 20.419000 23.753500 22.384000 20.008500 23.168500 25.109500 22.813500 22.990000 26.761500 27.203500 25.429500 27.774000 30.720500 29.575000 29.182000 32.690000 33.866500 33.095000 34.602500 36.968500 38.777000
30.488000 28.032500 24.739000 21.680000 18.574500 15.470500 13.501500 16.494500 16.674500 13.198000 13.942000 17.340500 16.275500 14.106000 17.251500 19.411500 17.572500 18.168500 21.736000 23.007000 20.577500 19.932500 23.672500 24.128500 21.495000 23.567000 23.770500 26.878000 25.349500 22.370500 25.051500 26.917000 23.959000 23.354000 27.142000 27.470500 29.671500 28.710000 29.490000 27.375500 24.386500 25.306000 25.325500 21.669000 20.446000 22.278500 21.731000 20.153500 18.491000 16.797000 15.552500 14.301000 12.542000 10.845000 9.938500 8.838000 6.177500 5.027000 5.483500 3.847500 0.000000 3.846500 5.645500 5.326500 6.874000 9.021500 11.673500 14.223000 17.431500 19.468000 22.470500 24.399000 23.590000 23.356000 21.938500 22.575500 20.512000 17.575000 17.847500 18.300000 15.277000 13.041500 14.766000 14.655000 10.945000 10.471000 13.250000 11.937000 8.774000 11.434500 13.866000 12.061500 13.234000 16.526000 16.944500 13.329500 14.728000 17.064500 14.498000 12.734000 16.283000 17.561000 14.553000 15.484000 14.237000 12.708000 13.407500 10.234500 10.227000 13.867500 13.909000 11.968000 14.242000 17.153500 16.555000 16.493000 19.610000 21.276000 20.860500 22.536500 25.166000 25.921000 26.531000 29.080000 27.698000 28.797000 26.257500 26.926500 26.776000 23.512500 21.949500 23.706000 22.543500 18.827500 19.743000 21.793000 19.172000 16.725000 19.599000 20.747000 17.477000 16.930000 20.653500 20.813500 18.189500 19.865000 23.241000 22.282000 20.920000 24.063000 26.233500 25.424500 26.806000 29.023500 30.448500 31.733000 33.862000 35.599000 38.427000 38.678500 38.609000 39.888000 40.111500 43.257000 44.168500 42.519000 44.714000 44.919500 42.923000 40.129500 40.332000 39.910000 36.932500 35.209500 36.100000 34.615000 31.425500 31.272500 32.012500 29.581500 26.745000 24.404500 22.636000 25.650500 26.106500 22.567000 23.181000 26.630500 25.486500 22.838500 25.729500 27.904000 25.536000 25.279000 29.081500 29.674500 27.583000 29.660000 32.794500 31.611500 30.811000 34.301000 35.624000 34.687500 35.978500 38.369000 40.143500
30.803500 28.086000 24.969000 21.679500 18.524500 15.814000 13.105000 15.578000 16.267000 12.776500 12.471500 15.965000 15.401000 12.649500 15.237000 17.897500 16.252500 16.129500 19.708500 21.496000 19.448000 19.508000 23.282500 23.336000 20.964000 23.376000 23.783000 26.538000 24.539500 21.692500 24.479500 25.857500 22.591000 22.253500 26.026000 26.859000 29.391500 28.771000 29.945000 27.682500 24.674000 26.085000 26.340500 22.617000 21.483000 23.693000 23.093000 21.161500 20.020500 18.603500 16.653000 15.367000 14.493000 12.552500 10.638500 10.214500 8.698000 6.129000 5.246000 5.583500 3.846500 0.000000 3.827500 5.726000 8.070000 10.898000 13.735000 16.333500 19.469000 21.119500 24.047500 25.764500 24.835500 24.608500 23.576500 23.816000 21.332500 18.879500 19.268500 18.992500 15.763500 14.242500 15.622500 14.582500 10.887500 11.157500 13.097500 10.798000 8.032500 11.040000 12.515000 9.952000 11.342500 14.917000 16.160000 12.875000 14.965000 17.453500 15.082500 14.035000 17.745500 19.580500 16.918000 18.393500 17.590500 16.205500 17.043500 13.873000 13.921500 17.583000 17.496000 15.342500 17.643500 20.608500 19.683000 19.389000 22.700000 24.340500 23.519500 25.146000 28.028500 28.583500 28.887500 31.628500 30.359000 31.731000 29.397500 29.978000 29.523500 26.301000 24.898000 26.342500 24.884500 21.291500 22.187500 23.784000 20.851000 18.587500 21.287000 21.910000 18.335500 17.893500 21.399500 21.008500 18.035500 19.903000 23.045000 21.530500 19.998500 23.347000 25.232500 23.953000 25.304000 27.601500 28.797500 30.039000 32.341000 34.185500 36.950000 37.230000 37.284000 38.664500 38.912500 42.055000 43.177500 41.689000 44.010500 44.052000 42.261500 39.504500 39.360500 38.879500 36.140500 34.263000 34.802000 33.421500 30.386000 29.862500 30.376000 28.156000 25.399000 23.478500 21.680000 24.889500 25.732500 22.437000 23.028000 26.665500 25.949500 23.500000 26.331000 28.783000 26.830500 26.537500 30.250500 31.199000 29.379500 31.284000 34.511500 33.677000 32.934500 36.295500 37.767500 36.982000 38.224500 40.588000 42.314000
34.180000 31.529500 28.472000 25.112500 22.081000 19.251000 16.606000 18.870500 19.292000 15.634000 15.236500 18.456500 17.498500 14.380500 16.855000 19.320000 17.101500 16.623500 20.378000 22.021000 19.669000 19.845500 23.621000 24.071500 22.134000 24.888000 25.784500 28.552000 26.403500 23.899000 26.978000 28.183500 24.924500 25.021500 28.797500 29.771500 32.209000 31.394500 32.744500 30.715500 27.524500 28.763000 29.287000 25.636000 24.133000 26.060000 25.038500 22.782000 21.309000 20.415500 18.682000 16.709000 15.851000 14.717000 12.516500 11.090500 10.123000 8.634000 6.240500 5.384500 5.645500 3.827500 0.000000 3.845500 6.310500 9.604500 12.312000 15.102000 17.889500 19.393000 22.316500 23.669500 22.396500 21.933500 20.952500 20.788500 18.221000 16.096500 16.325500 15.631500 12.456500 11.275000 12.408500 10.989000 7.362500 8.230000 9.959000 7.499000 5.464000 9.060000 10.254500 8.303000 10.706500 14.320000 15.502500 12.128500 13.660000 16.744000 15.113500 13.664000 17.096500 19.391000 17.194000 18.951500 18.153000 17.420500 18.473000 15.316500 14.480000 18.031000 17.892000 15.079500 17.032000 20.174000 18.949500 18.016500 21.426500 23.240000 21.974000 23.267000 26.448500 26.985000 26.840000 29.628000 28.364500 30.027500 28.014000 28.465000 27.584000 24.447500 23.316500 24.409000 22.579500 19.193000 20.251000 21.376500 18.161000 16.306500 19.080000 19.201500 15.524500 15.642000 19.044500 18.224500 15.478500 17.865000 20.721000 19.003000 18.001500 21.540500 23.059500 21.946000 23.659000 25.987000 27.235000 28.734500 31.031000 32.666000 35.331000 35.331000 35.150500 36.396000 36.396000 39.519500 40.607500 38.933000 41.089500 40.968000 39.062000 36.437500 36.344500 35.671000 32.900000 31.210500 31.711000 30.126000 27.166500 26.838000 27.213000 24.802000 22.177000 20.226500 18.191000 21.284500 22.259000 18.983500 19.396500 23.071000 22.549000 20.099000 22.839500 25.424500 23.698000 23.347500 26.984000 28.140500 26.517500 28.314000 31.561000 30.994500 30.355500 33.604000 35.178000 34.576500 35.828000 38.164000 39.866000
35.443000 32.900500 29.663500 26.527500 23.363500 20.421000 18.116000 20.842500 21.230500 17.636500 17.748500 21.099500 20.037500 17.258000 20.009500 22.332000 20.077000 19.957000 23.706000 25.129000 22.568500 22.318000 26.076500 26.790000 24.673500 27.193500 27.881500 30.879500 29.028500 26.355000 29.295500 30.816000 27.677500 27.469000 31.262500 31.929000 34.240000 33.296500 34.307000 32.258000 29.170000 30.131000 30.341000 26.701000 25.306500 27.012500 26.135000 24.220500 22.326500 21.153000 19.992000 18.120000 16.516500 15.523500 14.129000 12.243500 10.369000 9.784500 8.369500 5.803500 5.326500 5.726000 3.845500 0.000000 3.837500 6.549000 9.394500 11.850500 14.650000 16.182000 19.083500 20.601500 19.530500 19.287500 18.268500 18.584500 16.126000 13.598500 14.223500 14.146000 10.826500 9.355000 11.421500 10.744500 7.007000 8.013000 10.826000 9.306500 7.535500 11.010500 12.858000 11.590000 13.987500 17.426500 18.101000 14.482000 15.317000 18.454500 16.811500 14.647500 17.843500 19.718000 17.284000 18.425000 16.987500 16.177500 16.748000 13.456000 12.423000 15.673000 15.070000 12.123500 14.326500 17.205500 15.700500 14.961500 18.484500 20.031500 18.745500 20.290000 23.370000 23.747000 23.789000 26.647500 25.571000 27.273000 25.297500 26.081000 25.246000 21.910500 21.035000 22.489000 20.574500 17.170500 18.726500 20.114000 16.939000 15.354000 18.582500 18.921000 15.504000 16.045000 19.639000 19.064000 16.856500 19.374500 22.263000 20.883000 20.297500 23.749000 25.285000 24.552500 26.401000 28.616000 29.970500 31.634500 33.837000 35.339000 38.028500 37.898000 37.533000 38.634000 38.470000 41.592500 42.532500 40.619000 42.546000 42.385000 40.216500 37.713000 37.912500 37.080000 34.123000 32.748500 33.421000 31.550000 28.608000 28.701000 29.019000 26.288500 23.831000 21.605500 19.280000 21.960500 22.849000 19.356000 19.354000 22.905500 22.242000 19.370000 21.889000 24.466000 22.417500 21.716500 25.422500 26.506000 24.510000 26.188000 29.523500 28.803000 27.866500 31.149000 32.787500 32.062000 33.198500 35.569000 37.276000
37.025000 34.597000 31.291000 28.278000 25.125000 22.072500 20.024000 22.923000 23.150500 19.552500 19.967000 23.287000 22.020500 19.361500 22.278000 24.427500 21.999500 22.046500 25.827000 27.042500 24.276500 23.774000 27.498500 28.474000 26.350000 28.797000 29.497500 32.624000 30.928000 28.268500 31.203000 32.870500 29.834500 29.584000 33.379500 33.884500 36.061500 34.964000 35.818500 33.861000 30.786500 31.508500 31.629500 28.059000 26.605000 28.074500 27.146500 25.327000 23.145000 21.992500 21.194500 19.217500 17.274000 16.601500 15.541500 13.259500 11.194500 11.315500 10.068500 6.921000 6.874000 8.070000 6.310500 3.837500 0.000000 3.825500 6.382500 9.237500 12.118000 13.908500 16.983000 18.547000 17.437000 17.069000 15.962000 16.511000 14.206500 11.432500 12.242500 12.571500 9.309000 7.665500 10.276500 10.137500 6.691000 7.741000 10.968500 10.135500 8.799500 12.013000 14.061000 13.368000 15.822000 19.155000 19.485000 15.766000 16.070000 19.281500 17.820000 15.229000 18.126500 19.806500 17.413000 18.259500 16.486000 15.831500 16.160000 12.927500 11.531500 14.415000 13.525000 10.375000 12.550500 15.231000 13.477000 12.684500 16.256000 17.667500 16.267500 17.871000 20.941500 21.239500 21.296000 24.181500 23.204500 24.981000 23.116500 24.065500 23.168500 19.760000 19.128500 20.711000 18.689000 15.382000 17.274500 18.701500 15.563500 14.293000 17.742000 18.110000 14.930000 15.827000 19.431500 18.953500 17.167000 19.797500 22.621000 21.459000 21.215500 24.605000 26.100000 25.654500 27.721000 29.937500 31.310000 32.998500 35.193000 36.513000 39.107000 38.829500 38.290500 39.342000 39.001000 42.091000 42.976000 40.890000 42.634000 42.446000 40.097000 37.693500 38.108500 37.169500 34.094000 32.959000 33.768500 31.706000 28.792000 29.208500 29.508500 26.563500 24.244000 21.821500 19.332500 21.703000 22.489500 18.886000 18.619500 22.036000 21.277000 18.166000 20.518000 23.059500 20.838000 19.922500 23.646500 24.682000 22.489500 24.093500 27.464500 26.673000 25.589500 28.871500 30.487000 29.724500 30.855500 33.242500 34.988500
38.469500 36.153000 32.745000 29.960000 26.758500 23.700500 21.951500 25.111000 25.328500 21.856500 22.579000 25.952000 24.664000 22.253000 25.303500 27.375000 24.981000 25.240000 28.997500 30.088500 27.230500 26.461000 30.130500 31.250500 28.998500 31.236500 31.753500 35.014500 33.548500 30.776500 33.569500 35.456000 32.519500 32.039500 35.816000 36.087500 38.156500 36.982000 37.551500 35.587000 32.641500 33.146500 32.997000 29.493500 28.174500 29.454500 28.676500 27.171000 24.737000 23.371000 23.021500 21.215000 18.804000 18.231000 17.782000 15.395500 12.874000 13.525000 12.917000 9.540500 9.021500 10.898000 9.604500 6.549000 3.825500 0.000000 3.832000 6.214500 9.134500 11.226500 14.310000 16.095000 15.246500 15.141000 14.029500 15.234500 13.184500 10.000500 11.376500 12.490000 9.433500 7.731000 11.111000 11.703000 8.879000 9.866500 13.336000 13.065500 11.963500 14.890500 17.130500 16.681000 19.075500 22.312500 22.374500 18.608000 18.534500 21.627500 20.157500 17.225000 19.816000 21.047000 18.535000 18.773000 16.457500 15.711000 15.441000 12.281000 10.818500 13.042000 11.506000 8.386500 10.832500 12.925000 10.739000 10.349000 13.976000 14.909500 13.494000 15.482000 18.344500 18.388500 18.725500 21.687500 20.988500 22.793000 21.006000 22.377000 21.564000 17.977500 17.712500 19.702000 17.649000 14.487500 16.891500 18.548000 15.629500 14.758000 18.436500 18.998000 16.253000 17.442500 21.021000 20.768000 19.445000 22.052500 24.833500 23.939000 23.950500 27.218500 28.718000 28.517500 30.657500 32.819000 34.242000 35.979000 38.110000 39.326500 41.898500 41.533500 40.851500 41.826500 41.351000 44.409500 45.211000 42.958000 44.502000 44.282500 41.737000 39.462000 40.108500 39.046500 35.858500 34.994000 35.923500 33.657000 30.808500 31.539500 31.779000 28.637500 26.503500 23.950000 21.310000 23.265000 23.968000 20.314500 19.674500 22.843500 21.990000 18.586000 20.592500 23.047000 20.558000 19.260000 22.949000 23.883500 21.302000 22.716000 26.136500 25.176000 23.737000 27.015500 28.686000 27.774000 28.756500 31.167000 32.916000
40.515500 38.326000 34.892500 32.211500 29.080500 25.938000 24.414000 27.635000 27.673500 24.211500 25.147000 28.445000 26.960000 24.648500 27.799500 29.689000 27.141000 27.536000 31.293500 32.183500 29.167500 28.190500 31.777000 33.138000 30.935000 33.104000 33.666000 37.021500 35.696500 32.984000 35.784500 37.779500 34.952000 34.484500 38.251000 38.389000 40.310500 38.975500 39.426500 37.591500 34.649500 34.917500 34.734500 31.339500 29.925500 30.938500 30.074500 28.658000 25.963000 24.705500 24.724500 22.806000 20.172000 19.992000 19.798500 17.122000 14.691500 15.869500 15.283500 11.803000 11.673500 13.735000 12.312000 9.394500 6.382500 3.832000 0.000000 3.837000 6.622000 9.157500 12.274500 14.114000 13.333500 13.100500 11.813500 13.436000 11.848000 8.459500 9.987000 11.776000 9.324500 7.564500 11.071000 12.347500 10.262000 10.954000 14.424500 14.793500 14.007000 16.541500 18.899000 18.926500 21.290500 24.334000 24.086500 20.331500 19.786000 22.846500 21.607500 18.373500 20.559000 21.565500 19.220500 19.165500 16.593000 16.177500 15.746500 12.943500 10.997000 12.521000 10.799000 7.516000 9.493000 11.223500 8.724000 8.118000 11.698500 12.445500 10.842000 12.880500 15.698500 15.658000 16.015500 18.973000 18.396500 20.278000 18.665000 20.231500 19.344500 15.710000 15.792500 17.922000 15.798500 12.871000 15.647000 17.338500 14.649000 14.192000 17.957500 18.589000 16.295000 17.767000 21.215500 21.124500 20.289500 22.885000 25.536500 24.912000 25.239000 28.365000 29.808000 29.899500 32.209000 34.251000 35.645000 37.467000 39.593500 40.618500 43.129000 42.624500 41.777500 42.668500 42.041000 45.051000 45.749000 43.330500 44.668000 44.439500 41.720000 39.564000 40.448000 39.303500 36.014500 35.410000 36.493500 34.072500 31.280000 32.338000 32.588000 29.292500 27.317000 24.611500 21.931500 23.502500 24.028000 20.382000 19.518000 22.378000 21.390000 17.846000 19.577500 21.854500 19.178500 17.666000 21.272500 22.071000 19.257500 20.570500 23.963500 22.887000 21.270000 24.529000 26.164500 25.164000 26.123000 28.553000 30.343000
42.488500 40.315500 36.818000 34.324500 31.093500 28.090000 26.644500 30.014500 30.241500 26.905000 27.859000 31.270000 29.950500 27.713500 30.845000 32.847500 30.415000 30.792000 34.550500 35.523500 32.550000 31.552500 35.138500 36.467500 34.173500 36.238500 36.627000 40.015000 38.772000 35.934000 38.600000 40.680000 37.838500 37.166500 40.911000 40.960000 42.903500 41.636500 41.891500 39.949000 37.162500 37.398500 36.953000 33.580500 32.398500 33.398500 32.748000 31.572500 28.836000 27.352500 27.537000 25.843500 23.017000 22.678000 22.778000 20.250000 17.529000 18.633000 18.376500 14.881000 14.223000 16.333500 15.102000 11.850500 9.237500 6.214500 3.837000 0.000000 3.878500 6.345000 9.297000 11.585000 11.473500 11.868000 11.055000 13.489500 12.069500 8.803500 11.197000 13.318000 11.093500 10.031500 13.719500 14.991500 13.167500 14.217000 17.621000 17.916000 17.267500 19.928500 22.220500 22.143000 24.590500 27.707000 27.513500 23.745000 23.193500 26.222000 24.925500 21.646500 23.743000 24.509500 22.077500 21.611500 18.692500 18.040500 16.974000 14.266000 12.678000 13.437000 10.900000 8.168500 10.413500 10.993000 7.740500 7.990500 11.397500 11.069000 9.204500 11.967500 14.388500 13.624000 14.351500 17.540500 17.602000 19.631500 18.307000 20.460000 19.603500 15.871000 16.584000 19.049500 16.861500 14.391000 17.581000 19.279500 16.823500 16.842000 20.608500 21.212000 19.212000 20.907500 24.246500 24.135500 23.525500 26.182500 28.731000 28.110500 28.583500 31.709500 33.057000 33.181000 35.523500 37.531000 38.916500 40.814000 42.942000 43.942500 46.444500 45.867000 44.951500 45.763000 45.020000 48.001500 48.661000 46.126500 47.297000 46.944500 44.100500 42.116500 43.089000 41.768500 38.477500 38.099000 39.132500 36.531500 33.893500 35.101000 35.164000 31.752000 30.016000 27.382000 24.519000 25.754000 26.413500 22.870500 21.591500 24.243500 23.418000 19.727500 20.933000 23.223000 20.529000 18.512000 21.876500 22.743500 19.608500 20.438500 23.889500 22.802000 20.660500 23.740500 25.562500 24.422500 25.056500 27.466000 29.183500
45.806000 43.687500 40.183500 37.715000 34.507000 31.472000 30.062500 33.422000 33.585000 30.211000 31.164000 34.537500 33.110500 30.813500 33.933000 35.867500 33.282500 33.600000 37.380500 38.262000 35.178500 34.148000 37.667500 39.192000 37.034500 39.154000 39.667500 43.089500 41.856500 39.107000 41.840000 43.918000 41.092000 40.505500 44.263500 44.306000 46.193500 44.831000 45.070000 43.217500 40.401000 40.515500 40.099000 36.785000 35.513500 36.350500 35.590500 34.399500 31.503000 30.182000 30.543500 28.692000 25.826500 25.756000 25.856000 23.119000 20.564000 21.852000 21.387000 17.798000 17.431500 19.469000 17.889500 14.650000 12.118000 9.134500 6.622000 3.878500 0.000000 3.832000 6.516000 8.675000 8.667500 9.171000 8.598500 11.559000 10.610500 7.708500 10.522500 12.921500 11.418500 10.961500 14.476000 15.958000 14.869500 16.067500 19.220000 19.834500 19.648000 22.158000 24.320000 24.563000 27.194000 30.205500 29.896500 26.202000 25.304500 28.403500 27.435000 24.014500 25.758000 26.500000 24.361000 23.808500 20.851000 20.550000 19.445000 17.083000 15.242000 15.382000 12.800000 10.325500 11.736500 11.599000 8.052000 7.895500 10.742000 9.772000 7.166000 9.938000 12.264500 10.940000 11.453000 14.817000 15.377500 17.760500 17.022000 19.439500 18.256500 14.644500 16.124000 18.478500 16.028500 14.257000 17.803500 19.148500 16.886000 17.630000 21.299000 21.648500 20.090500 22.219500 25.268000 25.062500 24.941000 27.714000 29.972500 29.443500 30.315500 33.355000 34.479000 34.826500 37.287500 39.241000 40.679500 42.709000 44.742000 45.587500 47.994000 47.234500 46.128500 46.778000 45.825500 48.721000 49.258500 46.535500 47.438500 46.960500 43.943000 42.184500 43.338500 41.829500 38.509000 38.465000 39.532500 36.718500 34.261500 35.778000 35.709500 32.149500 30.708000 28.080500 25.106000 25.833500 26.481500 23.112000 21.427500 23.702000 22.993500 19.240500 19.876500 22.080000 19.452000 17.001500 20.053000 20.996000 17.704000 18.074000 21.531500 20.569500 18.092000 20.961000 23.013500 21.941000 22.340500 24.716500 26.374500
48.143500 45.909000 42.405500 39.919000 36.599500 33.714000 32.092000 35.406500 35.819000 32.445000 33.125500 36.584000 35.354500 32.886000 35.828000 37.958500 35.424000 35.471000 39.265500 40.348500 37.368000 36.569500 40.133000 41.556500 39.475000 41.717500 42.263500 45.609000 44.221500 41.460500 44.206000 46.149500 43.191000 42.615000 46.373500 46.570000 48.608000 47.391500 47.698500 45.720500 42.933500 43.214500 42.767000 39.380000 38.213500 39.199000 38.491000 37.233500 34.436500 33.095000 33.274500 31.431000 28.687000 28.441500 28.357000 25.729000 23.179000 24.132000 23.528000 20.031500 19.468000 21.119500 19.393000 16.182000 13.908500 11.226500 9.157500 6.345000 3.832000 0.000000 3.833000 6.295000 6.856500 8.371500 9.114000 11.947000 10.602500 8.700500 12.064500 13.844500 12.300500 12.804000 16.247000 17.206500 16.328000 18.100000 20.986500 21.293500 21.464000 24.190500 26.026000 26.149000 29.007000 32.118000 32.075000 28.430000 27.662500 30.918000 30.029500 26.712500 28.544500 29.484000 27.385500 26.956500 24.047000 23.640500 22.450000 19.951000 18.316500 18.531500 15.789000 13.470000 15.006500 14.694000 11.102500 11.034000 13.584500 12.199500 9.260000 11.847500 13.970500 11.869000 12.047500 15.630500 16.840500 19.551500 19.314500 21.848000 20.392500 16.973500 18.854500 20.988500 18.291000 16.910500 20.524000 21.497000 19.098500 20.187500 23.804000 23.775500 22.176000 24.575000 27.494000 26.940500 26.871500 29.867000 31.917500 31.127500 32.163500 35.311000 36.171500 36.409500 38.938000 40.893500 42.259500 44.397000 46.471000 47.299500 49.643500 48.771500 47.619500 48.194000 47.096500 49.953500 50.541500 47.759500 48.542000 47.826000 44.786000 43.234500 44.295000 42.552000 39.354000 39.479000 40.317000 37.345500 35.133500 36.658500 36.277500 32.673000 31.537500 29.162500 25.962500 26.428500 27.432500 24.284000 22.182500 24.400500 24.151000 20.413000 20.553500 23.011000 20.770000 17.914000 20.616500 21.983500 18.808000 18.550000 22.084500 21.552500 18.795500 21.234000 23.567500 22.607000 22.669000 24.929500 26.429000
50.888000 48.653000 45.133500 42.718500 39.356500 36.545000 34.920000 38.264000 38.768500 35.428500 36.068500 39.565000 38.399000 35.914500 38.814500 40.996000 38.474000 38.458000 42.252000 43.375000 40.407000 39.633500 43.185000 44.624000 42.561000 44.801000 45.327500 48.677000 47.292000 44.511500 47.230000 49.173500 46.192500 45.573000 49.322500 49.517500 51.577000 50.390500 50.640500 48.625500 45.891000 46.164500 45.631500 42.256500 41.165000 42.129000 41.467000 40.271500 37.437500 36.069000 36.315500 34.503000 31.713500 31.464500 31.440000 28.824000 26.243000 27.178500 26.608500 23.124000 22.470500 24.047500 22.316500 19.083500 16.983000 14.310000 12.274500 9.297000 6.516000 3.833000 0.000000 3.847000 6.117000 8.433500 9.940500 12.958000 12.005000 10.852500 14.200500 15.917000 14.769000 15.601500 18.872500 19.795500 19.182000 21.051000 23.803500 24.131000 24.464000 27.177000 28.924000 29.085000 31.995500 35.097000 35.082500 31.465000 30.643000 33.914000 33.092000 29.747000 31.492000 32.382000 30.331500 29.788500 26.782000 26.385000 25.018000 22.611000 21.049500 20.982500 18.092000 16.058500 17.466500 16.720500 13.130000 13.218000 15.284500 13.404500 10.370500 12.779500 14.428500 11.646000 11.658500 15.244000 17.143500 20.024000 20.286500 23.045000 21.471000 18.277000 20.608000 22.694000 19.958500 19.051500 22.760500 23.562000 21.351000 22.759000 26.281000 26.132000 24.761000 27.318000 30.088000 29.463500 29.592000 32.637500 34.537500 33.738000 34.936500 38.062500 38.781500 39.067500 41.661500 43.544000 44.853000 47.076500 49.162000 49.911500 52.209500 51.231000 49.993000 50.499000 49.261000 52.059000 52.625000 49.744500 50.344000 49.490500 46.363000 45.013500 46.139000 44.230500 41.081500 41.437500 42.211000 39.100500 37.085000 38.746500 38.194000 34.540000 33.661500 31.394500 28.119500 28.256500 29.349000 26.399000 24.021000 25.956500 25.899500 22.217500 21.870500 24.253500 22.189500 19.035000 21.288000 22.754500 19.547000 18.716000 22.142000 21.795500 18.675500 20.681500 23.202500 22.254000 21.940500 24.082500 25.429000
53.390000 51.126000 47.632500 45.100000 41.749500 38.881500 37.142000 40.391500 40.852000 37.408000 37.924000 41.370000 40.121000 37.482000 40.297500 42.446000 39.778000 39.602500 43.399000 44.493000 41.484000 40.813000 44.315500 45.863500 44.002000 46.392000 47.128000 50.446500 48.950000 46.309500 49.162500 50.991500 47.973000 47.547500 51.321500 51.636000 53.709500 52.476500 52.868000 50.924000 48.079000 48.359000 47.990500 44.601000 43.351500 44.271500 43.427500 42.052500 39.172000 38.034500 38.241500 36.204000 33.541500 33.484500 33.242500 30.468500 28.143000 29.105000 28.195000 24.728500 24.399000 25.764500 23.669500 20.601500 18.547000 16.095000 14.114000 11.585000 8.675000 6.295000 3.847000 0.000000 3.813000 6.572000 8.929500 11.552000 10.821500 10.660000 13.920500 15.285500 14.702500 16.090500 18.989500 19.795500 19.763500 21.796000 24.186000 24.651000 25.431500 28.016500 29.514000 29.934000 32.997500 35.992000 35.985500 32.488500 31.484000 34.864000 34.358500 31.008500 32.572500 33.653500 31.872500 31.522000 28.678000 28.580000 27.458500 25.079000 23.240500 23.226500 20.547000 18.253000 19.296500 18.720000 15.197500 14.652000 16.527500 14.888500 11.456000 13.119000 14.989000 12.176000 11.164000 14.758000 16.891500 20.147000 20.934000 23.490500 21.461000 18.564500 21.249500 22.900000 19.869000 19.456000 23.206500 23.510500 21.290500 23.180500 26.542000 26.001500 24.841000 27.719500 30.204500 29.336500 29.772000 32.949000 34.536500 33.681500 35.197000 38.277000 38.720000 39.113000 41.812500 43.648500 44.925500 47.251500 49.288000 49.897500 52.071500 50.925000 49.544000 49.925000 48.498500 51.205500 51.726500 48.734000 49.128000 48.106500 44.906000 43.780500 44.951500 42.859500 39.779000 40.392000 41.088500 37.832000 36.044500 37.882000 37.156000 33.451000 32.879500 30.746500 27.405000 27.127500 28.317000 25.639000 22.941500 24.576000 24.809500 21.239000 20.378000 22.793000 21.090000 17.655000 19.485500 21.264000 18.276500 16.911000 20.335500 20.462500 17.291000 18.892000 21.619500 20.922500 20.451000 22.511000 23.766500
53.137500 50.875500 47.428500 44.737500 41.462500 38.465500 36.659000 39.787500 40.085500 36.524500 36.994000 40.327500 38.911000 36.168500 38.952000 40.980000 38.148500 37.907000 41.691500 42.678500 39.604500 38.977500 42.414000 44.083500 42.411000 44.926500 45.885500 49.175000 47.599000 45.126500 48.129500 49.862500 46.859500 46.663500 50.459500 50.864000 52.898000 51.566000 52.129500 50.319000 47.324000 47.581500 47.451500 44.064000 42.584000 43.441000 42.368000 40.785000 37.878000 37.011500 37.164000 34.881000 32.379500 32.558500 32.083500 29.137500 27.123000 28.174500 26.917500 23.478500 23.590000 24.835500 22.396500 19.530500 17.437000 15.246500 13.333500 11.473500 8.667500 6.856500 6.117000 3.813000 0.000000 3.839000 6.522500 8.606000 7.864500 8.273000 11.359000 12.457500 12.295500 13.965000 16.521500 17.317500 17.734500 19.763000 21.869000 22.540500 23.623000 26.011500 27.367500 28.070500 31.192500 34.042000 33.964000 30.584500 29.403000 32.840000 32.614500 29.283000 30.687000 31.968500 30.447000 30.358000 27.777500 28.000500 27.267500 24.899000 22.727500 22.938500 20.628000 17.926000 18.626500 18.531500 15.163000 13.854000 15.807500 14.821000 11.118500 12.083500 14.552000 12.289500 10.490500 14.100000 15.794500 19.267500 20.134500 22.292000 19.914500 17.134500 19.809500 21.048000 17.762500 17.504000 21.197000 21.134000 18.792000 20.936000 24.174500 23.357500 22.279500 25.343000 27.637000 26.623000 27.241000 30.475500 31.873000 31.019500 32.723500 35.741500 36.046500 36.542000 39.304500 41.100000 42.381000 44.753500 46.740500 47.253000 49.359500 48.133500 46.681000 47.008500 45.522500 48.199500 48.693000 45.668000 46.022500 44.992000 41.779000 40.672500 41.868500 39.769000 36.677000 37.342000 38.072500 34.799000 33.028000 34.957500 34.262000 30.534000 30.010500 27.864000 24.550500 24.131000 25.272500 22.674000 19.904000 21.455000 21.751000 18.221000 17.263500 19.757000 18.209000 14.727000 16.587500 18.566500 15.783500 14.445000 18.022500 18.403000 15.529000 17.236500 20.030000 19.599500 19.381000 21.499500 22.837000
53.049000 50.844500 47.437500 44.651000 41.479500 38.345500 36.571500 39.614500 39.698500 36.054000 36.578500 39.783000 38.157500 35.390000 38.199000 40.048500 37.047500 36.838000 40.603500 41.415000 38.239500 37.560500 40.907000 42.742500 41.224000 43.797000 44.941000 48.231000 46.654500 44.340000 47.455500 49.158000 46.223500 46.213500 50.017500 50.433500 52.370000 50.900500 51.562500 49.914500 46.804000 46.964000 47.025000 43.688500 41.989500 42.712500 41.423000 39.697000 36.716000 36.116500 36.321500 33.820000 31.420000 31.897000 31.303000 28.162000 26.453000 27.711500 26.201000 22.785500 23.356000 24.608500 21.933500 19.287500 17.069000 15.141000 13.100500 11.868000 9.171000 8.371500 8.433500 6.572000 3.839000 0.000000 3.833000 5.464000 5.422000 6.428500 8.981000 10.120500 10.745500 12.401000 14.515000 15.572500 16.504000 18.298000 20.160000 21.209500 22.509500 24.589500 25.902500 26.967500 30.055500 32.715500 32.459500 29.185000 27.740500 31.169500 31.213500 27.847000 29.007000 30.374500 29.128000 29.204000 26.797500 27.378500 26.965500 24.720000 22.201000 22.466500 20.540000 17.586500 17.824000 18.064000 14.958000 12.960500 14.791000 14.400500 10.604000 10.778000 13.707500 12.048000 9.635500 13.077000 14.289000 17.888500 18.845000 20.637000 17.959000 15.339000 18.045500 18.900500 15.411000 15.415000 19.058500 18.664000 16.336500 18.794500 21.878000 20.871500 20.024000 23.251000 25.332000 24.300000 25.191500 28.403500 29.634500 28.911500 30.808000 33.701000 33.933000 34.606000 37.444500 39.218000 40.527000 42.884500 44.806000 45.204000 47.229500 45.941000 44.387500 44.678500 43.140000 45.770000 46.191500 43.113000 43.406500 42.426500 39.162500 38.054500 39.362000 37.295000 34.137500 34.879000 35.737000 32.453000 30.656000 32.748000 32.165500 28.402500 27.888000 25.637000 22.419500 21.825500 22.762500 20.207000 17.422500 18.777500 18.978000 15.462000 14.397500 16.836500 15.308500 11.748500 13.683000 15.739500 13.062000 11.823000 15.538500 16.055500 13.481500 15.359500 18.108500 17.835000 17.876000 20.054000 21.489000
51.157000 49.116000 45.732000 42.968500 39.961000 36.657000 35.139500 38.193000 37.950000 34.308000 35.139500 38.198000 36.294500 33.721000 36.719000 38.285500 35.170500 35.275000 39.013500 39.529500 36.193500 35.223500 38.468000 40.503000 38.968000 41.415000 42.582500 45.959500 44.571000 42.324500 45.450000 47.298000 44.542000 44.564500 48.359500 48.597500 50.325000 48.646500 49.241000 47.791500 44.633500 44.557000 44.697000 41.485000 39.613000 40.094000 38.687500 37.018000 33.884000 33.419000 33.881000 31.302000 28.803500 29.605500 29.190000 25.863000 24.282000 25.965500 24.519000 21.000500 21.938500 23.576500 20.952500 18.268500 15.962000 14.029500 11.813500 11.055000 8.598500 9.114000 9.940500 8.929500 6.522500 3.833000 0.000000 3.841000 5.505500 5.000000 6.383500 8.725000 9.902000 10.505000 12.400500 14.299000 15.273000 16.334500 18.368500 19.967000 20.963500 22.663000 24.352500 25.695000 28.535000 30.992500 30.352500 27.078500 25.324500 28.572000 28.687000 25.177000 26.049000 27.208500 26.107500 26.079000 23.741500 24.637000 24.441500 22.514000 19.689000 19.763500 18.262500 15.278500 14.895500 15.298500 12.648000 10.049500 11.566500 11.812500 8.231000 7.619000 10.982000 10.256000 7.808500 10.952500 11.339500 14.791500 15.495000 17.052000 14.389500 11.683000 14.305000 15.140000 11.696500 11.741000 15.411500 15.174500 13.125000 15.588500 18.623000 17.951500 17.413500 20.489000 22.563500 21.959000 23.015000 25.964500 27.327500 27.011000 28.856000 31.551500 32.043000 32.972500 35.739500 37.439000 38.902000 41.223000 43.023000 43.392500 45.501500 44.291000 42.744500 43.024000 41.625000 44.294500 44.578500 41.509500 41.879000 41.206000 37.909500 36.573500 38.091500 36.310500 32.955500 33.564000 34.784500 31.670500 29.563000 31.754000 31.601500 27.866500 26.986500 24.353500 21.453500 21.069500 21.422000 18.605500 16.323000 17.585500 17.058500 13.464500 12.964500 14.907500 12.700500 9.505500 12.021500 13.370000 10.305500 10.004500 13.691500 13.541500 11.270500 13.882500 16.258000 15.834000 16.397000 18.778500 20.477500
52.079000 49.989500 46.700500 43.746500 40.820000 37.474000 35.783500 38.597500 38.266500 34.527500 35.144000 38.039000 36.034000 33.275500 36.089000 37.558500 34.284500 34.162000 37.834500 38.292500 34.961500 34.192500 37.329000 39.451000 38.241000 40.902000 42.385500 45.641000 44.070500 42.076000 45.377500 47.003000 44.227000 44.569000 48.353000 48.793500 50.537000 48.825500 49.692000 48.359500 45.047500 45.044000 45.490000 42.272000 40.172500 40.660000 38.984000 36.998500 33.940500 33.852500 34.116000 31.243000 29.103500 30.115000 29.284500 25.858500 24.781000 26.374000 24.425500 21.147000 22.575500 23.816000 20.788500 18.584500 16.511000 15.234500 13.436000 13.489500 11.559000 11.947000 12.958000 11.552000 8.606000 5.464000 3.841000 0.000000 3.835000 5.414000 5.315000 6.324500 8.707000 9.982000 10.825000 12.421000 14.281000 15.425000 16.719500 18.505500 20.090000 21.480000 22.746000 24.459500 27.385000 29.609000 29.005000 26.001500 24.088000 27.436000 28.001000 24.664500 25.347000 26.914500 26.227500 26.682500 24.791500 26.010500 26.301500 24.329500 21.295500 21.790500 20.734000 17.439500 16.840500 17.885500 15.560000 12.476000 14.002500 14.964500 11.625500 10.328000 13.819500 13.613000 10.714500 13.261000 13.124500 16.567500 17.419500 18.249000 15.137000 12.979000 15.309500 15.246000 11.469500 11.867500 15.111000 13.995000 11.648000 14.620000 17.286000 15.899500 15.481000 18.924000 20.564000 19.525500 20.893500 23.990000 24.923500 24.478500 26.670500 29.288500 29.433000 30.453500 33.334500 34.962500 36.366000 38.777500 40.529000 40.744000 42.715000 41.345000 39.679000 39.867500 38.320500 40.926000 41.213000 38.089000 38.366500 37.573000 34.268500 33.039000 34.529500 32.643000 29.334000 30.080500 31.241500 28.052500 26.082500 28.405000 28.175000 24.422000 23.752000 21.228000 18.335000 17.587000 17.977000 15.431500 12.874000 13.919500 13.714500 10.226500 9.311000 11.603000 9.978500 6.528500 9.093000 11.142500 8.900500 8.586000 12.353000 12.963000 11.530000 13.866500 16.232500 16.313000 17.139500 19.373000 21.003500
50.542000 48.266000 44.979500 41.949000 38.886000 35.696500 33.717500 36.474500 36.449000 32.698000 32.992500 36.021500 34.306000 31.350000 33.988000 35.759500 32.639500 32.226000 35.943500 36.742500 33.605000 33.156000 36.461000 38.279500 37.019500 39.811000 41.240000 44.387500 42.602500 40.515500 43.805000 45.269500 42.307500 42.621000 46.413500 47.053500 49.027000 47.559000 48.542000 46.991000 43.707500 44.010000 44.420000 41.049500 39.115000 39.929000 38.384500 36.299000 33.481000 33.221500 33.102000 30.326000 28.348000 28.952500 27.858000 24.666000 23.483000 24.580000 22.519000 19.376500 20.512000 21.332500 18.221000 16.126000 14.206500 13.184500 11.848000 12.069500 10.610500 10.602500 12.005000 10.821500 7.864500 5.422000 5.505500 3.835000 0.000000 3.838500 5.497000 5.010500 6.029000 8.449000 9.882000 10.458500 11.979000 13.948500 15.258500 16.337500 18.094500 19.991000 20.959000 22.263500 25.413500 27.926000 27.778000 24.694000 23.271000 26.842000 27.167500 24.032500 25.238000 27.099000 26.115000 26.803000 24.907500 25.730000 25.959000 23.541000 20.797000 21.826500 20.508000 17.005000 17.174000 18.530500 15.809500 13.099500 15.493500 16.310500 12.824500 12.548000 16.176000 15.587500 13.206500 16.255000 16.305500 19.655000 20.070000 21.073500 18.253500 15.669000 17.554000 17.814500 14.099000 13.586000 16.798000 15.956500 12.932500 15.321000 18.315000 16.809500 15.524000 18.918500 20.909500 19.468500 20.235000 23.625500 24.716000 23.741500 25.697000 28.657500 28.744500 29.326000 32.206500 34.009500 35.284000 37.645500 39.587000 39.993000 42.000500 40.721500 39.222500 39.575500 38.107500 40.798500 41.324000 38.362000 38.883500 37.939000 34.831000 33.520500 34.611500 32.645500 29.496000 29.972000 30.762000 27.585000 25.638000 27.558000 27.049000 23.311500 22.623500 20.377500 17.104000 16.766000 17.839500 15.157000 12.414000 14.328500 14.697500 11.106000 10.640000 13.717000 12.480500 9.405500 12.093000 14.501500 12.556000 12.292000 16.042000 16.759000 15.267500 17.521500 19.964500 19.933000 20.571000 22.760000 24.282000
47.366000 45.172000 41.834000 38.914500 35.865000 32.619500 30.849500 33.772500 33.662500 29.966000 30.551500 33.640500 31.880500 29.143000 32.024500 33.752500 30.716500 30.640500 34.408000 35.135000 31.931500 31.208500 34.593000 36.386000 34.837000 37.424500 38.620000 41.888000 40.300000 38.037000 41.207500 42.894000 40.014500 40.105500 43.909000 44.336000 46.227500 44.714000 45.504500 43.935000 40.726500 40.921000 41.172000 37.829000 35.978500 36.747500 35.349500 33.478000 30.586500 30.091000 30.138000 27.540500 25.294500 25.830000 25.055500 21.865500 20.366500 21.676500 19.989500 16.599500 17.575000 18.879500 16.096500 13.598500 11.432500 10.000500 8.459500 8.803500 7.708500 8.700500 10.852500 10.660000 8.273000 6.428500 5.000000 5.414000 3.838500 0.000000 3.845000 5.482000 5.188500 6.022000 8.562500 9.933000 10.448000 11.953500 14.111000 15.274500 16.274000 18.298500 19.861000 20.936000 23.876000 26.519000 26.188500 22.843000 21.484500 24.931000 24.864000 21.553500 22.915000 24.470500 23.162000 23.575500 21.452500 22.112500 22.203000 19.819000 17.095000 18.068000 16.719500 13.212000 13.494500 14.920500 12.217500 9.569500 12.352500 13.309500 10.086000 10.339500 14.051500 13.767500 12.154000 15.280500 14.993500 17.975500 17.766500 18.972500 16.653000 13.563500 15.058500 15.942000 12.533500 11.225500 14.636000 14.620500 11.626000 13.350000 16.759500 16.005000 14.491000 17.443000 19.946000 19.061000 19.461000 22.619500 24.250500 23.533500 25.046500 28.034000 28.620000 29.177500 31.889000 33.760000 35.173500 37.401000 39.344500 39.932500 42.139000 41.101500 39.778000 40.261500 39.076500 41.886000 42.385000 39.550500 40.320500 39.688000 36.648000 35.011000 36.146500 34.504000 31.211500 31.340000 32.363500 29.435000 27.103000 28.836000 28.698500 25.053500 23.831000 21.247500 18.193000 18.536000 19.220000 16.028000 14.025000 16.264000 15.862500 12.082500 12.630500 15.260000 13.154000 10.638000 13.935000 15.527000 13.002000 13.544500 17.228500 17.098500 15.512000 18.346000 20.497000 20.072000 20.897500 23.258000 24.943000
47.039000 44.990000 41.746000 38.751000 35.935000 32.512500 30.915000 33.674000 33.168000 29.431000 30.194500 33.003000 30.884000 28.238500 31.180500 32.533500 29.265000 29.368000 33.052000 33.419000 30.039000 29.132500 32.332000 34.416000 33.078500 35.678000 37.115500 40.395000 38.886000 36.870000 40.161500 41.850500 39.149500 39.484000 43.260000 43.633000 45.313000 43.562000 44.451000 43.167500 39.821000 39.807000 40.333000 37.129500 34.955500 35.459500 33.755500 31.735500 28.718500 28.636000 28.842500 25.955000 23.850000 24.907500 24.052500 20.585500 19.618000 21.340500 19.386000 16.103500 17.847500 19.268500 16.325500 14.223500 12.242500 11.376500 9.987000 11.197000 10.522500 12.064500 14.200500 13.920500 11.359000 8.981000 6.383500 5.315000 5.497000 3.845000 0.000000 3.840500 5.545500 5.107500 6.095500 8.550500 9.892000 10.397500 12.156500 14.186000 15.271000 16.562000 18.249500 19.930000 22.640500 24.874000 24.127000 20.980000 19.113500 22.442000 22.801500 19.432500 20.300500 21.924000 21.096000 21.733500 20.017000 21.269000 21.914500 19.915000 16.762000 17.746000 17.180500 13.615500 12.984000 14.930500 13.059000 9.659000 11.851000 13.783500 11.121000 10.219000 14.032500 14.707500 12.834000 15.246500 14.092000 16.797000 16.488500 16.962500 14.449500 11.757000 12.838500 13.035000 9.527500 8.353000 11.435500 10.967500 7.894500 10.037500 13.205500 12.317500 11.208000 14.320500 16.536500 15.840000 16.678500 19.661000 21.142500 20.803500 22.527000 25.240000 25.864000 26.779500 29.497000 31.241000 32.784000 35.041500 36.815500 37.257000 39.448500 38.370500 36.957500 37.354500 36.197500 38.989500 39.340500 36.469500 37.229000 36.812000 33.735500 31.968000 33.307000 31.874000 28.434000 28.539000 29.889500 27.088500 24.559000 26.490000 26.732000 23.132000 21.694500 18.785000 16.122000 16.443000 16.493000 13.191000 11.673000 13.659000 12.625500 8.867500 10.048000 12.240500 9.797500 8.002000 11.699500 12.843500 10.651000 12.073000 15.450000 15.148000 14.359500 17.426000 19.201000 18.956000 20.263500 22.616000 24.408000
47.837000 45.627000 42.473000 39.291000 36.454000 33.139500 31.196500 33.694500 33.348000 29.545500 29.863500 32.610500 30.627500 27.670000 30.284500 31.768500 28.467500 28.113500 31.761000 32.325000 29.100000 28.639000 31.834500 33.784000 32.737500 35.621000 37.304000 40.383000 38.560500 36.718000 40.146000 41.512000 38.664000 39.264000 43.023000 43.715000 45.567000 43.965000 45.156500 43.824000 40.389000 40.645500 41.389000 38.098000 35.871000 36.595000 34.768500 32.427000 29.668500 29.798000 29.571000 26.521000 24.882000 25.816000 24.413500 21.082000 20.512500 21.743000 19.260500 16.387000 18.300000 18.992500 15.631500 14.146000 12.571500 12.490000 11.776000 13.318000 12.921500 13.844500 15.917000 15.285500 12.457500 10.120500 8.725000 6.324500 5.010500 5.482000 3.840500 0.000000 3.842000 5.543500 5.300500 6.151500 8.555000 9.913500 10.660000 12.326000 14.285000 15.625500 16.554500 18.338000 21.328000 23.530500 23.177500 20.280500 18.633000 22.206000 22.858500 19.865000 20.894500 23.079000 22.456500 23.636000 22.299000 23.504500 24.402000 22.125000 19.120500 20.636500 20.116500 16.395000 16.150000 18.401000 16.416000 13.205500 15.615500 17.493000 14.658000 13.883000 17.700000 18.115000 15.944000 18.448000 17.465000 20.307000 20.165500 20.385500 17.678000 15.312000 16.237500 15.935500 12.395500 11.374000 13.838000 12.683500 9.163000 11.311000 14.092000 12.295000 10.680500 14.155500 16.066000 14.516500 15.270000 18.662000 19.741500 18.838000 20.809500 23.700000 23.871000 24.569000 27.432000 29.226500 30.608500 32.943000 34.807500 35.214000 37.280500 36.078000 34.637000 35.038000 33.752000 36.529000 37.039500 34.197000 34.988500 34.314500 31.342000 29.671500 30.720000 29.085000 25.806500 25.907500 26.923500 24.015000 21.662500 23.475500 23.409000 19.761000 18.552000 15.952500 12.931000 13.154000 13.794500 10.666000 8.608000 11.122000 10.955000 7.311500 8.394500 11.450500 10.102500 8.396000 11.752500 13.712500 12.419500 13.427000 16.774500 17.215000 16.728500 19.370500 21.306000 21.373500 22.579000 24.776000 26.417000
45.297000 42.943500 39.744500 36.570500 33.574000 30.400000 28.272500 30.842000 30.801500 27.020000 27.166500 30.135000 28.461000 25.420000 28.006500 29.827000 26.765000 26.301500 30.043500 30.955000 27.909000 27.616000 31.038500 32.637500 31.332000 34.207000 35.654500 38.704000 36.791000 34.714500 38.040000 39.391500 36.385500 36.785500 40.569500 41.328000 43.376500 42.006500 43.169000 41.582000 38.242500 38.743500 39.313000 35.882000 33.911000 34.943000 33.377500 31.109500 28.554000 28.317000 27.812500 25.017500 23.354500 23.772000 22.313000 19.268500 18.330500 19.107000 16.749000 13.854500 15.277000 15.763500 12.456500 10.826500 9.309000 9.433500 9.324500 11.093500 11.418500 12.300500 14.769000 14.702500 12.295500 10.745500 9.902000 8.707000 6.029000 5.188500 5.545500 3.842000 0.000000 3.841000 5.546000 5.182500 5.980500 8.394000 9.852500 10.499500 12.138500 14.294000 15.270500 16.329500 19.484500 22.148000 22.213000 19.043000 18.043000 21.735500 21.830500 18.956500 20.651500 22.865000 21.707000 22.876500 21.354000 22.009000 22.684000 20.003000 17.392000 19.325500 18.485000 14.711000 15.302500 17.678000 15.387500 12.768500 15.873000 17.468000 14.689000 14.877000 18.659000 18.758000 17.186000 20.104500 19.347500 22.073000 21.488500 22.093000 19.831500 16.958000 17.581000 17.951500 14.683500 12.805000 15.358000 14.998000 11.314500 12.402000 15.627500 14.337000 11.878500 14.803000 17.347500 15.832500 15.661000 19.130500 20.700500 19.422000 20.806500 24.047000 24.463000 24.662000 27.389500 29.390500 30.705500 32.895000 34.948500 35.652000 37.851500 36.881000 35.706500 36.328000 35.265000 38.147500 38.852500 36.234000 37.320500 36.649000 33.891000 32.059000 32.778000 31.219500 28.077500 27.803000 28.557500 25.810500 23.375000 24.666000 24.481000 20.970500 19.523000 17.133000 13.934000 14.938500 16.044500 12.750500 11.055000 14.172000 14.163500 10.696500 12.088500 15.210000 13.740500 12.087000 15.483000 17.373000 15.728500 16.679000 20.181000 20.375500 19.496000 22.272000 24.285500 24.083000 25.119500 27.384000 29.015000
42.591500 40.404500 37.188000 34.090500 31.229000 27.877500 26.085500 28.766000 28.400000 24.637500 25.234500 28.121500 26.176000 23.432500 26.350500 27.903000 24.789000 24.826500 28.577000 29.194000 25.959500 25.238000 28.655500 30.405000 28.891500 31.554000 32.884500 36.091500 34.441000 32.299500 35.572000 37.180500 34.361500 34.648000 38.438500 38.928000 40.772000 39.210000 40.213000 38.760500 35.415500 35.676000 36.219500 32.883000 30.813000 31.645000 30.063000 27.939500 25.205500 24.934000 24.710000 21.925500 20.010000 20.661500 19.518000 16.256500 15.245500 16.562500 14.473000 11.264000 13.041500 14.242500 11.275000 9.355000 7.665500 7.731000 7.564500 10.031500 10.961500 12.804000 15.601500 16.090500 13.965000 12.401000 10.505000 9.982000 8.449000 6.022000 5.107500 5.543500 3.841000 0.000000 3.839500 5.583500 5.228500 5.964000 8.525500 9.901500 10.496000 12.344000 14.192500 15.351500 18.084500 20.650000 20.238500 16.853000 15.611000 19.113500 18.991000 15.830000 17.462500 19.392000 18.111500 19.126500 17.580000 18.386500 19.246000 16.802500 13.951500 15.905000 15.504500 11.722500 11.974000 14.745000 13.015500 10.259500 13.330500 15.451000 13.330000 13.467000 17.125000 17.841500 16.771500 19.364500 18.066000 20.284000 19.144500 19.580000 17.769500 14.766500 14.739000 15.374000 12.567500 9.973000 12.322000 12.652000 9.110000 9.376000 12.922000 12.441500 9.930500 12.331500 15.322500 14.571500 14.233500 17.297000 19.376500 18.631000 19.644500 22.724500 23.692500 24.093000 26.627500 28.601000 30.126500 32.194000 34.137500 34.924000 37.297500 36.532500 35.468500 36.148500 35.352500 38.307500 38.886500 36.357000 37.613500 37.329000 34.597000 32.460000 33.363000 32.192500 28.870000 28.332500 29.484000 27.029000 24.209000 25.468500 25.823000 22.464500 20.488500 17.643500 15.001000 16.473000 16.823000 13.153500 12.432500 15.402000 14.436000 11.016000 13.239500 15.669000 13.443000 12.496000 16.243000 17.328500 15.413500 17.118000 20.398000 19.912500 19.242500 22.432000 24.072000 23.649000 24.973500 27.332000 29.106000
43.317500 41.209000 38.150000 34.916500 32.302000 28.872500 27.105000 29.452000 28.769000 24.975500 25.512000 28.037000 25.795500 23.002000 25.777500 26.981000 23.595000 23.573000 27.201500 27.525000 24.173500 23.496000 26.705000 28.712500 27.601500 30.429000 32.153000 35.255500 33.526500 31.752000 35.209500 36.645000 33.946000 34.625000 38.357000 38.953500 40.661000 38.937000 40.187000 39.008500 35.499500 35.678000 36.604000 33.394500 30.983500 31.639000 29.680000 27.237500 24.520500 24.825500 24.552000 21.379000 19.912500 21.071000 19.560000 16.119000 15.994000 17.453500 14.826500 12.151000 14.766000 15.622500 12.408500 11.421500 10.276500 11.111000 11.071000 13.719500 14.476000 16.247000 18.872500 18.989500 16.521500 14.515000 12.400500 10.825000 9.882000 8.562500 6.095500 5.300500 5.546000 3.839500 0.000000 3.839000 5.549500 5.098000 6.108500 8.631000 9.920500 10.724000 12.258000 14.274500 16.868500 18.909000 18.224500 15.229000 13.460500 17.004500 17.592500 14.609500 15.721500 18.076500 17.503000 19.057500 18.186500 19.573500 21.045500 18.942000 15.863000 17.898500 18.165000 14.482000 14.035500 17.104500 15.947000 12.790000 15.249500 17.895000 15.958500 15.291500 18.954000 20.130500 18.648000 20.796000 19.045000 21.127000 20.104000 19.826500 17.779000 15.387500 15.021000 14.737500 12.001500 9.793500 11.228500 10.696000 6.906000 7.356500 10.306000 9.112500 6.438000 9.359500 11.926500 10.871500 10.933000 14.112500 15.849500 15.213500 16.613000 19.518500 20.303000 20.995000 23.638000 25.514500 27.107000 29.256500 31.075000 31.685000 33.985000 33.106000 31.931500 32.527000 31.696500 34.630500 35.143000 32.591500 33.862500 33.674000 30.969500 28.740500 29.698500 28.657500 25.275500 24.682500 26.011000 23.662500 20.708000 22.089000 22.712500 19.413500 17.277000 14.198000 11.882000 13.430000 13.333000 9.569500 9.482000 12.424000 11.164500 8.147500 11.074500 13.251000 11.349500 11.308000 14.935000 15.905500 14.746500 16.834500 19.752500 19.466500 19.513500 22.605000 24.015000 23.883500 25.480000 27.734500 29.501000
43.484500 41.157500 38.168500 34.788000 32.072500 28.857000 26.662500 28.778000 28.442000 24.627500 24.594500 27.169500 25.266500 22.105000 24.485500 26.024000 22.756500 22.145500 25.783000 26.524000 23.462500 23.382000 26.678500 28.336000 27.400500 30.495000 32.321500 35.189000 33.102000 31.384500 34.902000 35.998000 33.069000 33.902500 37.618500 38.565500 40.542500 39.097500 40.605500 39.244500 35.730000 36.293500 37.307000 33.964000 31.675000 32.692500 30.788500 28.120500 25.794000 26.083000 25.262000 22.131000 21.123500 21.843000 19.794000 16.748500 16.796500 17.450500 14.390000 12.262500 14.655000 14.582500 10.989000 10.744500 10.137500 11.703000 12.347500 14.991500 15.958000 17.206500 19.795500 19.795500 17.317500 15.572500 14.299000 12.421000 10.458500 9.933000 8.550500 6.151500 5.182500 5.583500 3.839000 0.000000 3.839500 5.502000 5.141500 6.237500 8.720500 10.109000 10.563000 12.279500 15.356000 17.633000 17.683000 14.875000 13.818000 17.601500 18.178500 15.761500 17.355000 20.152000 19.498000 21.421000 20.722500 21.736500 23.182000 20.687000 18.012000 20.489000 20.493500 16.757500 16.977000 20.056000 18.529500 15.715000 18.552500 20.875500 18.633500 18.351500 22.104500 22.853500 21.264000 23.736000 22.327500 24.648000 23.743500 23.600000 21.460000 19.025500 18.804500 18.523500 15.686500 13.594000 14.960500 14.219500 10.433000 10.740500 13.269000 11.547500 8.367500 11.058000 13.395500 11.418500 10.805000 14.437000 15.906000 14.364000 15.711500 19.006500 19.377500 19.518500 22.258500 24.310500 25.679000 27.832000 29.853000 30.577000 32.796500 31.895000 30.819500 31.523500 30.653500 33.606000 34.374500 31.961000 33.369500 32.899000 30.405000 28.247000 28.744000 27.514000 24.401000 23.645500 24.459500 22.080500 19.312500 20.270500 20.472500 17.206500 15.191000 12.629000 9.772000 11.754500 12.605500 9.135500 8.712000 12.321000 12.100500 9.500000 12.034000 14.839000 13.788000 13.459500 16.769000 18.373500 17.542500 19.142500 22.197500 22.395500 22.329000 25.161500 26.815500 26.801000 28.194000 30.379500 32.029500
40.263500 37.860500 34.797000 31.461000 28.614000 25.455000 23.202500 25.482500 25.340000 21.534500 21.531500 24.359500 22.674000 19.549500 22.098500 23.913000 20.899000 20.431000 24.197000 25.189500 22.239000 22.112000 25.650000 26.993500 25.642000 28.605000 30.094000 33.023000 30.978500 28.944000 32.322500 33.549500 30.526000 31.060500 34.826500 35.703500 37.799000 36.508000 37.886000 36.307000 32.895500 33.599500 34.391000 30.936500 28.889500 30.141000 28.529000 26.039000 23.841000 23.687000 22.705500 19.886500 18.714000 18.938000 16.969000 14.163500 13.736500 14.063500 11.211500 8.903000 10.945000 10.887500 7.362500 7.007000 6.691000 8.879000 10.262000 13.167500 14.869500 16.328000 19.182000 19.763500 17.734500 16.504000 15.273000 14.281000 11.979000 10.448000 9.892000 8.555000 5.980500 5.228500 5.549500 3.839500 0.000000 3.840000 5.428000 5.057000 6.207500 8.774500 9.853500 10.527000 13.612000 16.450500 16.752500 13.490500 13.142000 16.882000 16.663500 14.259000 16.557000 19.155000 17.860000 19.641000 18.728500 19.205500 20.468500 17.696500 15.414500 18.258000 18.125500 14.501500 15.368500 18.547000 17.012500 14.794500 18.014500 20.165500 18.224000 18.626500 22.231000 22.883500 21.889500 24.556000 23.221500 25.322000 23.961500 24.139500 22.488000 19.642000 19.101500 19.495000 16.992500 14.213500 15.661000 15.832000 12.177500 11.506000 14.464000 13.651500 10.141500 11.855500 14.909000 13.523000 12.012000 15.298500 17.474500 15.935500 16.419500 19.901500 20.795000 20.538000 22.974500 25.175000 26.564000 28.502000 30.631500 31.678500 34.086000 33.499500 32.721500 33.621000 33.052500 36.083500 36.942500 34.751500 36.409000 36.082500 33.745500 31.411500 31.760000 30.722000 27.678000 26.607500 27.360500 25.225500 22.347500 22.883500 23.160000 20.136500 17.856000 15.425500 12.827000 15.267500 16.135500 12.638000 12.523000 16.125500 15.673500 12.964500 15.561000 18.260500 16.737500 16.280000 19.823500 21.197000 19.864000 21.554000 24.755000 24.561000 24.160500 27.223500 28.871000 28.568000 29.894000 32.176000 33.870500
38.501500 36.323000 33.313000 30.006000 27.434000 24.040000 22.202500 24.440000 23.754500 19.952500 20.466000 23.001500 20.824500 18.031000 20.910000 22.212500 18.971000 19.089500 22.798000 23.283000 20.026000 19.397000 22.853000 24.523500 23.129500 25.950000 27.517500 30.592500 28.804000 26.876500 30.301000 31.739500 28.987500 29.589500 33.335000 33.959500 35.758000 34.164500 35.484000 34.187500 30.682000 31.067500 32.019500 28.728000 26.387000 27.319500 25.484500 22.976000 20.556000 20.669500 19.984000 16.925000 15.691500 16.490000 14.680500 11.434500 11.489000 12.607000 9.786000 7.422500 10.471000 11.157500 8.230000 8.013000 7.741000 9.866500 10.954000 14.217000 16.067500 18.100000 21.051000 21.796000 19.763000 18.298000 16.334500 15.425000 13.948500 11.953500 10.397500 9.913500 8.394000 5.964000 5.098000 5.502000 3.840000 0.000000 3.840500 5.478000 5.151500 6.414500 8.707500 10.059500 12.406000 14.800000 14.327000 10.930000 9.968000 13.594500 13.466000 10.745500 12.817500 15.387500 14.292000 16.249000 15.702000 16.638000 18.417000 16.117500 13.515500 16.373000 16.996000 13.557000 13.747500 17.292500 16.534500 14.140000 16.916500 19.612500 18.273500 18.300500 21.713500 22.981500 22.182500 24.404000 22.535500 24.154000 22.434000 22.183000 20.865000 18.248000 17.042500 17.287500 15.350500 12.279000 12.972500 13.475000 10.185000 8.533500 11.318000 11.151500 7.583500 8.515500 11.942000 11.329500 9.702500 12.502000 15.139500 14.281500 14.495000 17.687500 19.115500 19.243500 21.508500 23.600000 25.233000 27.090000 29.033500 30.062000 32.603500 32.158500 31.426500 32.325500 31.982500 35.047000 35.736000 33.607500 35.384500 35.452500 33.136000 30.530500 31.109000 30.472500 27.255000 25.981000 27.194000 25.363500 22.141000 22.752000 23.638000 20.795500 18.064500 15.158000 13.332000 15.984500 15.975500 12.293500 13.146500 16.404000 15.104500 12.711500 15.924500 17.942500 16.008500 16.317000 19.960500 20.677500 19.416500 21.708500 24.580500 23.951000 23.948500 27.232500 28.501500 28.135000 29.755500 32.052000 33.839000
39.899500 37.698500 34.892000 31.429000 29.055500 25.764000 23.757500 25.523500 24.745500 20.980500 21.093500 23.249000 20.996500 17.977500 20.416000 21.523500 18.071000 17.753000 21.318500 21.723500 18.509000 18.309000 21.566500 23.312500 22.478000 25.610500 27.634000 30.445000 28.387000 26.889500 30.502500 31.567000 28.827000 29.903000 33.551000 34.464500 36.262500 34.672500 36.349500 35.228500 31.602500 32.103000 33.441500 30.242500 27.684000 28.613500 26.470500 23.567000 21.416500 22.095500 21.101000 17.750500 17.269500 18.305000 15.918500 12.891000 13.900000 14.648500 11.254500 9.999500 13.250000 13.097500 9.959000 10.826000 10.968500 13.336000 14.424500 17.621000 19.220000 20.986500 23.803500 24.186000 21.869000 20.160000 18.368500 16.719500 15.258500 14.111000 12.156500 10.660000 9.852500 8.525500 6.108500 5.141500 5.428000 3.840500 0.000000 3.840000 5.482500 5.292500 6.187500 8.668000 11.103000 12.959500 12.629500 9.905500 8.772500 12.577500 13.331000 11.318000 12.957500 16.144000 15.794000 18.325500 18.411500 19.645000 21.760000 19.608500 17.043500 19.910500 20.741000 17.324000 17.268000 20.836000 20.134500 17.478500 20.035500 22.874000 21.356000 20.976000 24.495500 25.831500 24.618000 26.714500 24.741500 26.453000 24.984500 24.327000 22.713500 20.525000 19.340000 18.895000 16.898000 14.346000 14.497500 14.137000 10.880500 9.582500 11.338000 10.214000 6.401000 7.445000 10.100500 8.555500 6.611000 9.953500 12.095500 10.740000 11.288500 14.618500 15.641500 15.745500 18.225000 20.350000 21.939000 23.886000 25.833000 26.745000 29.180000 28.605000 27.819500 28.708500 28.320500 31.381000 32.149000 30.083000 31.955500 31.978000 29.816000 27.157500 27.536500 26.953500 23.843000 22.393500 23.512500 21.826000 18.561500 19.005000 19.987500 17.303500 14.408000 11.549500 10.025000 13.072000 13.041500 9.624000 11.114500 14.411000 13.377500 11.753500 15.112000 17.092000 15.853000 16.619500 19.933500 20.838500 20.258500 22.529000 25.188000 24.947000 25.366500 28.431000 29.659500 29.570000 31.270500 33.453000 35.176500
38.771500 36.328000 33.541500 29.993000 27.443000 24.417000 21.975000 23.609000 23.317000 19.566500 19.100500 21.473000 19.740500 16.364500 18.469000 20.141000 17.018500 16.121000 19.789000 20.833000 18.045000 18.451000 21.899500 23.061000 22.129500 25.400500 27.271500 29.882000 27.517000 25.866500 29.425000 30.242500 27.211500 28.237000 31.895500 33.101000 35.229500 34.009000 35.817000 34.387000 30.847500 31.784500 33.030500 29.659000 27.401500 28.791000 26.921500 23.991500 22.289500 22.631500 21.080500 18.056500 17.859500 18.143500 15.367000 13.001000 13.791500 13.525500 9.907000 9.299500 11.937000 10.798000 7.499000 9.306500 10.135500 13.065500 14.793500 17.916000 19.834500 21.293500 24.131000 24.651000 22.540500 21.209500 19.967000 18.505500 16.337500 15.274500 14.186000 12.326000 10.499500 9.901500 8.631000 6.237500 5.057000 5.478000 3.840000 0.000000 3.842000 5.526500 5.080000 6.075500 9.323000 11.934500 12.708500 9.991000 10.287000 14.007500 14.154000 12.755500 15.144500 18.352000 17.526000 20.087000 20.062000 20.675000 22.545500 19.969500 17.959000 21.186500 21.649000 18.282500 18.968500 22.464500 21.415000 19.211000 22.192000 24.674500 22.996000 23.149000 26.713500 27.657500 26.590500 29.040500 27.392500 29.268000 27.752500 27.433500 25.881500 23.396500 22.350500 22.270500 20.146000 17.416000 17.913000 17.791000 14.400500 13.110500 15.072000 14.015000 10.214000 10.936500 13.533000 11.725500 9.153000 12.316500 14.406500 12.271500 12.194000 15.885000 16.736500 16.003500 18.325000 20.689000 22.043000 23.838000 26.028000 27.233000 29.660000 29.240500 28.709500 29.780000 29.492000 32.565000 33.591000 31.752000 33.798500 33.611000 31.687000 29.090500 29.018500 28.317500 25.517500 23.870500 24.456500 22.844500 19.813500 19.669000 20.216000 17.733500 14.969500 12.853000 10.996000 14.340500 15.145500 12.111500 13.091000 16.707000 16.351000 14.649000 17.622500 20.061500 19.057000 19.353500 22.648500 23.940000 23.221000 25.154500 28.063500 27.991000 28.086000 31.092000 32.551500 32.405000 33.905000 36.104000 37.772000
35.238000 32.853500 30.003500 26.504000 23.976000 20.831000 18.580500 20.382500 19.928000 16.137000 16.062000 18.553500 16.699500 13.548500 16.142500 17.785000 14.774000 14.494500 18.276000 19.236000 16.355000 16.344000 19.999000 21.048500 19.617000 22.656500 24.219000 27.015000 24.865000 22.921000 26.382500 27.501500 24.534000 25.274000 29.002500 29.960500 32.026500 30.756500 32.389000 30.906500 27.395500 28.272500 29.388500 25.988500 23.785500 25.222500 23.515000 20.758500 19.058000 19.097500 17.534500 14.685000 14.323500 14.396500 11.712500 9.380500 10.086500 9.817000 6.220000 5.819500 8.774000 8.032500 5.464000 7.535500 8.799500 11.963500 14.007000 17.267500 19.648000 21.464000 24.464000 25.431500 23.623000 22.509500 20.963500 20.090000 18.094500 16.274000 15.271000 14.285000 12.138500 10.496000 9.920500 8.720500 6.207500 5.151500 5.482500 3.842000 0.000000 3.839500 5.527000 5.301500 7.748500 10.761500 11.254500 7.874500 8.751000 12.204500 11.464500 10.005000 13.000500 15.909500 14.576000 17.074500 17.090500 17.415500 19.381000 16.878000 15.168000 18.625500 19.352500 16.324000 17.168500 20.767500 20.110500 18.334500 21.277500 23.806000 22.636000 23.076500 26.392500 27.523000 26.955500 29.319000 27.520000 29.019500 27.055500 26.805000 25.763000 23.124500 21.627000 21.979000 20.339000 17.144000 17.410500 18.060500 14.997500 12.855000 14.955500 14.865000 11.112500 10.807500 13.987000 13.159000 10.198000 12.535000 15.404000 13.872000 12.934000 16.422500 18.045000 17.304500 19.158500 21.487000 22.991000 24.561500 26.680500 28.128000 30.777000 30.693500 30.405000 31.580500 31.622000 34.739500 35.689500 34.010500 36.224500 36.340500 34.474000 31.669500 31.700500 31.304000 28.429000 26.583500 27.413500 26.053000 22.830000 22.586500 23.469000 21.174500 18.166500 15.869000 14.444000 17.811500 18.188000 14.959500 16.213000 19.693000 18.793000 16.927500 20.141000 22.291500 20.739500 21.159500 24.688000 25.561500 24.482000 26.701000 29.590000 29.051000 29.055000 32.310000 33.609000 33.221500 34.787000 37.060500 38.800500
35.153000 32.991500 30.344500 26.819500 24.721500 21.470000 19.586500 20.996500 19.926500 16.253000 16.452000 18.287000 15.847000 12.960500 15.543000 16.418500 12.960000 13.055500 16.647000 16.960500 13.717500 13.452000 16.934500 18.412500 17.345000 20.485500 22.477500 25.243000 23.171500 21.662000 25.297000 26.372000 23.713500 24.853500 28.465500 29.355500 31.108500 29.533000 31.341000 30.269000 26.601000 27.218000 28.748000 25.603000 22.967500 24.053500 21.901500 18.841500 17.111000 17.862000 16.412000 13.086000 13.279500 14.172000 11.322000 8.760500 10.740500 11.114000 7.597500 7.935000 11.434500 11.040000 9.060000 11.010500 12.013000 14.890500 16.541500 19.928500 22.158000 24.190500 27.177000 28.016500 26.011500 24.589500 22.663000 21.480000 19.991000 18.298500 16.562000 15.625500 14.294000 12.344000 10.724000 10.109000 8.774500 6.414500 5.292500 5.526500 3.839500 0.000000 3.847000 5.588000 6.638000 8.489000 8.064000 4.851000 5.098500 8.687000 8.720000 7.643000 10.132500 13.481500 12.921000 15.959500 16.740000 17.684500 20.226000 18.293500 16.328000 19.616500 20.975000 18.103000 18.255500 22.019000 21.892000 19.809000 22.287500 25.227000 24.321500 24.265000 27.497000 29.064500 28.374000 30.361500 28.167000 29.386000 27.353500 26.579000 25.616000 23.411000 21.519000 21.382500 20.143500 17.132500 16.583500 17.012000 14.406500 11.870000 13.064000 13.072500 9.558000 8.246000 11.080500 10.604500 7.248500 8.956500 12.073000 10.959000 9.662500 12.922000 14.923000 14.511000 16.270000 18.489500 20.193000 21.732000 23.678500 25.034000 27.751500 27.729500 27.462500 28.632500 28.858000 31.983500 32.831000 31.263000 33.615500 34.042500 32.296500 29.270500 29.387000 29.366500 26.451000 24.365500 25.523500 24.522000 21.067500 20.789000 22.223500 20.218000 16.861000 14.337000 13.786000 17.292500 17.005500 13.984500 16.073000 19.185500 17.860500 16.629500 20.166500 21.792500 20.326500 21.426500 24.803500 25.312500 24.623000 27.191500 29.726500 29.093000 29.577000 32.840000 33.847500 33.561500 35.362000 37.574500 39.339500
36.808500 34.496500 32.029500 28.382500 26.323500 23.370000 21.104500 22.063000 21.292500 17.751000 17.188000 18.802000 16.731000 13.448000 15.221000 16.291000 12.912500 11.983500 15.455000 16.149000 13.318500 14.025000 17.291500 18.450000 17.964500 21.439000 23.730000 26.080000 23.580000 22.415500 26.132000 26.679500 23.861500 25.398500 28.888500 30.220500 32.167000 30.840000 32.994500 31.887500 28.229500 29.180500 30.915500 27.782000 25.215000 26.522500 24.329000 21.028500 19.776000 20.739500 18.849500 15.631000 16.434000 17.051500 13.772000 11.888500 13.984500 13.618000 9.880000 10.820500 13.866000 12.515000 10.254500 12.858000 14.061000 17.130500 18.899000 22.220500 24.320000 26.026000 28.924000 29.514000 27.367500 25.902500 24.352500 22.746000 20.959000 19.861000 18.249500 16.554500 15.270500 14.192500 12.258000 10.563000 9.853500 8.707500 6.187500 5.080000 5.527000 3.847000 0.000000 3.850000 5.618000 7.220500 8.043000 6.256500 7.209000 10.429000 11.068000 10.917000 13.058500 16.630000 16.408000 19.592000 20.485000 21.347000 23.808500 21.691000 19.860000 23.206000 24.340500 21.320000 21.646500 25.362500 24.927500 22.733500 25.357500 28.199500 26.945000 26.838000 30.251500 31.616000 30.624000 32.748500 30.699000 32.184500 30.414500 29.601000 28.323500 26.210000 24.585000 24.161000 22.619500 19.908500 19.461500 19.318000 16.517500 14.549500 15.434500 14.626500 11.128000 10.351000 12.289000 10.779000 7.187000 9.264000 11.501500 9.294000 7.959000 11.653000 12.961500 11.909500 13.884500 16.356500 17.850000 19.390500 21.523500 22.908500 25.465500 25.354000 25.146000 26.402000 26.578000 29.683500 30.758500 29.338500 31.811000 32.021500 30.518500 27.554000 27.246500 27.148500 24.528500 22.251000 22.981000 22.121500 18.842500 18.086000 19.312000 17.594500 14.263500 12.339000 11.941000 15.714500 15.879000 13.406500 15.517500 18.700000 17.987000 17.185500 20.501500 22.360500 21.512000 22.570000 25.695500 26.593000 26.277000 28.593000 31.140000 30.923000 31.489000 34.542500 35.688000 35.595500 37.326500 39.469500 41.158500
34.515000 31.992000 29.504000 25.815500 23.580000 20.871000 18.256000 19.141500 18.836500 15.323500 14.274500 16.207500 14.705500 11.114500 12.734000 14.526000 11.679500 10.367500 14.042000 15.487500 13.182500 14.280500 17.771000 18.221500 17.319000 20.742000 22.647500 24.887000 22.203000 20.688000 24.266000 24.725000 21.610000 22.914000 26.462500 27.965000 30.227500 29.263000 31.418500 29.961000 26.433500 27.782000 29.310500 26.005500 23.811000 25.576500 23.780500 20.633500 19.792500 20.220000 17.857000 15.162500 16.066000 15.835500 12.336000 11.283500 12.991500 11.646000 8.008000 9.784000 12.061500 9.952000 8.303000 11.590000 13.368000 16.681000 18.926500 22.143000 24.563000 26.149000 29.085000 29.934000 28.070500 26.967500 25.695000 24.459500 22.263500 20.936000 19.930000 18.338000 16.329500 15.351500 14.274500 12.279500 10.527000 10.059500 8.668000 6.075500 5.301500 5.588000 3.850000 0.000000 3.825000 7.006500 9.048500 7.062000 9.442000 12.218000 11.746500 11.982000 14.861500 18.113000 17.227000 20.229000 20.923000 21.140000 23.331000 20.929500 19.686500 23.283000 24.161500 21.341000 22.260000 25.883500 25.291500 23.583000 26.494500 29.049000 27.836500 28.226000 31.586500 32.698000 31.997000 34.371000 32.539000 34.047500 32.105500 31.631000 30.547500 28.111000 26.500500 26.540500 24.984500 21.973500 21.836500 22.131000 19.200500 17.073000 18.410500 17.941000 14.302000 13.490500 15.816000 14.520000 10.940000 12.714500 15.109000 12.831500 11.015000 14.552500 15.939500 14.279500 15.749500 18.286000 19.588000 20.878000 23.136500 24.874000 27.476500 27.637500 27.724000 29.119000 29.459500 32.550000 33.760500 32.537000 35.118500 35.235000 33.869500 30.952500 30.406500 30.248500 27.815500 25.463500 25.867000 25.052000 21.964000 20.869500 21.761000 20.184000 17.056500 15.568500 14.810500 18.573500 19.193500 16.691000 18.351500 21.767500 21.281000 20.119000 23.283500 25.435000 24.444000 25.123500 28.398000 29.443500 28.806000 30.971500 33.752000 33.472500 33.706000 36.829000 38.123000 37.887000 39.476000 41.676500 43.358500
32.002000 29.596500 27.335500 23.621000 21.791500 19.164500 16.804000 17.161500 16.431500 13.163500 12.142000 13.422000 11.628000 8.163500 9.673000 11.002000 8.002500 6.914500 10.650000 11.911000 9.637500 10.929500 14.411000 14.607000 13.727500 17.222500 19.274500 21.375500 18.639000 17.331000 20.995500 21.368500 18.410000 19.986000 23.441000 24.946000 27.071000 26.040500 28.382500 27.116500 23.532000 24.909000 26.725000 23.601000 21.252000 23.006000 21.100500 17.796500 17.414000 18.118500 15.463000 12.868500 14.526500 14.368500 10.642500 10.321000 12.783500 11.387000 8.228500 10.947000 13.234000 11.342500 10.706500 13.987500 15.822000 19.075500 21.290500 24.590500 27.194000 29.007000 31.995500 32.997500 31.192500 30.055500 28.535000 27.385000 25.413500 23.876000 22.640500 21.328000 19.484500 18.084500 16.868500 15.356000 13.612000 12.406000 11.103000 9.323000 7.748500 6.638000 5.618000 3.825000 0.000000 3.827500 6.360500 5.268000 8.640500 10.401500 9.663500 11.005000 13.808000 16.950000 16.251500 19.486500 20.731000 20.964000 23.459000 21.429000 20.439500 24.046000 25.342000 22.865500 23.610500 27.298500 27.136000 25.558500 28.245500 30.965000 30.108500 30.441500 33.640500 35.009500 34.488000 36.670000 34.603500 35.800500 33.610500 32.917000 32.136500 29.852000 27.852500 27.859500 26.734000 23.643500 23.018000 23.526000 20.992000 18.413000 19.276000 19.232500 15.857500 14.201500 16.282500 15.548500 11.743000 12.433500 15.048000 13.210000 10.447500 13.470500 15.448000 13.654500 14.495500 16.934000 18.236000 19.162000 21.369500 23.322500 26.053000 26.584000 26.991500 28.557000 29.294000 32.355500 33.562500 32.654500 35.488500 35.936500 34.814500 31.672500 31.069500 31.334000 28.986500 26.312000 26.884000 26.528000 23.318000 21.960500 23.273500 22.123000 18.775000 17.330000 17.231000 21.060000 21.268500 18.920500 21.036500 24.237000 23.426500 22.552000 25.920500 27.739000 26.638500 27.670500 30.945500 31.682000 31.109000 33.532500 36.140000 35.643500 36.066000 39.286000 40.368500 40.054500 41.770500 43.965500 45.681500
32.377500 30.200000 28.258500 24.585000 23.275000 20.737000 18.766500 18.588000 17.323500 14.490000 13.639000 13.911500 11.693000 8.899000 9.756000 9.848500 6.434000 5.495000 8.584000 9.005500 6.484500 8.309500 11.378000 11.742000 11.667000 15.377500 18.009500 19.812500 17.019000 16.441000 20.225500 20.321500 17.767500 19.920000 23.087500 24.632500 26.437000 25.196500 27.826000 27.000500 23.345000 24.557000 26.836500 24.061000 21.387500 22.841000 20.562500 16.978500 16.916000 18.327500 15.705000 12.961500 15.320500 15.739000 12.097000 11.933500 15.053500 14.099500 11.262500 13.969000 16.526000 14.917000 14.320000 17.426500 19.155000 22.312500 24.334000 27.707000 30.205500 32.118000 35.097000 35.992000 34.042000 32.715500 30.992500 29.609000 27.926000 26.519000 24.874000 23.530500 22.148000 20.650000 18.909000 17.633000 16.450500 14.800000 12.959500 11.934500 10.761500 8.489000 7.220500 7.006500 3.827500 0.000000 3.844000 5.404000 8.394000 9.029000 9.161000 11.447500 13.446500 16.671000 16.710000 20.223500 22.050500 22.676000 25.515000 23.894000 22.775500 26.230500 27.910000 25.528500 25.862500 29.622500 29.774000 27.999500 30.394500 33.361500 32.648000 32.655500 35.801500 37.443500 36.812000 38.745000 36.428000 37.438500 35.234000 34.165000 33.433500 31.490500 29.263000 28.904500 28.063000 25.181500 24.035500 24.324500 22.176000 19.509500 19.646000 19.592000 16.648500 14.481000 15.807500 15.282500 11.549500 11.209500 13.484500 11.950500 8.519500 10.825500 13.087000 11.253000 11.520500 13.824000 15.227500 15.977000 18.026000 20.053000 22.869500 23.607500 24.210000 25.829000 26.878500 29.899500 31.071500 30.444000 33.484000 34.219000 33.367000 30.053500 29.366500 30.045500 27.841000 24.871000 25.600000 25.737500 22.471000 20.870500 22.645000 21.981500 18.471000 17.168500 17.876500 21.675000 21.455500 19.529500 22.145000 24.988000 24.001500 23.681000 27.152500 28.591500 27.670000 29.148500 32.237000 32.753000 32.517000 35.130500 37.459500 36.950500 37.727500 40.908500 41.788000 41.573000 43.441500 45.570500 47.283500
32.414500 30.554500 28.583500 25.047500 23.961000 21.091500 19.705000 19.785500 17.879500 15.052500 15.143500 15.233500 12.243500 10.256500 11.884500 11.053500 7.263500 8.113000 10.644000 9.708500 6.110000 6.189000 9.318000 10.843000 10.738500 14.226500 17.073500 19.247000 17.008000 16.569000 20.374000 20.940500 18.877000 20.929500 24.063500 25.114000 26.446500 24.692500 27.121500 26.692000 22.927500 23.557000 25.971500 23.416000 20.343500 21.237500 18.571500 14.903000 14.386000 16.334000 14.286000 11.059000 13.405500 14.697500 11.486500 10.716000 14.266500 14.264000 11.682500 13.915500 16.944500 16.160000 15.502500 18.101000 19.485000 22.374500 24.086500 27.513500 29.896500 32.075000 35.082500 35.985500 33.964000 32.459500 30.352500 29.005000 27.778000 26.188500 24.127000 23.177500 22.213000 20.238500 18.224500 17.683000 16.752500 14.327000 12.629500 12.708500 11.254500 8.064000 8.043000 9.048500 6.360500 3.844000 0.000000 3.864000 5.732000 5.355500 6.296500 8.847000 10.122500 13.356500 13.954000 17.614500 19.826500 20.937000 24.085000 22.927000 21.516000 24.708000 26.796500 24.554000 24.379500 28.157500 28.722000 26.805500 28.812500 32.014000 31.595000 31.308000 34.279000 36.255000 35.671000 37.283000 34.694500 35.407500 33.106000 31.747000 31.204500 29.536000 27.033500 26.500500 26.057500 23.274500 21.658000 22.036000 20.365500 17.436000 17.078000 17.446500 14.953500 12.154500 13.253000 13.517000 10.039500 8.692500 11.420500 10.965000 7.479000 9.083500 12.174000 11.363500 11.581000 13.580000 15.403000 16.198000 17.849500 19.634000 22.571500 23.289000 23.728000 25.204000 26.311000 29.333000 30.217500 29.471000 32.445000 33.511500 32.510500 29.052500 28.782500 29.705500 27.242000 24.336500 25.616000 25.794500 22.285000 21.123000 23.363000 22.565500 18.882500 17.026500 18.088000 21.717500 20.857500 18.821500 21.789500 24.319500 22.794500 22.636000 26.292500 27.277500 26.127000 27.974000 31.034500 31.132000 30.950000 33.843000 35.917500 35.155500 36.172500 39.415000 40.039500 39.823500 41.855500 43.961000 45.716000
31.993500 30.009500 27.666500 24.129500 22.578000 19.428500 17.919500 18.692000 17.030000 13.703000 14.106500 15.100000 12.181000 9.802500 12.346000 12.382500 8.717500 9.648500 12.911500 12.650500 9.202000 8.666000 12.236000 13.664500 12.616000 15.817500 18.060500 20.707000 18.670500 17.469500 21.191500 22.212500 19.858500 21.305500 24.753000 25.589500 27.106000 25.390500 27.429500 26.653500 22.903500 23.491000 25.435500 22.551500 19.651500 20.670000 18.278000 14.905500 13.738000 15.019500 13.177000 9.775000 11.205500 12.330500 9.142000 7.587500 10.865000 11.070000 8.257000 10.144000 13.329500 12.875000 12.128500 14.482000 15.766000 18.608000 20.331500 23.745000 26.202000 28.430000 31.465000 32.488500 30.584500 29.185000 27.078500 26.001500 24.694000 22.843000 20.980000 20.280500 19.043000 16.853000 15.229000 14.875000 13.490500 10.930000 9.905500 9.991000 7.874500 4.851000 6.256500 7.062000 5.268000 5.404000 3.864000 0.000000 3.806000 5.421500 5.031500 6.226000 8.627500 11.908000 11.722000 15.221000 16.924500 17.855500 20.828500 19.424500 17.936500 21.228000 23.131500 20.808000 20.811500 24.586000 25.017000 23.211500 25.380000 28.462500 28.026000 27.949500 30.926500 32.777000 32.334000 34.081500 31.628500 32.423000 30.070500 29.006500 28.485000 26.521500 24.119500 23.940000 23.336500 20.298000 19.054000 19.764000 17.815000 14.766000 15.112500 15.718000 12.812500 10.245500 12.378500 12.710000 9.137500 8.858000 12.228000 11.687500 8.982500 11.428000 14.273500 13.665500 14.544500 16.652500 18.426500 19.482000 21.280500 22.934000 25.824500 26.294500 26.459000 27.833000 28.602500 31.687000 32.530000 31.419000 34.133500 34.982500 33.615500 30.301500 30.269000 30.807000 28.078500 25.525000 26.820000 26.463500 22.909000 22.163500 24.081000 22.702500 19.098000 16.844500 17.171000 20.791000 20.122500 17.517000 20.117500 22.930500 21.343000 20.600000 24.271500 25.489500 24.000500 25.523500 28.814500 28.970000 28.414500 31.246500 33.536000 32.664500 33.390500 36.728000 37.470000 37.125000 39.071000 41.253500 43.041000
34.464500 32.704500 30.303500 26.905000 25.404500 22.036000 20.860000 21.922500 20.016500 16.705500 17.566500 18.551000 15.378500 13.383500 16.024000 15.700500 11.963000 13.102000 16.094000 15.255000 11.523000 10.250000 13.305500 15.576000 14.813500 17.739000 20.116000 22.938000 21.276500 20.272500 23.942000 25.176000 23.114000 24.537500 27.927000 28.491000 29.691000 27.628500 29.466500 28.987000 25.217000 25.309000 27.261500 24.556500 21.416500 21.877000 19.191500 15.928500 14.038500 15.732000 14.745000 10.995000 11.757500 13.801500 11.328500 8.753000 11.838000 13.099500 10.403500 11.091000 14.728000 14.965000 13.660000 15.317000 16.070000 18.534500 19.786000 23.193500 25.304500 27.662500 30.643000 31.484000 29.403000 27.740500 25.324500 24.088000 23.271000 21.484500 19.113500 18.633000 18.043000 15.611000 13.460500 13.818000 13.142000 9.968000 8.772500 10.287000 8.751000 5.098500 7.209000 9.442000 8.640500 8.394000 5.732000 3.806000 0.000000 3.843000 5.409500 5.047000 6.081000 9.806000 10.443000 13.992000 15.793500 17.447500 20.595000 19.519000 17.418500 20.325500 22.466500 20.028000 19.393000 23.179500 23.824500 21.626000 23.415500 26.749000 26.377000 25.847000 28.769000 30.891000 30.272500 31.722500 29.048500 29.727000 27.487000 26.106000 25.503000 23.862500 21.380000 20.818500 20.383000 17.608000 15.964500 16.448000 14.850500 11.765000 11.578000 12.310500 9.842500 6.781000 8.779000 9.722000 6.665500 5.929000 9.664500 10.037500 8.142500 10.195500 13.144500 13.509500 14.738500 16.611500 18.668500 19.972500 21.482500 22.730500 25.560500 25.753000 25.568500 26.707000 27.279500 30.341000 30.926500 29.535000 32.034000 33.015000 31.405500 28.084500 28.467000 29.040000 26.055000 23.732500 25.463000 24.974500 21.285000 21.082500 23.269500 21.669500 18.048500 15.291000 15.854500 19.164000 17.925500 15.259000 18.131500 20.574500 18.551000 18.016500 21.792000 22.595500 21.016000 22.893000 26.069000 25.923000 25.540000 28.563500 30.599000 29.641500 30.643500 33.952000 34.515000 34.266000 36.351500 38.486500 40.292500
32.871500 31.397000 29.256500 25.988500 24.999000 21.705500 21.036500 21.708000 19.262000 16.415000 17.649000 17.918500 14.382000 13.236500 15.740000 14.531500 10.934000 12.905000 15.238000 13.582000 9.750000 7.533000 10.129500 12.871500 12.253500 14.889000 17.490500 20.265500 18.936500 18.322000 21.915500 23.232500 21.659500 23.249000 26.395000 26.730500 27.532500 25.187500 27.080500 27.018000 23.239500 23.032500 25.319000 22.991000 19.574000 19.664500 16.656500 13.247000 11.583000 13.993000 13.167000 9.447500 10.992000 13.522000 11.375500 9.511000 13.074000 14.478500 12.470000 13.662000 17.064500 17.453500 16.744000 18.454500 19.281500 21.627500 22.846500 26.222000 28.403500 30.918000 33.914000 34.864000 32.840000 31.169500 28.572000 27.436000 26.842000 24.931000 22.442000 22.206000 21.735500 19.113500 17.004500 17.601500 16.882000 13.594500 12.577500 14.007500 12.204500 8.687000 10.429000 12.218000 10.401500 9.029000 5.355500 5.421500 3.843000 0.000000 3.849500 5.448000 5.087500 8.347500 9.773500 13.488500 16.066500 17.876500 21.317000 20.800000 18.962500 21.662500 24.233000 22.237500 21.365000 25.063000 26.177500 24.153000 25.588500 29.026500 29.046500 28.426500 31.084000 33.466500 33.029000 34.210500 31.316000 31.602500 29.148000 27.491500 27.271500 25.919000 23.063000 22.431500 22.575500 19.900500 17.715500 18.415500 17.474000 14.172500 13.287000 14.551000 12.805000 9.242500 10.358500 12.067500 9.469000 7.174500 10.611000 11.783000 9.303000 10.055000 13.623000 14.178500 14.654500 16.194500 18.349500 19.252000 20.438500 21.770000 24.693500 25.242000 25.318500 26.519500 27.491500 30.462000 30.928000 29.848000 32.534500 33.913500 32.543000 29.036500 29.451500 30.477000 27.600000 25.041500 26.992500 26.955000 23.234000 22.860000 25.420500 24.218500 20.518500 17.903500 19.008500 22.241500 20.662500 18.308000 21.439000 23.572000 21.299000 21.099500 24.905000 25.314500 23.678000 25.872000 28.934000 28.434500 28.150500 31.379000 33.153000 31.966500 33.185500 36.525500 36.823500 36.539500 38.751000 40.839500 42.657500
29.463000 27.911000 25.629500 22.374500 21.297500 17.939000 17.412500 18.255500 15.757500 12.863500 14.499000 14.985500 11.411500 10.564500 13.606000 12.661000 9.403500 11.950500 14.501500 13.276000 9.687500 7.196000 10.449000 12.449000 10.740000 13.117500 15.109500 18.213000 17.013500 15.758000 19.250000 20.929500 19.226500 20.356000 23.660000 23.803500 24.740500 22.500500 24.185000 23.827000 20.063500 19.975000 22.002000 19.460500 16.180500 16.578500 13.883000 10.595000 8.956000 10.738000 9.590500 5.834000 7.532500 9.761000 7.653500 6.229500 9.963500 11.248000 9.912500 11.516500 14.498000 15.082500 15.113500 16.811500 17.820000 20.157500 21.607500 24.925500 27.435000 30.029500 33.092000 34.358500 32.614500 31.213500 28.687000 28.001000 27.167500 24.864000 22.801500 22.858500 21.830500 18.991000 17.592500 18.178500 16.663500 13.466000 13.331000 14.154000 11.464500 8.720000 11.068000 11.746500 9.663500 9.161000 6.296500 5.031500 5.409500 3.849500 0.000000 3.842000 5.596500 7.910000 7.898500 11.519500 14.001000 15.201500 18.571500 18.020000 16.700500 19.606000 22.149000 20.482500 20.030500 23.664000 24.836500 23.310500 24.929500 28.148500 28.382500 28.229500 30.759500 33.004000 32.958000 34.314000 31.568000 31.774000 29.036000 27.759000 27.861000 26.127000 23.189500 23.186500 23.379500 20.283000 18.450500 19.811000 18.680500 15.103000 15.007000 16.702500 14.555500 11.211000 13.248000 14.893500 12.015500 10.538000 14.156500 14.855500 12.192500 13.462000 16.939500 16.962500 17.318500 19.002500 20.928500 21.664500 23.061000 24.681500 27.662000 28.402000 28.653000 29.981500 31.006000 34.009500 34.580000 33.545000 36.252000 37.526500 36.122000 32.663000 32.994500 33.871000 30.992500 28.464500 30.217000 30.024500 26.336000 25.855500 28.142500 26.788500 23.120500 20.550500 21.134000 24.514000 23.295000 20.585500 23.350500 25.831000 23.637500 22.895000 26.686500 27.387500 25.423000 27.238500 30.562500 30.120500 29.381000 32.551500 34.573500 33.188500 34.040000 37.531500 37.920000 37.407000 39.511500 41.690000 43.540000
31.276000 29.710500 27.118500 23.969000 22.490500 18.881000 18.339000 19.879000 17.663000 14.450000 16.302000 17.498000 14.154500 12.981500 16.351000 15.979500 12.736500 14.874000 17.817500 16.906500 13.282500 10.974500 14.105500 16.256000 14.455000 16.598500 18.215000 21.540000 20.524500 18.931000 22.274500 24.206000 22.361500 23.108000 26.561500 26.530000 27.513500 25.248000 26.536500 26.013500 22.346000 22.041500 23.606500 20.906500 17.796500 18.021000 15.554000 12.822000 10.249000 11.398000 11.107500 7.452000 7.126000 9.708500 8.314500 5.231000 8.210000 10.492000 9.128500 9.439500 12.734000 14.035000 13.664000 14.647500 15.229000 17.225000 18.373500 21.646500 24.014500 26.712500 29.747000 31.008500 29.283000 27.847000 25.177000 24.664500 24.032500 21.553500 19.432500 19.865000 18.956500 15.830000 14.609500 15.761500 14.259000 10.745500 11.318000 12.755500 10.005000 7.643000 10.917000 11.982000 11.005000 11.447500 8.847000 6.226000 5.047000 5.448000 3.842000 0.000000 3.845000 6.294500 5.671500 9.212000 11.152500 12.706500 16.035000 15.424000 13.571000 16.358500 18.890500 17.063000 16.376500 20.045500 21.227000 19.580500 21.131500 24.392500 24.647500 24.440500 26.944500 29.220500 29.202500 30.523500 27.789000 28.015000 25.290500 24.125000 24.200000 22.356000 19.459500 19.614000 19.762000 16.561500 14.875500 16.499500 15.354000 11.666000 12.025500 14.063000 11.937000 8.801000 11.555500 13.448000 11.034000 10.275000 14.077000 14.938500 13.100500 14.760500 17.966500 18.374000 19.289500 21.017500 23.024500 24.093500 25.525500 26.897000 29.807500 30.219000 30.124000 31.278500 31.952000 34.982000 35.436500 34.017500 36.422500 37.546500 35.782500 32.474000 33.119500 33.700000 30.566500 28.418500 30.306000 29.677000 25.969500 25.983500 28.108000 26.290000 22.752500 19.806500 19.950000 23.080000 21.805500 18.737500 21.229000 23.694000 21.313500 20.194000 23.952000 24.636500 22.365500 24.038500 27.460000 26.927000 25.946000 29.130000 31.199000 29.690000 30.415500 33.957500 34.367500 33.792000 35.881000 38.096500 39.975500
33.256500 32.005000 29.585000 26.599500 25.463000 21.862500 21.685500 23.055500 20.500000 17.593000 19.604500 20.358000 16.774500 15.998500 19.132000 18.164000 14.842000 17.158500 19.699500 18.131000 14.372500 11.581500 13.943000 16.791500 15.490000 17.351500 19.265500 22.530500 21.856500 20.749500 24.028500 25.984000 24.561500 25.526500 28.766500 28.544500 29.106500 26.483500 27.725500 27.691500 24.042000 23.250000 25.057500 22.777500 19.383000 18.939500 16.056000 13.388500 10.487000 12.518500 12.994500 9.390500 9.202500 12.510000 11.645500 8.845000 11.585500 14.197000 12.912500 12.914500 16.283000 17.745500 17.096500 17.843500 18.126500 19.816000 20.559000 23.743000 25.758000 28.544500 31.492000 32.572500 30.687000 29.007000 26.049000 25.347000 25.238000 22.915000 20.300500 20.894500 20.651500 17.462500 15.721500 17.355000 16.557000 12.817500 12.957500 15.144500 13.000500 10.132500 13.058500 14.861500 13.808000 13.446500 10.122500 8.627500 6.081000 5.087500 5.596500 3.845000 0.000000 3.839500 5.701000 9.184000 11.758500 14.167500 17.690500 17.699500 15.488500 17.654000 20.551000 18.854500 17.432000 20.967000 22.541500 20.586000 21.541000 25.066500 25.527000 24.792500 27.103500 29.749500 29.590000 30.472500 27.422000 27.339000 24.669000 22.971000 23.144000 21.865500 18.716500 18.334500 18.996000 16.252500 13.789500 15.199000 14.860500 11.202000 10.406500 12.836000 11.699500 8.073000 9.882500 12.634500 11.035500 9.309000 12.832000 14.643000 13.161000 13.951500 17.293000 18.393500 19.212500 20.609000 22.820000 23.876500 24.938000 26.015500 28.860500 29.211500 28.974500 29.961500 30.667500 33.594500 33.788500 32.330500 34.641500 36.059000 34.265500 30.889500 31.846000 32.687000 29.469500 27.389500 29.675500 29.213000 25.448500 25.740500 28.227000 26.517500 22.974500 19.846500 20.498500 23.323500 21.465000 18.661500 21.494500 23.430000 20.639000 19.996500 23.779500 23.871500 21.605000 23.792000 26.955500 25.987500 25.315500 28.745500 30.395500 28.747500 29.899500 33.374500 33.471000 33.012000 35.297500 37.416000 39.299500
32.201500 31.273500 28.860000 26.206500 25.301000 21.670500 22.114500 23.644500 20.818500 18.279500 20.868500 21.515500 17.899500 17.805000 21.104000 19.921500 17.003000 19.782500 22.096500 20.324500 16.751000 13.482000 15.411500 18.246000 16.569000 17.663000 19.069000 22.528000 22.478500 21.238000 24.145500 26.527000 25.472000 26.070000 29.172000 28.461000 28.654000 25.770000 26.550500 26.741500 23.275500 21.947000 23.543000 21.573000 18.168500 17.149500 14.327000 12.361000 8.906500 10.854000 12.397500 9.433000 8.489000 12.215000 12.493500 10.041000 12.165500 15.258500 14.862500 14.630000 17.561000 19.580500 19.391000 19.718000 19.806500 21.047000 21.565500 24.509500 26.500000 29.484000 32.382000 33.653500 31.968500 30.374500 27.208500 26.914500 27.099000 24.470500 21.924000 23.079000 22.865000 19.392000 18.076500 20.152000 19.155000 15.387500 16.144000 18.352000 15.909500 13.481500 16.630000 18.113000 16.950000 16.671000 13.356500 11.908000 9.806000 8.347500 7.910000 6.294500 3.839500 0.000000 3.827000 6.539500 9.709500 12.444500 16.072000 16.858500 14.836000 16.414500 19.711000 18.656500 16.912000 20.110000 22.250000 20.652500 21.104000 24.585000 25.604500 24.896500 26.743500 29.616500 29.840000 30.418500 27.241500 26.659000 23.683000 21.928000 22.711000 21.594000 18.103500 18.052000 19.390500 16.690000 13.998500 16.063000 16.382000 12.683000 11.883000 14.996000 14.405000 11.019000 12.705500 15.847000 14.652000 12.861500 16.176500 18.284000 16.848000 17.320500 20.740500 21.964000 22.587500 23.822000 26.022500 26.909000 27.813500 28.875500 31.714000 32.191000 31.981000 32.930500 33.719000 36.570000 36.608500 35.159500 37.380500 38.978500 37.119000 33.751500 34.932000 35.869500 32.581500 30.616500 33.077500 32.613500 28.850000 29.297500 31.845500 30.082500 26.589000 23.373500 23.958500 26.608000 24.606500 21.738500 24.421000 26.184500 23.143500 22.351000 26.033500 25.853000 23.233500 25.418000 28.564500 27.201000 26.272500 29.830000 31.300000 29.242000 30.360000 33.908500 33.750500 33.105000 35.446500 37.547000 39.459500
30.022500 28.929500 26.264000 23.640500 22.435500 18.718000 19.195000 21.117000 18.520500 15.872000 18.686000 19.786500 16.434000 16.335000 19.927000 19.246500 16.602000 19.380500 21.971000 20.721000 17.307500 14.250500 16.732000 18.983500 16.677000 17.693000 18.513500 22.175000 22.096500 20.259500 23.025000 25.636500 24.326500 24.456000 27.725500 26.926000 27.378000 24.728000 25.255500 25.000000 21.616500 20.484000 21.606500 19.291500 16.203000 15.577000 13.313500 11.736000 8.153500 8.774000 10.382500 7.797500 5.556000 9.088500 9.981000 7.507500 8.894000 12.233500 12.494500 12.080500 14.553000 16.918000 17.194000 17.284000 17.413000 18.535000 19.220500 22.077500 24.361000 27.385500 30.331500 31.872500 30.447000 29.128000 26.107500 26.227500 26.115000 23.162000 21.096000 22.456500 21.707000 18.111500 17.503000 19.498000 17.860000 14.292000 15.794000 17.526000 14.576000 12.921000 16.408000 17.227000 16.251500 16.710000 13.954000 11.722000 10.443000 9.773500 7.898500 5.671500 5.701000 3.827000 0.000000 3.828500 6.780500 8.963500 12.624500 13.291500 11.610500 13.481500 16.705000 15.884000 14.625000 17.816000 19.895000 18.784500 19.562500 22.771500 23.887000 23.713500 25.527500 28.148000 28.712000 29.583000 26.668500 26.184500 23.001500 21.824000 22.760000 21.089500 17.704000 18.406000 19.491500 16.318000 14.324500 16.923000 16.740000 12.945000 13.247500 16.348000 15.132500 12.163000 14.713500 17.417000 15.803000 14.740500 18.354000 19.879000 18.291500 19.405500 22.762500 23.541500 24.271000 25.746000 27.803000 28.713000 29.902000 31.186500 34.096500 34.614500 34.479500 35.541500 36.271000 39.216000 39.422500 37.931000 40.165500 41.534500 39.602000 36.307500 37.346000 38.031500 34.730000 32.799000 35.009500 34.316000 30.578500 30.933000 33.174000 31.210500 27.751500 24.574000 24.644000 27.434000 25.855500 22.662000 24.954000 27.106000 24.281000 22.935500 26.556500 26.803000 23.969000 25.650500 29.057000 27.926000 26.539000 29.922000 31.737500 29.615500 30.267000 33.931500 33.987000 33.130500 35.293000 37.496000 39.426000
29.970500 29.090000 26.307500 24.063500 22.849000 19.163500 20.092000 22.364500 19.845000 17.479500 20.620000 21.896000 18.779000 18.982500 22.662000 22.107500 19.772500 22.627000 25.197000 24.022000 20.753000 17.633000 19.952000 22.072500 19.519500 20.046500 20.305000 24.055500 24.383000 22.299000 24.671000 27.606000 26.448000 26.127500 29.316000 28.136500 28.415000 25.717000 25.699000 25.420500 22.345000 20.856000 21.444000 19.304500 16.560000 15.593500 13.864000 13.270500 9.601500 9.253500 11.768000 10.209000 7.144000 10.077000 12.055500 9.935500 10.034000 13.614000 14.617500 13.664500 15.484000 18.393500 18.951500 18.425000 18.259500 18.773000 19.165500 21.611500 23.808500 26.956500 29.788500 31.522000 30.358000 29.204000 26.079000 26.682500 26.803000 23.575500 21.733500 23.636000 22.876500 19.126500 19.057500 21.421000 19.641000 16.249000 18.325500 20.087000 17.074500 15.959500 19.592000 20.229000 19.486500 20.223500 17.614500 15.221000 13.992000 13.488500 11.519500 9.212000 9.184000 6.539500 3.828500 0.000000 3.882000 6.517000 10.106500 11.654500 10.183000 11.205000 14.711000 14.637500 13.152000 15.832000 18.395000 17.776500 18.111000 21.103000 22.741000 22.734000 24.068500 26.768000 27.761500 28.433000 25.557500 24.697500 21.253500 20.315000 21.788500 20.086500 16.593000 17.873500 19.363500 16.229000 14.457000 17.616000 17.798500 14.217000 14.845500 18.261500 17.360000 14.817500 17.428000 20.245500 18.958500 18.114000 21.639500 23.251500 21.872500 22.997500 26.297500 27.156500 27.955500 29.373500 31.385500 32.309000 33.495000 34.732000 37.630500 38.124000 37.911000 38.927500 39.584000 42.516500 42.654000 41.050000 43.132000 44.505500 42.417000 39.209500 40.440000 41.037500 37.635000 35.905500 38.196000 37.334000 33.625000 34.190500 36.353000 34.203000 30.848000 27.559000 27.389000 29.974000 28.391500 25.066000 27.061000 29.120500 26.180000 24.548000 27.978500 28.118500 24.963500 26.428500 29.834500 28.467500 26.718000 30.079000 31.832000 29.375500 29.806000 33.516500 33.441500 32.365000 34.480000 36.685000 38.632000
31.096500 30.069000 27.034000 24.899500 23.258500 19.587500 20.349000 23.102500 21.062500 18.543500 21.580500 23.391000 20.630000 20.510500 24.291500 24.257000 21.970500 24.526000 27.383500 26.615000 23.369000 20.539000 23.158500 25.091000 22.394000 23.052000 23.071000 26.842000 27.042000 24.628000 26.909500 29.889500 28.461500 27.830500 31.142000 29.979500 30.505000 28.056500 27.812000 27.155500 24.262000 22.967500 23.035000 20.664000 18.426500 17.794000 16.628000 16.312500 12.849000 11.700000 13.970500 12.710000 9.154500 11.078500 13.264000 10.965000 9.768000 13.420500 14.704000 12.974500 14.237000 17.590500 18.153000 16.987500 16.486000 16.457500 16.593000 18.692500 20.851000 24.047000 26.782000 28.678000 27.777500 26.797500 23.741500 24.791500 24.907500 21.452500 20.017000 22.299000 21.354000 17.580000 18.186500 20.722500 18.728500 15.702000 18.411500 20.062000 17.090500 16.740000 20.485000 20.923000 20.731000 22.050500 19.826500 16.924500 15.793500 16.066500 14.001000 11.152500 11.758500 9.709500 6.780500 3.882000 0.000000 3.838000 7.028000 8.682500 6.961500 7.540000 11.101000 11.338500 9.927000 12.378000 15.019000 14.821500 15.187000 17.891000 19.699500 20.052500 21.221500 23.736000 25.027500 25.827000 23.206000 22.404500 18.873000 18.517500 20.092000 17.979000 14.742000 16.718000 18.001000 14.716000 13.721500 17.221000 17.191000 13.945500 15.381500 18.705500 17.681500 15.823500 18.815000 21.340000 20.193000 19.997000 23.515000 24.846500 23.769500 25.304500 28.378000 29.156000 30.236000 31.790500 33.741500 34.836500 36.193000 37.419000 40.298000 40.628500 40.283500 41.269500 41.700000 44.667500 44.850500 43.040000 44.951000 46.092500 43.799000 40.758500 42.049500 42.342500 38.857500 37.372500 39.552500 38.359000 34.737000 35.485000 37.358500 34.917000 31.745500 28.413500 27.763500 30.173000 28.845500 25.313500 26.826500 28.985000 26.173500 24.079000 27.265000 27.617500 24.252000 25.238000 28.730500 27.466000 25.295000 28.446000 30.391500 27.845500 27.853500 31.597500 31.688500 30.428500 32.369000 34.632500 36.582500
28.843500 27.677500 24.474500 22.484500 20.611500 17.054000 17.922000 20.959500 19.266500 16.930000 20.028000 22.115000 19.806500 19.810000 23.581000 23.915500 22.052000 24.540000 27.415500 27.036500 24.080500 21.489000 24.303500 25.744000 22.697000 23.212500 22.738500 26.482500 26.676500 23.870500 25.878000 28.963500 27.402000 26.336000 29.659000 28.422000 29.159500 27.021500 26.551500 25.479500 22.813000 21.784000 21.352500 18.752000 17.073500 16.918000 16.451000 16.523000 13.535500 11.375000 13.325500 12.867000 9.117500 9.737500 12.459500 10.908500 8.718000 11.897000 14.011000 12.430000 12.708000 16.205500 17.420500 16.177500 15.831500 15.711000 16.177500 18.040500 20.550000 23.640500 26.385000 28.580000 28.000500 27.378500 24.637000 26.010500 25.730000 22.112500 21.269000 23.504500 22.009000 18.386500 19.573500 21.736500 19.205500 16.638000 19.645000 20.675000 17.415500 17.684500 21.347000 21.140000 20.964000 22.676000 20.937000 17.855500 17.447500 17.876500 15.201500 12.706500 14.167500 12.444500 8.963500 6.517000 3.838000 0.000000 3.839000 5.692500 5.650000 6.631500 9.708000 10.623500 10.388500 12.446500 14.779500 15.392500 16.214500 18.329000 20.151000 21.170500 22.271500 24.352000 25.981000 27.109000 24.869500 24.227000 20.669500 20.889500 22.486000 19.983000 17.105000 19.500500 20.441500 16.974500 16.584000 20.088500 19.608500 16.462000 18.350000 21.433000 19.944500 18.253500 21.531000 23.724500 22.184000 22.250500 25.907500 26.841500 25.516000 27.346500 30.420500 30.822000 31.836000 33.529000 35.368500 36.394000 37.913500 39.350500 42.283000 42.727000 42.530500 43.634000 44.116500 47.140500 47.466000 45.728500 47.741500 48.755500 46.511000 43.475500 44.570000 44.756500 41.337000 39.767500 41.718500 40.474000 36.888000 37.428500 39.099000 36.638500 33.483000 30.307500 29.391000 31.960500 30.994000 27.358000 28.636000 31.097000 28.555500 26.195500 29.298000 30.021000 26.673500 27.266500 30.886000 29.905000 27.493500 30.396000 32.614500 30.138000 29.755500 33.504500 33.801500 32.410000 34.131000 36.436500 38.352000
29.491000 28.282500 24.933500 23.250000 21.117500 17.831000 18.716000 22.063500 20.850000 18.697000 21.666500 24.058000 22.181000 22.133000 25.836500 26.521000 24.881500 27.181500 30.132500 30.044000 27.225500 24.815000 27.722000 28.953000 25.776000 26.214500 25.428000 29.107500 29.324500 26.280000 28.030500 31.172000 29.510000 28.080500 31.370000 30.051500 30.921000 29.038000 28.265500 26.891000 24.560000 23.658500 22.682000 20.059500 19.006500 19.072000 19.158000 19.585500 16.856000 14.287000 16.064500 16.046000 12.351500 12.159500 14.965000 13.720000 10.859500 13.451500 15.901500 14.018000 13.407500 17.043500 18.473000 16.748000 16.160000 15.441000 15.746500 16.974000 19.445000 22.450000 25.018000 27.458500 27.267500 26.965500 24.441500 26.301500 25.959000 22.203000 21.914500 24.402000 22.684000 19.246000 21.045500 23.182000 20.468500 18.417000 21.760000 22.545500 19.381000 20.226000 23.808500 23.331000 23.459000 25.515000 24.085000 20.828500 20.595000 21.317000 18.571500 16.035000 17.690500 16.072000 12.624500 10.106500 7.028000 3.839000 0.000000 3.841500 5.481500 5.250500 7.444000 9.519500 10.007000 11.089500 13.310500 14.824500 15.645000 17.041000 19.101000 20.666000 21.412000 23.128000 25.197500 26.439500 24.594000 23.954000 20.405000 21.262500 23.005500 20.239500 17.793500 20.708500 21.491500 18.107000 18.358000 21.959500 21.369000 18.611000 20.902000 23.857000 22.324500 21.076500 24.484000 26.474500 25.004500 25.412000 29.035500 29.780000 28.584000 30.625000 33.574000 33.873000 35.000500 36.765000 38.533500 39.610000 41.236000 42.702500 45.624500 46.023000 45.786500 46.897500 47.270500 50.313000 50.673500 48.835000 50.752500 51.619500 49.260500 46.339500 47.451000 47.442500 43.995000 42.575000 44.421500 42.972500 39.471500 40.089500 41.537500 38.909500 35.903500 32.764500 31.515000 33.949500 33.216500 29.490000 30.375500 32.898500 30.514500 27.841500 30.671500 31.569000 28.118000 28.270000 31.885000 31.005500 28.255000 30.875500 33.225500 30.682500 29.870000 33.567500 33.973000 32.393000 33.883500 36.193000 38.072500
29.986500 28.368500 24.898500 22.887000 20.292500 17.017500 17.181500 20.702500 19.990000 17.469500 19.971000 22.777500 21.182500 20.600500 24.233500 25.394000 23.713500 25.585000 28.757500 29.082500 26.328500 24.348000 27.570000 28.599000 25.471500 26.346500 25.738500 29.331500 29.084500 25.926000 27.890000 30.763000 28.695000 27.336000 30.805500 29.888500 31.192000 29.618500 29.183000 27.462000 24.993000 24.639500 23.764000 20.727000 19.773500 20.441500 20.467000 20.388000 17.860500 15.328500 16.291000 15.992000 12.501000 11.694000 13.832500 12.513000 9.134000 11.193500 13.516000 11.372000 10.234500 13.873000 15.316500 13.456000 12.927500 12.281000 12.943500 14.266000 17.083000 19.951000 22.611000 25.079000 24.899000 24.720000 22.514000 24.329500 23.541000 19.819000 19.915000 22.125000 20.003000 16.802500 18.942000 20.687000 17.696500 16.117500 19.608500 19.969500 16.878000 18.293500 21.691000 20.929500 21.429000 23.894000 22.927000 19.424500 19.519000 20.800000 18.020000 15.424000 17.699500 16.858500 13.291500 11.654500 8.682500 5.692500 3.841500 0.000000 3.839500 5.623500 6.385000 7.490000 9.239500 10.811500 11.994500 13.495500 15.200500 16.448500 17.844000 19.760000 21.010500 22.292000 24.140500 25.881000 24.318500 24.259000 20.992000 22.086000 23.270500 20.129000 18.094000 20.957500 21.069500 17.484000 18.255500 21.581000 20.357500 17.766000 20.507000 23.020500 21.017500 20.132500 23.776000 25.281000 23.597000 24.477500 28.082500 28.374000 27.237000 29.652500 32.378500 32.414500 33.703000 35.619000 37.284000 38.459000 40.271500 41.794000 44.690500 44.999000 44.755000 45.908000 46.166000 49.250500 49.768000 47.898500 49.829000 50.454000 48.104500 45.267000 46.185500 45.967500 42.596000 41.190500 42.778000 41.197000 37.798000 38.310000 39.490500 36.798000 33.904000 30.924000 29.382500 31.871000 31.504000 27.733500 28.367000 31.150000 29.104500 26.241000 28.993500 30.303500 27.026000 26.862500 30.584000 30.138500 27.365000 29.748500 32.418500 30.207000 29.188000 32.858000 33.599000 32.097500 33.441000 35.813500 37.673500
32.596500 31.005000 27.616500 25.354000 22.846000 19.354500 19.254500 22.597500 21.629000 18.725000 21.101000 23.827000 21.816000 20.883500 24.598000 25.593500 23.417000 25.202000 28.523500 28.638000 25.565000 23.508500 26.736000 28.179000 25.358000 26.543500 26.438000 30.098500 29.706500 26.830000 29.162000 31.900000 29.800500 28.874000 32.440500 31.694000 32.926500 31.114000 30.952000 29.508000 26.741000 26.249500 25.820000 22.827000 21.330500 21.711000 21.137500 20.603500 17.653500 15.803500 16.909000 15.786500 12.265000 12.428500 14.035000 11.763000 8.858000 11.644500 13.023000 10.263500 10.227000 13.921500 14.480000 12.423000 11.531500 10.818500 10.997000 12.678000 15.242000 18.316500 21.049500 23.240500 22.727500 22.201000 19.689000 21.295500 20.797000 17.095000 16.762000 19.120500 17.392000 13.951500 15.863000 18.012000 15.414500 13.515500 17.043500 17.959000 15.168000 16.328000 19.860000 19.686500 20.439500 22.775500 21.516000 17.936500 17.418500 18.962500 16.700500 13.571000 15.488500 14.836000 11.610500 10.183000 6.961500 5.650000 5.481500 3.839500 0.000000 3.849500 5.604500 5.293500 6.119000 8.635000 10.001500 10.658000 12.340000 14.199000 15.433000 16.879000 18.402000 20.001500 21.501500 23.133500 21.313500 21.346000 18.153000 18.992500 19.939500 16.837000 14.712500 17.416500 17.465500 13.851500 14.613000 17.916500 16.757500 14.235500 17.045000 19.565500 17.772000 17.084500 20.677500 22.239500 20.909500 21.895000 25.368000 25.829000 25.053000 27.419000 30.020500 30.347500 31.831500 33.698000 35.460500 36.802000 38.541000 39.869000 42.707000 42.822500 42.386500 43.409500 43.516000 46.569500 46.989000 44.971500 46.755000 47.369000 44.907500 42.134500 43.212500 42.951000 39.501000 38.254500 39.973500 38.302000 34.907000 35.661500 36.900500 34.106500 31.265500 28.133500 26.624500 28.925500 28.367500 24.596500 25.249500 27.857000 25.671500 22.839500 25.610000 26.760500 23.435500 23.407500 27.109000 26.559000 23.869500 26.391500 28.979500 26.779000 25.952500 29.659000 30.365500 28.969500 30.451000 32.841500 34.744000
34.422500 33.095500 29.720000 27.789500 25.435500 22.033000 22.329000 25.724000 24.639000 21.976500 24.566500 27.182000 25.102500 24.417000 28.164500 28.982000 26.809000 28.761500 32.012500 31.924500 28.774500 26.465500 29.496500 31.134500 28.306500 29.225500 28.981500 32.703500 32.618500 29.771500 31.923500 34.851500 32.963000 31.899000 35.359000 34.334500 35.318500 33.351000 32.854000 31.573000 29.002500 28.140500 27.476500 24.777500 23.383500 23.346000 22.895500 22.781000 19.632000 17.772500 19.469500 18.538500 14.848000 15.330000 17.360500 15.106500 12.375000 15.287000 16.756500 13.937500 13.867500 17.583000 18.031000 15.673000 14.415000 13.042000 12.521000 13.437000 15.382000 18.531500 20.982500 23.226500 22.938500 22.466500 19.763500 21.790500 21.826500 18.068000 17.746000 20.636500 19.325500 15.905000 17.898500 20.489000 18.258000 16.373000 19.910500 21.186500 18.625500 19.616500 23.206000 23.283000 24.046000 26.230500 24.708000 21.228000 20.325500 21.662500 19.606000 16.358500 17.654000 16.414500 13.481500 11.205000 7.540000 6.631500 5.250500 5.623500 3.849500 0.000000 3.844000 5.526000 5.099500 6.120500 8.632000 9.932000 10.563000 12.103000 14.177500 15.595000 16.377500 18.186500 20.159500 21.370000 19.553000 19.097500 15.693000 16.832000 18.322000 15.355000 13.262500 16.451000 16.987000 13.775500 14.629500 18.214000 17.672000 15.513500 18.165000 20.939500 19.733000 19.205500 22.561000 24.400000 23.526500 24.389000 27.737000 28.519000 27.975500 30.133500 32.742500 33.348000 34.866000 36.622000 38.450500 39.828500 41.455500 42.658500 45.471500 45.525500 44.967500 45.887500 45.917500 48.921500 49.183500 47.033000 48.632000 49.313500 46.693500 44.002500 45.345500 45.067500 41.510500 40.479000 42.386000 40.614000 37.241000 38.273000 39.563000 36.652500 33.910000 30.638500 29.133000 31.126000 30.363500 26.620500 27.130000 29.412500 27.026000 24.147000 26.668000 27.491500 23.928000 23.829500 27.350000 26.437000 23.500000 26.003000 28.351000 25.793000 24.832500 28.510000 28.991500 27.397000 28.854000 31.198000 33.106000
36.028500 34.494000 31.009500 29.115500 26.434500 23.241000 23.194500 26.773000 26.188500 23.472000 25.724500 28.674500 26.957500 25.980000 29.620000 30.854000 28.768500 30.380000 33.777500 34.052000 31.004500 29.005500 32.231500 33.675500 30.813500 31.901000 31.585500 35.242000 34.949500 31.934500 34.055500 36.876500 34.739000 33.529500 37.045000 36.177000 37.434000 35.743500 35.240000 33.646500 31.192500 30.633000 29.737000 26.859500 25.810000 26.124500 25.908000 25.754000 22.785000 20.716500 22.039000 21.197000 17.593000 17.508500 19.287000 17.160000 14.014000 16.326000 17.759500 14.673000 13.909000 17.496000 17.892000 15.070000 13.525000 11.506000 10.799000 10.900000 12.800000 15.789000 18.092000 20.547000 20.628000 20.540000 18.262500 20.734000 20.508000 16.719500 17.180500 20.116500 18.485000 15.504500 18.165000 20.493500 18.125500 16.996000 20.741000 21.649000 19.352500 20.975000 24.340500 24.161500 25.342000 27.910000 26.796500 23.131500 22.466500 24.233000 22.149000 18.890500 20.551000 19.711000 16.705000 14.711000 11.101000 9.708000 7.444000 6.385000 5.604500 3.844000 0.000000 3.845000 5.494500 5.141000 6.240500 8.740500 10.002500 10.457500 12.243000 14.489000 15.243500 16.309500 18.552000 20.207500 19.030000 19.031500 15.998000 17.873500 19.018500 15.661000 14.441500 17.866500 17.781000 14.715500 16.422500 19.730500 18.749500 17.140000 20.236000 22.570500 21.135500 21.170500 24.649000 26.047500 25.171500 26.510000 29.765000 30.181500 29.809500 32.277500 34.645500 35.069500 36.762500 38.632000 40.357000 41.834000 43.617500 44.842500 47.617500 47.566500 46.950500 47.872500 47.733500 50.756500 51.115500 48.859000 50.358500 50.781500 48.071000 45.548500 46.815000 46.257000 42.733000 41.865000 43.552000 41.538000 38.323500 39.390500 40.350000 37.274000 34.760500 31.625500 29.710000 31.545500 31.169000 27.394500 27.402000 29.811500 27.782500 24.581000 26.739000 27.924500 24.440500 23.742500 27.242000 26.694500 23.485500 25.518500 28.147500 25.783500 24.294500 27.849500 28.649000 26.966500 28.085500 30.452500 32.301000
37.187000 35.434500 31.963500 29.692000 26.876500 23.551500 22.989000 26.455000 25.940500 22.847000 24.740000 27.785500 25.985000 24.534500 28.110000 29.473500 27.110500 28.398000 31.950500 32.329000 29.188000 27.443000 30.803000 32.330000 29.716500 31.220000 31.306000 34.915500 34.265500 31.396500 33.851000 36.407000 34.048000 33.181500 36.832000 36.312000 37.759500 36.095500 35.991500 34.392000 31.655500 31.332000 30.814000 27.730500 26.380500 26.874500 26.278500 25.577500 22.578000 20.912500 21.829000 20.431000 17.080500 17.168000 18.239000 15.678500 12.770500 15.008500 15.693500 12.261000 11.968000 15.342500 15.079500 12.123500 10.375000 8.386500 7.516000 8.168500 10.325500 13.470000 16.058500 18.253000 17.926000 17.586500 15.278500 17.439500 17.005000 13.212000 13.615500 16.395000 14.711000 11.722500 14.482000 16.757500 14.501500 13.557000 17.324000 18.282500 16.324000 18.103000 21.320000 21.341000 22.865500 25.528500 24.554000 20.808000 20.028000 22.237500 20.482500 17.063000 18.854500 18.656500 15.884000 14.637500 11.338500 10.623500 9.519500 7.490000 5.293500 5.526000 3.845000 0.000000 3.837000 5.465000 5.097500 6.265500 8.724000 9.844500 10.564000 12.615500 14.278000 15.289500 16.850000 18.884000 17.642000 18.257000 15.566000 17.203000 17.626500 14.050000 13.057500 16.116000 15.390000 12.114500 14.187500 17.140500 15.652000 14.246500 17.643000 19.576500 17.913500 18.332500 21.861500 22.911500 22.091000 23.778000 26.888500 27.083500 26.948500 29.588500 31.715500 32.122000 34.001000 35.919500 37.614500 39.223000 41.065000 42.213500 44.922000 44.722000 44.014500 44.897000 44.621000 47.641000 48.057000 45.737500 47.193000 47.465500 44.743000 42.294000 43.486000 42.798000 39.308000 38.502000 40.079500 37.972500 34.828500 35.927500 36.764000 33.629500 31.209500 28.119500 26.065500 27.850500 27.607000 23.827000 23.712500 26.219500 24.357500 21.076500 23.247500 24.658000 21.319000 20.531500 24.143500 23.893500 20.811500 22.820000 25.663000 23.626000 22.225500 25.813500 26.840500 25.380500 26.558500 28.992500 30.868500
38.497000 36.979000 33.603500 31.337000 28.806000 25.297000 25.013000 28.325500 27.354500 24.249000 26.394500 29.143000 26.924000 25.622500 29.294500 30.243500 27.618500 29.143500 32.620000 32.585000 29.215000 27.154500 30.289500 32.208000 29.775000 31.206500 31.506000 35.194500 34.729000 32.105000 34.658500 37.293500 35.163000 34.512000 38.124500 37.467500 38.622500 36.633500 36.522500 35.286000 32.435000 31.740500 31.454500 28.603500 26.883500 26.911000 25.978000 25.254500 21.934000 20.709500 22.086500 20.380500 16.978500 17.865000 19.035500 16.073500 13.751500 16.633000 17.033500 13.633500 14.242000 17.643500 17.032000 14.326500 12.550500 10.832500 9.493000 10.413500 11.736500 15.006500 17.466500 19.296500 18.626500 17.824000 14.895500 16.840500 17.174000 13.494500 12.984000 16.150000 15.302500 11.974000 14.035500 16.977000 15.368500 13.747500 17.268000 18.968500 17.168500 18.255500 21.646500 22.260000 23.610500 25.862500 24.379500 20.811500 19.393000 21.365000 20.030500 16.376500 17.432000 16.912000 14.625000 13.152000 9.927000 10.388500 10.007000 9.239500 6.119000 5.099500 5.494500 3.837000 0.000000 3.845000 5.458500 5.151500 6.257000 8.573000 9.938000 10.939000 12.396000 14.296000 15.697000 17.096500 15.236500 15.402000 12.437000 13.673000 14.344500 11.005500 9.489000 12.653500 12.471000 9.302500 11.060000 14.314000 13.516000 12.129500 15.211500 17.509500 16.504000 16.829500 20.064000 21.540500 21.208000 22.592000 25.572500 26.251000 26.345000 28.642000 30.823500 31.642000 33.530500 35.283500 37.113500 38.766500 40.413000 41.373500 44.048500 43.774000 42.933000 43.686500 43.384500 46.340000 46.560000 44.153000 45.480500 45.932500 43.119500 40.659000 42.128500 41.575500 37.972000 37.281000 39.164000 37.107000 33.895000 35.259500 36.358000 33.225500 30.763000 27.445500 25.695500 27.272500 26.548000 22.836000 22.970500 25.068000 22.776500 19.709500 21.958000 22.823000 19.251000 18.897000 22.395500 21.619500 18.598000 21.007000 23.480500 21.108000 20.087000 23.783000 24.452500 23.005000 24.493500 26.912000 28.873500
40.318500 38.912500 35.491500 33.506000 30.949500 27.586000 27.501500 30.964000 30.114000 27.195000 29.433500 32.254500 30.172500 29.016000 32.698500 33.704500 31.208500 32.780500 36.244500 36.236000 32.903000 30.769000 33.851500 35.751000 33.206500 34.445500 34.514500 38.233000 37.943500 35.204500 37.562000 40.337500 38.267500 37.379000 40.934500 40.097000 41.185500 39.219000 38.815500 37.533500 34.903500 34.077000 33.468000 30.743500 29.294500 29.211500 28.552500 28.191000 24.861500 23.391500 25.016000 23.628000 20.069500 20.778500 22.296000 19.553000 16.975000 19.725500 20.453000 17.047500 17.153500 20.608500 20.174000 17.205500 15.231000 12.925000 11.223500 10.993000 11.599000 14.694000 16.720500 18.720000 18.531500 18.064000 15.298500 17.885500 18.530500 14.920500 14.930500 18.401000 17.678000 14.745000 17.104500 20.056000 18.547000 17.292500 20.836000 22.464500 20.767500 22.019000 25.362500 25.883500 27.298500 29.622500 28.157500 24.586000 23.179500 25.063000 23.664000 20.045500 20.967000 20.110000 17.816000 15.832000 12.378000 12.446500 11.089500 10.811500 8.635000 6.120500 5.141000 5.465000 3.845000 0.000000 3.843000 5.498500 5.179000 6.018000 8.530000 10.070500 10.443500 12.142500 14.346500 15.505500 14.085500 13.926500 10.945000 13.075500 14.195000 10.885500 10.089000 13.761000 13.793500 11.374500 13.441000 16.637500 16.215000 15.350000 18.304500 20.575000 19.885000 20.410000 23.491000 24.990000 24.869000 26.272000 29.162000 29.899500 30.106500 32.368500 34.508000 35.387500 37.302500 39.029000 40.850500 42.522000 44.156500 45.082000 47.737500 47.424500 46.516000 47.217500 46.830000 49.751500 49.904500 47.394500 48.560500 48.967000 46.026500 43.699500 45.308500 44.647000 41.008500 40.520000 42.427000 40.229000 37.115500 38.640500 39.635000 36.392500 34.095000 30.787500 28.899000 30.209000 29.530000 25.884500 25.703000 27.591500 25.358000 22.184000 23.998000 24.749500 21.098500 20.375500 23.606000 22.692000 19.339500 21.401500 23.746000 21.134000 19.659000 23.212000 23.814000 22.087500 23.327000 25.698000 27.622000
41.817500 40.145500 36.654000 34.521500 31.677000 28.425500 27.881000 31.396500 30.948500 27.860000 29.687000 32.773500 30.951500 29.402500 32.943500 34.320500 31.815000 32.981500 36.592500 36.926000 33.672000 31.905500 35.194000 36.933500 34.454500 35.987500 36.152000 39.793500 39.184500 36.373000 38.838500 41.411000 39.055500 38.200000 41.846500 41.289000 42.682000 40.954000 40.732000 39.193000 36.522500 36.048000 35.433000 32.464000 31.144000 31.431500 30.804000 30.187500 27.009000 25.493000 26.659500 25.156500 21.765000 22.096500 23.175500 20.435000 17.691500 19.934500 20.356500 16.764000 16.555000 19.683000 18.949500 15.700500 13.477000 10.739000 8.724000 7.740500 8.052000 11.102500 13.130000 15.197500 15.163000 14.958000 12.648000 15.560000 15.809500 12.217500 13.059000 16.416000 15.387500 13.015500 15.947000 18.529500 17.012500 16.534500 20.134500 21.415000 20.110500 21.892000 24.927500 25.291500 27.136000 29.774000 28.722000 25.017000 23.824500 26.177500 24.836500 21.227000 22.541500 22.250000 19.895000 18.395000 15.019000 14.779500 13.310500 11.994500 10.001500 8.632000 6.240500 5.097500 5.458500 3.843000 0.000000 3.845000 5.527000 5.077500 6.050000 8.715500 9.792000 10.401500 12.438500 14.445500 13.765500 14.575500 12.387500 14.890500 15.150500 11.460500 11.697500 15.084500 14.130000 11.804500 14.663500 17.313000 16.191000 15.867500 19.238500 20.899000 19.855000 20.951500 24.133000 25.072500 24.910500 26.820500 29.570000 29.869500 30.269500 32.850500 34.689000 35.366000 37.472000 39.310500 41.012000 42.800000 44.594000 45.525000 48.120000 47.676000 46.709500 47.412000 46.844000 49.777500 50.062000 47.470000 48.561000 48.672000 45.686500 43.532000 44.994500 44.043000 40.483000 40.131000 41.765000 39.344500 36.416500 37.937000 38.580500 35.205000 33.156500 30.036500 27.752000 28.912000 28.669000 25.035500 24.356000 26.416000 24.640500 21.180000 22.647500 23.887000 20.463500 19.112000 22.364500 22.025000 18.538000 20.070000 22.838000 20.680500 18.729500 22.148500 23.241000 21.604000 22.506000 24.931000 26.794500
43.014000 41.309500 37.887500 35.493000 32.724500 29.300000 28.564500 31.888000 31.244000 27.926000 29.619500 32.577000 30.498500 28.717500 32.215500 33.448000 30.637500 31.676500 35.317000 35.505500 32.103500 30.393500 33.622500 35.598500 33.422000 35.204000 35.762500 39.378000 38.608000 36.050000 38.785500 41.191500 38.814000 38.325500 42.027000 41.650000 43.021500 41.155000 41.225000 39.870000 36.950000 36.466000 36.240000 33.251500 31.548500 31.743500 30.700000 29.693000 26.399500 25.387000 26.464000 24.464000 21.309500 22.105000 22.736500 19.589500 17.384500 19.812500 19.572500 15.899000 16.493000 19.389000 18.016500 14.961500 12.684500 10.349000 8.118000 7.990500 7.895500 11.034000 13.218000 14.652000 13.854000 12.960500 10.049500 12.476000 13.099500 9.569500 9.659000 13.205500 12.768500 10.259500 12.790000 15.715000 14.794500 14.140000 17.478500 19.211000 18.334500 19.809000 22.733500 23.583000 25.558500 27.999500 26.805500 23.211500 21.626000 24.153000 23.310500 19.580500 20.586000 20.652500 18.784500 17.776500 14.821500 15.392500 14.824500 13.495500 10.658000 9.932000 8.740500 6.265500 5.151500 5.498500 3.845000 0.000000 3.841500 5.522500 5.207500 6.452000 8.738000 10.007000 10.936500 12.922000 11.681000 12.924000 11.017500 12.929000 12.490000 8.687000 9.075000 12.007000 10.570500 8.241500 11.441500 13.740500 12.515000 12.602500 15.989000 17.385500 16.559000 17.992500 20.962500 21.794000 21.980500 23.998500 26.501000 26.873000 27.598000 30.100500 31.747000 32.629000 34.867000 36.637500 38.372500 40.275000 41.998000 42.765500 45.276500 44.680500 43.577500 44.176500 43.491000 46.379500 46.603000 43.925500 44.916500 45.006000 41.973000 39.870000 41.415500 40.441000 36.853000 36.612500 38.323000 35.866500 32.964500 34.654500 35.348500 31.941500 29.955000 26.761500 24.548000 25.524500 25.114000 21.537000 20.878500 22.767500 20.892000 17.471500 18.981500 20.110500 16.663500 15.454500 18.794000 18.428000 15.067500 16.872000 19.666000 17.629000 16.029000 19.601500 20.707000 19.331500 20.535500 23.029000 24.984000
44.574500 43.118000 39.742000 37.516000 34.956000 31.466000 31.090500 34.405500 33.469500 30.279000 32.273000 35.040000 32.735000 31.223500 34.822000 35.751000 32.876500 34.191000 37.731000 37.603000 34.081000 32.057000 35.061000 37.286500 35.142500 36.704000 37.242000 40.931000 40.437000 37.979000 40.642000 43.215500 41.071500 40.572000 44.202500 43.587500 44.685000 42.587000 42.467500 41.360500 38.494000 37.655000 37.409000 34.669500 32.864500 32.663000 31.556500 30.775500 27.282000 26.413000 27.957500 25.988500 22.706000 23.907000 24.880000 21.660000 19.644500 22.462500 22.381500 18.802000 19.610000 22.700000 21.426500 18.484500 16.256000 13.976000 11.698500 11.397500 10.742000 13.584500 15.284500 16.527500 15.807500 14.791000 11.566500 14.002500 15.493500 12.352500 11.851000 15.615500 15.873000 13.330500 15.249500 18.552500 18.014500 16.916500 20.035500 22.192000 21.277500 22.287500 25.357500 26.494500 28.245500 30.394500 28.812500 25.380000 23.415500 25.588500 24.929500 21.131500 21.541000 21.104000 19.562500 18.111000 15.187000 16.214500 15.645000 15.200500 12.340000 10.563000 10.002500 8.724000 6.257000 5.179000 5.527000 3.841500 0.000000 3.835500 5.505000 5.323500 6.233500 8.716500 10.064000 10.952000 9.168500 9.583000 7.294500 9.525500 9.675500 6.081500 6.623500 10.059500 9.515000 8.087500 10.885500 13.391500 13.232000 13.505000 16.330000 18.090500 18.030500 19.286500 21.886000 23.158000 23.767500 25.421000 27.804000 28.636000 29.484500 31.643500 33.377000 34.594000 36.776500 38.389500 40.228500 42.125000 43.668500 44.295500 46.781000 46.156500 44.950500 45.432500 44.735500 47.543500 47.562500 44.802000 45.627000 45.891500 42.750000 40.684500 42.530000 41.671000 37.990500 37.908500 39.898500 37.480500 34.562500 36.499000 37.401500 34.010000 32.033500 28.687000 26.750500 27.478500 26.646500 23.222000 22.722000 24.104500 21.859500 18.712500 20.060000 20.517500 16.849500 15.959500 18.914000 17.849500 14.385500 16.408000 18.630000 16.006000 14.544000 18.144000 18.762500 17.167000 18.579000 21.031000 23.067500
46.143000 44.643500 41.191000 39.131000 36.415000 33.094000 32.694000 36.169000 35.517000 32.414500 34.338500 37.300000 35.249000 33.720500 37.293000 38.459500 35.742000 36.959000 40.555000 40.640500 37.214000 35.286000 38.390500 40.453500 38.162000 39.671000 39.996500 43.688000 43.200500 40.557000 43.082500 45.704500 43.472000 42.742000 46.371000 45.719500 46.921500 44.980000 44.689000 43.385000 40.691500 39.937000 39.393500 36.616000 35.122000 35.055500 34.240500 33.661500 30.255000 29.055500 30.562500 28.862000 25.462500 26.272000 27.392500 24.392500 21.987500 24.520000 24.694500 21.052000 21.276000 24.340500 23.240000 20.031500 17.667500 14.909500 12.445500 11.069000 9.772000 12.199500 13.404500 14.888500 14.821000 14.400500 11.812500 14.964500 16.310500 13.309500 13.783500 17.493000 17.468000 15.451000 17.895000 20.875500 20.165500 19.612500 22.874000 24.674500 23.806000 25.227000 28.199500 29.049000 30.965000 33.361500 32.014000 28.462500 26.749000 29.026500 28.148500 24.392500 25.066500 24.585000 22.771500 21.103000 17.891000 18.329000 17.041000 16.448500 14.199000 12.103000 10.457500 9.844500 8.573000 6.018000 5.077500 5.522500 3.835500 0.000000 3.838500 5.502000 4.994000 6.158000 8.726500 9.929500 9.436000 10.078000 8.486000 11.698000 11.913500 8.598000 10.035000 13.397500 12.644500 11.649500 14.647000 16.930000 16.580000 17.097000 20.050000 21.601000 21.387000 22.829500 25.509000 26.566500 27.095500 28.943500 31.326500 31.951000 32.808000 35.129500 36.782500 37.856000 40.088500 41.767500 43.535000 45.453000 47.091500 47.765000 50.244000 49.594000 48.377000 48.870500 48.085500 50.893500 50.962500 48.143500 48.878000 48.979500 45.771500 43.854500 45.668500 44.618000 40.980000 41.033500 42.870000 40.287500 37.513500 39.464500 40.123000 36.629500 34.842500 31.628000 29.414000 29.997000 29.471000 26.086000 25.177000 26.586000 24.672500 21.348500 22.241000 22.932500 19.436000 17.945500 20.637000 19.852000 16.153500 17.438000 19.753000 17.258000 15.046500 18.304500 19.156500 17.323500 18.161500 20.556500 22.480000
47.593500 45.866000 42.392500 40.106500 37.211000 33.915000 33.096000 36.509500 36.088000 32.786500 34.333500 37.425000 35.490000 33.585500 37.000500 38.394500 35.578000 36.417500 40.112000 40.418000 37.027500 35.429000 38.658500 40.661000 38.541500 40.369500 40.915000 44.525500 43.719000 41.123500 43.831500 46.217500 43.757500 43.202000 46.914000 46.562000 47.998500 46.197500 46.175000 44.738000 41.911500 41.438000 41.050000 38.069000 36.522000 36.717000 35.772000 34.848500 31.534500 30.471500 31.587000 29.637000 26.465000 27.150000 27.781500 24.683000 22.381000 24.579500 24.291000 20.576500 20.860500 23.519500 21.974000 18.745500 16.267500 13.494000 10.842000 9.204500 7.166000 9.260000 10.370500 11.456000 11.118500 10.604000 8.231000 11.625500 12.824500 10.086000 11.121000 14.658000 14.689000 13.330000 15.958500 18.633500 18.224000 18.273500 21.356000 22.996000 22.636000 24.321500 26.945000 27.836500 30.108500 32.648000 31.595000 28.026000 26.377000 29.046500 28.382500 24.647500 25.527000 25.604500 23.887000 22.741000 19.699500 20.151000 19.101000 17.844000 15.433000 14.177500 12.243000 10.564000 9.938000 8.530000 6.050000 5.207500 5.505000 3.838500 0.000000 3.842500 5.460000 5.114500 6.454500 8.974000 9.158000 11.162000 10.566000 13.423500 12.521000 9.031500 11.216000 13.932000 12.120000 11.303000 14.858000 16.464000 15.467500 16.569500 19.763500 20.664500 20.228500 22.216000 24.854000 25.379000 25.983000 28.254000 30.405500 30.673000 31.793500 34.326000 35.643000 36.606000 39.023500 40.758000 42.421500 44.465500 46.205000 46.825000 49.212000 48.401500 47.099500 47.557500 46.583000 49.374000 49.543000 46.644000 47.285500 47.115500 43.875000 42.134000 43.826000 42.518500 38.965500 39.172500 40.779000 38.007000 35.429000 37.418000 37.782000 34.190000 32.666500 29.630500 27.126000 27.481500 27.294500 24.003000 22.649000 24.113500 22.628000 19.117500 19.639500 20.757000 17.550500 15.483500 18.177000 18.007500 14.286000 15.063000 17.861000 15.978000 13.434000 16.593500 18.023000 16.493000 17.100500 19.580000 21.468000
49.257000 47.632000 44.232500 41.843500 39.112500 35.660500 34.899000 38.167500 37.453000 34.069000 35.677500 38.564000 36.337000 34.422000 37.841500 38.962500 35.911500 36.799000 40.437000 40.467000 36.928500 35.225500 38.269500 40.559500 38.692500 40.580000 41.398000 45.010000 44.229500 41.879500 44.737000 47.081000 44.734500 44.440500 48.147500 47.804000 49.081500 47.067000 47.163500 45.986500 43.011000 42.357500 42.241500 39.372500 37.510000 37.450500 36.187500 35.100000 31.640500 31.004000 32.269000 30.007500 26.972500 28.148500 28.642500 25.270500 23.438500 25.931500 25.297500 21.629500 22.536500 25.146000 23.267000 20.290000 17.871000 15.482000 12.880500 11.967500 9.938000 11.847500 12.779500 13.119000 12.083500 10.778000 7.619000 10.328000 12.548000 10.339500 10.219000 13.883000 14.877000 13.467000 15.291500 18.351500 18.626500 18.300500 20.976000 23.149000 23.076500 24.265000 26.838000 28.226000 30.441500 32.655500 31.308000 27.949500 25.847000 28.426500 28.229500 24.440500 24.792500 24.896500 23.713500 22.734000 20.052500 21.170500 20.666000 19.760000 16.879000 15.595000 14.489000 12.615500 10.939000 10.070500 8.715500 6.452000 5.323500 5.502000 3.842500 0.000000 3.845000 5.384500 5.059500 6.608000 5.778500 8.217500 8.250500 10.614000 9.046000 5.832000 8.824500 10.941500 9.015000 9.216000 12.683500 13.822000 13.377000 15.034000 17.796500 18.568000 18.777500 20.929000 23.114500 23.752500 24.876500 27.010000 28.851500 29.419000 30.858500 33.117500 34.307500 35.607000 38.078000 39.659500 41.392500 43.514000 45.089500 45.500000 47.792000 46.845500 45.379500 45.682500 44.604500 47.300000 47.301000 44.291500 44.743000 44.649500 41.311000 39.652500 41.583000 40.320000 36.707000 37.111000 38.931500 36.160500 33.619500 35.885500 36.405000 32.819500 31.374500 28.225000 25.966000 25.996500 25.423500 22.330000 21.076500 22.032000 20.273500 17.015000 17.378500 17.943500 14.627500 12.812500 15.256000 14.611000 10.856000 11.972500 14.453500 12.298000 10.060500 13.488000 14.677500 13.279000 14.357500 16.927500 18.994500
50.550500 49.104000 45.697500 43.541000 40.895000 37.475500 37.012000 40.380500 39.580500 36.357000 38.214000 41.067000 38.809500 37.145500 40.670500 41.685000 38.715000 39.832500 43.422000 43.327000 39.762500 37.830500 40.776500 43.125500 41.130500 42.770500 43.395500 47.077500 46.548000 44.133000 46.828000 49.364500 47.165500 46.690000 50.339500 49.757000 50.870000 48.766500 48.595500 47.492000 44.668500 43.786000 43.468500 40.771000 39.021000 38.747500 37.635500 36.872500 33.328500 32.551500 34.150000 32.117500 28.879500 30.097000 30.988500 27.713000 25.724000 28.390000 28.122000 24.462000 25.166000 28.028500 26.448500 23.370000 20.941500 18.344500 15.698500 14.388500 12.264500 13.970500 14.428500 14.989000 14.552000 13.707500 10.982000 13.819500 16.176000 14.051500 14.032500 17.700000 18.659000 17.125000 18.954000 22.104500 22.231000 21.713500 24.495500 26.713500 26.392500 27.497000 30.251500 31.586500 33.640500 35.801500 34.279000 30.926500 28.769000 31.084000 30.759500 26.944500 27.103500 26.743500 25.527500 24.068500 21.221500 22.271500 21.412000 21.010500 18.402000 16.377500 15.243500 14.278000 12.396000 10.443500 9.792000 8.738000 6.233500 4.994000 5.460000 3.845000 0.000000 3.846000 5.401000 5.173000 4.802000 6.078500 6.408500 9.694500 9.053000 6.683000 9.665500 12.139500 11.232000 11.825500 14.794000 16.242500 16.460500 17.905000 20.376500 21.514500 22.027500 23.902000 26.001500 26.964500 28.159000 30.037000 31.936500 32.752500 34.116500 36.214500 37.552500 38.968500 41.354500 42.874500 44.664000 46.736000 48.232500 48.625000 50.937500 50.034000 48.554500 48.821000 47.776500 50.431000 50.315500 47.280000 47.638500 47.660000 44.265000 42.639000 44.740500 43.551000 39.902000 40.380000 42.342500 39.603500 37.057500 39.409000 40.025000 36.458500 35.000000 31.790000 29.656000 29.628500 28.885000 25.863000 24.705000 25.430500 23.515500 20.448500 20.687500 20.853000 17.509500 15.893500 17.864500 16.739000 13.020000 13.937500 15.740500 13.082000 10.655000 13.717000 14.413500 12.522000 13.404500 15.852500 17.926500
52.052000 50.445500 46.970000 44.824000 41.971000 38.696500 38.012500 41.467000 40.999000 37.752000 39.380000 42.445000 40.449000 38.604500 42.037500 43.354000 40.478500 41.354000 45.033000 45.228500 41.768000 40.066500 43.180000 45.341500 43.281500 45.034500 45.582000 49.231000 48.543000 45.986000 48.659000 51.120000 48.733500 48.151500 51.840000 51.381000 52.706500 50.810000 50.647000 49.303000 46.544000 45.888500 45.416000 42.568500 41.037000 41.025000 40.084500 39.302500 35.874000 34.876000 36.238000 34.301500 31.062000 31.907500 32.689000 29.543500 27.293000 29.600500 29.340500 25.622500 25.921000 28.583500 26.985000 23.747000 21.239500 18.388500 15.658000 13.624000 10.940000 11.869000 11.646000 12.176000 12.289500 12.048000 10.256000 13.613000 15.587500 13.767500 14.707500 18.115000 18.758000 17.841500 20.130500 22.853500 22.883500 22.981500 25.831500 27.657500 27.523000 29.064500 31.616000 32.698000 35.009500 37.443500 36.255000 32.777000 30.891000 33.466500 33.004000 29.220500 29.749500 29.616500 28.148000 26.768000 23.736000 24.352000 23.128000 22.292000 20.001500 18.186500 16.309500 15.289500 14.296000 12.142500 10.401500 10.007000 8.716500 6.158000 5.114500 5.384500 3.846000 0.000000 3.845500 5.347000 7.267500 9.320500 10.165500 13.494500 12.550500 10.127000 13.208500 15.588500 14.092000 14.514000 17.851500 19.069500 18.716500 20.348500 23.129500 23.910000 24.059500 26.220500 28.473000 29.044500 30.093000 32.302500 34.177000 34.632500 36.042500 38.399000 39.563000 40.760000 43.247500 44.869000 46.548500 48.675000 50.316500 50.762500 53.049000 52.083500 50.597500 50.891000 49.725500 52.390500 52.400000 49.321000 49.625500 49.386500 45.967000 44.506000 46.460000 45.014000 41.461000 42.048500 43.744000 40.818000 38.459000 40.764000 41.048000 37.385000 36.160500 33.156500 30.679500 30.525000 30.223000 27.244000 25.624000 26.496500 25.073000 21.788500 21.608500 22.261500 19.249000 16.958000 18.768000 18.311000 14.554000 14.552500 16.733500 14.726000 11.566500 14.064000 15.393500 13.620500 13.642000 15.994000 17.843500
53.806000 52.101500 48.657000 46.289500 43.419000 40.068500 39.144000 42.461000 41.972500 38.555500 39.964500 42.983000 40.905000 38.814500 42.126500 43.432000 40.374000 41.017500 44.709000 44.896000 41.399000 39.875500 42.954000 45.219000 43.427000 45.423000 46.272000 49.856000 48.964500 46.588500 49.466000 51.734000 49.264000 48.957500 52.693000 52.447000 53.840500 51.919500 52.016500 50.733000 47.794000 47.232000 47.028500 44.103500 42.353000 42.380000 41.175000 40.069000 36.639000 35.963000 37.139500 34.878500 31.878500 32.903500 33.290500 29.958500 28.043500 30.286500 29.546500 25.855500 26.531000 28.887500 26.840000 23.789000 21.296000 18.725500 16.015500 14.351500 11.453000 12.047500 11.658500 11.164000 10.490500 9.635500 7.808500 10.714500 13.206500 12.154000 12.834000 15.944000 17.186000 16.771500 18.648000 21.264000 21.889500 22.182500 24.618000 26.590500 26.955500 28.374000 30.624000 31.997000 34.488000 36.812000 35.671000 32.334000 30.272500 33.029000 32.958000 29.202500 29.590000 29.840000 28.712000 27.761500 25.027500 25.981000 25.197500 24.140500 21.501500 20.159500 18.552000 16.850000 15.697000 14.346500 12.438500 10.936500 10.064000 8.726500 6.454500 5.059500 5.401000 3.845500 0.000000 3.840500 6.141500 9.442000 11.144000 13.746000 11.759500 9.703500 13.277000 14.815500 12.649000 13.711000 17.144000 17.603500 17.111500 19.366000 21.989000 22.217500 22.560000 25.128500 27.061000 27.303500 28.673500 31.065500 32.579500 32.941000 34.697000 37.023500 37.865500 39.161500 41.788000 43.349500 44.980000 47.225500 48.836000 49.123500 51.276500 50.124000 48.492000 48.669500 47.311500 49.893000 49.881500 46.697000 46.819500 46.420500 42.937500 41.671000 43.659000 42.052500 38.555000 39.375000 41.008500 37.961000 35.798000 38.275500 38.426500 34.726000 33.766000 30.870500 28.356500 27.825000 27.562000 24.838000 22.952500 23.518000 22.321000 19.138000 18.494500 19.131000 16.426000 13.822000 15.287500 15.107000 11.444000 10.937000 13.304000 11.797000 8.405500 10.857000 12.672000 11.368000 11.420000 13.931500 15.867500
55.419500 53.906500 50.506500 48.227000 45.526500 42.088000 41.415000 44.713000 43.963000 40.607000 42.247500 45.106500 42.814000 40.911500 44.313500 45.357000 42.217500 43.080500 46.693000 46.604000 43.000000 41.238500 44.122500 46.603000 44.872000 46.720000 47.599500 51.231000 50.539500 48.274500 51.129000 53.511500 51.227500 50.958000 54.648500 54.232500 55.402500 53.280000 53.271000 52.210000 49.278500 48.445000 48.283500 45.549000 43.672000 43.396000 42.095000 41.109500 37.545500 37.037000 38.525500 36.238000 33.189000 34.535500 35.117500 31.693500 29.948000 32.501500 31.828500 28.168500 29.080000 31.628500 29.628000 26.647500 24.181500 21.687500 18.973000 17.540500 14.817000 15.630500 15.244000 14.758000 14.100000 13.077000 10.952500 13.261000 16.255000 15.280500 15.246500 18.448000 20.104500 19.364500 20.796000 23.736000 24.556000 24.404000 26.714500 29.040500 29.319000 30.361500 32.748500 34.371000 36.670000 38.745000 37.283000 34.081500 31.722500 34.210500 34.314000 30.523500 30.472500 30.418500 29.583000 28.433000 25.827000 27.109000 26.439500 25.881000 23.133500 21.370000 20.207500 18.884000 17.096500 15.505500 14.445500 12.922000 10.952000 9.929500 8.974000 6.608000 5.173000 5.347000 3.840500 0.000000 3.816500 6.679000 9.377000 11.817000 9.988000 9.068500 12.783000 14.023500 12.581500 14.386000 17.313500 17.717500 18.037000 20.342500 22.479000 22.931000 23.854500 26.241500 27.848000 28.433500 30.125500 32.203000 33.593000 34.342500 36.190500 38.211500 39.117000 40.704000 43.273000 44.688500 46.410000 48.647500 50.087000 50.240000 52.355000 51.173000 49.448500 49.510000 48.146000 50.635500 50.424000 47.178000 47.136500 46.913500 43.354000 42.133000 44.395500 42.925500 39.368000 40.322000 42.219000 39.252000 37.076000 39.754500 40.130000 36.490500 35.508000 32.482000 30.277000 29.587500 28.902000 26.344500 24.718500 24.823500 23.270500 20.460000 19.776000 19.679500 16.895500 14.827500 15.758500 14.755500 11.268000 11.003000 12.321500 10.109500 6.911000 9.174000 10.215000 8.491500 8.779500 11.385500 13.612000
53.415500 52.017000 48.693000 46.376000 43.855500 40.305500 39.782000 42.970000 41.946000 38.608000 40.402500 43.063500 40.557500 38.791500 42.241000 43.025500 39.809000 40.856000 44.376500 44.045500 40.370000 38.441000 41.175000 43.802500 42.154500 43.931500 44.906500 48.539000 47.952000 45.832000 48.717500 51.127500 48.997500 48.849000 52.498000 52.012500 53.018500 50.737000 50.769000 49.910500 46.909000 45.920500 45.934000 43.314500 41.236500 40.769500 39.295500 38.274500 34.647000 34.369000 35.996000 33.602000 30.620000 32.278000 32.885000 29.365000 27.900500 30.709500 29.984000 26.420000 27.698000 30.359000 28.364500 25.571000 23.204500 20.988500 18.396500 17.602000 15.377500 16.840500 17.143500 16.891500 15.794500 14.289000 11.339500 13.124500 16.305500 14.993500 14.092000 17.465000 19.347500 18.066000 19.045000 22.327500 23.221500 22.535500 24.741500 27.392500 27.520000 28.167000 30.699000 32.539000 34.603500 36.428000 34.694500 31.628500 29.048500 31.316000 31.568000 27.789000 27.422000 27.241500 26.668500 25.557500 23.206000 24.869500 24.594000 24.318500 21.313500 19.553000 19.030000 17.642000 15.236500 14.085500 13.765500 11.681000 9.168500 9.436000 9.158000 5.778500 4.802000 7.267500 6.141500 3.816500 0.000000 3.826000 6.451500 8.252500 6.193500 5.677000 9.364500 10.355500 9.371500 11.478000 14.000500 14.496000 15.336500 17.491500 19.314000 20.049500 21.289500 23.419500 24.873500 25.791500 27.595000 29.379000 30.787000 31.841000 33.632000 35.429500 36.487000 38.248500 40.720000 42.052000 43.866500 46.046500 47.365500 47.483000 49.626500 48.514000 46.815000 46.871000 45.640000 48.136500 47.835000 44.652000 44.711000 44.738000 41.228500 39.808000 42.168500 40.957000 37.309500 38.106500 40.238000 37.470000 35.091000 37.769000 38.462000 34.929500 33.695000 30.483000 28.604000 28.091500 27.002000 24.381000 23.230500 23.264000 21.223500 18.617500 18.434500 17.903500 14.749500 13.433000 14.675000 12.979000 9.515500 10.521500 11.551500 8.543500 6.565000 9.735500 9.998500 8.287500 10.010000 12.570000 14.908500
52.841500 51.673000 48.408000 46.271000 43.953000 40.375500 40.202500 43.389500 42.122500 38.952500 41.053500 43.552500 40.902500 39.458000 43.021500 43.555000 40.392000 41.765500 45.175500 44.596500 40.878500 38.648000 41.204000 43.940000 42.211000 43.707500 44.550500 48.232000 47.937000 45.846500 48.592500 51.185000 49.287500 49.048500 52.609000 51.869500 52.626500 50.178500 50.003000 49.337500 46.435500 45.160000 45.112000 42.724500 40.627000 39.863000 38.425500 37.676000 33.967000 33.701000 35.683500 33.451000 30.355500 32.216500 33.178000 29.721000 28.296000 31.382500 30.955500 27.481500 28.797000 31.731000 30.027500 27.273000 24.981000 22.793000 20.278000 19.631500 17.760500 19.551500 20.024000 20.147000 19.267500 17.888500 14.791500 16.567500 19.655000 17.975500 16.797000 20.307000 22.073000 20.284000 21.127000 24.648000 25.322000 24.154000 26.453000 29.268000 29.019500 29.386000 32.184500 34.047500 35.800500 37.438500 35.407500 32.423000 29.727000 31.602500 31.774000 28.015000 27.339000 26.659000 26.184500 24.697500 22.404500 24.227000 23.954000 24.259000 21.346000 19.097500 19.031500 18.257000 15.402000 13.926500 14.575500 12.924000 9.583000 10.078000 11.162000 8.217500 6.078500 9.320500 9.442000 6.679000 3.826000 0.000000 3.846000 5.662500 5.302000 6.003000 8.663000 9.914000 10.382000 12.370000 14.131000 15.161000 16.719000 18.341500 19.781000 21.105000 22.622000 24.245000 25.621000 27.049000 28.840000 30.194000 31.742000 33.170500 34.760500 36.297500 37.635500 39.548500 41.846500 43.087500 45.005000 47.072500 48.257500 48.380000 50.581000 49.598500 47.957500 48.016000 46.956500 49.436500 49.003000 45.897000 46.010500 46.326000 42.860000 41.287500 43.794500 42.856000 39.146000 39.813000 42.186000 39.624000 37.078000 39.734000 40.722000 37.305500 35.838000 32.472000 30.898500 30.584500 29.157500 26.497000 25.788500 25.763000 23.322500 20.973500 21.182000 20.235000 16.898500 16.273000 17.508000 15.213500 12.119500 13.670000 14.031000 10.505000 9.462000 12.264500 11.585000 9.652500 11.655500 13.837500 16.079500
49.239500 48.155000 44.914000 42.866500 40.649000 37.073000 37.100500 40.291000 38.918000 35.869500 38.159000 40.587000 37.919000 36.695000 40.339000 40.784000 37.740000 39.336000 42.690000 42.052000 38.361500 35.971000 38.522000 41.190000 39.291500 40.607000 41.281000 44.995000 44.849000 42.690500 45.319000 48.027500 46.235500 45.877000 49.386500 48.509000 49.179500 46.707000 46.418500 45.778000 42.944000 41.586000 41.466000 39.149000 37.093000 36.266500 34.926500 34.347500 30.635500 30.234000 32.354500 30.297000 27.086500 28.948000 30.155500 26.810500 25.310500 28.531000 28.393000 25.000000 26.257500 29.397500 28.014000 25.297500 23.116500 21.006000 18.665000 18.307000 17.022000 19.314500 20.286500 20.934000 20.134500 18.845000 15.495000 17.419500 20.070000 17.766500 16.488500 20.165500 21.488500 19.144500 20.104000 23.743500 23.961500 22.434000 24.984500 27.752500 27.055500 27.353500 30.414500 32.105500 33.610500 35.234000 33.106000 30.070500 27.487000 29.148000 29.036000 25.290500 24.669000 23.683000 23.001500 21.253500 18.873000 20.669500 20.405000 20.992000 18.153000 15.693000 15.998000 15.566000 12.437000 10.945000 12.387500 11.017500 7.294500 8.486000 10.566000 8.250500 6.408500 10.165500 11.144000 9.377000 6.451500 3.846000 0.000000 3.841500 5.537500 5.080500 6.240000 8.624500 9.869500 10.832000 12.280500 14.203500 15.789000 16.642000 18.189500 20.101000 21.360500 22.497000 24.181000 25.947000 27.377000 28.496000 30.408000 31.933000 33.148500 34.681000 36.353000 38.162500 40.295500 41.587500 43.560000 45.489000 46.688500 46.978000 49.317500 48.549000 47.096000 47.301500 46.493000 49.080500 48.710000 45.779000 46.194500 46.706500 43.384000 41.512000 43.894500 43.186500 39.429000 39.735500 42.163000 39.800500 36.993500 39.399000 40.586000 37.259500 35.447500 31.963000 30.507000 30.667500 29.172500 26.225500 25.909500 26.294000 23.606000 21.160000 22.025500 21.259000 17.619500 17.361000 19.245500 16.980500 13.862500 16.020000 16.789500 13.270500 12.505000 15.682000 15.118000 13.301500 15.244000 17.406000 19.525000
49.266000 48.291000 45.174500 43.037000 41.035000 37.361000 37.467500 40.449000 38.784500 35.738000 38.086000 40.245000 37.330000 36.190000 39.792500 39.924000 36.748000 38.448000 41.660000 40.727500 36.968500 34.457500 36.756000 39.648000 37.987000 39.288500 40.193500 43.856000 43.769000 41.878500 44.596000 47.246500 45.618500 45.504500 48.955000 48.077000 48.571000 45.911000 45.756500 45.391000 42.441000 40.927000 41.108500 38.938000 36.589000 35.529500 33.884500 33.159500 29.400500 29.444000 31.662500 29.384000 26.411500 28.702500 29.778500 26.322000 25.332000 28.733500 28.362000 25.185000 26.926500 29.978000 28.465000 26.081000 24.065500 22.377000 20.231500 20.460000 19.439500 21.848000 23.045000 23.490500 22.292000 20.637000 17.052000 18.249000 21.073500 18.972500 16.962500 20.385500 22.093000 19.580000 19.826500 23.600000 24.139500 22.183000 24.327000 27.433500 26.805000 26.579000 29.601000 31.631000 32.917000 34.165000 31.747000 29.006500 26.106000 27.491500 27.759000 24.125000 22.971000 21.928000 21.824000 20.315000 18.517500 20.889500 21.262500 22.086000 18.992500 16.832000 17.873500 17.203000 13.673000 13.075500 14.890500 12.929000 9.525500 11.698000 13.423500 10.614000 9.694500 13.494500 13.746000 11.817000 8.252500 5.662500 3.841500 0.000000 3.841000 5.480500 5.217500 6.175500 8.615500 10.120500 10.460500 12.117000 14.494000 15.282500 16.085000 18.138000 19.942000 20.830500 22.048500 24.104500 25.824500 26.583500 28.286500 30.165500 31.465500 32.644500 34.327500 36.401000 38.451000 39.579000 41.623000 43.524500 44.538500 44.686000 46.966000 46.183500 44.682000 44.801000 44.044000 46.552000 46.036000 43.132500 43.519000 44.243500 40.962000 39.019000 41.551500 41.065500 37.290000 37.574000 40.227500 38.057500 35.192500 37.675000 39.132500 35.964500 34.064000 30.503000 29.455000 29.583500 27.673000 24.918500 25.026500 25.099500 22.066000 20.110000 21.212000 19.900000 16.287000 16.840000 18.557000 15.774500 13.270000 16.037000 16.279500 12.629000 12.992000 16.132500 15.085500 13.733000 16.203500 18.212000 20.329000
50.920000 49.738500 46.589000 44.224000 42.062000 38.364500 38.109500 41.040500 39.532000 36.273500 38.308000 40.561500 37.688000 36.193500 39.669500 39.957000 36.624000 37.988500 41.290000 40.501000 36.726500 34.504500 36.901500 39.805500 38.357500 39.991000 41.160000 44.758000 44.364500 42.552500 45.478500 47.908500 46.078500 46.170000 49.711000 49.111000 49.807500 47.245000 47.363500 46.895000 43.786500 42.517000 42.870000 40.497500 38.057500 37.227500 35.419500 34.326000 30.618000 30.832500 32.700500 30.120500 27.352000 29.596000 30.218000 26.592000 25.743000 28.939000 28.111500 24.857500 26.776000 29.523500 27.584000 25.246000 23.168500 21.564000 19.344500 19.603500 18.256500 20.392500 21.471000 21.461000 19.914500 17.959000 14.389500 15.137000 18.253500 16.653000 14.449500 17.678000 19.831500 17.769500 17.779000 21.460000 22.488000 20.865000 22.713500 25.881500 25.763000 25.616000 28.323500 30.547500 32.136500 33.433500 31.204500 28.485000 25.503000 27.271500 27.861000 24.200000 23.144000 22.711000 22.760000 21.788500 20.092000 22.486000 23.005500 23.270500 19.939500 18.322000 19.018500 17.626500 14.344500 14.195000 15.150500 12.490000 9.675500 11.913500 12.521000 9.046000 9.053000 12.550500 11.759500 9.988000 6.193500 5.302000 5.537500 3.841000 0.000000 3.837500 5.443000 4.965500 5.990500 8.646500 9.606000 10.202500 12.351500 14.025000 14.924000 16.243500 18.176500 19.683500 20.699000 22.281000 24.306500 25.443000 26.810000 28.464000 30.145000 31.449500 32.761000 34.857000 37.115500 38.253000 40.224000 42.285000 43.352000 43.381000 45.546000 44.552000 42.899500 42.926000 41.935000 44.404500 43.923000 40.873000 41.089000 41.572000 38.187000 36.441500 38.974000 38.246500 34.497500 35.023000 37.560500 35.195500 32.515500 35.168500 36.421500 33.156000 31.522500 28.059000 26.859500 26.640000 24.827000 22.239500 22.027000 21.864500 19.017000 17.045500 17.764000 16.409000 12.891500 13.261500 14.781000 12.031000 9.473000 12.291000 12.588000 9.054000 9.649000 12.937000 12.166000 11.184500 13.866500 16.024000 18.240000
48.520500 47.180000 43.938000 41.548500 39.202000 35.559000 35.159500 38.211500 36.939000 33.630500 35.572500 38.039500 35.366500 33.760500 37.264500 37.828500 34.603000 35.867500 39.301000 38.795500 35.089000 33.004500 35.681500 38.345000 36.681500 38.390000 39.403500 43.033000 42.514000 40.478000 43.379000 45.807000 43.800500 43.737000 47.344500 46.816500 47.717500 45.345500 45.457000 44.727500 41.650000 40.602000 40.794500 38.225500 35.971000 35.429000 33.816000 32.722500 29.079000 28.953500 30.617500 28.149000 25.231000 27.123500 27.738500 24.171000 22.965500 26.004500 25.289000 21.875000 23.512500 26.301000 24.447500 21.910500 19.760000 17.977500 15.710000 15.871000 14.644500 16.973500 18.277000 18.564500 17.134500 15.339000 11.683000 12.979000 15.669000 13.563500 11.757000 15.312000 16.958000 14.766500 15.387500 19.025500 19.642000 18.248000 20.525000 23.396500 23.124500 23.411000 26.210000 28.111000 29.852000 31.490500 29.536000 26.521500 23.862500 25.919000 26.127000 22.356000 21.865500 21.594000 21.089500 20.086500 17.979000 19.983000 20.239500 20.129000 16.837000 15.355000 15.661000 14.050000 11.005500 10.885500 11.460500 8.687000 6.081500 8.598000 9.031500 5.832000 6.683000 10.127000 9.703500 9.068500 5.677000 6.003000 5.080500 5.480500 3.837500 0.000000 3.843000 5.495000 5.125500 6.402000 8.622500 9.955500 11.047500 12.468000 14.292000 15.669000 16.827000 18.443500 20.105000 21.465500 23.016000 24.484000 26.212000 27.485500 28.943500 30.644000 32.050500 33.809000 36.107500 37.452500 39.366500 41.413000 42.692500 42.939500 45.221000 44.325000 42.817000 43.016000 42.091000 44.710500 44.453500 41.484000 41.935500 42.269500 38.957000 37.099500 39.338000 38.496000 34.759000 35.071000 37.362500 34.915500 32.148500 34.556000 35.627500 32.259000 30.522500 27.086000 25.528500 25.626500 24.225500 21.258500 20.850000 21.314500 18.712000 16.131000 17.095500 16.561000 12.849500 12.578000 14.876500 12.935500 9.743000 12.363500 13.751000 10.694000 10.227500 13.900000 13.949500 12.716000 14.884000 17.290000 19.489000
45.541500 44.337500 41.183000 38.828000 36.695500 32.994500 32.837500 35.780000 34.236500 31.041000 33.211500 35.462000 32.623000 31.283500 34.856000 35.157000 31.966500 33.523000 36.829500 36.099500 32.369500 30.044000 32.593000 35.322000 33.611000 35.141000 36.119000 39.766000 39.422500 37.458500 40.302000 42.818000 40.999500 40.952000 44.485500 43.821000 44.546000 42.044000 42.122000 41.561500 38.477500 37.266500 37.557000 35.126500 32.743000 32.017500 30.321000 29.298000 25.604000 25.596000 27.452000 25.012000 22.096000 24.255000 25.043000 21.501500 20.524500 23.827000 23.274000 20.075500 21.949500 24.898000 23.316500 21.035000 19.128500 17.712500 15.792500 16.584000 16.124000 18.854500 20.608000 21.249500 19.809500 18.045500 14.305000 15.309500 17.554000 15.058500 12.838500 16.237500 17.581000 14.739000 15.021000 18.804500 19.101500 17.042500 19.340000 22.350500 21.627000 21.519000 24.585000 26.500500 27.852500 29.263000 27.033500 24.119500 21.380000 23.063000 23.189500 19.459500 18.716500 18.103500 17.704000 16.593000 14.742000 17.105000 17.793500 18.094000 14.712500 13.262500 14.441500 13.057500 9.489000 10.089000 11.697500 9.075000 6.623500 10.035000 11.216000 8.824500 9.665500 13.208500 13.277000 12.783000 9.364500 8.663000 6.240000 5.217500 5.443000 3.843000 0.000000 3.835000 5.478500 5.298000 6.119500 8.623000 10.231500 10.555500 12.067500 14.251500 15.426000 16.313500 18.065500 19.973500 21.290500 22.293000 24.300500 25.877500 26.986500 28.486000 30.247500 32.047000 34.130500 35.439000 37.450500 39.344000 40.535500 40.872000 43.258500 42.565500 41.216500 41.509000 40.856500 43.528000 43.250500 40.470000 41.185500 41.817000 38.674500 36.510000 38.705500 38.205500 34.435500 34.390500 36.849000 34.711500 31.679000 33.871500 35.281500 32.109000 29.995500 26.419000 25.230000 25.786000 24.097000 20.988500 21.240000 21.919500 18.927500 16.612000 18.330500 17.663000 13.842500 14.412500 17.022000 14.891500 12.240000 15.382000 16.623000 13.561500 13.738500 17.380500 17.140500 16.001000 18.304500 20.580500 22.706500
47.373500 46.183500 43.141000 40.628500 38.620000 34.864500 34.598000 37.307000 35.601500 32.331500 34.362500 36.398000 33.374500 31.926500 35.356500 35.442000 32.048500 33.496500 36.698000 35.758000 31.963500 29.697000 32.021000 34.984500 33.651000 35.339500 36.680000 40.220500 39.777500 38.127500 41.144000 43.478000 41.718000 42.004500 45.509000 44.986000 45.640000 43.025000 43.349000 42.997000 39.759500 38.525000 39.159000 36.796000 34.132500 33.298000 31.254500 29.919500 26.248500 26.771000 28.522500 25.739500 23.222000 25.727000 26.133500 22.451000 22.064500 25.344500 24.321500 21.343000 23.706000 26.342500 24.409000 22.489000 20.711000 19.702000 17.922000 19.049500 18.478500 20.988500 22.694000 22.900000 21.048000 18.900500 15.140000 15.246000 17.814500 15.942000 13.035000 15.935500 17.951500 15.374000 14.737500 18.523500 19.495000 17.287500 18.895000 22.270500 21.979000 21.382500 24.161000 26.540500 27.859500 28.904500 26.500500 23.940000 20.818500 22.431500 23.186500 19.614000 18.334500 18.052000 18.406000 17.873500 16.718000 19.500500 20.708500 20.957500 17.416500 16.451000 17.866500 16.116000 12.653500 13.761000 15.084500 12.007000 10.059500 13.397500 13.932000 10.941500 12.139500 15.588500 14.815500 14.023500 10.355500 9.914000 8.624500 6.175500 4.965500 5.495000 3.835000 0.000000 3.847000 5.503500 4.907000 5.965500 8.669500 9.643500 10.162500 11.989500 13.994000 15.042500 16.054000 17.986000 19.882000 20.730500 22.257000 24.095000 25.571000 26.756500 28.278000 30.394500 32.530000 33.664000 35.708000 37.680500 38.705500 38.807500 41.055500 40.203000 38.691500 38.823000 38.060000 40.623500 40.202500 37.335500 37.890500 38.589500 35.402000 33.300500 35.681000 35.249000 31.465000 31.577000 34.213000 32.135500 29.168500 31.580000 33.135000 30.055000 28.042500 24.447000 23.597000 23.856000 21.775500 19.007000 19.496500 19.650000 16.394000 14.647500 16.345000 15.039000 11.343000 12.731000 14.961500 12.378000 10.491000 14.071500 14.783000 11.870500 13.066000 16.501500 15.992500 15.390500 18.021000 20.144000 22.247000
48.202500 46.756000 43.633500 40.947500 38.687000 34.976000 34.308500 37.052000 35.661000 32.195500 33.869500 36.132500 33.305500 31.461500 34.773500 35.196500 31.746000 32.791000 36.157000 35.547500 31.804000 29.923500 32.500000 35.298500 34.028000 36.042500 37.492000 40.977500 40.197500 38.475000 41.631500 43.770000 41.724500 42.077000 45.688500 45.442000 46.393500 43.992500 44.511000 43.907000 40.591500 39.695500 40.333000 37.704500 35.126500 34.659000 32.649500 31.049000 27.504000 27.920000 29.240000 26.316000 23.900000 26.079500 26.085500 22.333000 21.821500 24.755500 23.382000 20.235500 22.543500 24.884500 22.579500 20.574500 18.689000 17.649000 15.798500 16.861500 16.028500 18.291000 19.958500 19.869000 17.762500 15.411000 11.696500 11.469500 14.099000 12.533500 9.527500 12.395500 14.683500 12.567500 12.001500 15.686500 16.992500 15.350500 16.898000 20.146000 20.339000 20.143500 22.619500 24.984500 26.734000 28.063000 26.057500 23.336500 20.383000 22.575500 23.379500 19.762000 18.996000 19.390500 19.491500 19.363500 18.001000 20.441500 21.491500 21.069500 17.465500 16.987000 17.781000 15.390000 12.471000 13.793500 14.130000 10.570500 9.515000 12.644500 12.120000 9.015000 11.232000 14.092000 12.649000 12.581500 9.371500 10.382000 9.869500 8.615500 5.990500 5.125500 5.478500 3.847000 0.000000 3.839000 5.440000 5.190500 6.450500 8.647000 10.030500 10.819500 12.398000 14.335500 15.547000 16.710000 18.644000 20.163500 21.532500 22.844000 24.605500 26.186500 27.350000 29.267500 31.650000 32.920500 34.840000 36.967500 38.179000 38.289500 40.481500 39.467500 37.880500 38.014500 37.034500 39.638500 39.381500 36.402000 36.892000 37.232500 33.966000 32.037000 34.247500 33.465000 29.715500 29.986500 32.338500 29.971500 27.163000 29.628500 30.827500 27.547000 25.780500 22.303500 21.011000 21.052000 19.357000 16.504500 16.443500 16.735000 13.845000 11.579000 13.010500 12.221000 8.405500 9.176500 11.796000 9.847500 7.565500 11.082500 12.520000 10.218000 11.020500 14.573500 14.754500 14.366500 16.767000 19.038000 21.135500
44.586500 43.068000 39.917500 37.214000 34.906500 31.206000 30.520500 33.304000 31.971000 28.503500 30.212500 32.553000 29.805500 27.990500 31.380000 31.912000 28.567500 29.690500 33.120000 32.648000 28.946500 27.060000 29.839500 32.446000 30.946500 32.943000 34.241000 37.761500 36.955500 35.069000 38.182000 40.362500 38.255500 38.486000 42.122500 41.873500 42.915000 40.616500 41.125000 40.381500 37.082000 36.310000 36.874500 34.141500 31.650500 31.361000 29.472000 27.883500 24.389500 24.575500 25.769000 22.934000 20.410500 22.412500 22.451000 18.732000 18.053000 20.990000 19.757000 16.562500 18.827500 21.291500 19.193000 17.170500 15.382000 14.487500 12.871000 14.391000 14.257000 16.910500 19.051500 19.456000 17.504000 15.415000 11.741000 11.867500 13.586000 11.225500 8.353000 11.374000 12.805000 9.973000 9.793500 13.594000 14.213500 12.279000 14.346000 17.416000 17.144000 17.132500 19.908500 21.973500 23.643500 25.181500 23.274500 20.298000 17.608000 19.900500 20.283000 16.561500 16.252500 16.690000 16.318000 16.229000 14.716000 16.974500 18.107000 17.484000 13.851500 13.775500 14.715500 12.114500 9.302500 11.374500 11.804500 8.241500 8.087500 11.649500 11.303000 9.216000 11.825500 14.514000 13.711000 14.386000 11.478000 12.370000 10.832000 10.120500 8.646500 6.402000 5.298000 5.503500 3.839000 0.000000 3.836000 5.550000 5.403500 6.179500 8.668500 10.102000 10.656000 12.202500 14.241500 15.523500 16.741000 18.314000 20.256000 21.362500 22.649000 24.510000 26.002000 27.599000 29.879000 31.333000 33.259000 35.268500 36.628500 37.007000 39.370500 38.583000 37.240500 37.597000 36.859000 39.620500 39.554500 36.788000 37.651000 38.044000 34.976500 32.773500 34.669500 34.007000 30.284500 30.120000 32.326500 30.103500 27.061000 29.119500 30.358000 27.130000 25.012500 21.491500 20.089000 20.798000 19.361500 16.046500 16.266000 17.379000 14.580500 11.947000 14.131000 14.122000 10.395500 10.978500 14.262500 12.992000 10.666500 13.890000 15.890000 13.802500 14.065500 17.737500 18.190000 17.535500 19.678500 22.031000 24.086000
43.633000 42.305000 39.314000 36.612000 34.621500 30.853500 30.419500 32.958500 31.233000 27.885000 29.789500 31.753000 28.710000 27.165000 30.546000 30.634000 27.207500 28.617500 31.829000 30.949500 27.164000 24.999000 27.471000 30.335500 29.012000 30.876500 32.339500 35.827500 35.194500 33.575500 36.705000 38.903000 37.060500 37.479500 41.005000 40.653000 41.431500 38.907500 39.474500 39.052500 35.689000 34.679000 35.513000 33.010500 30.239000 29.636000 27.464500 25.810500 22.250000 22.901500 24.306500 21.318500 19.036000 21.568500 21.629500 17.887000 17.843500 21.048000 19.781000 17.026000 19.743000 22.187500 20.251000 18.726500 17.274500 16.891500 15.647000 17.581000 17.803500 20.524000 22.760500 23.206500 21.197000 19.058500 15.411500 15.111000 16.798000 14.636000 11.435500 13.838000 15.358000 12.322000 11.228500 14.960500 15.661000 12.972500 14.497500 17.913000 17.410500 16.583500 19.461500 21.836500 23.018000 24.035500 21.658000 19.054000 15.964500 17.715500 18.450500 14.875500 13.789500 13.998500 14.324500 14.457000 13.721500 16.584000 18.358000 18.255500 14.613000 14.629500 16.422500 14.187500 11.060000 13.441000 14.663500 11.441500 10.885500 14.647000 14.858000 12.683500 14.794000 17.851500 17.144000 17.313500 14.000500 14.131000 12.280500 10.460500 9.606000 8.622500 6.119500 4.907000 5.440000 3.836000 0.000000 3.837500 5.563000 5.006500 5.972000 8.449500 9.783500 10.402500 11.968000 14.032500 15.431000 16.277000 18.210000 19.910000 21.060500 22.438000 24.182500 26.077500 28.147500 29.428500 31.492000 33.390500 34.528000 34.832500 37.215000 36.530000 35.232500 35.563000 35.025000 37.749000 37.538500 34.893000 35.874000 36.620000 33.676500 31.244000 33.261500 32.988500 29.235000 28.853500 31.370000 29.500000 26.268000 28.278500 29.958500 27.008500 24.615000 20.960000 20.221000 21.132000 19.124500 15.998000 17.047000 17.892500 14.587000 12.774000 15.440000 14.780000 11.226500 12.950000 15.914000 14.115500 12.586500 16.203000 17.588500 15.366000 16.413500 19.947500 19.918500 19.419500 21.838000 24.028500 26.055500
46.441500 45.025000 42.098000 39.231000 37.227500 33.481000 32.779500 35.137000 33.464500 30.006000 31.587500 33.470000 30.410000 28.584000 31.728500 31.801500 28.197500 29.261000 32.428500 31.533000 27.753500 25.887500 28.227500 31.205500 30.294000 32.438000 34.252500 37.585500 36.714000 35.351500 38.661000 40.593500 38.676500 39.404500 42.929000 42.823000 43.672500 41.170000 42.005000 41.642500 38.160500 37.280500 38.359500 35.825000 32.918500 32.385000 29.994500 28.010500 24.595500 25.607500 26.723000 23.458500 21.606500 24.181000 23.755000 19.965000 20.310000 23.228000 21.425000 18.826000 21.793000 23.784000 21.376500 20.114000 18.701500 18.548000 17.338500 19.279500 19.148500 21.497000 23.562000 23.510500 21.134000 18.664000 15.174500 13.995000 15.956500 14.620500 10.967500 12.683500 14.998000 12.652000 10.696000 14.219500 15.832000 13.475000 14.137000 17.791000 18.060500 17.012000 19.318000 22.131000 23.526000 24.324500 22.036000 19.764000 16.448000 18.415500 19.811000 16.499500 15.199000 16.063000 16.923000 17.616000 17.221000 20.088500 21.959500 21.581000 17.916500 18.214000 19.730500 17.140500 14.314000 16.637500 17.313000 13.740500 13.391500 16.930000 16.464000 13.822000 16.242500 19.069500 17.603500 17.717500 14.496000 15.161000 14.203500 12.117000 10.202500 9.955500 8.623000 5.965500 5.190500 5.550000 3.837500 0.000000 3.844000 5.434500 5.249000 6.102000 8.504000 10.007500 10.607500 12.155500 14.368000 15.456000 16.651000 18.341000 20.124500 21.364000 22.592000 24.740000 27.017000 28.173000 30.191500 32.271500 33.330000 33.374500 35.567000 34.606000 33.069500 33.215000 32.413500 35.044000 34.757500 31.926500 32.674500 33.289500 30.223000 27.959500 30.115000 29.703500 25.928500 25.837000 28.408000 26.416500 23.342000 25.666000 27.301500 24.320500 22.195500 18.574000 17.971000 18.384000 16.108000 13.336500 14.377500 14.660000 11.180500 9.847500 12.401000 11.275000 7.938500 10.403000 13.025000 11.204500 10.519000 14.217500 15.352000 13.685500 15.328000 18.551500 18.572000 18.560500 21.047000 23.109500 25.067000
45.431500 43.761500 40.770500 37.752500 35.519500 31.847000 30.771000 33.145000 31.794500 28.179000 29.419500 31.532000 28.712000 26.526500 29.573000 30.021500 26.432000 27.128000 30.480500 29.983000 26.296500 24.827000 27.504500 30.193500 29.227500 31.654000 33.476000 36.754500 35.563500 34.058500 37.458500 39.219500 37.016500 37.748000 41.367500 41.514000 42.671000 40.425500 41.422500 40.770500 37.248000 36.737000 37.776500 34.977500 32.212000 32.096000 29.822500 27.631000 24.406500 25.194500 25.833000 22.520500 20.765500 22.915000 22.101500 18.319000 18.524500 21.045500 18.933000 16.240500 19.172000 20.851000 18.161000 16.939000 15.563500 15.629500 14.649000 16.823500 16.886000 19.098500 21.351000 21.290500 18.792000 16.336500 13.125000 11.648000 12.932500 11.626000 7.894500 9.163000 11.314500 9.110000 6.906000 10.433000 12.177500 10.185000 10.880500 14.400500 14.997500 14.406500 16.517500 19.200500 20.992000 22.176000 20.365500 17.815000 14.850500 17.474000 18.680500 15.354000 14.860500 16.382000 16.740000 17.798500 17.191000 19.608500 21.369000 20.357500 16.757500 17.672000 18.749500 15.652000 13.516000 16.215000 16.191000 12.515000 13.232000 16.580000 15.467500 13.377000 16.460500 18.716500 17.111500 18.037000 15.336500 16.719000 15.789000 14.494000 12.351500 11.047500 10.231500 8.669500 6.450500 5.403500 5.563000 3.844000 0.000000 3.846000 5.668000 5.250500 6.030000 8.569000 9.980000 10.572500 12.335000 14.257000 15.632500 16.571500 18.370500 20.210500 21.256000 22.983500 25.454500 26.864500 28.754000 30.909000 32.240000 32.456000 34.689500 33.712000 32.257000 32.542500 31.682000 34.440000 34.432500 31.642000 32.553500 32.850000 29.852000 27.601500 29.370500 28.691000 24.987000 24.767500 26.945500 24.759000 21.689500 23.796000 25.100500 21.940500 19.817000 16.262000 15.102500 15.774000 14.077500 10.814000 11.530500 12.615000 9.627500 7.405000 10.421000 10.491000 7.385000 9.066000 12.365000 11.680000 10.760500 13.988500 15.940500 14.881000 15.902000 19.152000 19.783500 19.754500 21.920000 24.094500 26.002000
41.788500 40.188500 37.250000 34.253500 32.166500 28.457000 27.566000 29.869500 28.319000 24.781000 26.241500 28.217500 25.273500 23.320500 26.505000 26.780500 23.242500 24.275000 27.582000 26.952500 23.218000 21.495000 24.223500 26.891000 25.737000 28.031500 29.760500 33.091500 32.024500 30.478000 33.826000 35.697000 33.606500 34.281000 37.867500 37.896000 38.963500 36.663500 37.631000 37.034000 33.509000 32.941500 34.026000 31.278000 28.449500 28.299500 26.005000 23.827500 20.590000 21.397000 22.071500 18.763000 17.009500 19.313500 18.592000 14.794500 15.229500 17.966000 16.032500 13.560500 16.725000 18.587500 16.306500 15.354000 14.293000 14.758000 14.192000 16.842000 17.630000 20.187500 22.759000 23.180500 20.936000 18.794500 15.588500 14.620000 15.321000 13.350000 10.037500 11.311000 12.402000 9.376000 7.356500 10.740500 11.506000 8.533500 9.582500 13.110500 12.855000 11.870000 14.549500 17.073000 18.413000 19.509500 17.436000 14.766000 11.765000 14.172500 15.103000 11.666000 11.202000 12.683000 12.945000 14.217000 13.945500 16.462000 18.611000 17.766000 14.235500 15.513500 17.140000 14.246500 12.129500 15.350000 15.867500 12.602500 13.505000 17.097000 16.569500 15.034000 17.905000 20.348500 19.366000 20.342500 17.491500 18.341500 16.642000 15.282500 14.025000 12.468000 10.555500 9.643500 8.647000 6.179500 5.006500 5.434500 3.846000 0.000000 3.827000 5.477500 5.154500 6.040000 8.443500 9.915000 10.775000 12.173000 14.336000 15.496500 16.565000 18.392500 20.052000 21.621500 23.809500 25.304000 27.306000 29.243500 30.580000 31.041000 33.476000 32.820500 31.657500 32.149000 31.677500 34.542000 34.606500 32.113500 33.420500 34.005500 31.278500 28.675500 30.243000 29.937500 26.284500 25.530500 27.756500 25.962500 22.598000 24.232500 25.848000 22.962000 20.333500 16.714000 15.913500 17.399500 15.678000 12.236500 13.696500 15.289500 12.302500 10.451000 13.855000 14.048000 11.131000 12.842000 16.192000 15.387500 14.330500 17.629500 19.560500 18.158000 19.074500 22.497500 22.965000 22.680500 24.873500 27.081500 29.011000
42.730500 41.317000 38.570000 35.573000 33.808000 30.087500 29.389000 31.386000 29.485500 26.095000 27.630000 29.169000 25.950500 24.222500 27.255000 27.038000 23.383500 24.577000 27.580500 26.481000 22.682500 20.774000 23.037500 26.059000 25.300000 27.528000 29.559000 32.773500 31.825500 30.681500 34.075500 35.863500 34.049000 35.016000 38.456500 38.449000 39.250000 36.727500 37.819500 37.586000 33.996000 33.207500 34.619000 32.136500 29.020500 28.542500 25.907500 23.589500 20.375500 21.807500 22.631000 19.142000 17.844500 20.650000 19.850500 16.158500 17.303500 20.119500 18.087500 16.169500 19.599000 21.287000 19.080000 18.582500 17.742000 18.436500 17.957500 20.608500 21.299000 23.804000 26.281000 26.542000 24.174500 21.878000 18.623000 17.286000 18.315000 16.759500 13.205500 14.092000 15.627500 12.922000 10.306000 13.269000 14.464000 11.318000 11.338000 15.072000 14.955500 13.064000 15.434500 18.410500 19.276000 19.646000 17.078000 15.112500 11.578000 13.287000 15.007000 12.025500 10.406500 11.883000 13.247500 14.845500 15.381500 18.350000 20.902000 20.507000 17.045000 18.165000 20.236000 17.643000 15.211500 18.304500 19.238500 15.989000 16.330000 20.050000 19.763500 17.796500 20.376500 23.129500 21.989000 22.479000 19.314000 19.781000 18.189500 16.085000 14.924000 14.292000 12.067500 10.162500 10.030500 8.668500 5.972000 5.249000 5.668000 3.827000 0.000000 3.826000 5.578000 5.296500 6.035500 8.533000 10.161500 10.594500 12.302500 14.291500 15.536500 16.631000 18.334500 20.424500 22.460500 23.667000 25.807000 27.706500 28.737500 28.969000 31.330000 30.647500 29.403000 29.766500 29.380000 32.150500 32.004500 29.542500 30.845500 31.756500 29.096000 26.345500 28.137000 28.187500 24.504000 23.679500 26.283000 24.816000 21.362500 23.114500 25.177500 22.598000 19.865500 16.178500 16.220000 17.567000 15.135000 12.246500 14.457500 15.382000 11.938500 11.246000 14.701500 14.061500 11.532000 14.186000 16.989500 15.700000 15.409500 18.948500 20.256500 18.854000 20.456500 23.677500 23.753000 23.698000 26.113000 28.149500 30.040000
45.166000 43.567500 40.837500 37.671000 35.774000 32.135500 31.049500 32.920500 31.263000 27.739500 28.816000 30.408500 27.352500 25.211000 27.942500 27.926000 24.170500 24.812000 27.842000 26.960000 23.272500 21.908500 24.184000 27.108500 26.704500 29.287500 31.579500 34.607000 33.306000 32.310000 35.861500 37.331000 35.316000 36.524500 39.991500 40.308500 41.317500 38.959500 40.315000 39.978500 36.313000 35.805000 37.341500 34.722500 31.623500 31.397500 28.713000 26.108500 23.147000 24.662000 25.052500 21.420500 20.471500 23.009000 21.696000 18.060500 19.309500 21.659500 19.103500 17.268500 20.747000 21.910000 19.201500 18.921000 18.110000 18.998000 18.589000 21.212000 21.648500 23.775500 26.132000 26.001500 23.357500 20.871500 17.951500 15.899500 16.809500 16.005000 12.317500 12.295000 14.337000 12.441500 9.112500 11.547500 13.651500 11.151500 10.214000 14.015000 14.865000 13.072500 14.626500 17.941000 19.232500 19.592000 17.446500 15.718000 12.310500 14.551000 16.702500 14.063000 12.836000 14.996000 16.348000 18.261500 18.705500 21.433000 23.857000 23.020500 19.565500 20.939500 22.570500 19.576500 17.509500 20.575000 20.899000 17.385500 18.090500 21.601000 20.664500 18.568000 21.514500 23.910000 22.217500 22.931000 20.049500 21.105000 20.101000 18.138000 16.243500 15.669000 14.251500 11.989500 10.819500 10.102000 8.449500 6.102000 5.250500 5.477500 3.826000 0.000000 3.845500 5.602500 5.215500 6.084500 8.713500 10.007500 10.788000 12.305500 14.370000 15.646000 16.604500 18.759500 21.147500 22.350500 24.355500 26.500500 27.599000 27.639000 29.815500 28.818500 27.348500 27.586500 26.876000 29.630500 29.554000 26.900500 28.051000 28.657500 25.893500 23.302000 25.041500 24.807500 21.105500 20.500000 22.985000 21.282500 17.945500 19.946000 21.824500 19.113500 16.623500 12.937000 12.941000 13.932000 11.382000 8.629000 10.970500 11.691500 8.290000 8.096500 11.651000 11.140000 9.354500 12.202500 14.770000 14.041000 14.391500 17.616500 18.988500 18.293500 20.029500 22.950000 23.299000 23.570500 25.868500 27.825000 29.618500
42.791500 40.985500 38.212000 34.935500 32.872000 29.313500 27.943000 29.805500 28.405500 24.774000 25.589000 27.373500 24.531500 22.112000 24.808500 25.136500 21.428000 21.820000 25.059500 24.573000 20.966000 19.925500 22.607500 25.178000 24.590500 27.383000 29.592500 32.591500 31.037000 29.846000 33.441000 34.806500 32.543500 33.698000 37.246500 37.747500 39.024000 36.910000 38.372000 37.759500 34.084500 33.910000 35.380000 32.539000 29.596000 29.765500 27.244000 24.503500 21.755500 22.992000 22.928500 19.314500 18.473000 20.583000 18.924500 15.360000 16.568000 18.525000 15.715500 13.975000 17.477000 18.335500 15.524500 15.504000 14.930000 16.253000 16.295000 19.212000 20.090500 22.176000 24.761000 24.841000 22.279500 20.024000 17.413500 15.481000 15.524000 14.491000 11.208000 10.680500 11.878500 9.930500 6.438000 8.367500 10.141500 7.583500 6.401000 10.214000 11.112500 9.558000 11.128000 14.302000 15.857500 16.648500 14.953500 12.812500 9.842500 12.805000 14.555500 11.937000 11.699500 14.405000 15.132500 17.360000 17.681500 19.944500 22.324500 21.017500 17.772000 19.733000 21.135500 17.913500 16.504000 19.885000 19.855000 16.559000 18.030500 21.387000 20.228500 18.777500 22.027500 24.059500 22.560000 23.854500 21.289500 22.622000 21.360500 19.942000 18.176500 16.827000 15.426000 13.994000 12.398000 10.656000 9.783500 8.504000 6.030000 5.154500 5.578000 3.845500 0.000000 3.827000 5.534500 5.253500 6.332000 8.674000 10.237500 10.773000 12.397500 14.495000 15.588000 17.087500 19.562500 21.134000 23.039500 25.141500 26.564000 26.941500 29.264500 28.431500 27.216000 27.720000 27.147000 30.065000 30.319500 27.879500 29.351000 29.746000 27.196500 24.525500 25.740000 25.379000 21.840500 20.859500 22.872500 21.148000 17.723000 19.177000 20.792500 18.014500 15.255500 11.635000 11.086500 12.933000 11.223000 7.792000 10.081500 12.016000 9.466500 8.439500 12.253500 12.909000 11.250000 13.207500 16.262000 16.248000 16.119000 19.021500 21.003000 20.459000 21.623000 24.676500 25.402500 25.491500 27.566000 29.648000 31.436000
39.960000 38.308000 35.672500 32.429000 30.659000 27.075000 25.988500 27.636000 25.873000 22.400500 23.480500 24.910500 21.801500 19.740000 22.519000 22.416500 18.683000 19.548000 22.602500 21.734500 18.002500 16.576000 19.138500 21.873500 21.266500 23.918500 26.187000 29.196000 27.814500 26.758500 30.331000 31.777500 29.752500 30.977500 34.431000 34.791000 35.860000 33.593500 35.081000 34.679000 30.975000 30.653000 32.309500 29.640000 26.517000 26.520000 23.830500 21.014000 18.304000 19.861000 19.853000 16.145500 15.610500 18.075500 16.445000 12.973000 14.813500 16.965000 14.345500 13.196500 16.930000 17.893500 15.642000 16.045000 15.827000 17.442500 17.767000 20.907500 22.219500 24.575000 27.318000 27.719500 25.343000 23.251000 20.489000 18.924000 18.918500 17.443000 14.320500 14.155500 14.803000 12.331500 9.359500 11.058000 11.855500 8.515500 7.445000 10.936500 10.807500 8.246000 10.351000 13.490500 14.201500 14.481000 12.154500 10.245500 6.781000 9.242500 11.211000 8.801000 8.073000 11.019000 12.163000 14.817500 15.823500 18.253500 21.076500 20.132500 17.084500 19.205500 21.170500 18.332500 16.829500 20.410000 20.951500 17.992500 19.286500 22.829500 22.216000 20.929000 23.902000 26.220500 25.128500 26.241500 23.419500 24.245000 22.497000 20.830500 19.683500 18.443500 16.313500 15.042500 14.335500 12.202500 10.402500 10.007500 8.569000 6.040000 5.296500 5.602500 3.827000 0.000000 3.846000 5.556000 5.383000 6.181500 8.781500 10.061500 10.710000 12.423500 14.351500 15.897500 17.933500 19.467000 21.571000 23.402000 24.689500 25.243000 27.757000 27.268500 26.344500 27.007500 26.883000 29.839500 30.066000 27.956000 29.780000 30.592000 28.337500 25.326000 26.452000 26.607000 23.160000 21.677500 23.876000 22.701500 19.055000 20.057500 22.144000 19.838500 16.649000 13.129500 13.357000 15.709500 13.783000 10.765500 13.560500 15.399500 12.714000 12.155500 15.969000 16.271500 14.481000 16.712000 19.730000 19.299000 19.115000 22.276500 24.055500 23.133500 24.424500 27.618000 28.073000 28.016500 30.215500 32.295000 34.117500
42.479500 40.948000 38.488500 35.236000 33.694000 30.160000 29.136000 30.504000 28.562000 25.233000 26.211000 27.269500 24.040500 22.084500 24.539000 24.053500 20.256000 21.013000 23.698000 22.449000 18.781000 17.442500 19.412000 22.450500 22.433500 25.099500 27.721000 30.510500 29.138000 28.541500 32.160000 33.400500 31.587000 33.146500 36.440000 36.868500 37.750500 35.350000 37.007500 36.904500 33.164500 32.717500 34.662500 32.214000 28.898500 28.664500 25.706500 22.754500 20.189500 22.264000 22.316000 18.535500 18.434000 21.162000 19.440000 16.183000 18.370500 20.454500 17.735500 16.890500 20.653500 21.399500 19.044500 19.639000 19.431500 21.021000 21.215500 24.246500 25.268000 27.494000 30.088000 30.204500 27.637000 25.332000 22.563500 20.564000 20.909500 19.946000 16.536500 16.066000 17.347500 15.322500 11.926500 13.395500 14.909000 11.942000 10.100500 13.533000 13.987000 11.080500 12.289000 15.816000 16.282500 15.807500 13.253000 12.378500 8.779000 10.358500 13.248000 11.555500 9.882500 12.705500 14.713500 17.428000 18.815000 21.531000 24.484000 23.776000 20.677500 22.561000 24.649000 21.861500 20.064000 23.491000 24.133000 20.962500 21.886000 25.509000 24.854000 23.114500 26.001500 28.473000 27.061000 27.848000 24.873500 25.621000 24.181000 22.048500 20.699000 20.105000 18.065500 16.054000 15.547000 14.241500 11.968000 10.607500 9.980000 8.443500 6.035500 5.215500 5.534500 3.846000 0.000000 3.816500 5.572000 5.182500 6.290500 8.646500 10.068000 10.809000 12.358500 14.653500 16.692500 17.847500 20.053500 21.979500 22.935500 23.106500 25.446000 24.755500 23.607000 24.058000 23.866000 26.721000 26.745000 24.566500 26.323500 27.349500 25.122500 22.019500 23.363500 23.781500 20.304000 18.830500 21.403000 20.487000 16.819000 18.068500 20.558500 18.545000 15.415500 11.900000 13.061000 14.986000 12.344000 10.168000 13.527500 14.568000 11.673500 12.277000 15.918000 15.568000 14.371500 17.224500 19.683500 19.047000 19.585000 22.788000 24.082500 23.378000 25.196000 28.123000 28.356000 28.575000 30.896500 32.807500 34.561500
44.070500 42.299500 39.822500 36.414000 34.669000 31.259000 29.799000 31.085500 29.511000 26.049000 26.508500 27.725000 24.799000 22.364500 24.494500 24.394000 20.595500 20.660000 23.444500 22.641000 19.198500 18.588000 20.729500 23.429500 23.626000 26.648000 29.385000 31.989000 30.214000 29.634000 33.363000 34.285000 32.181000 33.888000 37.227500 38.007000 39.190500 37.058000 38.935500 38.603500 34.835000 34.756500 36.708500 34.056000 30.876500 31.009000 28.152000 25.010500 22.719000 24.620500 24.200000 20.413000 20.501500 22.777500 20.593500 17.461000 19.540500 21.083500 17.912500 17.139000 20.813500 21.008500 18.224500 19.064000 18.953500 20.768000 21.124500 24.135500 25.062500 26.940500 29.463500 29.336500 26.623000 24.300000 21.959000 19.525500 19.468500 19.061000 15.840000 14.516500 15.832500 14.571500 10.871500 11.418500 13.523000 11.329500 8.555500 11.725500 13.159000 10.604500 10.779000 14.520000 15.548500 15.282500 13.517000 12.710000 9.722000 12.067500 14.893500 13.448000 12.634500 15.847000 17.417000 20.245500 21.340000 23.724500 26.474500 25.281000 22.239500 24.400000 26.047500 22.911500 21.540500 24.990000 25.072500 21.794000 23.158000 26.566500 25.379000 23.752500 26.964500 29.044500 27.303500 28.433500 25.791500 27.049000 25.947000 24.104500 22.281000 21.465500 19.973500 17.986000 16.710000 15.523500 14.032500 12.155500 10.572500 9.915000 8.533000 6.084500 5.253500 5.556000 3.816500 0.000000 3.840000 5.562500 5.436000 6.258500 8.751500 10.214000 10.751500 12.779500 15.334500 16.669000 18.630500 20.835500 22.043000 22.157500 24.352000 23.378000 22.088000 22.525500 22.022500 24.950000 25.214500 22.922000 24.655500 25.237000 23.002500 20.043000 21.055000 21.091500 17.671000 16.220500 18.424000 17.240500 13.596500 14.838500 17.046000 14.864000 11.768000 8.184500 9.330000 11.389000 9.001500 6.939000 10.547500 11.860500 9.677500 10.556000 14.070000 14.303000 13.845000 16.362000 18.695500 18.766500 19.561000 22.338500 23.875500 23.745500 25.416500 28.134000 28.709500 29.088500 31.222500 33.107000 34.776000
40.874000 38.983000 36.549500 33.064500 31.316500 28.014500 26.404500 27.529000 26.051000 22.595500 22.856000 24.051000 21.237000 18.666500 20.722500 20.757000 16.981000 16.933000 19.845500 19.278500 15.871000 15.528500 18.012500 20.388000 20.444500 23.632000 26.328000 28.869000 26.901000 26.224500 29.983500 30.806500 28.567500 30.285500 33.645500 34.557500 35.904000 33.951000 35.949000 35.457000 31.685500 31.872500 33.845000 31.088500 28.002500 28.438000 25.687000 22.405500 20.425000 22.196000 21.333500 17.594500 18.026500 19.975500 17.440000 14.597000 16.937000 18.056500 14.734500 14.518000 18.189500 18.035500 15.478500 16.856500 17.167000 19.445000 20.289500 23.525500 24.941000 26.871500 29.592000 29.772000 27.241000 25.191500 23.015000 20.893500 20.235000 19.461000 16.678500 15.270000 15.661000 14.233500 10.933000 10.805000 12.012000 9.702500 6.611000 9.153000 10.198000 7.248500 7.187000 10.940000 11.743000 11.549500 10.039500 9.137500 6.665500 9.469000 12.015500 11.034000 11.035500 14.652000 15.803000 18.958500 20.193000 22.184000 25.004500 23.597000 20.909500 23.526500 25.171500 22.091000 21.208000 24.869000 24.910500 21.980500 23.767500 27.095500 25.983000 24.876500 28.159000 30.093000 28.673500 30.125500 27.595000 28.840000 27.377000 25.824500 24.306500 23.016000 21.290500 19.882000 18.644000 16.741000 15.431000 14.368000 12.335000 10.775000 10.161500 8.713500 6.332000 5.383000 5.572000 3.840000 0.000000 3.843000 5.539000 5.073000 6.098500 8.620000 9.841000 10.960000 13.387500 15.166500 17.119500 19.106500 20.611500 21.202500 23.640500 23.043500 22.200500 22.999500 22.882000 25.934500 26.499500 24.614000 26.758500 27.329500 25.449000 22.358000 22.836000 22.984000 19.858000 17.890000 19.630500 18.723500 15.050500 15.402000 17.492500 15.561500 12.074500 8.937500 9.790500 12.831000 11.364500 9.053000 12.327500 14.472500 12.802500 12.996000 16.595000 17.422000 16.718000 18.771500 21.481500 21.774500 22.122500 24.842000 26.737500 26.480500 27.790000 30.700000 31.426000 31.595000 33.633500 35.627500 37.326000
39.743000 38.094500 35.867000 32.464500 31.116000 27.816500 26.588000 27.424500 25.492500 22.315500 22.871500 23.527000 20.382500 18.340000 20.338000 19.675500 15.880000 16.389500 18.844500 17.578500 14.039000 13.236000 15.211000 18.000000 18.354000 21.355500 24.273500 26.730000 25.001000 24.693000 28.416000 29.267500 27.419000 29.325000 32.496500 33.242000 34.251000 32.054000 34.108500 33.985500 30.197000 30.126000 32.379000 29.928000 26.600000 26.711500 23.694000 20.332500 18.468500 20.772000 20.074000 16.292500 17.173500 19.570000 17.181000 14.587000 17.484500 18.843000 15.864000 16.118500 19.865000 19.903000 17.865000 19.374500 19.797500 22.052500 22.885000 26.182500 27.714000 29.867000 32.637500 32.949000 30.475500 28.403500 25.964500 23.990000 23.625500 22.619500 19.661000 18.662000 19.130500 17.297000 14.112500 14.437000 15.298500 12.502000 9.953500 12.316500 12.535000 8.956500 9.264000 12.714500 12.433500 11.209500 8.692500 8.858000 5.929000 7.174500 10.538000 10.275000 9.309000 12.861500 14.740500 18.114000 19.997000 22.250500 25.412000 24.477500 21.895000 24.389000 26.510000 23.778000 22.592000 26.272000 26.820500 23.998500 25.421000 28.943500 28.254000 27.010000 30.037000 32.302500 31.065500 32.203000 29.379000 30.194000 28.496000 26.583500 25.443000 24.484000 22.293000 20.730500 20.163500 18.314000 16.277000 15.456000 14.257000 12.173000 10.594500 10.007500 8.674000 6.181500 5.182500 5.562500 3.843000 0.000000 3.834000 5.519000 5.286500 6.280000 8.643500 10.349000 12.096500 13.561000 15.846500 17.548000 18.675500 19.257500 21.834000 21.528000 20.886000 21.726000 22.046500 25.045500 25.439000 23.848000 26.237000 27.327500 25.703000 22.322000 22.898500 23.655000 20.616000 18.308500 20.435500 20.145500 16.389000 16.533500 19.208000 17.842500 14.244500 11.368000 13.056000 15.895000 13.906000 12.114000 15.654500 17.298500 15.211000 15.844500 19.480500 19.726000 18.894000 21.394500 23.971000 23.773000 24.250000 27.260500 28.823000 28.278500 29.880000 32.842500 33.249500 33.392000 35.600500 37.544000 39.264500
43.105500 41.466000 39.350000 35.915000 34.626500 31.411500 30.073500 30.739000 28.867000 25.758500 26.055000 26.547000 23.511000 21.388500 22.979000 22.229500 18.518500 18.587500 20.694000 19.352000 16.145000 15.792500 17.202500 20.005000 20.941000 23.997500 27.158500 29.338000 27.494000 27.549500 31.286000 31.845500 30.065500 32.246500 35.284000 36.207000 37.182000 35.002500 37.225500 37.235500 33.451000 33.403000 35.815000 33.459000 30.086500 30.133500 27.016500 23.596500 21.886500 24.385500 23.665000 19.915000 20.939000 23.342500 20.860500 18.357000 21.217500 22.450500 19.305000 19.523000 23.241000 23.045000 20.721000 22.263000 22.621000 24.833500 25.536500 28.731000 29.972500 31.917500 34.537500 34.536500 31.873000 29.634500 27.327500 24.923500 24.716000 24.250500 21.142500 19.741500 20.700500 19.376500 15.849500 15.906000 17.474500 15.139500 12.095500 14.406500 15.404000 12.073000 11.501500 15.109000 15.048000 13.484500 11.420500 12.228000 9.664500 10.611000 14.156500 14.077000 12.832000 16.176500 18.354000 21.639500 23.515000 25.907500 29.035500 28.082500 25.368000 27.737000 29.765000 26.888500 25.572500 29.162000 29.570000 26.501000 27.804000 31.326500 30.405500 28.851500 31.936500 34.177000 32.579500 33.593000 30.787000 31.742000 30.408000 28.286500 26.810000 26.212000 24.300500 22.257000 21.532500 20.256000 18.210000 16.651000 15.632500 14.336000 12.302500 10.788000 10.237500 8.781500 6.290500 5.436000 5.539000 3.834000 0.000000 3.845000 5.545500 5.236000 6.139000 8.873500 10.922000 11.942000 14.210000 16.211000 17.074000 17.150500 19.456000 18.750000 17.774000 18.380500 18.495500 21.458000 21.767500 20.069000 22.437500 23.550500 22.005500 18.572500 19.152000 20.058000 17.077500 14.685500 17.024000 16.980500 13.251000 13.532500 16.546500 15.520500 12.070000 9.459500 12.058500 14.421000 12.065000 11.302000 15.066500 16.088500 14.263500 15.767000 19.072500 19.034000 18.895000 21.634500 23.716000 23.619000 24.677500 27.528000 28.804000 28.629500 30.540500 33.207500 33.577000 33.980500 36.196500 37.992500 39.621000
43.174500 41.274000 39.131000 35.562500 34.062500 31.009500 29.249500 29.827000 28.366500 25.159500 24.932000 25.610500 22.956500 20.366500 21.627500 21.371000 17.748000 17.078500 19.348500 18.646500 15.746000 16.197500 17.983000 20.220000 21.163000 24.543000 27.672000 29.696500 27.440000 27.382500 31.182500 31.456000 29.332500 31.573500 34.669000 35.934500 37.264000 35.420000 37.814000 37.512000 33.735500 34.106500 36.447000 33.856000 30.694500 31.178500 28.260500 24.723500 23.285000 25.463500 24.251000 20.586500 21.734000 23.607000 20.713500 18.428500 21.147000 21.797000 18.328000 18.753000 22.282000 21.530500 19.003000 20.883000 21.459000 23.939000 24.912000 28.110500 29.443500 31.127500 33.738000 33.681500 31.019500 28.911500 27.011000 24.478500 23.741500 23.533500 20.803500 18.838000 19.422000 18.631000 15.213500 14.364000 15.935500 14.281500 10.740000 12.271500 13.872000 10.959000 9.294000 12.831500 13.210000 11.950500 10.965000 11.687500 10.037500 11.783000 14.855500 14.938500 14.643000 18.284000 19.879000 23.251500 24.846500 26.841500 29.780000 28.374000 25.829000 28.519000 30.181500 27.083500 26.251000 29.899500 29.869500 26.873000 28.636000 31.951000 30.673000 29.419000 32.752500 34.632500 32.941000 34.342500 31.841000 33.170500 31.933000 30.165500 28.464000 27.485500 25.877500 24.095000 22.844000 21.362500 19.910000 18.341000 16.571500 15.496500 14.291500 12.305500 10.773000 10.061500 8.646500 6.258500 5.073000 5.519000 3.845000 0.000000 3.843000 5.551500 5.140000 6.632500 9.454000 11.053000 12.912000 15.113500 16.508000 16.825000 19.082500 18.278500 17.400500 18.205500 18.162500 21.241500 21.972000 20.358500 22.823500 23.415500 22.011500 18.766500 18.722500 19.205000 16.480500 13.917000 15.491500 15.273500 11.618000 11.273000 13.874500 12.839500 9.176000 7.026500 9.519500 12.421000 10.956500 10.303500 13.789500 15.366000 14.376000 15.627000 18.765000 19.425500 19.605500 21.844000 24.004500 24.503500 25.474000 27.980500 29.612000 29.768500 31.370500 33.978500 34.680500 35.087000 37.112000 38.949000 40.533000
39.783500 37.895000 35.889000 32.316000 31.006500 28.079500 26.384000 26.671000 25.099500 22.073500 21.790500 22.167500 19.493500 17.051000 18.156500 17.675500 14.085500 13.526500 15.678500 14.866500 11.959500 12.618500 14.477000 16.508500 17.482500 20.936500 24.107500 26.012500 23.678000 23.703000 27.499500 27.691500 25.622500 27.958500 30.979000 32.281500 33.605000 31.826000 34.336500 34.049000 30.288000 30.787000 33.243000 30.714000 27.568500 28.183500 25.295000 21.655000 20.609000 22.837000 21.309000 17.779000 19.418000 21.126000 18.049000 16.258000 19.336000 19.699000 16.374000 17.484500 20.920000 19.998500 18.001500 20.297500 21.215500 23.950500 25.239000 28.583500 30.315500 32.163500 34.936500 35.197000 32.723500 30.808000 28.856000 26.670500 25.697000 25.046500 22.527000 20.809500 20.806500 19.644500 16.613000 15.711500 16.419500 14.495000 11.288500 12.194000 12.934000 9.662500 7.959000 11.015000 10.447500 8.519500 7.479000 8.982500 8.142500 9.303000 12.192500 13.100500 13.161000 16.848000 18.291500 21.872500 23.769500 25.516000 28.584000 27.237000 25.053000 27.975500 29.809500 26.948500 26.345000 30.106500 30.269500 27.598000 29.484500 32.808000 31.793500 30.858500 34.116500 36.042500 34.697000 36.190500 33.632000 34.760500 33.148500 31.465500 30.145000 28.943500 26.986500 25.571000 24.605500 22.649000 21.060500 20.124500 18.370500 16.565000 15.536500 14.370000 12.397500 10.710000 10.068000 8.751500 6.098500 5.286500 5.545500 3.843000 0.000000 3.835500 5.453500 5.578000 7.599500 9.689500 11.749500 13.430000 14.981000 15.897000 18.492000 18.309000 18.051500 19.226000 19.779000 22.854500 23.728000 22.616500 25.428500 26.252000 25.183500 21.804500 21.491500 22.287000 19.829000 16.936000 18.284000 18.472500 14.944000 13.922000 16.463000 15.811500 12.108000 10.419000 12.447000 15.746500 14.610500 13.533500 16.872000 18.830500 17.709500 18.516000 21.865000 22.656000 22.422000 24.565000 27.035500 27.414500 28.040000 30.694500 32.475000 32.344500 33.787000 36.612500 37.284000 37.495500 39.538000 41.463000 43.103500
40.799000 39.155500 37.371000 33.900000 32.952000 30.057500 28.684000 28.725000 26.798000 24.067000 24.000000 23.874500 20.990500 19.069000 19.979000 18.819000 15.381500 15.225000 16.657500 15.072000 12.329000 12.696500 13.586000 16.029000 17.607500 20.808000 24.249500 25.931000 23.827500 24.373000 28.080000 28.187500 26.560000 29.137500 31.897000 33.085500 34.054000 32.052500 34.644000 34.761500 31.024500 31.259500 33.993500 31.799000 28.452500 28.712500 25.581000 21.931500 21.027500 23.739500 22.445000 18.961500 20.878500 22.969500 20.115500 18.462000 21.799000 22.427000 19.366000 20.553000 24.063000 23.347000 21.540500 23.749000 24.605000 27.218500 28.365000 31.709500 33.355000 35.311000 38.062500 38.277000 35.741500 33.701000 31.551500 29.288500 28.657500 28.034000 25.240000 23.700000 24.047000 22.724500 19.518500 19.006500 19.901500 17.687500 14.618500 15.885000 16.422500 12.922000 11.653000 14.552500 13.470500 10.825500 9.083500 11.428000 10.195500 10.055000 13.462000 14.760500 13.951500 17.320500 19.405500 22.997500 25.304500 27.346500 30.625000 29.652500 27.419000 30.133500 32.277500 29.588500 28.642000 32.368500 32.850500 30.100500 31.643500 35.129500 34.326000 33.117500 36.214500 38.399000 37.023500 38.211500 35.429500 36.297500 34.681000 32.644500 31.449500 30.644000 28.486000 26.756500 26.186500 24.510000 22.438000 21.364000 20.210500 18.392500 16.631000 15.646000 14.495000 12.423500 10.809000 10.214000 8.620000 6.280000 5.236000 5.551500 3.835500 0.000000 3.845500 5.587000 6.496500 7.749500 10.322500 11.815000 12.671000 13.287500 15.926000 15.863500 15.684000 16.780500 17.710500 20.688000 21.342500 20.505000 23.509500 24.816500 24.025000 20.433500 20.219500 21.623500 19.312500 16.181000 17.954000 18.767500 15.296500 14.268500 17.389500 17.292500 13.746000 12.254000 14.985500 17.832500 16.126000 15.598500 19.201500 20.575500 19.178500 20.526000 23.825500 24.078000 23.961500 26.520000 28.725500 28.763000 29.690500 32.513000 33.928500 33.718000 35.504000 38.255500 38.665500 38.969000 41.149500 42.978500 44.602000
44.094500 42.330000 40.550000 37.008000 35.926500 33.110500 31.467000 31.482000 29.829000 27.028000 26.609000 26.600000 23.990500 21.761000 22.351000 21.502000 18.201500 17.392500 18.726500 17.547000 15.255500 16.158000 16.961500 19.093500 20.897000 24.202000 27.679000 29.171000 26.850500 27.487000 31.199500 31.032000 29.262000 31.965000 34.686000 36.123500 37.247000 35.411500 38.116500 38.144000 34.425500 34.827000 37.549500 35.273000 32.009000 32.394500 29.312000 25.645500 24.761500 27.375000 25.978000 22.494500 24.306500 26.238500 23.233000 21.503500 24.641500 25.078500 21.758000 22.781000 26.233500 25.232500 23.059500 25.285000 26.100000 28.718000 29.808000 33.057000 34.479000 36.171500 38.781500 38.720000 36.046500 33.933000 32.043000 29.433000 28.744500 28.620000 25.864000 23.871000 24.463000 23.692500 20.303000 19.377500 20.795000 19.115500 15.641500 16.736500 18.045000 14.923000 12.961500 15.939500 15.448000 13.087000 12.174000 14.273500 13.144500 13.623000 16.939500 17.966500 17.293000 20.740500 22.762500 26.297500 28.378000 30.420500 33.574000 32.378500 30.020500 32.742500 34.645500 31.715500 30.823500 34.508000 34.689000 31.747000 33.377000 36.782500 35.643000 34.307500 37.552500 39.563000 37.865500 39.117000 36.487000 37.635500 36.353000 34.327500 32.761000 32.050500 30.247500 28.278000 27.350000 26.002000 24.182500 22.592000 21.256000 20.052000 18.334500 16.604500 15.588000 14.351500 12.358500 10.751500 9.841000 8.643500 6.139000 5.140000 5.453500 3.845500 0.000000 3.840000 5.923500 6.761500 8.850500 11.015500 11.952000 12.031500 14.281000 13.599000 13.027000 13.974500 14.568000 17.600000 18.430500 17.510000 20.528000 21.547000 20.906500 17.410500 16.833500 18.155000 16.099000 12.798000 14.313500 15.348500 12.076500 10.735000 13.979000 14.317000 11.032500 10.297500 13.484500 15.968500 14.446500 14.747000 18.207500 19.283000 18.445000 20.231500 23.155000 23.476000 23.960500 26.445000 28.301500 28.657500 29.947000 32.486000 33.833500 34.037500 35.902000 38.395000 38.926000 39.423500 41.517000 43.246500 44.777000
42.763500 40.820500 39.116000 35.505000 34.380000 31.797000 29.888500 29.664000 28.302000 25.587500 24.718500 24.663000 22.424500 19.979000 20.115500 19.546500 16.497500 15.071500 16.295500 15.646500 13.836500 15.512500 16.527500 18.004000 19.843500 23.346000 26.764000 28.023000 25.360500 25.982500 29.680500 29.207500 27.225000 30.025000 32.700000 34.433500 35.818000 34.298500 37.176500 36.981000 33.320000 34.098000 36.801000 34.413000 31.354000 32.111500 29.224000 25.486500 24.988500 27.364000 25.506000 22.230500 24.303500 25.763500 22.458000 21.165500 24.281500 24.170000 20.788000 22.239000 25.424500 23.953000 21.946000 24.552500 25.654500 28.517500 29.899500 33.181000 34.826500 36.409500 39.067500 39.113000 36.542000 34.606000 32.972500 30.453500 29.326000 29.177500 26.779500 24.569000 24.662000 24.093000 20.995000 19.518500 20.538000 19.243500 15.745500 16.003500 17.304500 14.511000 11.909500 14.279500 13.654500 11.253000 11.363500 13.665500 13.509500 14.178500 16.962500 18.374000 18.393500 21.964000 23.541500 27.156500 29.156000 30.822000 33.873000 32.414500 30.347500 33.348000 35.069500 32.122000 31.642000 35.387500 35.366000 32.629000 34.594000 37.856000 36.606000 35.607000 38.968500 40.760000 39.161500 40.704000 38.248500 39.548500 38.162500 36.401000 34.857000 33.809000 32.047000 30.394500 29.267500 27.599000 26.077500 24.740000 22.983500 21.621500 20.424500 18.759500 17.087500 15.897500 14.653500 12.779500 10.960000 10.349000 8.873500 6.632500 5.578000 5.587000 3.840000 0.000000 3.844000 5.985500 7.475000 9.308500 11.084500 11.872000 14.196000 13.871500 13.830000 15.168000 15.919000 18.908000 20.162500 19.602500 22.757500 23.460500 23.085000 19.777000 18.637500 19.720500 18.053000 14.659500 15.338000 16.397500 13.442000 11.283000 13.916500 14.513500 11.292500 11.240500 13.912500 16.810500 16.048000 16.150000 19.290500 20.866000 20.440000 21.836500 24.738000 25.545000 26.003500 28.133000 30.184000 30.850000 31.912000 34.302000 35.949000 36.224000 37.811500 40.368500 41.101000 41.514500 43.494500 45.293000 46.823000
41.798500 39.963000 38.493000 34.942000 34.121500 31.715500 29.963000 29.377000 27.862000 25.479500 24.574000 24.037500 21.839500 19.765500 19.517000 18.499500 15.777500 14.460500 14.981000 13.958000 12.629000 14.560500 14.985500 16.236500 18.521000 21.911000 25.452500 26.385500 23.718500 24.726000 28.315500 27.618500 25.893500 28.914000 31.339000 33.120500 34.363500 32.866500 35.901000 35.886000 32.294000 33.100500 36.000500 33.820000 30.743000 31.460500 28.551500 24.814000 24.707500 27.248500 25.279500 22.229500 24.676500 26.111000 22.835500 21.956000 25.268500 25.051500 21.913500 23.712000 26.806000 25.304000 23.659000 26.401000 27.721000 30.657500 32.209000 35.523500 37.287500 38.938000 41.661500 41.812500 39.304500 37.444500 35.739500 33.334500 32.206500 31.889000 29.497000 27.432000 27.389500 26.627500 23.638000 22.258500 22.974500 21.508500 18.225000 18.325000 19.158500 16.270000 13.884500 15.749500 14.495500 11.520500 11.581000 14.544500 14.738500 14.654500 17.318500 19.289500 19.212500 22.587500 24.271000 27.955500 30.236000 31.836000 35.000500 33.703000 31.831500 34.866000 36.762500 34.001000 33.530500 37.302500 37.472000 34.867000 36.776500 40.088500 39.023500 38.078000 41.354500 43.247500 41.788000 43.273000 40.720000 41.846500 40.295500 38.451000 37.115500 36.107500 34.130500 32.530000 31.650000 29.879000 28.147500 27.017000 25.454500 23.809500 22.460500 21.147500 19.562500 17.933500 16.692500 15.334500 13.387500 12.096500 10.922000 9.454000 7.599500 6.496500 5.923500 3.844000 0.000000 3.838500 6.093000 7.158500 8.389500 9.993000 12.626500 13.029000 13.686000 15.121500 16.516500 19.298000 20.412000 20.359500 23.763500 24.748000 24.745000 21.358000 20.048000 21.540000 20.166500 16.581500 17.234000 18.777000 16.020000 13.631500 16.331000 17.344500 14.286000 14.347000 17.064000 19.936500 19.074000 19.182000 22.385000 23.909500 23.339000 24.759000 27.735000 28.418000 28.768000 31.003000 33.086500 33.599500 34.636000 37.140500 38.726000 38.866500 40.509000 43.131000 43.786000 44.173500 46.197000 47.996500 49.532000
43.180000 41.464500 40.106500 36.617000 35.961000 33.583500 31.970500 31.283000 29.632000 27.395000 26.583500 25.834500 23.585500 21.759000 21.418000 20.119000 17.556500 16.430500 16.560500 15.212000 14.114000 15.884000 15.783000 17.124000 19.705500 22.900000 26.524500 27.290000 24.751500 26.035000 29.531000 28.752000 27.267500 30.397000 32.654500 34.396000 35.461500 33.883500 36.959000 37.145500 33.592500 34.280000 37.304500 35.292500 32.144000 32.694500 29.705500 26.024500 25.976500 28.685500 26.846000 23.851500 26.349500 27.931500 24.778000 23.919000 27.284000 27.188000 24.145000 25.904000 29.023500 27.601500 25.987000 28.616000 29.937500 32.819000 34.251000 37.531000 39.241000 40.893500 43.544000 43.648500 41.100000 39.218000 37.439000 34.962500 34.009500 33.760000 31.241000 29.226500 29.390500 28.601000 25.514500 24.310500 25.175000 23.600000 20.350000 20.689000 21.487000 18.489500 16.356500 18.286000 16.934000 13.824000 13.580000 16.652500 16.611500 16.194500 19.002500 21.017500 20.609000 23.822000 25.746000 29.373500 31.790500 33.529000 36.765000 35.619000 33.698000 36.622000 38.632000 35.919500 35.283500 39.029000 39.310500 36.637500 38.389500 41.767500 40.758000 39.659500 42.874500 44.869000 43.349500 44.688500 42.052000 43.087500 41.587500 39.579000 38.253000 37.452500 35.439000 33.664000 32.920500 31.333000 29.428500 28.173000 26.864500 25.304000 23.667000 22.350500 21.134000 19.467000 17.847500 16.669000 15.166500 13.561000 11.942000 11.053000 9.689500 7.749500 6.761500 5.985500 3.838500 0.000000 3.837500 5.790500 6.629500 7.815000 10.851500 11.399500 12.110500 13.486000 15.212500 17.914000 18.815500 18.990500 22.500000 23.723500 23.958000 20.526000 19.192000 21.049000 19.876000 16.215500 17.044000 18.988000 16.410500 14.090000 17.039000 18.371500 15.527500 15.695500 18.695500 21.253500 20.134500 20.573500 23.847500 25.035500 24.403000 26.106000 28.987500 29.412000 29.892000 32.295000 34.191000 34.576000 35.799500 38.333500 39.722000 39.881000 41.695500 44.237000 44.777000 45.199000 47.258000 48.994500 50.505000
44.056000 42.283000 41.026500 37.540000 36.917500 34.708000 32.985000 32.126000 30.632000 28.518500 27.468500 26.619000 24.627500 22.790500 22.109000 20.886000 18.640000 17.214500 16.996000 15.870000 15.334500 17.459500 17.230500 18.127500 20.867500 24.044000 27.637500 28.136000 25.441000 26.869500 30.274000 29.220500 27.728500 30.972000 33.084500 35.017500 36.172000 34.782500 37.976000 38.109500 34.637500 35.506500 38.553000 36.552500 33.519500 34.216000 31.312500 27.634500 27.808000 30.434500 28.408000 25.560000 28.165000 29.547500 26.301500 25.641000 28.966000 28.631500 25.592000 27.488000 30.448500 28.797500 27.235000 29.970500 31.310000 34.242000 35.645000 38.916500 40.679500 42.259500 44.853000 44.925500 42.381000 40.527000 38.902000 36.366000 35.284000 35.173500 32.784000 30.608500 30.705500 30.126500 27.107000 25.679000 26.564000 25.233000 21.939000 22.043000 22.991000 20.193000 17.850000 19.588000 18.236000 15.227500 15.403000 18.426500 18.668500 18.349500 20.928500 23.024500 22.820000 26.022500 27.803000 31.385500 33.741500 35.368500 38.533500 37.284000 35.460500 38.450500 40.357000 37.614500 37.113500 40.850500 41.012000 38.372500 40.228500 43.535000 42.421500 41.392500 44.664000 46.548500 44.980000 46.410000 43.866500 45.005000 43.560000 41.623000 40.224000 39.366500 37.450500 35.708000 34.840000 33.259000 31.492000 30.191500 28.754000 27.306000 25.807000 24.355500 23.039500 21.571000 20.053500 18.630500 17.119500 15.846500 14.210000 12.912000 11.749500 10.322500 8.850500 7.475000 6.093000 3.837500 0.000000 3.836000 6.072500 7.242500 9.991000 10.567000 11.362500 13.216500 14.932500 17.557000 18.838500 19.247500 22.779500 23.768000 24.271500 21.026000 19.269500 21.050000 20.269000 16.575500 16.879500 19.047000 16.855000 14.123500 16.806000 18.551000 16.055000 16.766500 19.682000 22.120000 21.295000 21.961500 25.044500 26.230500 25.896500 27.620000 30.345000 30.907000 31.560000 33.835000 35.657000 36.214500 37.482500 39.881500 41.317000 41.615000 43.376000 45.845500 46.435500 46.856500 48.867000 50.583000 52.071500
43.388000 41.702500 40.655000 37.253500 36.869000 34.835500 33.224000 32.095000 30.534500 28.703500 27.610500 26.430000 24.546500 22.998500 22.029000 20.546000 18.660000 17.313500 16.566500 15.259500 15.216500 17.415000 16.699000 17.321000 20.342500 23.305000 26.915000 27.081500 24.431500 26.184000 29.413000 28.146000 26.909500 30.292500 32.140000 34.114000 35.142000 33.813500 37.114500 37.393500 34.034000 34.936000 38.109500 36.301000 33.307000 33.987500 31.105500 27.460000 27.964000 30.682000 28.564000 25.927000 28.791500 30.119000 26.901500 26.545500 29.993000 29.557000 26.687500 28.850000 31.733000 30.039000 28.734500 31.634500 32.998500 35.979000 37.467000 40.814000 42.709000 44.397000 47.076500 47.251500 44.753500 42.884500 41.223000 38.777500 37.645500 37.401000 35.041500 32.943000 32.895000 32.194000 29.256500 27.832000 28.502000 27.090000 23.886000 23.838000 24.561500 21.732000 19.390500 20.878000 19.162000 15.977000 16.198000 19.482000 19.972500 19.252000 21.664500 24.093500 23.876500 26.909000 28.713000 32.309000 34.836500 36.394000 39.610000 38.459000 36.802000 39.828500 41.834000 39.223000 38.766500 42.522000 42.800000 40.275000 42.125000 45.453000 44.465500 43.514000 46.736000 48.675000 47.225500 48.647500 46.046500 47.072500 45.489000 43.524500 42.285000 41.413000 39.344000 37.680500 36.967500 35.268500 33.390500 32.271500 30.909000 29.243500 27.706500 26.500500 25.141500 23.402000 21.979500 20.835500 19.106500 17.548000 16.211000 15.113500 13.430000 11.815000 11.015500 9.308500 7.158500 5.790500 3.836000 0.000000 3.839500 6.042000 8.736000 10.374000 11.918000 14.110000 16.286500 18.693000 19.982000 20.875000 24.509000 25.680000 26.453000 23.231000 21.397000 23.366500 22.782500 19.090000 19.309000 21.623500 19.543000 16.724000 19.252500 21.119000 18.622500 19.331000 22.182500 24.753500 23.949500 24.487000 27.614500 28.886500 28.460000 30.115500 32.935500 33.481500 34.013000 36.326500 38.230500 38.703500 39.903500 42.387500 43.827000 44.014000 45.778500 48.315500 48.839500 49.234000 51.288500 53.024000 54.536500
44.711500 43.188500 42.253000 38.929000 38.724000 36.674500 35.249500 34.064500 32.310000 30.597000 29.679500 28.314500 26.298000 24.999500 24.072500 22.290500 20.452000 19.411000 18.450500 16.751000 16.713500 18.604000 17.426000 18.265000 21.495500 24.216000 27.897000 27.947500 25.527500 27.528500 30.655000 29.392500 28.450500 31.892500 33.581000 35.433500 36.218000 34.747000 38.045000 38.574500 35.252500 35.962000 39.257000 37.645500 34.548000 34.997500 32.014500 28.435500 28.941500 31.868500 29.946000 27.316000 30.209500 31.755500 28.685000 28.276000 31.806500 31.574500 28.780500 30.867000 33.862000 32.341000 31.031000 33.837000 35.193000 38.110000 39.593500 42.942000 44.742000 46.471000 49.162000 49.288000 46.740500 44.806000 43.023000 40.529000 39.587000 39.344500 36.815500 34.807500 34.948500 34.137500 31.075000 29.853000 30.631500 29.033500 25.833000 26.028000 26.680500 23.678500 21.523500 23.136500 21.369500 18.026000 17.849500 21.280500 21.482500 20.438500 23.061000 25.525500 24.938000 27.813500 29.902000 33.495000 36.193000 37.913500 41.236000 40.271500 38.541000 41.455500 43.617500 41.065000 40.413000 44.156500 44.594000 41.998000 43.668500 47.091500 46.205000 45.089500 48.232500 50.316500 48.836000 50.087000 47.365500 48.257500 46.688500 44.538500 43.352000 42.692500 40.535500 38.705500 38.179000 36.628500 34.528000 33.330000 32.240000 30.580000 28.737500 27.599000 26.564000 24.689500 22.935500 22.043000 20.611500 18.675500 17.074000 16.508000 14.981000 12.671000 11.952000 11.084500 8.389500 6.629500 6.072500 3.839500 0.000000 3.834000 6.756500 9.059000 11.000000 12.993500 15.654000 17.824000 18.751000 19.982500 23.678500 25.180000 26.195500 22.944500 21.188000 23.545500 23.111500 19.411000 19.889000 22.516500 20.524500 17.881500 20.668000 22.689000 20.252500 20.864500 23.978500 26.358000 25.248500 25.971500 29.239000 30.237000 29.652000 31.543500 34.351500 34.620000 35.198500 37.719500 39.487000 39.775000 41.132500 43.704000 44.940000 45.086000 47.038000 49.531000 49.930000 50.401000 52.523000 54.198000 55.692000
47.231500 45.755500 44.769500 41.447500 41.197000 39.027500 37.626000 36.582000 34.772500 32.940500 32.133500 30.886000 28.740500 27.379000 26.636000 24.882000 22.852000 21.875500 21.120000 19.370000 19.053000 20.668000 19.476000 20.652000 23.841500 26.508500 30.224000 30.375500 28.088000 30.078000 33.227000 32.062500 31.161500 34.572500 36.294000 38.067500 38.765500 37.169500 40.399500 41.024500 37.670500 38.221000 41.523000 39.935500 36.744500 37.031500 33.945000 30.376500 30.658500 33.699500 31.978500 29.191500 31.934000 33.689000 30.678000 30.002500 33.524000 33.497500 30.602500 32.466500 35.599000 34.185500 32.666000 35.339000 36.513000 39.326500 40.618500 43.942500 45.587500 47.299500 49.911500 49.897500 47.253000 45.204000 43.392500 40.744000 39.993000 39.932500 37.257000 35.214000 35.652000 34.924000 31.685000 30.577000 31.678500 30.062000 26.745000 27.233000 28.128000 25.034000 22.908500 24.874000 23.322500 20.053000 19.634000 22.934000 22.730500 21.770000 24.681500 26.897000 26.015500 28.875500 31.186500 34.732000 37.419000 39.350500 42.702500 41.794000 39.869000 42.658500 44.842500 42.213500 41.373500 45.082000 45.525000 42.765500 44.295500 47.765000 46.825000 45.500000 48.625000 50.762500 49.123500 50.240000 47.483000 48.380000 46.978000 44.686000 43.381000 42.939500 40.872000 38.807500 38.289500 37.007000 34.832500 33.374500 32.456000 31.041000 28.969000 27.639000 26.941500 25.243000 23.106500 22.157500 21.202500 19.257500 17.150500 16.825000 15.897000 13.287500 12.031500 11.872000 9.993000 7.815000 7.242500 6.042000 3.834000 0.000000 3.831500 6.002000 8.093000 10.221500 13.080000 15.187000 16.091000 17.489500 21.182000 22.837000 24.030500 20.833000 19.087000 21.694500 21.449500 17.816000 18.433500 21.321500 19.549500 17.091000 20.034500 22.242500 20.056500 20.748000 24.076500 26.106500 24.806000 25.881000 29.158500 29.805500 29.246000 31.431000 34.075000 34.119000 34.913000 37.559000 39.080000 39.311500 40.907500 43.437000 44.470500 44.726000 46.849000 49.195000 49.501000 50.062000 52.207500 53.799000 55.254500
50.020500 48.552000 47.635500 44.323500 44.090000 41.971500 40.517000 39.422000 37.679500 35.873000 34.966500 33.702500 31.653500 30.252500 29.385000 27.692500 25.756000 24.630000 23.774000 22.148500 21.994500 23.670000 22.409000 23.499000 26.746500 29.349500 33.061000 33.073500 30.788000 32.885000 35.965000 34.663000 33.814500 37.286000 38.896500 40.748000 41.426000 39.885500 43.156000 43.830500 40.525000 41.091500 44.422500 42.883500 39.709500 39.980000 36.889000 33.330500 33.628000 36.705000 34.991000 32.199500 34.934500 36.701500 33.661500 32.953500 36.460500 36.417000 33.454000 35.280500 38.427000 36.950000 35.331000 38.028500 39.107000 41.898500 43.129000 46.444500 47.994000 49.643500 52.209500 52.071500 49.359500 47.229500 45.501500 42.715000 42.000500 42.139000 39.448500 37.280500 37.851500 37.297500 33.985000 32.796500 34.086000 32.603500 29.180000 29.660000 30.777000 27.751500 25.465500 27.476500 26.053000 22.869500 22.571500 25.824500 25.560500 24.693500 27.662000 29.807500 28.860500 31.714000 34.096500 37.630500 40.298000 42.283000 45.624500 44.690500 42.707000 45.471500 47.617500 44.922000 44.048500 47.737500 48.120000 45.276500 46.781000 50.244000 49.212000 47.792000 50.937500 53.049000 51.276500 52.355000 49.626500 50.581000 49.317500 46.966000 45.546000 45.221000 43.258500 41.055500 40.481500 39.370500 37.215000 35.567000 34.689500 33.476000 31.330000 29.815500 29.264500 27.757000 25.446000 24.352000 23.640500 21.834000 19.456000 19.082500 18.492000 15.926000 14.281000 14.196000 12.626500 10.851500 9.991000 8.736000 6.756500 3.831500 0.000000 3.842000 6.790000 9.113000 12.062000 13.626500 14.678000 16.569000 20.199000 21.842500 23.467000 20.533000 18.526000 21.284000 21.536500 18.050000 18.400500 21.590000 20.303000 17.809500 20.555000 23.118500 21.350500 22.371000 25.748000 27.485000 26.242500 27.653500 30.818500 31.235000 30.863500 33.249000 35.692500 35.658500 36.698500 39.359000 40.663500 40.954000 42.745500 45.168500 46.080500 46.495500 48.712000 50.908500 51.187000 51.855500 53.987500 55.500500 56.907000
52.026000 50.478000 49.396500 46.006500 45.565000 43.300000 41.726500 40.857000 39.191000 37.139000 36.239500 35.258000 33.137500 31.475000 30.812000 29.351500 27.137500 25.899000 25.432500 23.968500 23.469500 25.068500 24.129500 25.460000 28.541000 31.309500 35.038000 35.290500 32.958500 34.841500 38.063500 36.891500 35.843500 39.235500 41.042500 42.893000 43.672000 42.082000 45.282500 45.856500 42.456500 42.988500 46.232000 44.544000 41.324000 41.588000 38.448000 34.839000 34.849500 37.893500 36.273000 33.275500 35.789500 37.638000 34.564500 33.558000 36.962500 37.025500 33.882000 35.449000 38.678500 37.230000 35.331000 37.898000 38.829500 41.533500 42.624500 45.867000 47.234500 48.771500 51.231000 50.925000 48.133500 45.941000 44.291000 41.345000 40.721500 41.101500 38.370500 36.078000 36.881000 36.532500 33.106000 31.895000 33.499500 32.158500 28.605000 29.240500 30.693500 27.729500 25.354000 27.637500 26.584000 23.607500 23.289000 26.294500 25.753000 25.242000 28.402000 30.219000 29.211500 32.191000 34.614500 38.124000 40.628500 42.727000 46.023000 44.999000 42.822500 45.525500 47.566500 44.722000 43.774000 47.424500 47.676000 44.680500 46.156500 49.594000 48.401500 46.845500 50.034000 52.083500 50.124000 51.173000 48.514000 49.598500 48.549000 46.183500 44.552000 44.325000 42.565500 40.203000 39.467500 38.583000 36.530000 34.606000 33.712000 32.820500 30.647500 28.818500 28.431500 27.268500 24.755500 23.378000 23.043500 21.528000 18.750000 18.278500 18.309000 15.863500 13.599000 13.871500 13.029000 11.399500 10.567000 10.374000 9.059000 6.002000 3.842000 0.000000 3.877500 6.358000 8.953000 10.581000 11.988000 13.763500 17.332000 18.811500 20.498500 17.697000 15.546500 18.309000 18.757500 15.386500 15.656000 18.978000 17.981500 15.633500 18.359500 21.045500 19.618500 20.819000 24.251500 25.639500 24.398000 26.138000 29.174000 29.333500 29.150000 31.727000 33.942500 33.848500 35.151000 37.791500 38.872500 39.259500 41.239500 43.518500 44.335500 44.947500 47.224500 49.257000 49.568000 50.336500 52.431500 53.875500 55.231500
53.448500 51.880000 50.633000 47.204500 46.601000 44.164500 42.565000 41.942500 40.270500 38.005000 37.222000 36.491000 34.231500 32.410000 32.029000 30.705000 28.215500 27.024000 26.933000 25.500000 24.618000 26.002000 25.305000 26.933000 29.833000 32.679500 36.404500 36.914500 34.630500 36.316000 39.651000 38.679000 37.510000 40.794000 42.785000 44.548500 45.352000 43.648000 46.736500 47.269500 43.786500 44.207500 47.367000 45.581000 42.295500 42.483000 39.278500 35.662500 35.370000 38.408500 36.957000 33.779000 36.050500 38.037500 35.013500 33.700500 37.005500 37.254000 34.003000 35.281500 38.609000 37.284000 35.150500 37.533000 38.290500 40.851500 41.777500 44.951500 46.128500 47.619500 49.993000 49.544000 46.681000 44.387500 42.744500 39.679000 39.222500 39.778000 36.957500 34.637000 35.706500 35.468500 31.931500 30.819500 32.721500 31.426500 27.819500 28.709500 30.405000 27.462500 25.146000 27.724000 26.991500 24.210000 23.728000 26.459000 25.568500 25.318500 28.653000 30.124000 28.974500 31.981000 34.479500 37.911000 40.283500 42.530500 45.786500 44.755000 42.386500 44.967500 46.950500 44.014500 42.933000 46.516000 46.709500 43.577500 44.950500 48.377000 47.099500 45.379500 48.554500 50.597500 48.492000 49.448500 46.815000 47.957500 47.096000 44.682000 42.899500 42.817000 41.216500 38.691500 37.880500 37.240500 35.232500 33.069500 32.257000 31.657500 29.403000 27.348500 27.216000 26.344500 23.607000 22.088000 22.200500 20.886000 17.774000 17.400500 18.051500 15.684000 13.027000 13.830000 13.686000 12.110500 11.362500 11.918000 11.000000 8.093000 6.790000 3.877500 0.000000 3.849000 6.114500 8.261000 9.715500 11.034500 14.569500 16.043500 17.599000 14.772500 12.709000 15.567000 15.989000 12.722000 13.226500 16.612500 15.755500 13.775500 16.634000 19.268000 18.068000 19.253000 22.772500 23.798500 22.407500 24.429000 27.395500 27.252500 27.127500 29.906500 31.935500 31.690500 33.183500 35.863000 36.731500 37.117000 39.269000 41.463500 42.141000 42.873500 45.242500 47.133500 47.409500 48.282000 50.373000 51.748500 53.067000
55.300500 53.765000 52.478000 49.042000 48.404500 45.885000 44.309000 43.784500 42.071000 39.732000 39.031500 38.369500 36.023500 34.178000 33.918000 32.592000 29.996000 28.869500 28.882500 27.390500 26.361000 27.601500 26.906500 28.702500 31.580500 34.412500 38.155000 38.749000 36.531500 38.190500 41.557000 40.663500 39.502500 42.761500 44.797500 46.503500 47.263000 45.476000 48.516500 49.092000 45.577500 45.901000 49.052500 47.267500 43.925000 44.014500 40.760000 37.172000 36.729000 39.803000 38.490000 35.233000 37.376500 39.480000 36.521000 35.043500 38.297000 38.687000 35.398500 36.491500 39.888000 38.664500 36.396000 38.634000 39.342000 41.826500 42.668500 45.763000 46.778000 48.194000 50.499000 49.925000 47.008500 44.678500 43.024000 39.867500 39.575500 40.261500 37.354500 35.038000 36.328000 36.148500 32.527000 31.523500 33.621000 32.325500 28.708500 29.780000 31.580500 28.632500 26.402000 29.119000 28.557000 25.829000 25.204000 27.833000 26.707000 26.519500 29.981500 31.278500 29.961500 32.930500 35.541500 38.927500 41.269500 43.634000 46.897500 45.908000 43.409500 45.887500 47.872500 44.897000 43.686500 47.217500 47.412000 44.176500 45.432500 48.870500 47.557500 45.682500 48.821000 50.891000 48.669500 49.510000 46.871000 48.016000 47.301500 44.801000 42.926000 43.016000 41.509000 38.823000 38.014500 37.597000 35.563000 33.215000 32.542500 32.149000 29.766500 27.586500 27.720000 27.007500 24.058000 22.525500 22.999500 21.726000 18.380500 18.205500 19.226000 16.780500 13.974500 15.168000 15.121500 13.486000 13.216500 14.110000 12.993500 10.221500 9.113000 6.358000 3.849000 0.000000 3.841500 5.882500 7.024000 8.510500 12.175000 13.884000 15.658000 12.905000 10.870000 14.118000 14.772500 11.749000 12.514500 16.054000 15.477500 13.905000 16.785500 19.408000 18.483000 19.633000 23.205500 23.891500 22.345500 24.618000 27.519000 27.059000 26.958500 29.942000 31.793500 31.349000 33.019000 35.769500 36.410500 36.747500 39.087000 41.220500 41.717000 42.547000 45.040500 46.792000 47.020000 47.988500 50.078500 51.371000 52.630500
57.196500 55.566500 54.113500 50.617000 49.761500 47.133500 45.430000 45.127500 43.536000 40.984500 40.267500 39.896000 37.543500 35.458000 35.372000 34.310000 31.528000 30.287500 30.644500 29.363500 28.092500 29.286500 28.928000 30.841500 33.516500 36.484000 40.194500 40.997500 38.719500 40.150000 43.624500 42.843500 41.477500 44.632000 46.848000 48.564500 49.451000 47.658000 50.625500 51.063500 47.479500 47.807500 50.839500 48.894000 45.555500 45.680000 42.429000 38.822000 38.128000 41.099000 39.854500 36.456000 38.353000 40.466500 37.498500 35.769000 38.849500 39.306000 35.888000 36.704500 40.111500 38.912500 36.396000 38.470000 39.001000 41.351000 42.041000 45.020000 45.825500 47.096500 49.261000 48.498500 45.522500 43.140000 41.625000 38.320500 38.107500 39.076500 36.197500 33.752000 35.265000 35.352500 31.696500 30.653500 33.052500 31.982500 28.320500 29.492000 31.622000 28.858000 26.578000 29.459500 29.294000 26.878500 26.311000 28.602500 27.279500 27.491500 31.006000 31.952000 30.667500 33.719000 36.271000 39.584000 41.700000 44.116500 47.270500 46.166000 43.516000 45.917500 47.733500 44.621000 43.384500 46.830000 46.844000 43.491000 44.735500 48.085500 46.583000 44.604500 47.776500 49.725500 47.311500 48.146000 45.640000 46.956500 46.493000 44.044000 41.935000 42.091000 40.856500 38.060000 37.034500 36.859000 35.025000 32.413500 31.682000 31.677500 29.380000 26.876000 27.147000 26.883000 23.866000 22.022500 22.882000 22.046500 18.495500 18.162500 19.779000 17.710500 14.568000 15.919000 16.516500 15.212500 14.932500 16.286500 15.654000 13.080000 12.062000 8.953000 6.114500 3.841500 0.000000 3.837500 5.830500 6.239000 9.555000 10.691000 12.476000 10.029500 7.568000 10.781000 11.838500 9.259500 9.809000 13.389000 13.404500 12.292000 14.857000 17.470500 17.115500 18.456500 21.892500 22.076500 20.624000 23.258500 25.874000 25.110000 25.304500 28.436000 29.948500 29.485000 31.465500 34.104000 34.473000 34.973000 37.489500 39.398000 39.815500 40.894000 43.396500 44.941000 45.234500 46.312500 48.327500 49.544500 50.738500
59.981000 58.398500 57.022000 53.544500 52.756000 50.161000 48.475000 48.105000 46.495000 44.002500 43.260500 42.803000 40.474500 38.444500 38.264000 37.136000 34.438000 33.183500 33.384000 32.055000 30.920500 32.122500 31.584500 33.465500 36.255500 39.141000 42.880500 43.566500 41.327500 42.897000 46.316000 45.445500 44.180500 47.404500 49.517000 51.256000 52.073000 50.277500 53.280500 53.811500 50.260000 50.557000 53.649000 51.785000 48.426500 48.487500 45.200000 41.614500 40.964000 44.010000 42.801500 39.424000 41.355500 43.517000 40.567000 38.851500 41.958000 42.435500 39.020000 39.837000 43.257000 42.055000 39.519500 41.592500 42.091000 44.409500 45.051000 48.001500 48.721000 49.953500 52.059000 51.205500 48.199500 45.770000 44.294500 40.926000 40.798500 41.886000 38.989500 36.529000 38.147500 38.307500 34.630500 33.606000 36.083500 35.047000 31.381000 32.565000 34.739500 31.983500 29.683500 32.550000 32.355500 29.899500 29.333000 31.687000 30.341000 30.462000 34.009500 34.982000 33.594500 36.570000 39.216000 42.516500 44.667500 47.140500 50.313000 49.250500 46.569500 48.921500 50.756500 47.641000 46.340000 49.751500 49.777500 46.379500 47.543500 50.893500 49.374000 47.300000 50.431000 52.390500 49.893000 50.635500 48.136500 49.436500 49.080500 46.552000 44.404500 44.710500 43.528000 40.623500 39.638500 39.620500 37.749000 35.044000 34.440000 34.542000 32.150500 29.630500 30.065000 29.839500 26.721000 24.950000 25.934500 25.045500 21.458000 21.241500 22.854500 20.688000 17.600000 18.908000 19.298000 17.914000 17.557000 18.693000 17.824000 15.187000 13.626500 10.581000 8.261000 5.882500 3.837500 0.000000 3.849500 5.838000 8.661500 9.946500 12.592000 10.882500 8.469500 11.716000 13.472000 11.552500 11.812500 15.368000 15.909500 14.922000 17.115000 19.880500 19.881500 21.351000 24.717000 24.661000 23.230500 26.017000 28.507500 27.518500 27.789500 31.037500 32.360500 31.753500 33.885500 36.546000 36.692000 37.162000 39.837500 41.659000 41.898500 43.076000 45.681500 47.068500 47.296000 48.463500 50.466000 51.580000 52.706500
60.905500 59.427000 58.026500 54.590500 53.849500 51.157500 49.611500 49.322000 47.562000 45.056500 44.508500 44.038000 41.547500 39.625500 39.614500 38.348000 35.559000 34.534500 34.782000 33.242000 31.939500 32.876500 32.236000 34.332500 37.100000 39.873500 43.619500 44.391500 42.324000 43.908500 47.322500 46.594500 45.441000 48.626500 50.756000 52.343500 53.016000 51.063500 53.980000 54.640500 51.073000 51.183500 54.290000 52.506500 49.060000 48.932000 45.581000 42.073000 41.286000 44.417500 43.423500 40.009000 41.834500 44.179500 41.380500 39.534000 42.638000 43.339000 39.981000 40.647500 44.168500 43.177500 40.607500 42.532500 42.976000 45.211000 45.749000 48.661000 49.258500 50.541500 52.625000 51.726500 48.693000 46.191500 44.578500 41.213000 41.324000 42.385000 39.340500 37.039500 38.852500 38.886500 35.143000 34.374500 36.942500 35.736000 32.149000 33.591000 35.689500 32.831000 30.758500 33.760500 33.562500 31.071500 30.217500 32.530000 30.926500 30.928000 34.580000 35.436500 33.788500 36.608500 39.422500 42.654000 44.850500 47.466000 50.673500 49.768000 46.989000 49.183500 51.115500 48.057000 46.560000 49.904500 50.062000 46.603000 47.562500 50.962500 49.543000 47.301000 50.315500 52.400000 49.881500 50.424000 47.835000 49.003000 48.710000 46.036000 43.923000 44.453500 43.250500 40.202500 39.381500 39.554500 37.538500 34.757500 34.432500 34.606500 32.004500 29.554000 30.319500 30.066000 26.745000 25.214500 26.499500 25.439000 21.767500 21.972000 23.728000 21.342500 18.430500 20.162500 20.412000 18.815500 18.838500 19.982000 18.751000 16.091000 14.678000 11.988000 9.715500 7.024000 5.830500 3.849500 0.000000 3.834000 6.741000 9.108500 11.714500 9.925500 8.384000 12.034500 13.495000 11.873500 12.874000 16.247000 16.616500 16.108500 18.559500 21.067500 20.959500 22.120000 25.604500 25.388500 23.596000 26.431500 29.010500 27.743500 27.780000 31.189000 32.472000 31.547000 33.675000 36.504500 36.498500 36.738500 39.540000 41.427000 41.433000 42.549500 45.322000 46.640500 46.727500 47.977500 50.023500 51.066500 52.165500
60.820500 59.290500 57.687500 54.221000 53.282000 50.431500 48.855500 48.845500 47.119000 44.402000 43.975500 43.796000 41.203500 39.123500 39.416500 38.337000 35.306500 34.346500 34.994500 33.542000 31.872000 32.609500 32.313500 34.629000 37.123500 39.991000 43.678000 44.752500 42.706500 44.007000 47.534000 47.044500 45.716500 48.736500 51.090000 52.580500 53.329500 51.295000 54.068500 54.611500 50.965000 51.000000 53.960000 52.033500 48.567500 48.413000 45.064000 41.582000 40.484000 43.510000 42.673500 39.124000 40.651500 43.066000 40.352500 38.224500 41.149500 42.021000 38.615000 38.963500 42.519000 41.689000 38.933000 40.619000 40.890000 42.958000 43.330500 46.126500 46.535500 47.759500 49.744500 48.734000 45.668000 43.113000 41.509500 38.089000 38.362000 39.550500 36.469500 34.197000 36.234000 36.357000 32.591500 31.961000 34.751500 33.607500 30.083000 31.752000 34.010500 31.263000 29.338500 32.537000 32.654500 30.444000 29.471000 31.419000 29.535000 29.848000 33.545000 34.017500 32.330500 35.159500 37.931000 41.050000 43.040000 45.728500 48.835000 47.898500 44.971500 47.033000 48.859000 45.737500 44.153000 47.394500 47.470000 43.925500 44.802000 48.143500 46.644000 44.291500 47.280000 49.321000 46.697000 47.178000 44.652000 45.897000 45.779000 43.132500 40.873000 41.484000 40.470000 37.335500 36.402000 36.788000 34.893000 31.926500 31.642000 32.113500 29.542500 26.900500 27.879500 27.956000 24.566500 22.922000 24.614000 23.848000 20.069000 20.358500 22.616500 20.505000 17.510000 19.602500 20.359500 18.990500 19.247500 20.875000 19.982500 17.489500 16.569000 13.763500 11.034500 8.510500 6.239000 5.838000 3.834000 0.000000 3.873500 6.432500 8.272500 6.180500 5.389000 9.118500 10.160500 9.089000 10.704500 13.622000 14.004500 14.248000 16.697500 18.772500 18.835500 19.788500 23.174000 22.593000 20.636500 23.633000 26.068500 24.520000 24.582500 28.101500 29.188000 28.136000 30.403000 33.213500 33.033000 33.285000 36.188500 37.980000 37.900500 39.116500 41.914500 43.124500 43.226500 44.546000 46.560000 47.562000 48.635500
64.020500 62.488000 60.782500 57.313000 56.264000 53.315500 51.731000 51.897000 50.192500 47.357500 47.006000 46.996500 44.353500 42.194500 42.648000 41.670000 38.531500 37.599500 38.430000 37.021500 35.195500 35.795000 35.621500 38.061000 40.433500 43.299000 46.949000 48.159500 46.164500 47.353000 50.917000 50.539000 49.155500 52.096500 54.540500 55.974500 56.727000 54.626500 57.309000 57.835500 54.160000 54.106000 56.988000 55.016000 51.530000 51.299500 47.940000 44.516000 43.206000 46.185500 45.511500 41.889500 43.185500 45.678500 43.062000 40.725500 43.491000 44.511000 41.083500 41.153500 44.714000 44.010500 41.089500 42.546000 42.634000 44.502000 44.668000 47.297000 47.438500 48.542000 50.344000 49.128000 46.022500 43.406500 41.879000 38.366500 38.883500 40.320500 37.229000 34.988500 37.320500 37.613500 33.862500 33.369500 36.409000 35.384500 31.955500 33.798500 36.224500 33.615500 31.811000 35.118500 35.488500 33.484000 32.445000 34.133500 32.034000 32.534500 36.252000 36.422500 34.641500 37.380500 40.165500 43.132000 44.951000 47.741500 50.752500 49.829000 46.755000 48.632000 50.358500 47.193000 45.480500 48.560500 48.561000 44.916500 45.627000 48.878000 47.285500 44.743000 47.638500 49.625500 46.819500 47.136500 44.711000 46.010500 46.194500 43.519000 41.089000 41.935500 41.185500 37.890500 36.892000 37.651000 35.874000 32.674500 32.553500 33.420500 30.845500 28.051000 29.351000 29.780000 26.323500 24.655500 26.758500 26.237000 22.437500 22.823500 25.428500 23.509500 20.528000 22.757500 23.763500 22.500000 22.779500 24.509000 23.678500 21.182000 20.199000 17.332000 14.569500 12.175000 9.555000 8.661500 6.741000 3.873500 0.000000 3.893500 5.838500 5.452000 5.931500 8.730500 10.100500 10.475500 12.009500 14.275000 15.248500 16.195500 18.175000 19.956500 20.532500 21.434500 24.562500 23.401500 21.414500 24.655500 26.740500 24.708000 24.921500 28.588000 29.226000 27.919000 30.472500 33.221000 32.600500 32.841500 35.995500 37.550000 37.176000 38.610500 41.517500 42.412500 42.455500 43.936000 45.882500 46.716500 47.675500
65.454500 63.753500 61.949500 58.405000 57.154000 54.233000 52.424500 52.672000 51.209500 48.251000 47.698500 47.903500 45.429000 43.013500 43.415500 42.753000 39.604000 38.381000 39.381500 38.314500 36.514500 37.337500 37.464000 39.755000 42.021000 45.070500 48.684000 49.941500 47.748500 48.772000 52.402500 51.959000 50.337500 53.235500 55.779000 57.365000 58.341000 56.391000 59.108000 59.415500 55.712000 55.841500 58.621500 56.460500 53.069500 53.042000 49.764000 46.278500 44.924000 47.724000 46.907500 43.247000 44.441500 46.745500 44.007000 41.621000 44.212000 45.065500 41.516500 41.478500 44.919500 44.052000 40.968000 42.385000 42.446000 44.282500 44.439500 46.944500 46.960500 47.826000 49.490500 48.106500 44.992000 42.426500 41.206000 37.573000 37.939000 39.688000 36.812000 34.314500 36.649000 37.329000 33.674000 32.899000 36.082500 35.452500 31.978000 33.611000 36.340500 34.042500 32.021500 35.235000 35.936500 34.219000 33.511500 34.982500 33.015000 33.913500 37.526500 37.546500 36.059000 38.978500 41.534500 44.505500 46.092500 48.755500 51.619500 50.454000 47.369000 49.313500 50.781500 47.465500 45.932500 48.967000 48.672000 45.006000 45.891500 48.979500 47.115500 44.649500 47.660000 49.386500 46.420500 46.913500 44.738000 46.326000 46.706500 44.243500 41.572000 42.269500 41.817000 38.589500 37.232500 38.044000 36.620000 33.289500 32.850000 34.005500 31.756500 28.657500 29.746000 30.592000 27.349500 25.237000 27.329500 27.327500 23.550500 23.415500 26.252000 24.816500 21.547000 23.460500 24.748000 23.723500 23.768000 25.680000 25.180000 22.837000 21.842500 18.811500 16.043500 13.884000 10.691000 9.946500 9.108500 6.432500 3.893500 0.000000 3.854500 5.516500 4.990500 6.249000 8.696000 9.942000 10.491500 12.376000 14.238500 15.289500 16.518500 18.360500 19.606500 20.952500 23.746000 22.201500 20.703500 24.219000 25.851500 23.747500 24.535000 28.139500 28.397500 27.386000 30.264000 32.674000 31.874000 32.521000 35.720000 36.929000 36.676000 38.445500 41.177500 41.888500 42.165500 43.716000 45.495500 46.292000 47.173000
64.617000 62.901500 60.927500 57.392500 55.990000 52.934000 51.153000 51.661500 50.205500 47.093500 46.704000 47.155500 44.584000 42.093500 42.799000 42.269500 38.943000 37.857000 39.195500 38.167000 36.051500 36.637000 37.046500 39.517000 41.503500 44.574000 48.091500 49.617500 47.496000 48.260000 51.952000 51.755000 50.021000 52.734500 55.458500 56.910000 57.918500 55.884500 58.437500 58.656000 54.911000 54.944500 57.570000 55.312500 51.925000 51.851500 48.603000 45.191500 43.568000 46.244000 45.603000 41.871500 42.770500 45.131500 42.532500 39.914500 42.309000 43.345500 39.823000 39.479000 42.923000 42.261500 39.062000 40.216500 40.097000 41.737000 41.720000 44.100500 43.943000 44.786000 46.363000 44.906000 41.779000 39.162500 37.909500 34.268500 34.831000 36.648000 33.735500 31.342000 33.891000 34.597000 30.969500 30.405000 33.745500 33.136000 29.816000 31.687000 34.474000 32.296500 30.518500 33.869500 34.814500 33.367000 32.510500 33.615500 31.405500 32.543000 36.122000 35.782500 34.265500 37.119000 39.602000 42.417000 43.799000 46.511000 49.260500 48.104500 44.907500 46.693500 48.071000 44.743000 43.119500 46.026500 45.686500 41.973000 42.750000 45.771500 43.875000 41.311000 44.265000 45.967000 42.937500 43.354000 41.228500 42.860000 43.384000 40.962000 38.187000 38.957000 38.674500 35.402000 33.966000 34.976500 33.676500 30.223000 29.852000 31.278500 29.096000 25.893500 27.196500 28.337500 25.122500 23.002500 25.449000 25.703000 22.005500 22.011500 25.183500 24.025000 20.906500 23.085000 24.745000 23.958000 24.271500 26.453000 26.195500 24.030500 23.467000 20.498500 17.599000 15.658000 12.476000 12.592000 11.714500 8.272500 5.838500 3.854500 0.000000 3.829000 5.492500 5.357500 6.404500 8.828000 10.079500 10.882500 12.531000 14.479000 15.668500 16.767000 18.061500 19.000500 21.563500 19.662500 17.961500 21.514500 22.962500 20.557500 21.312500 24.968500 25.027000 23.853500 26.822500 29.209000 28.250500 28.872000 32.141000 33.279500 32.944500 34.769500 37.517000 38.152500 38.432500 40.028000 41.790000 42.567000 43.444000
61.068000 59.408500 57.483000 53.972500 52.673000 49.621000 47.936500 48.374500 46.805500 43.759500 43.448500 43.784500 41.138500 38.762000 39.488000 38.814500 35.483500 34.533500 35.818500 34.647500 32.494000 33.007500 33.342500 35.858500 37.865500 40.893500 44.424500 45.942000 43.876500 44.683500 48.358000 48.196500 46.544000 49.269000 51.963000 53.353000 54.290500 52.215000 54.768500 55.048000 51.310000 51.306500 53.980500 51.786000 48.367000 48.258000 44.985500 41.565500 40.007500 42.755000 42.104500 38.394000 39.406000 41.815000 39.223000 36.680000 39.217000 40.277000 36.803000 36.610500 40.129500 39.504500 36.437500 37.713000 37.693500 39.462000 39.564000 42.116500 42.184500 43.234500 45.013500 43.780500 40.672500 38.054500 36.573500 33.039000 33.520500 35.011000 31.968000 29.671500 32.059000 32.460000 28.740500 28.247000 31.411500 30.530500 27.157500 29.090500 31.669500 29.270500 27.554000 30.952500 31.672500 30.053500 29.052500 30.301500 28.084500 29.036500 32.663000 32.474000 30.889500 33.751500 36.307500 39.209500 40.758500 43.475500 46.339500 45.267000 42.134500 44.002500 45.548500 42.294000 40.659000 43.699500 43.532000 39.870000 40.684500 43.854500 42.134000 39.652500 42.639000 44.506000 41.671000 42.133000 39.808000 41.287500 41.512000 39.019000 36.441500 37.099500 36.510000 33.300500 32.037000 32.773500 31.244000 27.959500 27.601500 28.675500 26.345500 23.302000 24.525500 25.326000 22.019500 20.043000 22.358000 22.322000 18.572500 18.766500 21.804500 20.433500 17.410500 19.777000 21.358000 20.526000 21.026000 23.231000 22.944500 20.833000 20.533000 17.697000 14.772500 12.905000 10.029500 10.882500 9.925500 6.180500 5.452000 5.516500 3.829000 0.000000 3.838000 5.465000 5.062500 6.139000 8.526500 9.859500 10.453000 12.234000 14.231500 15.339500 15.908500 16.561000 19.511500 18.155000 16.102000 19.422000 21.393000 19.335000 19.657500 23.304500 23.910000 22.766000 25.378000 28.009500 27.493500 27.926000 30.993500 32.503000 32.356000 33.850500 36.602500 37.592500 37.820500 39.263000 41.166000 42.110500 43.128500
60.794500 59.023000 57.202000 53.632500 52.350500 49.470500 47.604500 47.821000 46.419500 43.456500 42.834000 43.064000 40.645500 38.170500 38.551500 37.970500 34.820500 33.528500 34.606000 33.650500 31.832500 32.769000 33.066000 35.263500 37.450000 40.598500 44.184000 45.470500 43.180000 44.106000 47.763500 47.319000 45.597500 48.461500 51.053000 52.679500 53.758500 51.891500 54.632000 54.819500 51.110500 51.361000 54.106500 51.866500 48.533000 48.650000 45.430500 41.889000 40.612000 43.330000 42.357500 38.718000 39.991000 42.165500 39.330000 37.038500 39.667500 40.382500 36.810500 36.914000 40.332000 39.360500 36.344500 37.912500 38.108500 40.108500 40.448000 43.089000 43.338500 44.295000 46.139000 44.951500 41.868500 39.362000 38.091500 34.529500 34.611500 36.146500 33.307000 30.720000 32.778000 33.363000 29.698500 28.744000 31.760000 31.109000 27.536500 29.018500 31.700500 29.387000 27.246500 30.406500 31.069500 29.366500 28.782500 30.269000 28.467000 29.451500 32.994500 33.119500 31.846000 34.932000 37.346000 40.440000 42.049500 44.570000 47.451000 46.185500 43.212500 45.345500 46.815000 43.486000 42.128500 45.308500 44.994500 41.415500 42.530000 45.668500 43.826000 41.583000 44.740500 46.460000 43.659000 44.395500 42.168500 43.794500 43.894500 41.551500 38.974000 39.338000 38.705500 35.681000 34.247500 34.669500 33.261500 30.115000 29.370500 30.243000 28.137000 25.041500 25.740000 26.452000 23.363500 21.055000 22.836000 22.898500 19.152000 18.722500 21.491500 20.219500 16.833500 18.637500 20.048000 19.192000 19.269500 21.397000 21.188000 19.087000 18.526000 15.546500 12.709000 10.870000 7.568000 8.469500 8.384000 5.389000 5.931500 4.990500 5.492500 3.838000 0.000000 3.831000 5.492000 5.249500 6.116000 8.626000 9.861500 10.553500 12.301500 14.264000 15.061000 16.478500 19.488000 18.434000 16.983000 20.351000 22.288500 20.694000 21.426500 24.876500 25.582500 24.941000 27.564000 29.973500 29.685000 30.447000 33.347000 34.775500 34.942000 36.518000 39.062500 40.143000 40.570500 41.941500 43.768000 44.790000 45.817000
61.894000 59.977000 58.003000 54.386000 52.864500 49.961500 47.915000 48.319500 47.144500 44.019500 43.291000 43.824000 41.529000 38.808000 39.275500 39.042500 35.831500 34.352000 35.724500 35.098000 33.184000 34.197500 34.869000 36.997500 38.950000 42.238000 45.726000 47.160000 44.748500 45.413500 49.132500 48.742000 46.775000 49.504500 52.248500 53.940500 55.220000 53.452000 56.138500 56.101500 52.367500 52.730000 55.310000 52.875000 49.642000 49.911000 46.791000 43.252000 41.828000 44.320000 43.307000 39.628500 40.672500 42.691000 39.825500 37.403000 39.768500 40.407500 36.755500 36.622000 39.910000 38.879500 35.671000 37.080000 37.169500 39.046500 39.303500 41.768500 41.829500 42.552000 44.230500 42.859500 39.769000 37.295000 36.310500 32.643000 32.645500 34.504000 31.874000 29.085000 31.219500 32.192500 28.657500 27.514000 30.722000 30.472500 26.953500 28.317500 31.304000 29.366500 27.148500 30.248500 31.334000 30.045500 29.705500 30.807000 29.040000 30.477000 33.871000 33.700000 32.687000 35.869500 38.031500 41.037500 42.342500 44.756500 47.442500 45.967500 42.951000 45.067500 46.257000 42.798000 41.575500 44.647000 44.043000 40.441000 41.671000 44.618000 42.518500 40.320000 43.551000 45.014000 42.052500 42.925500 40.957000 42.856000 43.186500 41.065500 38.246500 38.496000 38.205500 35.249000 33.465000 34.007000 32.988500 29.703500 28.691000 29.937500 28.187500 24.807500 25.379000 26.607000 23.781500 21.091500 22.984000 23.655000 20.058000 19.205000 22.287000 21.623500 18.155000 19.720500 21.540000 21.049000 21.050000 23.366500 23.545500 21.694500 21.284000 18.309000 15.567000 14.118000 10.781000 11.716000 12.034500 9.118500 8.730500 6.249000 5.357500 5.465000 3.831000 0.000000 3.836000 5.578500 5.134000 6.209500 8.644500 9.947500 10.630000 12.257500 13.899500 15.621500 18.099000 16.479500 15.529500 19.155500 20.517000 18.770500 20.090000 23.444500 23.698000 23.323000 26.259000 28.307000 27.809000 28.953500 31.887000 32.958500 33.227000 35.118000 37.482000 38.371000 39.018500 40.458500 42.119000 43.102500 44.059000
59.478000 57.601000 55.509500 51.924000 50.341000 47.309500 45.366500 45.970000 44.710500 41.489500 40.983500 41.661500 39.215000 36.514500 37.290500 37.067500 33.691000 32.453000 34.096000 33.389000 31.156500 31.880000 32.745500 35.075000 36.785000 40.040500 43.444500 45.113000 42.826500 43.295500 47.049000 46.911500 44.920000 47.488500 50.366500 51.880000 53.120000 51.235000 53.765000 53.708000 49.945500 50.177000 52.651000 50.185000 46.927000 47.110000 43.998000 40.533500 38.897500 41.328500 40.492000 36.761000 37.594500 39.713500 36.995500 34.390000 36.664500 37.512000 33.918500 33.577000 36.932500 36.140500 32.900000 34.123000 34.094000 35.858500 36.014500 38.477500 38.509000 39.354000 41.081500 39.779000 36.677000 34.137500 32.955500 29.334000 29.496000 31.211500 28.434000 25.806500 28.077500 28.870000 25.275500 24.401000 27.678000 27.255000 23.843000 25.517500 28.429000 26.451000 24.528500 27.815500 28.986500 27.841000 27.242000 28.078500 26.055000 27.600000 30.992500 30.566500 29.469500 32.581500 34.730000 37.635000 38.857500 41.337000 43.995000 42.596000 39.501000 41.510500 42.733000 39.308000 37.972000 41.008500 40.483000 36.853000 37.990500 40.980000 38.965500 36.707000 39.902000 41.461000 38.555000 39.368000 37.309500 39.146000 39.429000 37.290000 34.497500 34.759000 34.435500 31.465000 29.715500 30.284500 29.235000 25.928500 24.987000 26.284500 24.504000 21.105500 21.840500 23.160000 20.304000 17.671000 19.858000 20.616000 17.077500 16.480500 19.829000 19.312500 16.099000 18.053000 20.166500 19.876000 20.269000 22.782500 23.111500 21.449500 21.536500 18.757500 15.989000 14.772500 11.838500 13.472000 13.495000 10.160500 10.100500 8.696000 6.404500 5.062500 5.492000 3.836000 0.000000 3.848500 5.484500 5.162500 6.205500 8.710500 10.008500 10.626000 11.745500 12.769500 15.301000 13.636500 12.165000 15.755000 17.304000 15.450500 16.469500 19.906000 20.329500 19.813500 22.622500 24.818500 24.452000 25.448500 28.328000 29.577000 29.876000 31.607500 34.002500 35.039500 35.644000 37.033500 38.774000 39.838000 40.876500
56.538500 54.677000 52.711500 49.120000 47.682000 44.748500 42.823000 43.205500 41.890000 38.799500 38.208000 38.667500 36.250000 33.634500 34.221500 33.855500 30.573500 29.293500 30.730000 29.955500 27.881000 28.769000 29.489000 31.700000 33.571000 36.839500 40.309500 41.821500 39.479500 40.098500 43.825000 43.556000 41.638000 44.323500 47.097500 48.675500 49.893000 48.062000 50.707000 50.697500 46.956000 47.270500 49.861500 47.462000 44.199000 44.443000 41.317000 37.774500 36.380000 38.904000 37.887000 34.216500 35.345500 37.409000 34.562000 32.191000 34.703500 35.392000 31.797000 31.815000 35.209500 34.263000 31.210500 32.748500 32.959000 34.994000 35.410000 38.099000 38.465000 39.479000 41.437500 40.392000 37.342000 34.879000 33.564000 30.080500 29.972000 31.340000 28.539000 25.907500 27.803000 28.332500 24.682500 23.645500 26.607500 25.981000 22.393500 23.870500 26.583500 24.365500 22.251000 25.463500 26.312000 24.871000 24.336500 25.525000 23.732500 25.041500 28.464500 28.418500 27.389500 30.616500 32.799000 35.905500 37.372500 39.767500 42.575000 41.190500 38.254500 40.479000 41.865000 38.502000 37.281000 40.520000 40.131000 36.612500 37.908500 41.033500 39.172500 37.111000 40.380000 42.048500 39.375000 40.322000 38.106500 39.813000 39.735500 37.574000 35.023000 35.071000 34.390500 31.577000 29.986500 30.120000 28.853500 25.837000 24.767500 25.530500 23.679500 20.500000 20.859500 21.677500 18.830500 16.220500 17.890000 18.308500 14.685500 13.917000 16.936000 16.181000 12.798000 14.659500 16.581500 16.215500 16.575500 19.090000 19.411000 17.816000 18.050000 15.386500 12.722000 11.749000 9.259500 11.552500 11.873500 9.089000 10.475500 9.942000 8.828000 6.139000 5.249500 5.578500 3.848500 0.000000 3.845500 5.429000 4.955000 6.151000 8.640000 9.944000 10.121000 11.312000 14.432500 13.732500 12.232500 15.439500 17.589000 16.444500 17.124000 20.367000 21.430500 21.154500 23.525000 25.856000 26.021000 26.914000 29.498500 31.069500 31.630000 33.047500 35.365500 36.750500 37.345000 38.556000 40.392000 41.613000 42.767000
57.644000 55.620500 53.687500 50.033500 48.501500 45.729500 43.554000 43.818500 42.783500 39.710500 38.769000 39.275000 37.156000 34.343000 34.624500 34.527500 31.426000 29.718000 31.075500 30.687000 28.928500 30.246500 31.079500 32.935000 34.859000 38.269500 41.722500 43.071500 40.481000 41.095000 44.810000 44.295500 42.208500 44.953000 47.685500 49.514500 50.948000 49.360500 52.139000 51.951000 48.243000 48.832500 51.402000 48.887500 45.764000 46.271500 43.253500 39.635000 38.430500 40.809500 39.502000 35.910000 37.148000 38.913500 35.856500 33.671500 36.105000 36.435500 32.738000 32.901000 36.100000 34.802000 31.711000 33.421000 33.768500 35.923500 36.493500 39.132500 39.532500 40.317000 42.211000 41.088500 38.072500 35.737000 34.784500 31.241500 30.762000 32.363500 29.889500 26.923500 28.557500 29.484000 26.011000 24.459500 27.360500 27.194000 23.512500 24.456500 27.413500 25.523500 22.981000 25.867000 26.884000 25.600000 25.616000 26.820000 25.463000 26.992500 30.217000 30.306000 29.675500 33.077500 35.009500 38.196000 39.552500 41.718500 44.421500 42.778000 39.973500 42.386000 43.552000 40.079500 39.164000 42.427000 41.765000 38.323000 39.898500 42.870000 40.779000 38.931500 42.342500 43.744000 41.008500 42.219000 40.238000 42.186000 42.163000 40.227500 37.560500 37.362500 36.849000 34.213000 32.338500 32.326500 31.370000 28.408000 26.945500 27.756500 26.283000 22.985000 22.872500 23.876000 21.403000 18.424000 19.630500 20.435500 17.024000 15.491500 18.284000 17.954000 14.313500 15.338000 17.234000 17.044000 16.879500 19.309000 19.889000 18.433500 18.400500 15.656000 13.226500 12.514500 9.809000 11.812500 12.874000 10.704500 12.009500 10.491500 10.079500 8.526500 6.116000 5.134000 5.484500 3.845500 0.000000 3.843000 5.440500 5.137500 6.241000 8.664500 9.814500 12.139000 14.822500 14.075000 13.579000 16.867000 18.536500 17.703500 19.061500 22.026000 22.839500 23.075500 25.624000 27.549000 27.711000 29.039500 31.531500 32.803500 33.599500 35.263500 37.338500 38.634000 39.472000 40.684500 42.357000 43.580500 44.677000
57.826000 55.715000 53.583000 49.920000 48.145500 45.277000 43.017000 43.579500 42.690500 39.425500 38.541000 39.406000 37.306000 34.309000 34.867500 35.076500 31.839000 30.142500 31.914000 31.745500 29.720000 30.891500 32.129500 34.054000 35.625000 39.097500 42.401000 44.010500 41.423500 41.702500 45.471000 45.163000 42.874000 45.392000 48.323000 50.084000 51.645500 50.064000 52.686500 52.311500 48.577000 49.164000 51.522000 48.837500 45.790500 46.356000 43.432500 39.886500 38.422000 40.566000 39.356500 35.713500 36.603500 38.295500 35.328000 32.911500 35.031000 35.430500 31.712000 31.508500 34.615000 33.421500 30.126000 31.550000 31.706000 33.657000 34.072500 36.531500 36.718500 37.345500 39.100500 37.832000 34.799000 32.453000 31.670500 28.052500 27.585000 29.435000 27.088500 24.015000 25.810500 27.029000 23.662500 22.080500 25.225500 25.363500 21.826000 22.844500 26.053000 24.522000 22.121500 25.052000 26.528000 25.737500 25.794500 26.463500 24.974500 26.955000 30.024500 29.677000 29.213000 32.613500 34.316000 37.334000 38.359000 40.474000 42.972500 41.197000 38.302000 40.614000 41.538000 37.972500 37.107000 40.229000 39.344500 35.866500 37.480500 40.287500 38.007000 36.160500 39.603500 40.818000 37.961000 39.252000 37.470000 39.624000 39.800500 38.057500 35.195500 34.915500 34.711500 32.135500 29.971500 30.103500 29.500000 26.416500 24.759000 25.962500 24.816000 21.282500 21.148000 22.701500 20.487000 17.240500 18.723500 20.145500 16.980500 15.273500 18.472500 18.767500 15.348500 16.397500 18.777000 18.988000 19.047000 21.623500 22.516500 21.321500 21.590000 18.978000 16.612500 16.054000 13.389000 15.368000 16.247000 13.622000 14.275000 12.376000 10.882500 9.859500 8.626000 6.209500 5.162500 5.429000 3.843000 0.000000 3.842000 5.485500 5.191500 6.109500 8.195500 10.443000 12.458000 11.012000 10.909000 14.409500 15.528000 14.535000 16.365500 19.215500 19.661000 20.122000 22.873500 24.499500 24.535000 26.146500 28.619500 29.635000 30.537500 32.400500 34.316500 35.498500 36.505500 37.752000 39.307000 40.527500 41.595500
54.404500 52.358000 50.198000 46.562000 44.833000 41.886500 39.753000 40.369000 39.336500 36.057000 35.355000 36.211000 33.958000 31.044500 31.798000 31.902000 28.550500 27.086500 28.988500 28.672000 26.427500 27.399000 28.721000 30.778500 32.222500 35.659000 38.930500 40.663000 38.180000 38.381000 42.165000 42.021500 39.777000 42.224000 45.211000 46.830000 48.316500 46.637500 49.182000 48.842500 45.090500 45.582500 47.926000 45.267500 42.175500 42.673000 39.734000 36.213500 34.687500 36.848500 35.713000 32.044500 32.914500 34.697500 31.794000 29.328000 31.526500 32.055500 28.380500 28.194000 31.425500 30.386000 27.166500 28.608000 28.792000 30.808500 31.280000 33.893500 34.261500 35.133500 37.085000 36.044500 33.028000 30.656000 29.563000 26.082500 25.638000 27.103000 24.559000 21.662500 23.375000 24.209000 20.708000 19.312500 22.347500 22.141000 18.561500 19.813500 22.830000 21.067500 18.842500 21.964000 23.318000 22.471000 22.285000 22.909000 21.285000 23.234000 26.336000 25.969500 25.448500 28.850000 30.578500 33.625000 34.737000 36.888000 39.471500 37.798000 34.907000 37.241000 38.323500 34.828500 33.895000 37.115500 36.416500 32.964500 34.562500 37.513500 35.429000 33.619500 37.057500 38.459000 35.798000 37.076000 35.091000 37.078000 36.993500 35.192500 32.515500 32.148500 31.679000 29.168500 27.163000 27.061000 26.268000 23.342000 21.689500 22.598000 21.362500 17.945500 17.723000 19.055000 16.819000 13.596500 15.050500 16.389000 13.251000 11.618000 14.944000 15.296500 12.076500 13.442000 16.020000 16.410500 16.855000 19.543000 20.524500 19.549500 20.303000 17.981500 15.755500 15.477500 13.404500 15.909500 16.616500 14.004500 15.248500 14.238500 12.531000 10.453000 9.861500 8.644500 6.205500 4.955000 5.440500 3.842000 0.000000 3.844000 5.567000 5.384500 5.619000 7.148500 9.819000 9.117500 8.319500 11.523500 13.342000 12.752000 13.981000 16.783500 17.856000 18.290500 20.604000 22.489000 22.977500 24.326500 26.573000 27.976500 29.016500 30.516000 32.443500 33.961000 34.880000 35.977500 37.677000 39.046000 40.249500
53.023000 50.909000 48.907500 45.232500 43.609000 40.865500 38.608500 38.913000 37.986500 34.866000 33.859000 34.498000 32.459500 29.526000 29.868500 29.977000 26.849000 25.058500 26.667500 26.517000 24.662000 26.084000 27.283500 28.993500 30.660500 34.180000 37.513000 38.970000 36.287500 36.664500 40.408000 39.968500 37.711000 40.329500 43.173500 45.011500 46.589000 45.102500 47.844000 47.468000 43.763000 44.489500 46.946500 44.308000 41.291000 41.984500 39.093000 35.464000 34.306000 36.487000 35.013500 31.472000 32.714000 34.269000 31.123500 29.033500 31.423000 31.575500 27.858500 28.142500 31.272500 29.862500 26.838000 28.701000 29.208500 31.539500 32.338000 35.101000 35.778000 36.658500 38.746500 37.882000 34.957500 32.748000 31.754000 28.405000 27.558000 28.836000 26.490000 23.475500 24.666000 25.468500 22.089000 20.270500 22.883500 22.752000 19.005000 19.669000 22.586500 20.789000 18.086000 20.869500 21.960500 20.870500 21.123000 22.163500 21.082500 22.860000 25.855500 25.983500 25.740500 29.297500 30.933000 34.190500 35.485000 37.428500 40.089500 38.310000 35.661500 38.273000 39.390500 35.927500 35.259500 38.640500 37.937000 34.654500 36.499000 39.464500 37.418000 35.885500 39.409000 40.764000 38.275500 39.754500 37.769000 39.734000 39.399000 37.675000 35.168500 34.556000 33.871500 31.580000 29.628500 29.119500 28.278500 25.666000 23.796000 24.232500 23.114500 19.946000 19.177000 20.057500 18.068500 14.838500 15.402000 16.533500 13.532500 11.273000 13.922000 14.268500 10.735000 11.283000 13.631500 14.090000 14.123500 16.724000 17.881500 17.091000 17.809500 15.633500 13.775500 13.905000 12.292000 14.922000 16.108500 14.248000 16.195500 15.289500 14.479000 12.234000 10.553500 9.947500 8.710500 6.151000 5.137500 5.485500 3.844000 0.000000 3.848500 5.709000 5.322000 7.987500 10.797000 11.134500 10.993000 13.613500 15.583500 15.716000 16.933000 19.364000 20.746500 21.517000 23.561500 25.339500 26.155500 27.574000 29.573500 31.049000 32.319500 33.701000 35.475500 37.161500 38.150500 39.125500 40.809500 42.260500 43.497000
54.794000 52.512000 50.435500 46.725000 44.893000 42.244500 39.743500 40.122000 39.524000 36.334500 35.071500 35.954000 34.198500 31.028500 31.262000 31.772500 28.766000 26.645500 28.386500 28.680000 26.975000 28.621000 30.078500 31.540500 33.052000 36.669000 39.883000 41.335000 38.485500 38.683500 42.414000 41.886000 39.400500 41.926500 44.822500 46.820000 48.628000 47.343500 50.090500 49.481500 45.811000 46.740000 49.052500 46.249500 43.400000 44.312000 41.568500 37.954500 36.799500 38.731000 37.115000 33.639000 34.746000 36.020500 32.798000 30.737500 32.844500 32.749000 28.975500 29.142000 32.012500 30.376000 27.213000 29.019000 29.508500 31.779000 32.588000 35.164000 35.709500 36.277500 38.194000 37.156000 34.262000 32.165500 31.601500 28.175000 27.049000 28.698500 26.732000 23.409000 24.481000 25.823000 22.712500 20.472500 23.160000 23.638000 19.987500 20.216000 23.469000 22.223500 19.312000 21.761000 23.273500 22.645000 23.363000 24.081000 23.269500 25.420500 28.142500 28.108000 28.227000 31.845500 33.174000 36.353000 37.358500 39.099000 41.537500 39.490500 36.900500 39.563000 40.350000 36.764000 36.358000 39.635000 38.580500 35.348500 37.401500 40.123000 37.782000 36.405000 40.025000 41.048000 38.426500 40.130000 38.462000 40.722000 40.586000 39.132500 36.421500 35.627500 35.281500 33.135000 30.827500 30.358000 29.958500 27.301500 25.100500 25.848000 25.177500 21.824500 20.792500 22.144000 20.558500 17.046000 17.492500 19.208000 16.546500 13.874500 16.463000 17.389500 13.979000 13.916500 16.331000 17.039000 16.806000 19.252500 20.668000 20.034500 20.555000 18.359500 16.634000 16.785500 14.857000 17.115000 18.559500 16.697500 18.175000 16.518500 15.668500 14.231500 12.301500 10.630000 10.008500 8.640000 6.241000 5.191500 5.567000 3.848500 0.000000 3.836500 5.748500 9.283500 10.925500 10.713500 11.735500 14.453000 15.556500 15.797500 17.790000 19.922500 20.798500 22.033500 24.347500 25.620000 26.282500 28.170000 30.120000 31.173500 32.625500 34.330000 35.844000 37.338000 38.588500 39.605500 41.079500 42.495500 43.647000
53.881500 51.571000 49.294000 45.603000 43.568000 40.775500 38.281000 38.996000 38.448500 35.071000 33.992000 35.220000 33.388000 30.114500 30.745500 31.470000 28.285000 26.351500 28.540500 28.916000 26.846500 28.194500 30.024500 31.643000 32.762000 36.373500 39.422000 41.178500 38.429000 38.285500 42.055000 41.824500 39.207000 41.469500 44.570000 46.402500 48.260000 46.907500 49.449500 48.710500 45.015500 45.858000 47.961500 45.032000 42.227500 43.127000 40.462500 36.956000 35.507000 37.227500 35.783000 32.255000 32.987500 34.254000 31.186500 28.856500 30.668000 30.736000 26.978500 26.743000 29.581500 28.156000 24.802000 26.288500 26.563500 28.637500 29.292500 31.752000 32.149500 32.673000 34.540000 33.451000 30.534000 28.402500 27.866500 24.422000 23.311500 25.053500 23.132000 19.761000 20.970500 22.464500 19.413500 17.206500 20.136500 20.795500 17.303500 17.733500 21.174500 20.218000 17.594500 20.184000 22.123000 21.981500 22.565500 22.702500 21.669500 24.218500 26.788500 26.290000 26.517500 30.082500 31.210500 34.203000 34.917000 36.638500 38.909500 36.798000 34.106500 36.652500 37.274000 33.629500 33.225500 36.392500 35.205000 31.941500 34.010000 36.629500 34.190000 32.819500 36.458500 37.385000 34.726000 36.490500 34.929500 37.305500 37.259500 35.964500 33.156000 32.259000 32.109000 30.055000 27.547000 27.130000 27.008500 24.320500 21.940500 22.962000 22.598000 19.113500 18.014500 19.838500 18.545000 14.864000 15.561500 17.842500 15.520500 12.839500 15.811500 17.292500 14.317000 14.513500 17.344500 18.371500 18.551000 21.119000 22.689000 22.242500 23.118500 21.045500 19.268000 19.408000 17.470500 19.880500 21.067500 18.772500 19.956500 18.360500 16.767000 15.339500 14.264000 12.257500 10.626000 9.944000 8.664500 6.109500 5.384500 5.709000 3.836500 0.000000 3.848500 6.916000 7.683500 7.044500 8.599500 11.203000 11.900000 12.310500 14.558000 16.431000 17.198500 18.702500 20.980500 22.027000 22.776500 24.822500 26.627500 27.590000 29.201500 30.927500 32.287000 33.808500 35.168500 36.148500 37.573000 39.044500 40.225500
50.404500 48.162500 45.908000 42.229000 40.296000 37.454000 35.083000 35.759500 35.040500 31.686000 30.746000 31.877000 29.897500 26.718000 27.465000 28.036000 24.761000 23.015000 25.267000 25.488500 23.266000 24.502500 26.374000 28.063500 29.124000 32.713500 35.763500 37.574500 34.897000 34.745000 38.529000 38.397500 35.850500 38.105500 41.221500 42.950500 44.723000 43.291500 45.811500 45.136500 41.423000 42.202500 44.349500 41.470500 38.608000 39.462500 36.769000 33.250500 31.833000 33.612000 32.165500 28.623000 29.456500 30.796000 27.720000 25.423000 27.422000 27.552500 23.805500 23.742500 26.745000 25.399000 22.177000 23.831000 24.244000 26.503500 27.317000 30.016000 30.708000 31.537500 33.661500 32.879500 30.010500 27.888000 26.986500 23.752000 22.623500 23.831000 21.694500 18.552000 19.523000 20.488500 17.277000 15.191000 17.856000 18.064500 14.408000 14.969500 18.166500 16.861000 14.263500 17.056500 18.775000 18.471000 18.882500 19.098000 18.048500 20.518500 23.120500 22.752500 22.974500 26.589000 27.751500 30.848000 31.745500 33.483000 35.903500 33.904000 31.265500 33.910000 34.760500 31.209500 30.763000 34.095000 33.156500 29.955000 32.033500 34.842500 32.666500 31.374500 35.000000 36.160500 33.766000 35.508000 33.695000 35.838000 35.447500 34.064000 31.522500 30.522500 29.995500 28.042500 25.780500 25.012500 24.615000 22.195500 19.817000 20.333500 19.865500 16.623500 15.255500 16.649000 15.415500 11.768000 12.074500 14.244500 12.070000 9.176000 12.108000 13.746000 11.032500 11.292500 14.286000 15.527500 16.055000 18.622500 20.252500 20.056500 21.350500 19.618500 18.068000 18.483000 17.115500 19.881500 20.959500 18.835500 20.532500 19.606500 18.061500 15.908500 15.061000 13.899500 11.745500 10.121000 9.814500 8.195500 5.619000 5.322000 5.748500 3.848500 0.000000 3.803500 5.731000 6.867000 7.623500 9.439000 11.140500 12.196000 13.600000 15.307500 16.886500 18.310500 20.010000 21.370500 22.641000 24.325500 25.862500 27.283000 29.002500 30.293000 31.682500 33.570000 34.793000 35.600000 37.190000 38.804500 40.121000
48.584500 46.448500 44.076000 40.455500 38.506000 35.465000 33.307000 34.234500 33.307500 29.848500 29.298500 30.553500 28.296500 25.237000 26.449000 26.908000 23.409500 22.141500 24.681000 24.653500 21.997500 22.727000 24.768500 26.771000 27.542000 31.019500 33.973500 36.065500 33.625000 33.284500 37.088000 37.295000 34.816000 36.882000 40.122500 41.576000 43.215000 41.580500 43.898000 43.279500 39.530500 40.074000 42.129000 39.264000 36.321500 36.995500 34.272500 30.858000 29.148500 30.908000 29.745500 26.106500 26.665500 28.229500 25.380000 22.781000 24.725000 25.237500 21.569000 21.201500 24.404500 23.478500 20.226500 21.605500 21.821500 23.950000 24.611500 27.382000 28.080500 29.162500 31.394500 30.746500 27.864000 25.637000 24.353500 21.228000 20.377500 21.247500 18.785000 15.952500 17.133000 17.643500 14.198000 12.629000 15.425500 15.158000 11.549500 12.853000 15.869000 14.337000 12.339000 15.568500 17.330000 17.168500 17.026500 16.844500 15.291000 17.903500 20.550500 19.806500 19.846500 23.373500 24.574000 27.559000 28.413500 30.307500 32.764500 30.924000 28.133500 30.638500 31.625500 28.119500 27.445500 30.787500 30.036500 26.761500 28.687000 31.628000 29.630500 28.225000 31.790000 33.156500 30.870500 32.482000 30.483000 32.472000 31.963000 30.503000 28.059000 27.086000 26.419000 24.447000 22.303500 21.491500 20.960000 18.574000 16.262000 16.714000 16.178500 12.937000 11.635000 13.129500 11.900000 8.184500 8.937500 11.368000 9.459500 7.026500 10.419000 12.254000 10.297500 11.240500 14.347000 15.695500 16.766500 19.331000 20.864500 20.748000 22.371000 20.819000 19.253000 19.633000 18.456500 21.351000 22.120000 19.788500 21.434500 20.952500 19.000500 16.561000 16.478500 15.621500 12.769500 11.312000 12.139000 10.443000 7.148500 7.987500 9.283500 6.916000 3.803500 0.000000 3.849000 5.840500 5.332000 6.249000 8.816000 10.115500 10.706500 12.317500 14.449500 15.685500 16.952500 18.581500 20.153500 21.517000 22.896000 24.643000 26.366000 27.347000 28.797000 30.902500 31.996500 32.711000 34.438500 36.141500 37.560000
48.545500 46.265000 43.709500 40.099500 37.855000 34.819000 32.482500 33.702000 33.092000 29.485500 28.864500 30.553000 28.517000 25.241000 26.633500 27.569000 24.135500 22.762500 25.660000 26.054500 23.365000 24.086000 26.552500 28.368500 28.720500 32.215000 34.902000 37.162500 34.677500 33.953000 37.723000 38.060500 35.334000 37.112500 40.506000 41.957500 43.808000 42.317500 44.484000 43.578000 39.878000 40.543500 42.313000 39.243000 36.514000 37.382500 34.890500 31.611500 29.763000 31.102500 29.920000 26.384500 26.560500 27.806000 25.032500 22.335500 23.763500 24.143000 20.490000 19.722500 22.636000 21.680000 18.191000 19.280000 19.332500 21.310000 21.931500 24.519000 25.106000 25.962500 28.119500 27.405000 24.550500 22.419500 21.453500 18.335000 17.104000 18.193000 16.122000 12.931000 13.934000 15.001000 11.882000 9.772000 12.827000 13.332000 10.025000 10.996000 14.444000 13.786000 11.941000 14.810500 17.231000 17.876500 18.088000 17.171000 15.854500 19.008500 21.134000 19.950000 20.498500 23.958500 24.644000 27.389000 27.763500 29.391000 31.515000 29.382500 26.624500 29.133000 29.710000 26.065500 25.695500 28.899000 27.752000 24.548000 26.750500 29.414000 27.126000 25.966000 29.656000 30.679500 28.356500 30.277000 28.604000 30.898500 30.507000 29.455000 26.859500 25.528500 25.230000 23.597000 21.011000 20.089000 20.221000 17.971000 15.102500 15.913500 16.220000 12.941000 11.086500 13.357000 13.061000 9.330000 9.790500 13.056000 12.058500 9.519500 12.447000 14.985500 13.484500 13.912500 17.064000 18.695500 19.682000 22.182500 23.978500 24.076500 25.748000 24.251500 22.772500 23.205500 21.892500 24.717000 25.604500 23.174000 24.562500 23.746000 21.563500 19.511500 19.488000 18.099000 15.301000 14.432500 14.822500 12.458000 9.819000 10.797000 10.925500 7.683500 5.731000 3.849000 0.000000 3.890500 5.444000 5.075000 6.232000 8.635000 9.925500 10.533500 12.412000 14.481500 15.640000 16.552500 18.351500 20.196000 21.199000 22.614500 24.749000 25.867000 26.884500 28.992000 30.392000 31.020000 32.553500 34.336000 35.751000
52.210000 49.956500 47.348500 43.766000 41.465000 38.374500 36.069500 37.412000 36.808000 33.166000 32.619500 34.369000 32.297000 29.046500 30.480500 31.389000 27.926000 26.588500 29.433000 29.738000 27.023500 27.632000 29.969000 31.943000 32.369500 35.819500 38.537500 40.840500 38.418000 37.725000 41.498500 41.870500 39.172500 40.941000 44.342500 45.758500 47.566500 46.004000 48.113500 47.252500 43.545000 44.098500 45.832000 42.776500 40.016000 40.755500 38.219500 35.000500 32.972000 34.344500 33.375500 29.794000 29.763000 31.144500 28.540500 25.663500 26.908000 27.492500 23.923000 22.813500 25.650500 24.889500 21.284500 21.960500 21.703000 23.265000 23.502500 25.754000 25.833500 26.428500 28.256500 27.127500 24.131000 21.825500 21.069500 17.587000 16.766000 18.536000 16.443000 13.154000 14.938500 16.473000 13.430000 11.754500 15.267500 15.984500 13.072000 14.340500 17.811500 17.292500 15.714500 18.573500 21.060000 21.675000 21.717500 20.791000 19.164000 22.241500 24.514000 23.080000 23.323500 26.608000 27.434000 29.974000 30.173000 31.960500 33.949500 31.871000 28.925500 31.126000 31.545500 27.850500 27.272500 30.209000 28.912000 25.524500 27.478500 29.997000 27.481500 25.996500 29.628500 30.525000 27.825000 29.587500 28.091500 30.584500 30.667500 29.583500 26.640000 25.626500 25.786000 23.856000 21.052000 20.798000 21.132000 18.384000 15.774000 17.399500 17.567000 13.932000 12.933000 15.709500 14.986000 11.389000 12.831000 15.895000 14.421000 12.421000 15.746500 17.832500 15.968500 16.810500 19.936500 21.253500 22.120000 24.753500 26.358000 26.106500 27.485000 25.639500 23.798500 23.891500 22.076500 24.661000 25.388500 22.593000 23.401500 22.201500 19.662500 18.155000 18.434000 16.479500 13.636500 13.732500 14.075000 11.012000 9.117500 11.134500 10.713500 7.044500 6.867000 5.840500 3.890500 0.000000 3.837500 5.369500 4.981000 5.983000 8.480000 9.701000 10.476000 12.451500 14.450500 15.203000 16.276500 18.434000 19.915500 20.902500 22.783000 24.379000 25.530000 27.218500 28.678000 29.552000 30.986000 32.600000 33.894000
51.847500 49.794000 47.230000 43.702000 41.600500 38.358000 36.355500 37.693500 36.714500 33.113500 32.920000 34.455500 32.038000 29.056000 30.686500 31.175500 27.548500 26.630000 29.373500 29.200500 26.254000 26.473500 28.565500 30.899000 31.425500 34.730500 37.552500 39.929500 37.743000 37.205000 40.991500 41.516500 39.068000 40.899000 44.264000 45.468500 47.005000 45.178500 47.224500 46.632000 42.879000 43.136500 44.992500 42.116500 39.147000 39.570000 36.849000 33.656500 31.472000 33.124000 32.454000 28.749000 28.714500 30.518500 28.098000 25.039500 26.536500 27.557500 24.081000 22.937500 26.106500 25.732500 22.259000 22.849000 22.489500 23.968000 24.028000 26.413500 26.481500 27.432500 29.349000 28.317000 25.272500 22.762500 21.422000 17.977000 17.839500 19.220000 16.493000 13.794500 16.044500 16.823000 13.333000 12.605500 16.135500 15.975500 13.041500 15.145500 18.188000 17.005500 15.879000 19.193500 21.268500 21.455500 20.857500 20.122500 17.925500 20.662500 23.295000 21.805500 21.465000 24.606500 25.855500 28.391500 28.845500 30.994000 33.216500 31.504000 28.367500 30.363500 31.169000 27.607000 26.548000 29.530000 28.669000 25.114000 26.646500 29.471000 27.294500 25.423500 28.885000 30.223000 27.562000 28.902000 27.002000 29.157500 29.172500 27.673000 24.827000 24.225500 24.097000 21.775500 19.357000 19.361500 19.124500 16.108000 14.077500 15.678000 15.135000 11.382000 11.223000 13.783000 12.344000 9.001500 11.364500 13.906000 12.065000 10.956500 14.610500 16.126000 14.446500 16.048000 19.074000 20.134500 21.295000 23.949500 25.248500 24.806000 26.242500 24.398000 22.407500 22.345500 20.624000 23.230500 23.596000 20.636500 21.414500 20.703500 17.961500 16.102000 16.983000 15.529500 12.165000 12.232500 13.579000 10.909000 8.319500 10.993000 11.735500 8.599500 7.623500 5.332000 5.444000 3.837500 0.000000 3.838000 5.527500 5.152500 6.145000 8.551500 9.928000 10.798500 12.728000 14.397000 15.380500 16.844500 18.659000 20.161500 21.602000 22.910500 24.545500 26.331000 27.419000 28.359500 30.066000 31.647500 33.008000
48.902500 46.845500 44.165500 40.690000 38.486500 35.170500 33.235500 34.797000 33.835000 30.160000 30.161500 31.915500 29.471500 26.512000 28.464000 29.093000 25.436000 24.767500 27.797500 27.708000 24.559500 24.517000 26.939000 29.259500 29.375000 32.602000 35.196500 37.783000 35.706000 34.867500 38.614000 39.382500 36.870500 38.445000 41.922500 42.968000 44.533000 42.698000 44.564000 43.850000 40.126500 40.347500 42.013000 39.060000 36.177500 36.638000 34.051000 30.990000 28.652000 30.052000 29.471500 25.817000 25.496000 27.225500 24.963000 21.768000 23.031000 24.177000 20.810000 19.406500 22.567000 22.437000 18.983500 19.356000 18.886000 20.314500 20.382000 22.870500 23.112000 24.284000 26.399000 25.639000 22.674000 20.207000 18.605500 15.431500 15.157000 16.028000 13.191000 10.666000 12.750500 13.153500 9.569500 9.135500 12.638000 12.293500 9.624000 12.111500 14.959500 13.984500 13.406500 16.691000 18.920500 19.529500 18.821500 17.517000 15.259000 18.308000 20.585500 18.737500 18.661500 21.738500 22.662000 25.066000 25.313500 27.358000 29.490000 27.733500 24.596500 26.620500 27.394500 23.827000 22.836000 25.884500 25.035500 21.537000 23.222000 26.086000 24.003000 22.330000 25.863000 27.244000 24.838000 26.344500 24.381000 26.497000 26.225500 24.918500 22.239500 21.258500 20.988500 19.007000 16.504500 16.046500 15.998000 13.336500 10.814000 12.236500 12.246500 8.629000 7.792000 10.765500 10.168000 6.939000 9.053000 12.114000 11.302000 10.303500 13.533500 15.598500 14.747000 16.150000 19.182000 20.573500 21.961500 24.487000 25.971500 25.881000 27.653500 26.138000 24.429000 24.618000 23.258500 26.017000 26.431500 23.633000 24.655500 24.219000 21.514500 19.422000 20.351000 19.155500 15.755000 15.439500 16.867000 14.409500 11.523500 13.613500 14.453000 11.203000 9.439000 6.249000 5.075000 5.369500 3.838000 0.000000 3.839000 5.533500 5.213000 6.109000 8.661500 10.058500 10.904000 12.433500 14.298000 15.622000 16.751000 18.574500 20.440500 21.302500 22.636500 24.843000 25.992000 26.672000 28.429000 30.223500 31.730500
50.916500 48.736500 45.922500 42.469000 40.017500 36.747500 34.647000 36.428000 35.772500 32.017500 31.901000 33.975500 31.766000 28.640500 30.618500 31.614000 28.062000 27.207500 30.397500 30.637000 27.569500 27.629500 30.256000 32.412500 32.332000 35.578500 38.000000 40.655000 38.512000 37.443500 41.150500 41.950000 39.250500 40.639000 44.200500 45.290500 47.030500 45.332000 47.099000 46.164000 42.497500 42.826000 44.263500 41.160500 38.472000 39.078500 36.682000 33.743500 31.325500 32.396500 31.815500 28.286000 27.658000 29.102000 26.939500 23.722000 24.474000 25.484000 22.203000 20.419000 23.181000 23.028000 19.396500 19.354000 18.619500 19.674500 19.518000 21.591500 21.427500 22.182500 24.021000 22.941500 19.904000 17.422500 16.323000 12.874000 12.414000 14.025000 11.673000 8.608000 11.055000 12.432500 9.482000 8.712000 12.523000 13.146500 11.114500 13.091000 16.213000 16.073000 15.517500 18.351500 21.036500 22.145000 21.789500 20.117500 18.131500 21.439000 23.350500 21.229000 21.494500 24.421000 24.954000 27.061000 26.826500 28.636000 30.375500 28.367000 25.249500 27.130000 27.402000 23.712500 22.970500 25.703000 24.356000 20.878500 22.722000 25.177000 22.649000 21.076500 24.705000 25.624000 22.952500 24.718500 23.230500 25.788500 25.909500 25.026500 22.027000 20.850000 21.240000 19.496500 16.443500 16.266000 17.047000 14.377500 11.530500 13.696500 14.457500 10.970500 10.081500 13.560500 13.527500 10.547500 12.327500 15.654500 15.066500 13.789500 16.872000 19.201500 18.207500 19.290500 22.385000 23.847500 25.044500 27.614500 29.239000 29.158500 30.818500 29.174000 27.395500 27.519000 25.874000 28.507500 29.010500 26.068500 26.740500 25.851500 22.962500 21.393000 22.288500 20.517000 17.304000 17.589000 18.536500 15.528000 13.342000 15.583500 15.556500 11.900000 11.140500 8.816000 6.232000 4.981000 5.527500 3.839000 0.000000 3.842500 5.507000 5.092500 6.258000 8.864500 10.145000 10.552500 12.232500 14.374000 15.354500 16.492000 18.690500 20.015000 20.933500 22.884500 24.411500 25.147500 26.628500 28.409000 29.836000
53.997500 51.933500 49.152500 45.725500 43.378500 40.034500 38.078500 39.838000 38.998500 35.272500 35.291000 37.217000 34.834500 31.836000 33.811500 34.555500 30.917000 30.176500 33.209500 33.167000 30.046000 29.963000 32.309500 34.712000 34.844000 38.025500 40.583000 43.228500 41.194000 40.311000 44.041000 44.852500 42.302500 43.802500 47.317000 48.339000 49.917500 48.055500 49.816500 49.075000 45.375500 45.510000 47.047000 44.069000 41.236500 41.603500 39.055000 36.126500 33.591500 34.894500 34.545500 30.924000 30.287500 32.032500 29.994000 26.663000 27.536500 28.812500 25.587500 23.753500 26.630500 26.665500 23.071000 22.905500 22.036000 22.843500 22.378000 24.243500 23.702000 24.400500 25.956500 24.576000 21.455000 18.777500 17.585500 13.919500 14.328500 16.264000 13.659000 11.122000 14.172000 15.402000 12.424000 12.321000 16.125500 16.404000 14.411000 16.707000 19.693000 19.185500 18.700000 21.767500 24.237000 24.988000 24.319500 22.930500 20.574500 23.572000 25.831000 23.694000 23.430000 26.184500 27.106000 29.120500 28.985000 31.097000 32.898500 31.150000 27.857000 29.412500 29.811500 26.219500 25.068000 27.591500 26.416000 22.767500 24.104500 26.586000 24.113500 22.032000 25.430500 26.496500 23.518000 24.823500 23.264000 25.763000 26.294000 25.099500 21.864500 21.314500 21.919500 19.650000 16.735000 17.379000 17.892500 14.660000 12.615000 15.289500 15.382000 11.691500 12.016000 15.399500 14.568000 11.860500 14.472500 17.298500 16.088500 15.366000 18.830500 20.575500 19.283000 20.866000 23.909500 25.035500 26.230500 28.886500 30.237000 29.805500 31.235000 29.333500 27.252500 27.059000 25.110000 27.518500 27.743500 24.520000 24.708000 23.747500 20.557500 19.335000 20.694000 18.770500 15.450500 16.444500 17.703500 14.535000 12.752000 15.716000 15.797500 12.310500 12.196000 10.115500 8.635000 5.983000 5.152500 5.533500 3.842500 0.000000 3.851500 5.498500 5.172500 6.570000 9.116500 10.049000 10.586500 12.625000 14.489000 15.464500 17.006500 18.711000 20.135500 21.653000 22.984500 24.039000 25.587000 27.146500 28.472000
52.126500 50.243500 47.467000 44.129500 41.928500 38.450000 36.799500 38.629000 37.487500 33.804500 34.199500 36.018500 33.366000 30.639500 32.883000 33.337500 29.605500 29.318000 32.350500 31.965500 28.618500 28.098000 30.355000 33.014500 33.038000 36.023500 38.537000 41.318000 39.547500 38.666500 42.357000 43.398000 41.045500 42.475500 45.983000 46.752500 48.105500 46.029000 47.644000 47.082000 43.380500 43.245000 44.791500 41.954500 39.001500 39.107500 36.481500 33.671000 30.950000 32.363500 32.327500 28.672500 27.899500 29.960500 28.188500 24.695000 25.661500 27.355000 24.320000 22.384000 25.486500 25.949500 22.549000 22.242000 21.277000 21.990000 21.390000 23.418000 22.993500 24.151000 25.899500 24.809500 21.751000 18.978000 17.058500 13.714500 14.697500 15.862500 12.625500 10.955000 14.163500 14.436000 11.164500 12.100500 15.673500 15.104500 13.377500 16.351000 18.793000 17.860500 17.987000 21.281000 23.426500 24.001500 22.794500 21.343000 18.551000 21.299000 23.637500 21.313500 20.639000 23.143500 24.281000 26.180000 26.173500 28.555500 30.514500 29.104500 25.671500 27.026000 27.782500 24.357500 22.776500 25.358000 24.640500 20.892000 21.859500 24.672500 22.628000 20.273500 23.515500 25.073000 22.321000 23.270500 21.223500 23.322500 23.606000 22.066000 19.017000 18.712000 18.927500 16.394000 13.845000 14.580500 14.587000 11.180500 9.627500 12.302500 11.938500 8.290000 9.466500 12.714000 11.673500 9.677500 12.802500 15.211000 14.263500 14.376000 17.709500 19.178500 18.445000 20.440000 23.339000 24.403000 25.896500 28.460000 29.652000 29.246000 30.863500 29.150000 27.127500 26.958500 25.304500 27.789500 27.780000 24.582500 24.921500 24.535000 21.312500 19.657500 21.426500 20.090000 16.469500 17.124000 19.061500 16.365500 13.981000 16.933000 17.790000 14.558000 13.600000 10.706500 9.925500 8.480000 6.145000 5.213000 5.507000 3.851500 0.000000 3.811000 5.363000 5.150500 6.672000 8.894000 9.967000 10.900500 12.715500 14.567000 15.856000 16.889000 18.688000 20.599000 21.538500 22.493000 24.373000 26.029500 27.519000
50.521000 48.563000 45.637500 42.362500 39.958500 36.476500 34.792000 36.891000 35.944500 32.193500 32.659500 34.797500 32.287500 29.509000 31.972500 32.732000 29.081500 28.863500 32.155000 32.033000 28.634000 28.022000 30.632000 33.129500 32.741000 35.671500 37.898500 40.846000 39.109500 37.879000 41.496000 42.716000 40.217500 41.348000 44.965000 45.650000 47.130500 45.154000 46.583000 45.791500 42.162000 42.086000 43.353000 40.375000 37.624500 37.870000 35.484500 32.852500 30.018000 31.017000 31.018000 27.516000 26.365000 28.161500 26.576500 23.020000 23.491500 25.186500 22.337500 20.008500 22.838500 23.500000 20.099000 19.370000 18.166000 18.586000 17.846000 19.727500 19.240500 20.413000 22.217500 21.239000 18.221000 15.462000 13.464500 10.226500 11.106000 12.082500 8.867500 7.311500 10.696500 11.016000 8.147500 9.500000 12.964500 12.711500 11.753500 14.649000 16.927500 16.629500 17.185500 20.119000 22.552000 23.681000 22.636000 20.600000 18.016500 21.099500 22.895000 20.194000 19.996500 22.351000 22.935500 24.548000 24.079000 26.195500 27.841500 26.241000 22.839500 24.147000 24.581000 21.076500 19.709500 22.184000 21.180000 17.471500 18.712500 21.348500 19.117500 17.015000 20.448500 21.788500 19.138000 20.460000 18.617500 20.973500 21.160000 20.110000 17.045500 16.131000 16.612000 14.647500 11.579000 11.947000 12.774000 9.847500 7.405000 10.451000 11.246000 8.096500 8.439500 12.155500 12.277000 10.556000 12.996000 15.844500 15.767000 15.627000 18.516000 20.526000 20.231500 21.836500 24.759000 26.106000 27.620000 30.115500 31.543500 31.431000 33.249000 31.727000 29.906500 29.942000 28.436000 31.037500 31.189000 28.101500 28.588000 28.139500 24.968500 23.304500 24.876500 23.444500 19.906000 20.367000 22.026000 19.215500 16.783500 19.364000 19.922500 16.431000 15.307500 12.317500 10.533500 9.701000 8.551500 6.109000 5.092500 5.498500 3.811000 0.000000 3.838500 5.447000 5.297000 6.381500 8.704000 10.024000 10.749500 12.580500 14.648500 15.429000 16.577000 18.846000 20.106000 20.786500 22.546500 24.436500 26.035500
54.040000 52.028000 49.048000 45.786500 43.264500 39.821500 38.041500 40.222000 39.437000 35.659000 36.018500 38.274000 35.882000 33.006000 35.394500 36.297500 32.682000 32.288000 35.586000 35.588000 32.262500 31.770000 34.366000 36.831500 36.487000 39.453500 41.671000 44.609000 42.818500 41.561500 45.176500 46.356500 43.778500 44.884000 48.522500 49.263500 50.817000 48.891000 50.298000 49.436500 45.830500 45.787000 46.970500 43.946000 41.272500 41.545000 39.215500 36.629500 33.763000 34.673000 34.700500 31.244000 29.990000 31.681000 30.138000 26.598500 26.844000 28.450500 25.638500 23.168500 25.729500 26.331000 22.839500 21.889000 20.518000 20.592500 19.577500 20.933000 19.876500 20.553500 21.870500 20.378000 17.263500 14.397500 12.964500 9.311000 10.640000 12.630500 10.048000 8.394500 12.088500 13.239500 11.074500 12.034000 15.561000 15.924500 15.112000 17.622500 20.141000 20.166500 20.501500 23.283500 25.920500 27.152500 26.292500 24.271500 21.792000 24.905000 26.686500 23.952000 23.779500 26.033500 26.556500 27.978500 27.265000 29.298000 30.671500 28.993500 25.610000 26.668000 26.739000 23.247500 21.958000 23.998000 22.647500 18.981500 20.060000 22.241000 19.639500 17.378500 20.687500 21.608500 18.494500 19.776000 18.434500 21.182000 22.025500 21.212000 17.764000 17.095500 18.330500 16.345000 13.010500 14.131000 15.440000 12.401000 10.421000 13.855000 14.701500 11.651000 12.253500 15.969000 15.918000 14.070000 16.595000 19.480500 19.072500 18.765000 21.865000 23.825500 23.155000 24.738000 27.735000 28.987500 30.345000 32.935500 34.351500 34.075000 35.692500 33.942500 31.935500 31.793500 29.948500 32.360500 32.472000 29.188000 29.226000 28.397500 25.027000 23.910000 25.582500 23.698000 20.329500 21.430500 22.839500 19.661000 17.856000 20.746500 20.798500 17.198500 16.886500 14.449500 12.412000 10.476000 9.928000 8.661500 6.258000 5.172500 5.363000 3.838500 0.000000 3.851500 5.456500 5.042000 5.998500 8.496000 9.731500 10.493500 12.509500 14.153000 15.174500 16.822500 18.383500 19.352500 20.851000 22.577000 24.020500
55.280500 53.460500 50.535500 47.336000 45.002500 41.451000 39.936000 42.083500 40.990500 37.276500 37.901500 39.949000 37.294500 34.652000 37.134000 37.687500 33.973000 33.864500 37.023500 36.646500 33.198000 32.413000 34.729000 37.482000 37.266500 40.080500 42.389000 45.358500 43.779000 42.693500 46.302000 47.583000 45.231500 46.414500 49.995000 50.568000 51.872500 49.716000 51.061500 50.460500 46.832500 46.509000 47.799500 44.966000 42.113500 42.067000 39.574500 37.052000 34.048500 35.217500 35.554000 32.025000 30.761500 32.837000 31.487000 27.834500 28.291000 30.261000 27.554500 25.109500 27.904000 28.783000 25.424500 24.466000 23.059500 23.047000 21.854500 23.223000 22.080000 23.011000 24.253500 22.793000 19.757000 16.836500 14.907500 11.603000 13.717000 15.260000 12.240500 11.450500 15.210000 15.669000 13.251000 14.839000 18.260500 17.942500 17.092000 20.061500 22.291500 21.792500 22.360500 25.435000 27.739000 28.591500 27.277500 25.489500 22.595500 25.314500 27.387500 24.636500 23.871500 25.853000 26.803000 28.118500 27.617500 30.021000 31.569000 30.303500 26.760500 27.491500 27.924500 24.658000 22.823000 24.749500 23.887000 20.110500 20.517500 22.932500 20.757000 17.943500 20.853000 22.261500 19.131000 19.679500 17.903500 20.235000 21.259000 19.900000 16.409000 16.561000 17.663000 15.039000 12.221000 14.122000 14.780000 11.275000 10.491000 14.048000 14.061500 11.140000 12.909000 16.271500 15.568000 14.303000 17.422000 19.726000 19.034000 19.425500 22.656000 24.078000 23.476000 25.545000 28.418000 29.412000 30.907000 33.481500 34.620000 34.119000 35.658500 33.848500 31.690500 31.349000 29.485000 31.753500 31.547000 28.136000 27.919000 27.386000 23.853500 22.766000 24.941000 23.323000 19.813500 21.154500 23.075500 20.122000 18.290500 21.517000 22.033500 18.702500 18.310500 15.685500 14.481500 12.451500 10.798500 10.058500 8.864500 6.570000 5.150500 5.447000 3.851500 0.000000 3.845500 5.534000 5.147000 6.172500 8.630000 9.989000 10.890000 12.393000 14.320500 15.800000 16.801500 18.027500 19.853000 21.410000 22.869500
52.708500 50.979000 47.985000 44.909000 42.577000 38.959000 37.659500 39.993000 38.814500 35.132500 36.056500 38.193000 35.468000 33.018500 35.777000 36.308500 32.628000 32.861500 36.132000 35.691500 32.108000 30.989000 33.430500 36.220500 35.682000 38.298500 40.376500 43.517000 42.151000 40.863000 44.369000 45.905500 43.619500 44.565500 48.180500 48.525000 49.743500 47.514000 48.636000 48.021000 44.460500 43.987000 45.101500 42.302000 39.511500 39.364500 36.991000 34.693000 31.516500 32.487500 33.076000 29.669000 28.083000 30.198500 29.186500 25.447500 25.652500 27.901000 25.507000 22.813500 25.536000 26.830500 23.698000 22.417500 20.838000 20.558000 19.178500 20.529000 19.452000 20.770000 22.189500 21.090000 18.209000 15.308500 12.700500 9.978500 12.480500 13.154000 9.797500 10.102500 13.740500 13.443000 11.349500 13.788000 16.737500 16.008500 15.853000 19.057000 20.739500 20.326500 21.512000 24.444000 26.638500 27.670000 26.127000 24.000500 21.016000 23.678000 25.423000 22.365500 21.605000 23.233500 23.969000 24.963500 24.252000 26.673500 28.118000 27.026000 23.435500 23.928000 24.440500 21.319000 19.251000 21.098500 20.463500 16.663500 16.849500 19.436000 17.550500 14.627500 17.509500 19.249000 16.426000 16.895500 14.749500 16.898500 17.619500 16.287000 12.891500 12.849500 13.842500 11.343000 8.405500 10.395500 11.226500 7.938500 7.385000 11.131000 11.532000 9.354500 11.250000 14.481000 14.371500 13.845000 16.718000 18.894000 18.895000 19.605500 22.422000 23.961500 23.960500 26.003500 28.768000 29.892000 31.560000 34.013000 35.198500 34.913000 36.698500 35.151000 33.183500 33.019000 31.465500 33.885500 33.675000 30.403000 30.472500 30.264000 26.822500 25.378000 27.564000 26.259000 22.622500 23.525000 25.624000 22.873500 20.604000 23.561500 24.347500 20.980500 20.010000 16.952500 15.640000 14.450500 12.728000 10.904000 10.145000 9.116500 6.672000 5.297000 5.456500 3.845500 0.000000 3.853500 5.530000 5.130000 6.186500 8.751500 10.087500 10.464000 12.231000 14.489000 15.342500 16.202500 18.269000 20.118000 21.826000
53.595000 51.723500 48.605500 45.556000 42.983000 39.444500 37.974500 40.498500 39.639000 35.899500 36.688000 39.123000 36.651500 34.037500 36.809000 37.703000 34.132000 34.181000 37.619500 37.521500 34.016500 33.058000 35.760000 38.329000 37.578500 40.249500 42.144000 45.334500 43.867500 42.332000 45.794000 47.349000 44.860000 45.611500 49.306500 49.708000 51.130500 49.081000 50.120500 49.244000 45.754000 45.447500 46.323500 43.356500 40.800500 40.875500 38.736000 36.533500 33.368000 33.966500 34.448500 31.196000 29.387000 31.124500 30.158000 26.479000 26.211000 28.239000 25.947000 22.990000 25.279000 26.537500 23.347500 21.716500 19.922500 19.260000 17.666000 18.512000 17.001500 17.914000 19.035000 17.655000 14.727000 11.748500 9.505500 6.528500 9.405500 10.638000 8.002000 8.396000 12.087000 12.496000 11.308000 13.459500 16.280000 16.317000 16.619500 19.353500 21.159500 21.426500 22.570000 25.123500 27.670500 29.148500 27.974000 25.523500 22.893000 25.872000 27.238500 24.038500 23.792000 25.418000 25.650500 26.428500 25.238000 27.266500 28.270000 26.862500 23.407500 23.829500 23.742500 20.531500 18.897000 20.375500 19.112000 15.454500 15.959500 17.945500 15.483500 12.812500 15.893500 16.958000 13.822000 14.827500 13.433000 16.273000 17.361000 16.840000 13.261500 12.578000 14.412500 12.731000 9.176500 10.978500 12.950000 10.403000 9.066000 12.842000 14.186000 12.202500 13.207500 16.712000 17.224500 16.362000 18.771500 21.394500 21.634500 21.844000 24.565000 26.520000 26.445000 28.133000 31.003000 32.295000 33.835000 36.326500 37.719500 37.559000 39.359000 37.791500 35.863000 35.769500 34.104000 36.546000 36.504500 33.213500 33.221000 32.674000 29.209000 28.009500 29.973500 28.307000 24.818500 25.856000 27.549000 24.499500 22.489000 25.339500 25.620000 22.027000 21.370500 18.581500 16.552500 15.203000 14.397000 12.433500 10.552500 10.049000 8.894000 6.381500 5.042000 5.534000 3.853500 0.000000 3.852000 5.410500 5.013000 6.269500 8.841000 9.768000 10.417000 12.586500 14.169500 14.936000 16.579000 18.559000 20.236500
57.315500 55.472000 52.378000 49.316500 46.772500 43.229000 41.749500 44.222000 43.330500 39.591500 40.329500 42.693000 40.180500 37.541000 40.216500 41.032500 37.408500 37.367000 40.717000 40.535500 37.049500 36.144000 38.679000 41.352500 40.801000 43.503500 45.527000 48.667500 47.186000 45.789500 49.293500 50.780000 48.325500 49.192500 52.864000 53.304000 54.682000 52.576500 53.662000 52.876000 49.358500 48.995500 49.947500 47.033500 44.406000 44.384000 42.149500 39.908500 36.729000 37.486000 38.023000 34.702500 32.976000 34.829500 33.826500 30.135000 29.983500 32.019000 29.648500 26.761500 29.081500 30.250500 26.984000 25.422500 23.646500 22.949000 21.272500 21.876500 20.053000 20.616500 21.288000 19.485500 16.587500 13.683000 12.021500 9.093000 12.093000 13.935000 11.699500 11.752500 15.483000 16.243000 14.935000 16.769000 19.823500 19.960500 19.933500 22.648500 24.688000 24.803500 25.695500 28.398000 30.945500 32.237000 31.034500 28.814500 26.069000 28.934000 30.562500 27.460000 26.955500 28.564500 29.057000 29.834500 28.730500 30.886000 31.885000 30.584000 27.109000 27.350000 27.242000 24.143500 22.395500 23.606000 22.364500 18.794000 18.914000 20.637000 18.177000 15.256000 17.864500 18.768000 15.287500 15.758500 14.675000 17.508000 19.245500 18.557000 14.781000 14.876500 17.022000 14.961500 11.796000 14.262500 15.914000 13.025000 12.365000 16.192000 16.989500 14.770000 16.262000 19.730000 19.683500 18.695500 21.481500 23.971000 23.716000 24.004500 27.035500 28.725500 28.301500 30.184000 33.086500 34.191000 35.657000 38.230500 39.487000 39.080000 40.663500 38.872500 36.731500 36.410500 34.473000 36.692000 36.498500 33.033000 32.600500 31.874000 28.250500 27.493500 29.685000 27.809000 24.452000 26.021000 27.711000 24.535000 22.977500 26.155500 26.282500 22.776500 22.641000 20.153500 18.351500 16.276500 15.380500 14.298000 12.232500 10.586500 9.967000 8.704000 5.998500 5.147000 5.530000 3.852000 0.000000 3.836000 5.465500 5.185500 6.597500 8.845000 10.050500 11.122500 12.692500 14.014500 15.552000 17.179000 18.648500
56.878000 55.237500 52.175000 49.225000 46.853000 43.209500 42.040000 44.542000 43.367000 39.713500 40.778500 42.997000 40.258500 37.896000 40.743500 41.272000 37.605000 37.925500 41.201500 40.703000 37.086000 35.825000 38.182000 41.070500 40.482000 42.964500 44.947500 48.170000 46.954000 45.613500 49.053500 50.722000 48.486500 49.315500 52.941000 53.147000 54.281000 51.967000 52.903500 52.328000 48.836000 48.185500 49.148000 46.420000 43.686500 43.365000 41.065000 38.988000 35.656500 36.527500 37.410000 34.114000 32.268500 34.425500 33.714500 29.941000 29.867500 32.276000 30.121500 27.203500 29.674500 31.199000 28.140500 26.506000 24.682000 23.883500 22.071000 22.743500 20.996000 21.983500 22.754500 21.264000 18.566500 15.739500 13.370000 11.142500 14.501500 15.527000 12.843500 13.712500 17.373000 17.328500 15.905500 18.373500 21.197000 20.677500 20.838500 23.940000 25.561500 25.312500 26.593000 29.443500 31.682000 32.753000 31.132000 28.970000 25.923000 28.434500 30.120500 26.927000 25.987500 27.201000 27.926000 28.467500 27.466000 29.905000 31.005500 30.138500 26.559000 26.437000 26.694500 23.893500 21.619500 22.692000 22.025000 18.428000 17.849500 19.852000 18.007500 14.611000 16.739000 18.311000 15.107000 14.755500 12.979000 15.213500 16.980500 15.774500 12.031000 12.935500 14.891500 12.378000 9.847500 12.992000 14.115500 11.204500 11.680000 15.387500 15.700000 14.041000 16.248000 19.299000 19.047000 18.766500 21.774500 23.773000 23.619000 24.503500 27.414500 28.763000 28.657500 30.850000 33.599500 34.576000 36.214500 38.703500 39.775000 39.311500 40.954000 39.259500 37.117000 36.747500 34.973000 37.162000 36.738500 33.285000 32.841500 32.521000 28.872000 27.926000 30.447000 28.953500 25.448500 26.914000 29.039500 26.146500 24.326500 27.574000 28.170000 24.822500 24.325500 21.517000 20.196000 18.434000 16.844500 15.622000 14.374000 12.625000 10.900500 10.024000 8.496000 6.172500 5.130000 5.410500 3.836000 0.000000 3.818000 5.440500 5.248500 6.295500 8.724000 10.152500 10.852500 12.262500 14.350000 15.971500 17.635000
55.009000 53.360500 50.195000 47.362000 44.876500 41.252000 40.160000 42.876000 41.814000 38.182500 39.383500 41.803500 39.169000 36.877000 39.903500 40.603500 37.046500 37.505000 40.925500 40.571000 36.928000 35.537500 38.115500 40.882500 39.952500 42.314500 44.021000 47.373500 46.254000 44.640000 47.965000 49.816500 47.526500 48.077500 51.753500 51.827500 53.010500 50.757500 51.488000 50.756000 47.368000 46.712000 47.411500 44.626000 42.084500 41.823500 39.757000 37.905000 34.488500 34.998000 35.988500 32.896000 30.720000 32.674000 32.239000 28.487000 27.981000 30.448000 28.607500 25.429500 27.583000 29.379500 26.517500 24.510000 22.489500 21.302000 19.257500 19.608500 17.704000 18.808000 19.547000 18.276500 15.783500 13.062000 10.305500 8.900500 12.556000 13.002000 10.651000 12.419500 15.728500 15.413500 14.746500 17.542500 19.864000 19.416500 20.258500 23.221000 24.482000 24.623000 26.277000 28.806000 31.109000 32.517000 30.950000 28.414500 25.540000 28.150500 29.381000 25.946000 25.315500 26.272500 26.539000 26.718000 25.295000 27.493500 28.255000 27.365000 23.869500 23.500000 23.485500 20.811500 18.598000 19.339500 18.538000 15.067500 14.385500 16.153500 14.286000 10.856000 13.020000 14.554000 11.444000 11.268000 9.515500 12.119500 13.862500 13.270000 9.473000 9.743000 12.240000 10.491000 7.565500 10.666500 12.586500 10.519000 10.760500 14.330500 15.409500 14.391500 16.119000 19.115000 19.585000 19.561000 22.122500 24.250000 24.677500 25.474000 28.040000 29.690500 29.947000 31.912000 34.636000 35.799500 37.482500 39.903500 41.132500 40.907500 42.745500 41.239500 39.269000 39.087000 37.489500 39.837500 39.540000 36.188500 35.995500 35.720000 32.141000 30.993500 33.347000 31.887000 28.328000 29.498500 31.531500 28.619500 26.573000 29.573500 30.120000 26.627500 25.862500 22.896000 21.199000 19.915500 18.659000 16.751000 15.354500 14.489000 12.715500 10.749500 9.731500 8.630000 6.186500 5.013000 5.465500 3.818000 0.000000 3.839500 5.405000 4.936500 6.066500 8.653000 9.751500 10.545500 12.612000 14.676500 16.591500
57.862500 56.099000 52.872000 50.026000 47.380000 43.833000 42.562500 45.345000 44.519500 40.840000 41.853000 44.433000 41.976000 39.511000 42.449000 43.376500 39.858500 40.081000 43.566500 43.431000 39.866500 38.679500 41.358000 44.010500 43.083000 45.551500 47.238000 50.570500 49.318500 47.628500 50.966500 52.745500 50.306500 50.819000 54.536500 54.721000 56.056500 53.930000 54.676000 53.791000 50.425500 49.909500 50.512000 47.618000 45.201500 45.094000 43.124500 41.256500 37.889000 38.256000 39.115500 36.065000 33.862500 35.586000 35.070500 31.376500 30.674000 32.909000 31.026500 27.774000 29.660000 31.284000 28.314000 26.188000 24.093500 22.716000 20.570500 20.438500 18.074000 18.550000 18.716000 16.911000 14.445000 11.823000 10.004500 8.586000 12.292000 13.544500 12.073000 13.427000 16.679000 17.118000 16.834500 19.142500 21.554000 21.708500 22.529000 25.154500 26.701000 27.191500 28.593000 30.971500 33.532500 35.130500 33.843000 31.246500 28.563500 31.379000 32.551500 29.130000 28.745500 29.830000 29.922000 30.079000 28.446000 30.396000 30.875500 29.748500 26.391500 26.003000 25.518500 22.820000 21.007000 21.401500 20.070000 16.872000 16.408000 17.438000 15.063000 11.972500 13.937500 14.552500 10.937000 11.003000 10.521500 13.670000 16.020000 16.037000 12.291000 12.363500 15.382000 14.071500 11.082500 13.890000 16.203000 14.217500 13.988500 17.629500 18.948500 17.616500 19.021500 22.276500 22.788000 22.338500 24.842000 27.260500 27.528000 27.980500 30.694500 32.513000 32.486000 34.302000 37.140500 38.333500 39.881500 42.387500 43.704000 43.437000 45.168500 43.518500 41.463500 41.220500 39.398000 41.659000 41.427000 37.980000 37.550000 36.929000 33.279500 32.503000 34.775500 32.958500 29.577000 31.069500 32.803500 29.635000 27.976500 31.049000 31.173500 27.590000 27.283000 24.643000 22.614500 20.902500 20.161500 18.574500 16.492000 15.464500 14.567000 12.580500 10.493500 9.989000 8.751500 6.269500 5.185500 5.440500 3.839500 0.000000 3.837500 5.484000 5.182500 6.458000 8.630000 9.795500 11.182000 13.103000 14.799500
60.319000 58.694000 55.519500 52.708000 50.201500 46.588000 45.476000 48.204500 47.173000 43.534500 44.681000 47.102000 44.469000 42.130500 45.084500 45.775500 42.179500 42.530500 45.906500 45.521000 41.895500 40.562500 43.013500 45.864000 45.083000 47.464500 49.249000 52.576500 51.452500 49.920500 53.267500 55.081500 52.797000 53.404500 57.075500 57.169500 58.327500 56.035500 56.756500 56.076000 52.690500 51.975500 52.675000 49.932500 47.379000 47.032000 44.931500 43.098000 39.656000 40.241000 41.304500 38.192000 36.033500 38.030500 37.602000 33.846000 33.342500 35.780500 33.900500 30.720500 32.794500 34.511500 31.561000 29.523500 27.464500 26.136500 23.963500 23.889500 21.531500 22.084500 22.142000 20.335500 18.022500 15.538500 13.691500 12.353000 16.042000 17.228500 15.450000 16.774500 20.181000 20.398000 19.752500 22.197500 24.755000 24.580500 25.188000 28.063500 29.590000 29.726500 31.140000 33.752000 36.140000 37.459500 35.917500 33.536000 30.599000 33.153000 34.573500 31.199000 30.395500 31.300000 31.737500 31.832000 30.391500 32.614500 33.225500 32.418500 28.979500 28.351000 28.147500 25.663000 23.480500 23.746000 22.838000 19.666000 18.630000 19.753000 17.861000 14.453500 15.740500 16.733500 13.304000 12.321500 11.551500 14.031000 16.789500 16.279500 12.588000 13.751000 16.623000 14.783000 12.520000 15.890000 17.588500 15.352000 15.940500 19.560500 20.256500 18.988500 21.003000 24.055500 24.082500 23.875500 26.737500 28.823000 28.804000 29.612000 32.475000 33.928500 33.833500 35.949000 38.726000 39.722000 41.317000 43.827000 44.940000 44.470500 46.080500 44.335500 42.141000 41.717000 39.815500 41.898500 41.433000 37.900500 37.176000 36.676000 32.944500 32.356000 34.942000 33.227000 29.876000 31.630000 33.599500 30.537500 29.016500 32.319500 32.625500 29.201500 29.002500 26.366000 24.749000 22.783000 21.602000 20.440500 18.690500 17.006500 15.856000 14.648500 12.509500 10.890000 10.087500 8.841000 6.597500 5.248500 5.405000 3.837500 0.000000 3.841000 5.503500 5.296500 6.507000 8.504500 10.262500 11.711500 13.329000
58.238000 56.765000 53.586500 50.920500 48.512000 44.855000 44.014500 46.833000 45.644000 42.104500 43.543500 45.926500 43.193500 41.106000 44.246000 44.801000 41.252000 41.926500 45.297000 44.758000 41.051500 39.418000 41.838500 44.754500 43.782500 45.935000 47.545000 50.973500 50.090500 48.477500 51.706000 53.728000 51.589000 52.039000 55.681000 55.543500 56.541500 54.139000 54.657500 54.060500 50.757000 49.839000 50.426500 47.808500 45.279500 44.750000 42.726500 41.128000 37.572500 38.065000 39.411000 36.439500 34.074000 36.176500 36.081500 32.323000 31.703000 34.405500 32.834000 29.575000 31.611500 33.677000 30.994500 28.803000 26.673000 25.176000 22.887000 22.802000 20.569500 21.552500 21.795500 20.462500 18.403000 16.055500 13.541500 12.963000 16.759000 17.098500 15.148000 17.215000 20.375500 19.912500 19.466500 22.395500 24.561000 23.951000 24.947000 27.991000 29.051000 29.093000 30.923000 33.472500 35.643500 36.950500 35.155500 32.664500 29.641500 31.966500 33.188500 29.690000 28.747500 29.242000 29.615500 29.375500 27.845500 30.138000 30.682500 30.207000 26.779000 25.793000 25.783500 23.626000 21.108000 21.134000 20.680500 17.629000 16.006000 17.258000 15.978000 12.298000 13.082000 14.726000 11.797000 10.109500 8.543500 10.505000 13.270500 12.629000 9.054000 10.694000 13.561500 11.870500 10.218000 13.802500 15.366000 13.685500 14.881000 18.158000 18.854000 18.293500 20.459000 23.133500 23.378000 23.745500 26.480500 28.278500 28.629500 29.768500 32.344500 33.718000 34.037500 36.224000 38.866500 39.881000 41.615000 44.014000 45.086000 44.726000 46.495500 44.947500 42.873500 42.547000 40.894000 43.076000 42.549500 39.116500 38.610500 38.445500 34.769500 33.850500 36.518000 35.118000 31.607500 33.047500 35.263500 32.400500 30.516000 33.701000 34.330000 30.927500 30.293000 27.347000 25.867000 24.379000 22.910500 21.302500 20.015000 18.711000 16.889000 15.429000 14.153000 12.393000 10.464000 9.768000 8.845000 6.295500 4.936500 5.484000 3.841000 0.000000 3.844500 5.455000 5.396000 6.782500 9.292000 11.124000 13.178000
57.999000 56.430500 53.147000 50.554000 47.962500 44.389000 43.477000 46.472000 45.531500 41.988500 43.382000 46.003000 43.478500 41.327500 44.518000 45.350000 41.919500 42.527000 46.034000 45.756000 42.098000 40.533000 43.190000 45.915500 44.703000 46.852500 48.250500 51.741000 50.820000 48.960500 52.111500 54.198000 51.915500 52.143000 55.841000 55.697000 56.847500 54.599000 54.997000 54.167000 50.958500 50.164000 50.501000 47.759000 45.466000 45.121000 43.341000 41.872500 38.327000 38.456000 39.743000 36.953500 34.370500 36.140500 36.163000 32.489500 31.450000 34.004000 32.629500 29.182000 30.811000 32.934500 30.355500 27.866500 25.589500 23.737000 21.270000 20.660500 18.092000 18.795500 18.675500 17.291000 15.529000 13.481500 11.270500 11.530000 15.267500 15.512000 14.359500 16.728500 19.496000 19.242500 19.513500 22.329000 24.160500 23.948500 25.366500 28.086000 29.055000 29.577000 31.489000 33.706000 36.066000 37.727500 36.172500 33.390500 30.643500 33.185500 34.040000 30.415500 29.899500 30.360000 30.267000 29.806000 27.853500 29.755500 29.870000 29.188000 25.952500 24.832500 24.294500 22.225500 20.087000 19.659000 18.729500 16.029000 14.544000 15.046500 13.434000 10.060500 10.655000 11.566500 8.405500 6.911000 6.565000 9.462000 12.505000 12.992000 9.649000 10.227500 13.738500 13.066000 11.020500 14.065500 16.413500 15.328000 15.902000 19.074500 20.456500 20.029500 21.623000 24.424500 25.196000 25.416500 27.790000 29.880000 30.540500 31.370500 33.787000 35.504000 35.902000 37.811500 40.509000 41.695500 43.376000 45.778500 47.038000 46.849000 48.712000 47.224500 45.242500 45.040500 43.396500 45.681500 45.322000 41.914500 41.517500 41.177500 37.517000 36.602500 39.062500 37.482000 34.002500 35.365500 37.338500 34.316500 32.443500 35.475500 35.844000 32.287000 31.682500 28.797000 26.884500 25.530000 24.545500 22.636500 20.933500 20.135500 18.688000 16.577000 15.174500 14.320500 12.231000 10.417000 10.050500 8.724000 6.066500 5.182500 5.503500 3.844500 0.000000 3.837000 5.521000 5.892000 7.527000 9.885500 12.074000
61.723500 60.136000 56.849000 54.239000 51.614500 48.059000 47.076500 50.058500 49.169000 45.598500 46.900500 49.533000 47.028500 44.794000 47.911500 48.769500 45.301500 45.784000 49.277500 49.016500 45.376500 43.901500 46.505500 49.266500 48.169500 50.382500 51.860000 55.320500 54.345000 52.542500 55.733000 57.758500 55.444500 55.733500 59.438000 59.352500 60.524500 58.278000 58.711000 57.889500 54.666000 53.882500 54.241500 51.497500 49.193500 48.840000 47.024000 45.512500 41.974500 42.170000 43.433000 40.594500 38.071000 39.847000 39.791500 36.110000 35.112500 37.591000 36.116000 32.690000 34.301000 36.295500 33.604000 31.149000 28.871500 27.015500 24.529000 23.740500 20.961000 21.234000 20.681500 18.892000 17.236500 15.359500 13.882500 13.866500 17.521500 18.346000 17.426000 19.370500 22.272000 22.432000 22.605000 25.161500 27.223500 27.232500 28.431000 31.092000 32.310000 32.840000 34.542500 36.829000 39.286000 40.908500 39.415000 36.728000 33.952000 36.525500 37.531500 33.957500 33.374500 33.908500 33.931500 33.516500 31.597500 33.504500 33.567500 32.858000 29.659000 28.510000 27.849500 25.813500 23.783000 23.212000 22.148500 19.601500 18.144000 18.304500 16.593500 13.488000 13.717000 14.064000 10.857000 9.174000 9.735500 12.264500 15.682000 16.132500 12.937000 13.900000 17.380500 16.501500 14.573500 17.737500 19.947500 18.551500 19.152000 22.497500 23.677500 22.950000 24.676500 27.618000 28.123000 28.134000 30.700000 32.842500 33.207500 33.978500 36.612500 38.255500 38.395000 40.368500 43.131000 44.237000 45.845500 48.315500 49.531000 49.195000 50.908500 49.257000 47.133500 46.792000 44.941000 47.068500 46.640500 43.124500 42.412500 41.888500 38.152500 37.592500 40.143000 38.371000 35.039500 36.750500 38.634000 35.498500 33.961000 37.161500 37.338000 33.808500 33.570000 30.902500 28.992000 27.218500 26.331000 24.843000 22.884500 21.653000 20.599000 18.846000 16.822500 15.800000 14.489000 12.586500 11.122500 10.152500 8.653000 6.458000 5.296500 5.455000 3.837000 0.000000 3.844000 5.638500 6.419000 7.986500 9.852000
62.122000 60.691000 57.457500 54.920500 52.447000 48.835000 48.059500 51.012000 49.912000 46.415000 47.906000 50.396000 47.734500 45.681500 48.866500 49.504000 46.006500 46.692500 50.098000 49.610000 45.913500 44.240000 46.670000 49.571500 48.511000 50.575500 52.058000 55.534000 54.733500 53.025500 56.173000 58.285500 56.141500 56.452000 60.100000 59.873500 60.857500 58.460000 58.813500 58.176000 54.972500 53.983500 54.387000 51.806500 49.411500 48.829500 46.944500 45.531500 41.932500 42.262000 43.743500 40.916500 38.389500 40.390000 40.486000 36.782500 35.923500 38.612500 37.225500 33.866500 35.624000 37.767500 35.178000 32.787500 30.487000 28.686000 26.164500 25.562500 23.013500 23.567500 23.202500 21.619500 20.030000 18.108500 16.258000 16.232500 19.964500 20.497000 19.201000 21.306000 24.285500 24.072000 24.015000 26.815500 28.871000 28.501500 29.659500 32.551500 33.609000 33.847500 35.688000 38.123000 40.368500 41.788000 40.039500 37.470000 34.515000 36.823500 37.920000 34.367500 33.471000 33.750500 33.987000 33.441500 31.688500 33.801500 33.973000 33.599000 30.365500 28.991500 28.649000 26.840500 24.452500 23.814000 23.241000 20.707000 18.762500 19.156500 18.023000 14.677500 14.413500 15.393500 12.672000 10.215000 9.998500 11.585000 15.118000 15.085500 12.166000 13.949500 17.140500 15.992500 14.754500 18.190000 19.918500 18.572000 19.783500 22.965000 23.753000 23.299000 25.402500 28.073000 28.356000 28.709500 31.426000 33.249500 33.577000 34.680500 37.284000 38.665500 38.926000 41.101000 43.786000 44.777000 46.435500 48.839500 49.930000 49.501000 51.187000 49.568000 47.409500 47.020000 45.234500 47.296000 46.727500 43.226500 42.455500 42.165500 38.432500 37.820500 40.570500 39.018500 35.644000 37.345000 39.472000 36.505500 34.880000 38.150500 38.588500 35.168500 34.793000 31.996500 30.392000 28.678000 27.419000 25.992000 24.411500 22.984500 21.538500 20.106000 18.383500 16.801500 15.342500 14.169500 12.692500 10.852500 9.751500 8.630000 6.507000 5.396000 5.521000 3.844000 0.000000 3.845500 5.938000 7.179000 9.423000
60.774500 59.378500 56.118000 53.678500 51.197000 47.614500 46.936000 49.969000 48.895000 45.460000 47.049500 49.591500 46.977500 45.020500 48.281500 48.955000 45.542500 46.335000 49.766000 49.315000 45.629000 43.871500 46.364500 49.198000 47.974000 49.930000 51.253000 54.776500 54.065500 52.241500 55.295000 57.508500 55.384000 55.547500 59.186000 58.861000 59.829500 57.454500 57.679500 56.992000 53.870500 52.848500 53.111500 50.549000 48.262000 47.670000 45.921500 44.667000 41.048000 41.201000 42.775000 40.097000 37.424500 39.339000 39.623000 35.984500 34.945500 37.678500 36.508000 33.095000 34.687500 36.982000 34.576500 32.062000 29.724500 27.774000 25.164000 24.422500 21.941000 22.607000 22.254000 20.922500 19.599500 17.835000 15.834000 16.313000 19.933000 20.072000 18.956000 21.373500 24.083000 23.649000 23.883500 26.801000 28.568000 28.135000 29.570000 32.405000 33.221500 33.561500 35.595500 37.887000 40.054500 41.573000 39.823500 37.125000 34.266000 36.539500 37.407000 33.792000 33.012000 33.105000 33.130500 32.365000 30.428500 32.410000 32.393000 32.097500 28.969500 27.397000 26.966500 25.380500 23.005000 22.087500 21.604000 19.331500 17.167000 17.323500 16.493000 13.279000 12.522000 13.620500 11.368000 8.491500 8.287500 9.652500 13.301500 13.733000 11.184500 12.716000 16.001000 15.390500 14.366500 17.535500 19.419500 18.560500 19.754500 22.680500 23.698000 23.570500 25.491500 28.016500 28.575000 29.088500 31.595000 33.392000 33.980500 35.087000 37.495500 38.969000 39.423500 41.514500 44.173500 45.199000 46.856500 49.234000 50.401000 50.062000 51.855500 50.336500 48.282000 47.988500 46.312500 48.463500 47.977500 44.546000 43.936000 43.716000 40.028000 39.263000 41.941500 40.458500 37.033500 38.556000 40.684500 37.752000 35.977500 39.125500 39.605500 36.148500 35.600000 32.711000 31.020000 29.552000 28.359500 26.672000 25.147500 24.039000 22.493000 20.786500 19.352500 18.027500 16.202500 14.936000 14.014500 12.262500 10.545500 9.795500 8.504500 6.782500 5.892000 5.638500 3.845500 0.000000 3.839000 6.119500 8.801000
62.392000 60.929500 57.617000 55.208000 52.620500 49.105500 48.347500 51.448500 50.537500 47.097000 48.601500 51.262000 48.778000 46.746500 49.980000 50.810500 47.450500 48.139500 51.623500 51.320000 47.680500 46.018500 48.605500 51.346000 50.061500 52.053500 53.308500 56.837000 56.069500 54.151500 57.180500 59.385000 57.170000 57.253000 60.915500 60.625000 61.689500 59.409500 59.600500 58.789500 55.714000 54.778500 54.929000 52.298000 50.135000 49.648500 48.017000 46.800000 43.211000 43.210500 44.718000 42.114000 39.382500 41.113500 41.403500 37.823000 36.603000 39.201500 38.080000 34.602500 35.978500 38.224500 35.828000 33.198500 30.855500 28.756500 26.123000 25.056500 22.340500 22.669000 21.940500 20.451000 19.381000 17.876000 16.397000 17.139500 20.571000 20.897500 20.263500 22.579000 25.119500 24.973500 25.480000 28.194000 29.894000 29.755500 31.270500 33.905000 34.787000 35.362000 37.326500 39.476000 41.770500 43.441500 41.855500 39.071000 36.351500 38.751000 39.511500 35.881000 35.297500 35.446500 35.293000 34.480000 32.369000 34.131000 33.883500 33.441000 30.451000 28.854000 28.085500 26.558500 24.493500 23.327000 22.506000 20.535500 18.579000 18.161500 17.100500 14.357500 13.404500 13.642000 11.420000 8.779500 10.010000 11.655500 15.244000 16.203500 13.866500 14.884000 18.304500 18.021000 16.767000 19.678500 21.838000 21.047000 21.920000 24.873500 26.113000 25.868500 27.566000 30.215500 30.896500 31.222500 33.633500 35.600500 36.196500 37.112000 39.538000 41.149500 41.517000 43.494500 46.197000 47.258000 48.867000 51.288500 52.523000 52.207500 53.987500 52.431500 50.373000 50.078500 48.327500 50.466000 50.023500 46.560000 45.882500 45.495500 41.790000 41.166000 43.768000 42.119000 38.774000 40.392000 42.357000 39.307000 37.677000 40.809500 41.079500 37.573000 37.190000 34.438500 32.553500 30.986000 30.066000 28.429000 26.628500 25.587000 24.373000 22.546500 20.851000 19.853000 18.269000 16.579000 15.552000 14.350000 12.612000 11.182000 10.262500 9.292000 7.527000 6.419000 5.938000 3.839000 0.000000 3.844000 6.668000
64.641000 63.208000 59.911000 57.515500 54.951500 51.439000 50.696000 53.779500 52.846000 49.415500 50.916500 53.546000 51.039500 49.013000 52.221500 53.013500 49.635000 50.308000 53.761500 53.415000 49.775500 48.114500 50.634000 53.419500 52.200000 54.186000 55.477500 58.990000 58.238500 56.370500 59.405000 61.597500 59.409000 59.525000 63.173500 62.877500 63.908500 61.597000 61.784500 61.020500 57.947500 56.971500 57.139500 54.550000 52.366000 51.825500 50.167500 48.956500 45.364000 45.422000 46.964500 44.345000 41.645500 43.424000 43.711500 40.127500 38.960000 41.565000 40.418000 36.968500 38.369000 40.588000 38.164000 35.569000 33.242500 31.167000 28.553000 27.466000 24.716500 24.929500 24.082500 22.511000 21.499500 20.054000 18.778500 19.373000 22.760000 23.258000 22.616000 24.776000 27.384000 27.332000 27.734500 30.379500 32.176000 32.052000 33.453000 36.104000 37.060500 37.574500 39.469500 41.676500 43.965500 45.570500 43.961000 41.253500 38.486500 40.839500 41.690000 38.096500 37.416000 37.547000 37.496000 36.685000 34.632500 36.436500 36.193000 35.813500 32.841500 31.198000 30.452500 28.992500 26.912000 25.698000 24.931000 23.029000 21.031000 20.556500 19.580000 16.927500 15.852500 15.994000 13.931500 11.385500 12.570000 13.837500 17.406000 18.212000 16.024000 17.290000 20.580500 20.144000 19.038000 22.031000 24.028500 23.109500 24.094500 27.081500 28.149500 27.825000 29.648000 32.295000 32.807500 33.107000 35.627500 37.544000 37.992500 38.949000 41.463000 42.978500 43.246500 45.293000 47.996500 48.994500 50.583000 53.024000 54.198000 53.799000 55.500500 53.875500 51.748500 51.371000 49.544500 51.580000 51.066500 47.562000 46.716500 46.292000 42.567000 42.110500 44.790000 43.102500 39.838000 41.613000 43.580500 40.527500 39.046000 42.260500 42.495500 39.044500 38.804500 36.141500 34.336000 32.600000 31.647500 30.223500 28.409000 27.146500 26.029500 24.436500 22.577000 21.410000 20.118000 18.559000 17.179000 15.971500 14.676500 13.103000 11.711500 11.124000 9.885500 7.986500 7.179000 6.119500 3.844000 0.000000 3.807000
66.441000 65.000000 61.701500 59.313500 56.735000 53.246000 52.477000 55.554000 54.656000 51.228000 52.687000 55.324000 52.844000 50.791000 53.964000 54.777500 51.402500 52.024500 55.468500 55.143000 51.524000 49.907000 52.409500 55.189500 54.004500 56.007500 57.313000 60.809000 60.037000 58.181500 61.218500 63.387500 61.185500 61.310500 64.956000 64.681000 65.725500 63.427000 63.619500 62.848000 59.783000 58.819000 58.980000 56.391000 54.223500 53.692500 52.044500 50.831000 47.254000 47.314000 48.839000 46.223500 43.543000 45.296000 45.561500 41.995500 40.823500 43.382000 42.216000 38.777000 40.143500 42.314000 39.866000 37.276000 34.988500 32.916000 30.343000 29.183500 26.374500 26.429000 25.429000 23.766500 22.837000 21.489000 20.477500 21.003500 24.282000 24.943000 24.408000 26.417000 29.015000 29.106000 29.501000 32.029500 33.870500 33.839000 35.176500 37.772000 38.800500 39.339500 41.158500 43.358500 45.681500 47.283500 45.716000 43.041000 40.292500 42.657500 43.540000 39.975500 39.299500 39.459500 39.426000 38.632000 36.582500 38.352000 38.072500 37.673500 34.744000 33.106000 32.301000 30.868500 28.873500 27.622000 26.794500 24.984000 23.067500 22.480000 21.468000 18.994500 17.926500 17.843500 15.867500 13.612000 14.908500 16.079500 19.525000 20.329000 18.240000 19.489000 22.706500 22.247000 21.135500 24.086000 26.055500 25.067000 26.002000 29.011000 30.040000 29.618500 31.436000 34.117500 34.561500 34.776000 37.326000 39.264500 39.621000 40.533000 43.103500 44.602000 44.777000 46.823000 49.532000 50.505000 52.071500 54.536500 55.692000 55.254500 56.907000 55.231500 53.067000 52.630500 50.738500 52.706500 52.165500 48.635500 47.675500 47.173000 43.444000 43.128500 45.817000 44.059000 40.876500 42.767000 44.677000 41.595500 40.249500 43.497000 43.647000 40.225500 40.121000 37.560000 35.751000 33.894000 33.008000 31.730500 29.836000 28.472000 27.519000 26.035500 24.020500 22.869500 21.826000 20.236500 18.648500 17.635000 16.591500 14.799500 13.329000 13.178000 12.074000 9.852000 9.423000 8.801000 6.668000 3.807000 0.000000
