pair,role,rank,normalized_edge,chain1_edge,chain2_edge,total_contribution
WT_vs_G102D,reference,1,ARG158-GLU157,GLU157-ARG158,GLU364-ARG365,1.0564815997354313
WT_vs_G102D,reference,2,ALA97-LEU146,ALA97-LEU146,ALA304-LEU353,0.977623922113798
WT_vs_G102D,reference,3,GLN152-VAL153,GLN152-VAL153,GLN359-VAL360,0.9155662085299243
WT_vs_G102D,reference,4,GLU156-LYS155,LYS155-GLU156,LYS362-GLU363,0.6997120455950785
WT_vs_G102D,reference,5,GLU156-GLU157,GLU156-GLU157,GLU363-GLU364,0.6632212658514267
WT_vs_G102D,reference,6,ALA154-LYS155,ALA154-LYS155,ALA361-LYS362,0.6311990975472034
WT_vs_G102D,reference,7,ARG94-ASN18,ASN18-ARG94,ASN225-ARG301,0.6261018803004197
WT_vs_G102D,reference,8,ALA154-VAL153,VAL153-ALA154,VAL360-ALA361,0.5654974201444473
WT_vs_G102D,reference,9,ASP148-GLU147,GLU147-ASP148,GLU354-ASP355,0.5192591671980549
WT_vs_G102D,reference,10,ARG158-GLU159,ARG158-GLU159,ARG365-GLU366,0.4531456120530224
WT_vs_G102D,reference,11,PRO161-THR162,PRO161-THR162,PRO368-THR369,0.41242852049831846
WT_vs_G102D,reference,12,GLN152-HSD151,HSD151-GLN152,HSD358-GLN359,0.3569822652419379
WT_vs_G102D,reference,13,ALA97-LEU90,LEU90-ALA97,LEU297-ALA304,0.3382104476589918
WT_vs_G102D,reference,14,THR162-THR163,THR162-THR163,THR369-THR370,0.3324890191432817
WT_vs_G102D,reference,15,GLY189-LEU190,GLY189-LEU190,GLY396-LEU397,0.32071633495464114
WT_vs_G102D,reference,16,ASP148-HSD151,ASP148-HSD151,ASP355-HSD358,0.31204597150117064
WT_vs_G102D,reference,17,ASN18-GLU19,ASN18-GLU19,ASN225-GLU226,0.3108527354968117
WT_vs_G102D,reference,18,SER165-THR163,THR163-SER165,THR370-SER372,0.29693031046592333
WT_vs_G102D,reference,19,ALA97-GLY96,GLY96-ALA97,GLY303-ALA304,0.2744667569277931
WT_vs_G102D,reference,20,GLY189-PHE186,PHE186-GLY189,PHE393-GLY396,0.25477914670616636
WT_vs_G102D,reference,21,ASP95-GLY96,ASP95-GLY96,ASP302-GLY303,0.25344097641164004
WT_vs_G102D,reference,22,ALA185-PHE186,ALA185-PHE186,ALA392-PHE393,0.249437436246851
WT_vs_G102D,reference,23,GLY143-LEU142,LEU142-GLY143,LEU349-GLY350,0.23879112077367098
WT_vs_G102D,reference,24,MET166-SER165,SER165-MET166,SER372-MET373,0.23667380906307522
WT_vs_G102D,reference,25,HSD139-LEU142,HSD139-LEU142,HSD346-LEU349,0.23193516640156087
WT_vs_G102D,reference,26,ALA182-ALA185,ALA182-ALA185,ALA389-ALA392,0.22972311927874772
WT_vs_G102D,reference,27,ARG87-LEU90,ARG87-LEU90,ARG294-LEU297,0.2191248956009368
WT_vs_G102D,reference,28,ARG171-MET166,MET166-ARG171,MET373-ARG378,0.2157307864295819
WT_vs_G102D,reference,29,GLU159-THR160,GLU159-THR160,GLU366-THR367,0.21318943522683292
WT_vs_G102D,reference,30,PRO161-THR160,THR160-PRO161,THR367-PRO368,0.2104758818003265
WT_vs_G102D,reference,31,LEU190-LEU192,LEU190-LEU192,LEU397-LEU399,0.2035564813261301
WT_vs_G102D,reference,32,ILE174-PHE177,ILE174-PHE177,ILE381-PHE384,0.19552677977988842
WT_vs_G102D,reference,33,GLU147-LEU146,LEU146-GLU147,LEU353-GLU354,0.18129200384530195
WT_vs_G102D,reference,34,LEU14-LEU16,LEU14-LEU16,LEU221-LEU223,0.16401084299438054
WT_vs_G102D,reference,35,GLY143-LEU146,GLY143-LEU146,GLY350-LEU353,0.1614441161334762
WT_vs_G102D,reference,36,LYS98-VAL99,LYS98-VAL99,LYS305-VAL306,0.13884207426020495
WT_vs_G102D,reference,37,GLY196-ILE193,ILE193-GLY196,ILE400-GLY403,0.13634250075254326
WT_vs_G102D,reference,38,HSD100-VAL99,VAL99-HSD100,VAL306-HSD307,0.12968381560399075
WT_vs_G102D,reference,39,ASN82-PHE86,ASN82-PHE86,ASN289-PHE293,0.12735492846050453
WT_vs_G102D,reference,40,ASN18-LEU16,LEU16-ASN18,LEU223-ASN225,0.12335800475992649
WT_vs_G102D,reference,41,ARG94-ASP95,ARG94-ASP95,ARG301-ASP302,0.12333205437549713
WT_vs_G102D,reference,42,ALA97-LYS98,ALA97-LYS98,ALA304-LYS305,0.12245179478118128
WT_vs_G102D,reference,43,ARG87-PHE86,PHE86-ARG87,PHE293-ARG294,0.12149518653981049
WT_vs_G102D,reference,44,LEU52-VAL99,LEU52-VAL99,LEU259-VAL306,0.09698495240691526
WT_vs_G102D,reference,45,GLY181-PHE177,PHE177-GLY181,PHE384-GLY388,0.09632074406747465
WT_vs_G102D,reference,46,LYS46-VAL45,VAL45-LYS46,VAL252-LYS253,0.07547207815733196
WT_vs_G102D,reference,47,ALA136-SER135,SER135-ALA136,SER342-ALA343,0.07185032226771298
WT_vs_G102D,reference,48,GLN172-GLU175,GLN172-GLU175,GLN379-GLU382,0.07160297591304238
WT_vs_G102D,reference,49,ARG49-ASN47,ASN47-ARG49,ASN254-ARG256,0.06727727637434652
WT_vs_G102D,reference,50,GLU19-VAL20,GLU19-VAL20,GLU226-VAL227,0.06371971640766012
WT_vs_G102D,reference,51,ALA182-GLY181,GLY181-ALA182,GLY388-ALA389,0.06365447779302494
WT_vs_G102D,reference,52,LEU25-THR26,LEU25-THR26,LEU232-THR233,0.061150882532968895
WT_vs_G102D,reference,53,GLY21-VAL20,VAL20-GLY21,VAL227-GLY228,0.05849610823279015
WT_vs_G102D,reference,54,GLY21-GLY24,GLY21-GLY24,GLY228-GLY231,0.05768096824913961
WT_vs_G102D,reference,55,ILE193-LEU192,LEU192-ILE193,LEU399-ILE400,0.057074063654650786
WT_vs_G102D,reference,56,ASN82-LEU79,LEU79-ASN82,LEU286-ASN289,0.05614426137888577
WT_vs_G102D,reference,57,ARG171-ILE174,ARG171-ILE174,ARG378-ILE381,0.053413434237893194
WT_vs_G102D,reference,58,ALA56-HSD100,ALA56-HSD100,ALA263-HSD307,0.05190987774102304
WT_vs_G102D,reference,59,ALA89-HSD63,HSD63-ALA89,HSD270-ALA296,0.051772052015735384
WT_vs_G102D,reference,60,ALA13-LEU14,ALA13-LEU14,ALA220-LEU221,0.050597062708297905
WT_vs_G102D,reference,61,GLY24-LEU25,GLY24-LEU25,GLY231-LEU232,0.04914989926409141
WT_vs_G102D,reference,62,GLN200-LEU197,LEU197-GLN200,LEU404-GLN407,0.048119266065675736
WT_vs_G102D,reference,63,HSD100-LEU101,HSD100-LEU101,HSD307-LEU308,0.04434544085838284
WT_vs_G102D,reference,64,ARG49-LEU52,ARG49-LEU52,ARG256-LEU259,0.044127761025446036
WT_vs_G102D,reference,65,MET166-PRO167,MET166-PRO167,MET373-PRO374,0.04167493252665368
WT_vs_G102D,reference,66,LEU14-LEU17,LEU14-LEU17,LEU221-LEU224,0.038556274386329525
WT_vs_G102D,reference,67,ALA13-ILE10,ILE10-ALA13,ILE217-ALA220,0.03795535991941733
WT_vs_G102D,reference,68,GLY102-LEU101,LEU101-GLY102,LEU308-GLY309,0.037302893072782214
WT_vs_G102D,reference,69,LEU170-PRO167,PRO167-LEU170,PRO374-LEU377,0.036591300502037516
WT_vs_G102D,reference,70,GLY102-THR103,GLY102-THR103,GLY309-THR310,0.03448871012665218
WT_vs_G102D,reference,71,ILE10-VAL9,VAL9-ILE10,VAL216-ILE217,0.0330233110240456
WT_vs_G102D,reference,72,GLN38-LEU41,GLN38-LEU41,GLN245-LEU248,0.030598123349154994
WT_vs_G102D,reference,73,SER74-TRP75,SER74-TRP75,SER281-TRP282,0.029385406084260022
WT_vs_G102D,reference,74,ASP53-THR103,ASP53-THR103,ASP260-THR310,0.028839411304691948
WT_vs_G102D,reference,75,CYS203-GLU204,CYS203-GLU204,CYS410-GLU411,0.02754888711234707
WT_vs_G102D,reference,76,ASN47-LYS46,LYS46-ASN47,LYS253-ASN254,0.02700545939964113
WT_vs_G102D,reference,77,HSD64-THR65,HSD64-THR65,HSD271-THR272,0.02693755231753925
WT_vs_G102D,reference,78,GLY196-LEU197,GLY196-LEU197,GLY403-LEU404,0.026607759557976875
WT_vs_G102D,reference,79,LEU79-PHE78,PHE78-LEU79,PHE285-LEU286,0.0260786377434026
WT_vs_G102D,reference,80,ASP5-LEU4,LEU4-ASP5,LEU211-ASP212,0.025491561484169516
WT_vs_G102D,reference,81,ARG104-THR103,THR103-ARG104,THR310-ARG311,0.025326022917104042
WT_vs_G102D,reference,82,HSD66-THR65,THR65-HSD66,THR272-HSD273,0.02487299704806617
WT_vs_G102D,reference,83,ALA56-LEU55,LEU55-ALA56,LEU262-ALA263,0.024130043262617647
WT_vs_G102D,reference,84,ALA50-ASP53,ALA50-ASP53,ALA257-ASP260,0.023266949966964715
WT_vs_G102D,reference,85,HSD66-PHE67,HSD66-PHE67,HSD273-PHE274,0.02301746382155521
WT_vs_G102D,reference,86,ARG94-HSD93,HSD93-ARG94,HSD300-ARG301,0.022159130554760993
WT_vs_G102D,reference,87,ALA83-PHE86,ALA83-PHE86,ALA290-PHE293,0.021722518156208542
WT_vs_G102D,reference,88,GLN149-GLU150,GLN149-GLU150,GLN356-GLU357,0.020031761705807206
WT_vs_G102D,reference,89,PHE78-TRP75,TRP75-PHE78,TRP282-PHE285,0.019790314272276364
WT_vs_G102D,reference,90,SER135-TYR132,TYR132-SER135,TYR339-SER342,0.01928596068812259
WT_vs_G102D,reference,91,ASN18-LEU17,LEU17-ASN18,LEU224-ASN225,0.019234171596885227
WT_vs_G102D,reference,92,ALA56-MET59,ALA56-MET59,ALA263-MET266,0.01861037708110808
WT_vs_G102D,reference,93,ASP5-SER7,ASP5-SER7,ASP212-SER214,0.018137556960882893
WT_vs_G102D,reference,94,CYS203-GLN200,GLN200-CYS203,GLN407-CYS410,0.017686053641885306
WT_vs_G102D,reference,95,CYS68-PHE67,PHE67-CYS68,PHE274-CYS275,0.017669596741369545
WT_vs_G102D,reference,96,TYR42-VAL45,TYR42-VAL45,TYR249-VAL252,0.01713998585874317
WT_vs_G102D,reference,97,GLU191-LEU190,LEU190-GLU191,LEU397-GLU398,0.016850844124887056
WT_vs_G102D,reference,98,GLU183-GLY181,GLY181-GLU183,GLY388-GLU390,0.016846854999387866
WT_vs_G102D,reference,99,ALA136-HSD139,ALA136-HSD139,ALA343-HSD346,0.0166275235837758
WT_vs_G102D,reference,100,ASP178-GLU175,GLU175-ASP178,GLU382-ASP385,0.01619977539587595
WT_vs_G102D,reference,101,ALA173-LEU170,LEU170-ALA173,LEU377-ALA380,0.016016685440222923
WT_vs_G102D,reference,102,GLU204-SER205,GLU204-SER205,GLU411-SER412,0.015867758479216558
WT_vs_G102D,reference,103,GLY206-SER205,SER205-GLY206,SER412-GLY413,0.015526492916895326
WT_vs_G102D,reference,104,ARG104-PRO105,ARG104-PRO105,ARG311-PRO312,0.015251808035192431
WT_vs_G102D,reference,105,ASN129-TYR132,ASN129-TYR132,ASN336-TYR339,0.015186435157669074
WT_vs_G102D,reference,106,LEU169-LEU170,LEU169-LEU170,LEU376-LEU377,0.014805846521705746
WT_vs_G102D,reference,107,ALA31-ARG28,ARG28-ALA31,ARG235-ALA238,0.014501105714803187
WT_vs_G102D,reference,108,GLU183-PRO184,GLU183-PRO184,GLU390-PRO391,0.01441140002190322
WT_vs_G102D,reference,109,LEU131-TYR132,LEU131-TYR132,LEU338-TYR339,0.014280673102670095
WT_vs_G102D,reference,110,CYS121-PHE125,CYS121-PHE125,CYS328-PHE332,0.014023278850990726
WT_vs_G102D,reference,111,PRO105-THR106,PRO105-THR106,PRO312-THR313,0.014004473713061353
WT_vs_G102D,reference,112,GLU73-SER74,GLU73-SER74,GLU280-SER281,0.01354920515476348
WT_vs_G102D,reference,113,ASN18-GLU15,GLU15-ASN18,GLU222-ASN225,0.013549013085712328
WT_vs_G102D,reference,114,HSD63-HSD64,HSD63-HSD64,HSD270-HSD271,0.01350220366067563
WT_vs_G102D,reference,115,ARG28-THR26,THR26-ARG28,THR233-ARG235,0.01343810114155381
WT_vs_G102D,reference,116,ALA130-ASN129,ASN129-ALA130,ASN336-ALA337,0.013284715416251116
WT_vs_G102D,reference,117,ALA89-LEU90,ALA89-LEU90,ALA296-LEU297,0.012795361939878564
WT_vs_G102D,reference,118,GLN38-GLU37,GLU37-GLN38,GLU244-GLN245,0.012699921137392484
WT_vs_G102D,reference,119,ALA130-PHE125,PHE125-ALA130,PHE332-ALA337,0.012260825858537694
WT_vs_G102D,reference,120,GLU175-LEU176,GLU175-LEU176,GLU382-LEU383,0.012186147722458197
WT_vs_G102D,reference,121,ALA118-CYS121,ALA118-CYS121,ALA325-CYS328,0.012127245624839859
WT_vs_G102D,reference,122,SER7-VAL9,SER7-VAL9,SER214-VAL216,0.01197334415122945
WT_vs_G102D,reference,123,GLU73-GLY72,GLY72-GLU73,GLY279-GLU280,0.011920041589049246
WT_vs_G102D,reference,124,LEU146-VAL145,VAL145-LEU146,VAL352-LEU353,0.01144851974153673
WT_vs_G102D,reference,125,ALA54-ASP53,ASP53-ALA54,ASP260-ALA261,0.010815978375829424
WT_vs_G102D,reference,126,ALA31-VAL36,ALA31-VAL36,ALA238-VAL243,0.010738402519393094
WT_vs_G102D,reference,127,ALA54-ILE57,ALA54-ILE57,ALA261-ILE264,0.010736115456288716
WT_vs_G102D,reference,128,LEU60-MET59,MET59-LEU60,MET266-LEU267,0.010606059130250048
WT_vs_G102D,reference,129,LEU41-TYR42,LEU41-TYR42,LEU248-TYR249,0.010483342167619649
WT_vs_G102D,reference,130,GLY96-LEU90,LEU90-GLY96,LEU297-GLY303,0.01043462192685651
WT_vs_G102D,reference,131,LYS6-VAL9,LYS6-VAL9,LYS213-VAL216,0.010311522743766292
WT_vs_G102D,reference,132,GLU37-VAL36,VAL36-GLU37,VAL243-GLU244,0.009757957093153722
WT_vs_G102D,reference,133,ALA50-ASN47,ASN47-ALA50,ASN254-ALA257,0.009702083894288456
WT_vs_G102D,reference,134,ALA89-PHE86,PHE86-ALA89,PHE293-ALA296,0.009596885105141523
WT_vs_G102D,reference,135,HSD44-VAL45,HSD44-VAL45,HSD251-VAL252,0.00928045882618023
WT_vs_G102D,reference,136,ALA173-ILE174,ALA173-ILE174,ALA380-ILE381,0.008848704198402507
WT_vs_G102D,reference,137,ALA118-ASN115,ASN115-ALA118,ASN322-ALA325,0.00854280352926692
WT_vs_G102D,reference,138,ARG3-LEU4,ARG3-LEU4,ARG210-LEU211,0.008490340793764001
WT_vs_G102D,reference,139,GLU58-LEU55,LEU55-GLU58,LEU262-GLU265,0.00830819216747016
WT_vs_G102D,reference,140,GLU71-LEU70,LEU70-GLU71,LEU277-GLU278,0.008178732540065022
WT_vs_G102D,reference,141,GLU71-GLY72,GLU71-GLY72,GLU278-GLY279,0.008105856038588268
WT_vs_G102D,reference,142,GLN109-THR106,THR106-GLN109,THR313-GLN316,0.008058990801218115
WT_vs_G102D,reference,143,ILE57-LEU60,ILE57-LEU60,ILE264-LEU267,0.00792037992375794
WT_vs_G102D,reference,144,ARG171-GLN172,ARG171-GLN172,ARG378-GLN379,0.007769628209098663
WT_vs_G102D,reference,145,LEU52-LEU55,LEU52-LEU55,LEU259-LEU262,0.007348867283228576
WT_vs_G102D,reference,146,GLN76-LEU79,GLN76-LEU79,GLN283-LEU286,0.007199892085960295
WT_vs_G102D,reference,147,PRO39-TYR42,PRO39-TYR42,PRO246-TYR249,0.007149980604321458
WT_vs_G102D,reference,148,CYS144-LEU146,CYS144-LEU146,CYS351-LEU353,0.00706821661170946
WT_vs_G102D,reference,149,ARG87-LYS84,LYS84-ARG87,LYS291-ARG294,0.0070312714906249985
WT_vs_G102D,reference,150,GLU128-LEU131,GLU128-LEU131,GLU335-LEU338,0.006938969047592508
WT_vs_G102D,reference,151,CYS68-PRO69,CYS68-PRO69,CYS275-PRO276,0.006934583222831202
WT_vs_G102D,reference,152,GLY143-PHE140,PHE140-GLY143,PHE347-GLY350,0.00674580559405622
WT_vs_G102D,reference,153,ALA56-ILE57,ALA56-ILE57,ALA263-ILE264,0.0066878842137148425
WT_vs_G102D,reference,154,ASP164-THR163,THR163-ASP164,THR370-ASP371,0.006601993922382199
WT_vs_G102D,reference,155,HSD93-LEU91,LEU91-HSD93,LEU298-HSD300,0.006507415663489405
WT_vs_G102D,reference,156,GLY206-SER207,GLY206-SER207,GLY413-SER414,0.006366195783830171
WT_vs_G102D,reference,157,ALA185-LEU187,ALA185-LEU187,ALA392-LEU394,0.006105193246082956
WT_vs_G102D,reference,158,GLU147-GLU150,GLU147-GLU150,GLU354-GLU357,0.005854159073461718
WT_vs_G102D,reference,159,CYS195-ILE194,ILE194-CYS195,ILE401-CYS402,0.005624302302009186
WT_vs_G102D,reference,160,ALA133-ALA136,ALA133-ALA136,ALA340-ALA343,0.00558052292283231
WT_vs_G102D,reference,161,ALA83-ARG80,ARG80-ALA83,ARG287-ALA290,0.0055405048176349805
WT_vs_G102D,reference,162,GLN149-HSD151,GLN149-HSD151,GLN356-HSD358,0.005539897215936943
WT_vs_G102D,reference,163,GLN109-THR112,GLN109-THR112,GLN316-THR319,0.005505844305286009
WT_vs_G102D,reference,164,ALA185-PHE188,ALA185-PHE188,ALA392-PHE395,0.00533000978037252
WT_vs_G102D,reference,165,GLU107-THR106,THR106-GLU107,THR313-GLU314,0.005285709830655046
WT_vs_G102D,reference,166,LEU120-PHE125,LEU120-PHE125,LEU327-PHE332,0.005225941867318524
WT_vs_G102D,reference,167,GLY143-THR141,THR141-GLY143,THR348-GLY350,0.005108073596980537
WT_vs_G102D,reference,168,GLY124-PHE125,GLY124-PHE125,GLY331-PHE332,0.004884445262598796
WT_vs_G102D,reference,169,ALA56-ASP53,ASP53-ALA56,ASP260-ALA263,0.004757920925188039
WT_vs_G102D,reference,170,HSD64-LEU60,LEU60-HSD64,LEU267-HSD271,0.0047043965832534425
WT_vs_G102D,reference,171,THR26-THR27,THR26-THR27,THR233-THR234,0.004624255702118286
WT_vs_G102D,reference,172,PHE140-VAL137,VAL137-PHE140,VAL344-PHE347,0.004553818918550857
WT_vs_G102D,reference,173,GLY196-LYS199,GLY196-LYS199,GLY403-LYS406,0.004458963988165614
WT_vs_G102D,reference,174,CYS144-GLU147,CYS144-GLU147,CYS351-GLU354,0.004337347317377513
WT_vs_G102D,reference,175,CYS88-LEU91,CYS88-LEU91,CYS295-LEU298,0.004210676180693545
WT_vs_G102D,reference,176,GLY138-HSD139,GLY138-HSD139,GLY345-HSD346,0.00406502012103081
WT_vs_G102D,reference,177,ARG28-LEU30,ARG28-LEU30,ARG235-LEU237,0.003916010286178858
WT_vs_G102D,reference,178,LEU134-SER135,LEU134-SER135,LEU341-SER342,0.0038975264911751554
WT_vs_G102D,reference,179,HSD93-SER92,SER92-HSD93,SER299-HSD300,0.003880167089961255
WT_vs_G102D,reference,180,GLU23-GLY24,GLU23-GLY24,GLU230-GLY231,0.0036938370548349883
WT_vs_G102D,reference,181,ASN115-GLU114,GLU114-ASN115,GLU321-ASN322,0.003684317944101274
WT_vs_G102D,reference,182,ARG3-SER2,SER2-ARG3,SER209-ARG210,0.0036461255594874243
WT_vs_G102D,reference,183,ILE22-LEU25,ILE22-LEU25,ILE229-LEU232,0.003614823114137998
WT_vs_G102D,reference,184,ALA89-LEU60,LEU60-ALA89,LEU267-ALA296,0.0036135142479251444
WT_vs_G102D,reference,185,GLU107-LYS108,GLU107-LYS108,GLU314-LYS315,0.0035070951330685085
WT_vs_G102D,reference,186,GLU198-LYS199,GLU198-LYS199,GLU405-LYS406,0.0033731666758587114
WT_vs_G102D,reference,187,LEU117-LEU120,LEU117-LEU120,LEU324-LEU327,0.003353592328741844
WT_vs_G102D,reference,188,MET1-SER2,MET1-SER2,MET208-SER209,0.0033053283899362714
WT_vs_G102D,reference,189,GLN32-LEU30,LEU30-GLN32,LEU237-GLN239,0.0032693494099025697
WT_vs_G102D,reference,190,ASP61-GLU58,GLU58-ASP61,GLU265-ASP268,0.0032344909712272493
WT_vs_G102D,reference,191,CYS195-LEU192,LEU192-CYS195,LEU399-CYS402,0.0031873615530119952
WT_vs_G102D,reference,192,LEU169-PRO168,PRO168-LEU169,PRO375-LEU376,0.003154719964196644
WT_vs_G102D,reference,193,ARG87-SER85,SER85-ARG87,SER292-ARG294,0.0031538806058127623
WT_vs_G102D,reference,194,GLY21-ILE22,GLY21-ILE22,GLY228-ILE229,0.0031375098057001356
WT_vs_G102D,reference,195,GLY21-LEU17,LEU17-GLY21,LEU224-GLY228,0.00307398107566641
WT_vs_G102D,reference,196,GLN200-LEU201,GLN200-LEU201,GLN407-LEU408,0.0029538660147010645
WT_vs_G102D,reference,197,GLU128-LEU127,LEU127-GLU128,LEU334-GLU335,0.0029004633061208334
WT_vs_G102D,reference,198,ASP178-HSD179,ASP178-HSD179,ASP385-HSD386,0.0028221287014863084
WT_vs_G102D,reference,199,LYS8-VAL9,LYS8-VAL9,LYS215-VAL216,0.002815731515248207
WT_vs_G102D,reference,200,ASP178-GLN180,ASP178-GLN180,ASP385-GLN387,0.002807820797335482
WT_vs_G102D,reference,201,ASN115-THR112,THR112-ASN115,THR319-ASN322,0.002735413797065751
WT_vs_G102D,reference,202,ARG62-HSD63,ARG62-HSD63,ARG269-HSD270,0.002711473820151405
WT_vs_G102D,reference,203,ASN81-SER85,ASN81-SER85,ASN288-SER292,0.002697684252481701
WT_vs_G102D,reference,204,LEU70-PRO69,PRO69-LEU70,PRO276-LEU277,0.002674987611645567
WT_vs_G102D,reference,205,ARG87-CYS88,ARG87-CYS88,ARG294-CYS295,0.0026365129604537505
WT_vs_G102D,reference,206,GLN200-LYS202,GLN200-LYS202,GLN407-LYS409,0.0025370955484188785
WT_vs_G102D,reference,207,PRO167-PRO168,PRO167-PRO168,PRO374-PRO375,0.0025029267611157216
WT_vs_G102D,reference,208,GLU58-ILE57,ILE57-GLU58,ILE264-GLU265,0.0024784831796555917
WT_vs_G102D,reference,209,ARG80-ASP77,ASP77-ARG80,ASP284-ARG287,0.002454511960322653
WT_vs_G102D,reference,210,GLN116-LEU117,GLN116-LEU117,GLN323-LEU324,0.0023121252240354763
WT_vs_G102D,reference,211,ALA185-GLU183,GLU183-ALA185,GLU390-ALA392,0.002298661669400315
WT_vs_G102D,reference,212,CYS144-GLY143,GLY143-CYS144,GLY350-CYS351,0.002286344294934883
WT_vs_G102D,reference,213,ALA31-LEU34,ALA31-LEU34,ALA238-LEU241,0.00221148626696048
WT_vs_G102D,reference,214,GLU128-SER126,SER126-GLU128,SER333-GLU335,0.002205876637958629
WT_vs_G102D,reference,215,GLN109-TYR110,GLN109-TYR110,GLN316-TYR317,0.002197985140523286
WT_vs_G102D,reference,216,LEU120-PHE119,PHE119-LEU120,PHE326-LEU327,0.0021577259982559945
WT_vs_G102D,reference,217,CYS88-SER85,SER85-CYS88,SER292-CYS295,0.0021085599129445584
WT_vs_G102D,reference,218,GLY35-VAL36,GLY35-VAL36,GLY242-VAL243,0.0020500063414511157
WT_vs_G102D,reference,219,CYS144-THR141,THR141-CYS144,THR348-CYS351,0.001981052320493578
WT_vs_G102D,reference,220,LEU14-SER12,SER12-LEU14,SER219-LEU221,0.0019628817911253663
WT_vs_G102D,reference,221,GLN32-LYS33,GLN32-LYS33,GLN239-LYS240,0.0019201242349402756
WT_vs_G102D,reference,222,LEU51-LEU52,LEU51-LEU52,LEU258-LEU259,0.0018964322384438731
WT_vs_G102D,reference,223,ARG49-LYS48,LYS48-ARG49,LYS255-ARG256,0.0018732569588004926
WT_vs_G102D,reference,224,HSD44-TRP43,TRP43-HSD44,TRP250-HSD251,0.0018653529654324645
WT_vs_G102D,reference,225,CYS121-GLN122,CYS121-GLN122,CYS328-GLN329,0.0018537937460919637
WT_vs_G102D,reference,226,LEU90-LEU91,LEU90-LEU91,LEU297-LEU298,0.0018475217553454645
WT_vs_G102D,reference,227,ASP178-GLY181,ASP178-GLY181,ASP385-GLY388,0.0017842844144621845
WT_vs_G102D,reference,228,GLN180-GLY181,GLN180-GLY181,GLN387-GLY388,0.0017257887569968725
WT_vs_G102D,reference,229,GLU147-VAL145,VAL145-GLU147,VAL352-GLU354,0.0017126957380762958
WT_vs_G102D,reference,230,LEU34-VAL36,LEU34-VAL36,LEU241-VAL243,0.0016035596508151362
WT_vs_G102D,reference,231,GLN123-GLY124,GLN123-GLY124,GLN330-GLY331,0.0015624994520375165
WT_vs_G102D,reference,232,GLN116-LEU113,LEU113-GLN116,LEU320-GLN323,0.001534183317187489
WT_vs_G102D,reference,233,LYS29-THR26,THR26-LYS29,THR233-LYS236,0.0015328949637434938
WT_vs_G102D,reference,234,ASN81-LYS84,ASN81-LYS84,ASN288-LYS291,0.0015011471530374499
WT_vs_G102D,reference,235,GLU23-ILE22,ILE22-GLU23,ILE229-GLU230,0.0014080310961581723
WT_vs_G102D,reference,236,ARG171-PRO168,PRO168-ARG171,PRO375-ARG378,0.0013956815399742831
WT_vs_G102D,reference,237,GLU150-HSD151,GLU150-HSD151,GLU357-HSD358,0.001387235071274231
WT_vs_G102D,reference,238,ARG80-ASN81,ARG80-ASN81,ARG287-ASN288,0.0013850270044372987
WT_vs_G102D,reference,239,GLN180-HSD179,HSD179-GLN180,HSD386-GLN387,0.0013833253489452992
WT_vs_G102D,reference,240,ASP61-HSD64,ASP61-HSD64,ASP268-HSD271,0.0013123683126189398
WT_vs_G102D,reference,241,HSD139-PHE140,HSD139-PHE140,HSD346-PHE347,0.0012818870343203155
WT_vs_G102D,reference,242,ALA136-GLY138,ALA136-GLY138,ALA343-GLY345,0.0012238785174417768
WT_vs_G102D,reference,243,PHE140-THR141,PHE140-THR141,PHE347-THR348,0.0012227995698429457
WT_vs_G102D,reference,244,ALA136-VAL137,ALA136-VAL137,ALA343-VAL344,0.0012155485173160677
WT_vs_G102D,reference,245,GLU111-TYR110,TYR110-GLU111,TYR317-GLU318,0.0011437526757728288
WT_vs_G102D,reference,246,ALA89-ARG87,ARG87-ALA89,ARG294-ALA296,0.0010771893022727009
WT_vs_G102D,reference,247,PRO39-THR40,PRO39-THR40,PRO246-THR247,0.0010437088956074011
WT_vs_G102D,reference,248,PHE125-SER126,PHE125-SER126,PHE332-SER333,0.0010061072998246241
WT_vs_G102D,reference,249,ILE22-LEU17,LEU17-ILE22,LEU224-ILE229,0.0009281982958659952
WT_vs_G102D,reference,250,LEU17-VAL20,LEU17-VAL20,LEU224-VAL227,0.0009219042656977084
WT_vs_G102D,reference,251,GLY196-ILE194,ILE194-GLY196,ILE401-GLY403,0.0009149647779380702
WT_vs_G102D,reference,252,ARG28-THR27,THR27-ARG28,THR234-ARG235,0.0008910886778665569
WT_vs_G102D,reference,253,ASP164-SER165,ASP164-SER165,ASP371-SER372,0.0008141740735548107
WT_vs_G102D,reference,254,CYS144-VAL145,CYS144-VAL145,CYS351-VAL352,0.000797553344725413
WT_vs_G102D,reference,255,ALA118-PHE119,ALA118-PHE119,ALA325-PHE326,0.0007770336242114376
WT_vs_G102D,reference,256,LEU113-THR112,THR112-LEU113,THR319-LEU320,0.0007543661755068478
WT_vs_G102D,reference,257,LEU187-PHE188,LEU187-PHE188,LEU394-PHE395,0.000753062011423011
WT_vs_G102D,reference,258,ASP53-LEU51,LEU51-ASP53,LEU258-ASP260,0.0007510205023115873
WT_vs_G102D,reference,259,GLY35-LEU34,LEU34-GLY35,LEU241-GLY242,0.0007385572385575521
WT_vs_G102D,reference,260,ALA173-GLN172,GLN172-ALA173,GLN379-ALA380,0.0007233096183747426
WT_vs_G102D,reference,261,ASP53-LEU52,LEU52-ASP53,LEU259-ASP260,0.0006918271017241386
WT_vs_G102D,reference,262,TRP43-TYR42,TYR42-TRP43,TYR249-TRP250,0.0006814958281421003
WT_vs_G102D,reference,263,ALA133-TYR132,TYR132-ALA133,TYR339-ALA340,0.00067453189188911
WT_vs_G102D,reference,264,ALA50-ARG49,ARG49-ALA50,ARG256-ALA257,0.0006616131029461372
WT_vs_G102D,reference,265,GLU111-GLU114,GLU111-GLU114,GLU318-GLU321,0.000630134950432413
WT_vs_G102D,reference,266,ALA185-PRO184,PRO184-ALA185,PRO391-ALA392,0.0005975048360730394
WT_vs_G102D,reference,267,ASN11-SER12,ASN11-SER12,ASN218-SER219,0.0005908964403165037
WT_vs_G102D,reference,268,GLY189-PHE188,PHE188-GLY189,PHE395-GLY396,0.0005728097327041086
WT_vs_G102D,reference,269,LEU113-TYR110,TYR110-LEU113,TYR317-LEU320,0.0005432296656756229
WT_vs_G102D,reference,270,ALA31-LEU30,LEU30-ALA31,LEU237-ALA238,0.0005242005147595736
WT_vs_G102D,reference,271,GLN200-LYS199,LYS199-GLN200,LYS406-GLN407,0.0005231611319838152
WT_vs_G102D,reference,272,CYS121-GLY124,CYS121-GLY124,CYS328-GLY331,0.0004923560420292053
WT_vs_G102D,reference,273,GLU15-LEU14,LEU14-GLU15,LEU221-GLU222,0.00045230645860853513
WT_vs_G102D,reference,274,LEU91-SER92,LEU91-SER92,LEU298-SER299,0.0004400837092947597
WT_vs_G102D,reference,275,LEU134-TYR132,TYR132-LEU134,TYR339-LEU341,0.0004256031139645663
WT_vs_G102D,reference,276,GLN32-LEU34,GLN32-LEU34,GLN239-LEU241,0.0004225610236421383
WT_vs_G102D,reference,277,ARG171-PRO167,PRO167-ARG171,PRO374-ARG378,0.0004197841872967182
WT_vs_G102D,reference,278,LEU41-PRO39,PRO39-LEU41,PRO246-LEU248,0.000419713514721324
WT_vs_G102D,reference,279,HSD44-LEU41,LEU41-HSD44,LEU248-HSD251,0.00041404333592278233
WT_vs_G102D,reference,280,ASP5-LYS6,ASP5-LYS6,ASP212-LYS213,0.0004050304332662368
WT_vs_G102D,reference,281,CYS121-LEU120,LEU120-CYS121,LEU327-CYS328,0.0004042809655415723
WT_vs_G102D,reference,282,GLU114-THR112,THR112-GLU114,THR319-GLU321,0.000379306480301515
WT_vs_G102D,reference,283,ARG62-MET59,MET59-ARG62,MET266-ARG269,0.00033186348246218896
WT_vs_G102D,reference,284,LEU127-SER126,SER126-LEU127,SER333-LEU334,0.0003253794375025033
WT_vs_G102D,reference,285,GLU37-THR40,GLU37-THR40,GLU244-THR247,0.0003225050588816265
WT_vs_G102D,reference,286,LEU34-LYS33,LYS33-LEU34,LYS240-LEU241,0.0003219446446256855
WT_vs_G102D,reference,287,GLN122-PHE119,PHE119-GLN122,PHE326-GLN329,0.00031143709411856024
WT_vs_G102D,reference,288,ASP77-SER74,SER74-ASP77,SER281-ASP284,0.00030420661272867943
WT_vs_G102D,reference,289,ASP148-GLN149,ASP148-GLN149,ASP355-GLN356,0.00029666287246358884
WT_vs_G102D,reference,290,LYS6-SER7,LYS6-SER7,LYS213-SER214,0.00029140716609707754
WT_vs_G102D,reference,291,ALA89-LEU91,ALA89-LEU91,ALA296-LEU298,0.0002818292286703972
WT_vs_G102D,reference,292,LEU30-LYS29,LYS29-LEU30,LYS236-LEU237,0.00027367752079817325
WT_vs_G102D,reference,293,LEU16-LEU17,LEU16-LEU17,LEU223-LEU224,0.0002706122087143052
WT_vs_G102D,reference,294,ALA83-ASN82,ASN82-ALA83,ASN289-ALA290,0.00024441398257375426
WT_vs_G102D,reference,295,LYS108-TYR110,LYS108-TYR110,LYS315-TYR317,0.00024417339418458567
WT_vs_G102D,reference,296,GLN76-SER74,SER74-GLN76,SER281-GLN283,0.000243312943324798
WT_vs_G102D,reference,297,ALA54-LEU51,LEU51-ALA54,LEU258-ALA261,0.0002425152194047537
WT_vs_G102D,reference,298,LEU51-LYS48,LYS48-LEU51,LYS255-LEU258,0.00023774757449689188
WT_vs_G102D,reference,299,GLU107-TYR110,GLU107-TYR110,GLU314-TYR317,0.00022645159462219875
WT_vs_G102D,reference,300,ASN82-SER85,ASN82-SER85,ASN289-SER292,0.00022162109951613668
WT_vs_G102D,reference,301,GLU15-LEU16,GLU15-LEU16,GLU222-LEU223,0.00021895877701520288
WT_vs_G102D,reference,302,ALA83-LYS84,ALA83-LYS84,ALA290-LYS291,0.00017619940766998754
WT_vs_G102D,reference,303,GLU191-LEU192,GLU191-LEU192,GLU398-LEU399,0.0001740089331783303
WT_vs_G102D,reference,304,LEU176-PHE177,LEU176-PHE177,LEU383-PHE384,0.00016073093524318873
WT_vs_G102D,reference,305,ASP77-GLN76,GLN76-ASP77,GLN283-ASP284,0.0001545954336342189
WT_vs_G102D,reference,306,GLN116-PHE119,GLN116-PHE119,GLN323-PHE326,0.00014377751108367895
WT_vs_G102D,reference,307,ALA89-CYS88,CYS88-ALA89,CYS295-ALA296,0.00014259715352673847
WT_vs_G102D,reference,308,GLU58-LEU60,GLU58-LEU60,GLU265-LEU267,0.00014146866982631814
WT_vs_G102D,reference,309,ASN47-LYS48,ASN47-LYS48,ASN254-LYS255,0.00013995304891235478
WT_vs_G102D,reference,310,ILE193-ILE194,ILE193-ILE194,ILE400-ILE401,0.00013188837912995105
WT_vs_G102D,reference,311,ALA89-SER92,ALA89-SER92,ALA296-SER299,0.0001288411200963957
WT_vs_G102D,reference,312,ALA130-LEU131,ALA130-LEU131,ALA337-LEU338,0.00012502685938457173
WT_vs_G102D,reference,313,ARG62-HSD64,ARG62-HSD64,ARG269-HSD271,0.00011876609828708804
WT_vs_G102D,reference,314,ASP61-LEU60,LEU60-ASP61,LEU267-ASP268,0.00011731622633556391
WT_vs_G102D,reference,315,ALA50-LEU51,ALA50-LEU51,ALA257-LEU258,0.0001168328167288139
WT_vs_G102D,reference,316,THR112-TYR110,TYR110-THR112,TYR317-THR319,0.00011625706068636846
WT_vs_G102D,reference,317,ILE57-LEU55,LEU55-ILE57,LEU262-ILE264,0.00010313611379581734
WT_vs_G102D,reference,318,ARG62-ASP61,ASP61-ARG62,ASP268-ARG269,0.0001025950479775368
WT_vs_G102D,reference,319,CYS203-LYS202,LYS202-CYS203,LYS409-CYS410,9.727583956013892e-05
WT_vs_G102D,reference,320,ARG80-LEU79,LEU79-ARG80,LEU286-ARG287,9.606650110689709e-05
WT_vs_G102D,reference,321,GLY138-VAL137,VAL137-GLY138,VAL344-GLY345,9.495380230176983e-05
WT_vs_G102D,reference,322,LEU187-PRO184,PRO184-LEU187,PRO391-LEU394,9.374747677429453e-05
WT_vs_G102D,reference,323,ASN11-ILE10,ILE10-ASN11,ILE217-ASN218,9.104982479888685e-05
WT_vs_G102D,reference,324,GLN109-LYS108,LYS108-GLN109,LYS315-GLN316,8.931721855626927e-05
WT_vs_G102D,reference,325,LEU187-PHE186,PHE186-LEU187,PHE393-LEU394,8.42867838349499e-05
WT_vs_G102D,reference,326,PHE86-SER85,SER85-PHE86,SER292-PHE293,8.16416973685418e-05
WT_vs_G102D,reference,327,ARG49-LEU51,ARG49-LEU51,ARG256-LEU258,8.008828410217516e-05
WT_vs_G102D,reference,328,LEU142-PHE140,PHE140-LEU142,PHE347-LEU349,7.971811297615474e-05
WT_vs_G102D,reference,329,CYS203-LEU201,LEU201-CYS203,LEU408-CYS410,7.636774841667994e-05
WT_vs_G102D,reference,330,LEU142-THR141,THR141-LEU142,THR348-LEU349,7.47763913160491e-05
WT_vs_G102D,reference,331,ASP178-PHE177,PHE177-ASP178,PHE384-ASP385,6.91197663508304e-05
WT_vs_G102D,reference,332,ALA182-GLU183,ALA182-GLU183,ALA389-GLU390,6.821840167698053e-05
WT_vs_G102D,reference,333,LYS8-SER7,SER7-LYS8,SER214-LYS215,6.372807110681703e-05
WT_vs_G102D,reference,334,HSD179-LEU176,LEU176-HSD179,LEU383-HSD386,5.416205747705754e-05
WT_vs_G102D,reference,335,ALA118-LEU117,LEU117-ALA118,LEU324-ALA325,5.162124613682868e-05
WT_vs_G102D,reference,336,GLN76-TRP75,TRP75-GLN76,TRP282-GLN283,5.022708097298235e-05
WT_vs_G102D,reference,337,HSD63-LEU60,LEU60-HSD63,LEU267-HSD270,4.8009830941670825e-05
WT_vs_G102D,reference,338,GLU114-LEU113,LEU113-GLU114,LEU320-GLU321,4.322286918940307e-05
WT_vs_G102D,reference,339,ASN11-LYS8,LYS8-ASN11,LYS215-ASN218,4.0753125598642605e-05
WT_vs_G102D,reference,340,GLN32-LYS29,LYS29-GLN32,LYS236-GLN239,3.7793461761816266e-05
WT_vs_G102D,reference,341,ASN81-PHE78,PHE78-ASN81,PHE285-ASN288,3.717396192226141e-05
WT_vs_G102D,reference,342,ALA133-LEU134,ALA133-LEU134,ALA340-LEU341,3.6694258761159884e-05
WT_vs_G102D,reference,343,LEU16-VAL20,LEU16-VAL20,LEU223-VAL227,3.55759804881564e-05
WT_vs_G102D,reference,344,GLN123-LEU120,LEU120-GLN123,LEU327-GLN330,3.500115879197472e-05
WT_vs_G102D,reference,345,GLU114-LEU117,GLU114-LEU117,GLU321-LEU324,3.310733510938747e-05
WT_vs_G102D,reference,346,GLN76-PHE78,GLN76-PHE78,GLN283-PHE285,3.22252923716737e-05
WT_vs_G102D,reference,347,ALA54-LEU55,ALA54-LEU55,ALA261-LEU262,3.2014304270658984e-05
WT_vs_G102D,reference,348,GLU191-PHE188,PHE188-GLU191,PHE395-GLU398,3.0372678429406037e-05
WT_vs_G102D,reference,349,GLU15-SER12,SER12-GLU15,SER219-GLU222,2.746629901070793e-05
WT_vs_G102D,reference,350,ASN129-GLU128,GLU128-ASN129,GLU335-ASN336,2.7122699500170578e-05
WT_vs_G102D,reference,351,ASN81-ASN82,ASN81-ASN82,ASN288-ASN289,2.56849404779282e-05
WT_vs_G102D,reference,352,ALA31-GLN32,ALA31-GLN32,ALA238-GLN239,2.547511463823901e-05
WT_vs_G102D,reference,353,CYS121-PHE119,PHE119-CYS121,PHE326-CYS328,2.5260229681926705e-05
WT_vs_G102D,reference,354,PHE186-PHE188,PHE186-PHE188,PHE393-PHE395,2.1485337945374615e-05
WT_vs_G102D,reference,355,LEU41-THR40,THR40-LEU41,THR247-LEU248,2.1154910886636427e-05
WT_vs_G102D,reference,356,LYS84-SER85,LYS84-SER85,LYS291-SER292,2.0195087447760417e-05
WT_vs_G102D,reference,357,HSD44-TYR42,TYR42-HSD44,TYR249-HSD251,1.988885330588396e-05
WT_vs_G102D,reference,358,ASP77-PHE78,ASP77-PHE78,ASP284-PHE285,1.9249745130952923e-05
WT_vs_G102D,reference,359,LEU117-PHE119,LEU117-PHE119,LEU324-PHE326,1.9171487680108776e-05
WT_vs_G102D,reference,360,ALA130-GLU128,GLU128-ALA130,GLU335-ALA337,1.823782868408171e-05
WT_vs_G102D,reference,361,ALA83-SER85,ALA83-SER85,ALA290-SER292,1.5006947854406187e-05
WT_vs_G102D,reference,362,THR40-TRP43,THR40-TRP43,THR247-TRP250,1.4610318042516474e-05
WT_vs_G102D,reference,363,LEU197-LYS199,LEU197-LYS199,LEU404-LYS406,1.4410479414800365e-05
WT_vs_G102D,reference,364,ARG28-LYS29,ARG28-LYS29,ARG235-LYS236,1.3809840727489762e-05
WT_vs_G102D,reference,365,ASN115-GLN116,ASN115-GLN116,ASN322-GLN323,1.3252493779927888e-05
WT_vs_G102D,reference,366,ALA13-SER12,SER12-ALA13,SER219-ALA220,1.3236170173276251e-05
WT_vs_G102D,reference,367,GLU58-MET59,GLU58-MET59,GLU265-MET266,1.1252764632949959e-05
WT_vs_G102D,reference,368,ARG80-ASN82,ARG80-ASN82,ARG287-ASN289,1.1139640350295825e-05
WT_vs_G102D,reference,369,LEU201-LYS202,LEU201-LYS202,LEU408-LYS409,1.063980710127367e-05
WT_vs_G102D,reference,370,GLN122-GLY124,GLN122-GLY124,GLN329-GLY331,8.912732439982395e-06
WT_vs_G102D,reference,371,GLU111-THR112,GLU111-THR112,GLU318-THR319,8.892173889466393e-06
WT_vs_G102D,reference,372,GLN122-GLN123,GLN122-GLN123,GLN329-GLN330,8.578122438735486e-06
WT_vs_G102D,reference,373,ASN129-LEU131,ASN129-LEU131,ASN336-LEU338,5.87330152044063e-06
WT_vs_G102D,reference,374,ASP5-LYS8,ASP5-LYS8,ASP212-LYS215,0.0
WT_vs_G102D,reference,375,LYS6-LYS8,LYS6-LYS8,LYS213-LYS215,0.0
WT_vs_G102D,reference,376,ILE10-SER7,SER7-ILE10,SER214-ILE217,0.0
WT_vs_G102D,reference,377,ILE10-LYS8,LYS8-ILE10,LYS215-ILE217,0.0
WT_vs_G102D,reference,378,ASN11-VAL9,VAL9-ASN11,VAL216-ASN218,0.0
WT_vs_G102D,reference,379,SER12-VAL9,VAL9-SER12,VAL216-SER219,0.0
WT_vs_G102D,reference,380,ILE10-SER12,ILE10-SER12,ILE217-SER219,0.0
WT_vs_G102D,reference,381,ALA13-ASN11,ASN11-ALA13,ASN218-ALA220,0.0
WT_vs_G102D,reference,382,ASN11-LEU14,ASN11-LEU14,ASN218-LEU221,0.0
WT_vs_G102D,reference,383,ALA13-GLU15,ALA13-GLU15,ALA220-GLU222,0.0
WT_vs_G102D,reference,384,ALA13-LEU16,ALA13-LEU16,ALA220-LEU223,0.0
WT_vs_G102D,reference,385,GLU15-LEU17,GLU15-LEU17,GLU222-LEU224,0.0
WT_vs_G102D,reference,386,GLU19-LEU16,LEU16-GLU19,LEU223-GLU226,0.0
WT_vs_G102D,reference,387,GLU19-LEU17,LEU17-GLU19,LEU224-GLU226,0.0
WT_vs_G102D,reference,388,ASN18-GLY21,ASN18-GLY21,ASN225-GLY228,0.0
WT_vs_G102D,reference,389,GLY24-VAL20,VAL20-GLY24,VAL227-GLY231,0.0
WT_vs_G102D,reference,390,GLU23-GLY21,GLY21-GLU23,GLY228-GLU230,0.0
WT_vs_G102D,reference,391,GLY24-ILE22,ILE22-GLY24,ILE229-GLY231,0.0
WT_vs_G102D,reference,392,GLU23-LEU25,GLU23-LEU25,GLU230-LEU232,0.0
WT_vs_G102D,reference,393,LYS29-THR27,THR27-LYS29,THR234-LYS236,0.0
WT_vs_G102D,reference,394,LEU30-THR27,THR27-LEU30,THR234-LEU237,0.0
WT_vs_G102D,reference,395,ALA31-LYS29,LYS29-ALA31,LYS236-ALA238,0.0
WT_vs_G102D,reference,396,LEU30-LYS33,LEU30-LYS33,LEU237-LYS240,0.0
WT_vs_G102D,reference,397,ALA31-LYS33,ALA31-LYS33,ALA238-LYS240,0.0
WT_vs_G102D,reference,398,ALA31-GLY35,ALA31-GLY35,ALA238-GLY242,0.0
WT_vs_G102D,reference,399,GLN32-GLY35,GLN32-GLY35,GLN239-GLY242,0.0
WT_vs_G102D,reference,400,GLY35-LYS33,LYS33-GLY35,LYS240-GLY242,0.0
WT_vs_G102D,reference,401,GLU37-PRO39,GLU37-PRO39,GLU244-PRO246,0.0
WT_vs_G102D,reference,402,GLN38-PRO39,GLN38-PRO39,GLN245-PRO246,0.0
WT_vs_G102D,reference,403,GLN38-THR40,GLN38-THR40,GLN245-THR247,0.0
WT_vs_G102D,reference,404,THR40-TYR42,THR40-TYR42,THR247-TYR249,0.0
WT_vs_G102D,reference,405,LEU41-TRP43,LEU41-TRP43,LEU248-TRP250,0.0
WT_vs_G102D,reference,406,LYS46-TYR42,TYR42-LYS46,TYR249-LYS253,0.0
WT_vs_G102D,reference,407,TRP43-VAL45,TRP43-VAL45,TRP250-VAL252,0.0
WT_vs_G102D,reference,408,ASN47-VAL45,VAL45-ASN47,VAL252-ASN254,0.0
WT_vs_G102D,reference,409,ALA50-LYS48,LYS48-ALA50,LYS255-ALA257,0.0
WT_vs_G102D,reference,410,ALA50-LEU52,ALA50-LEU52,ALA257-LEU259,0.0
WT_vs_G102D,reference,411,ALA54-LEU52,LEU52-ALA54,LEU259-ALA261,0.0
WT_vs_G102D,reference,412,ASP53-LEU55,ASP53-LEU55,ASP260-LEU262,0.0
WT_vs_G102D,reference,413,ALA54-ALA56,ALA54-ALA56,ALA261-ALA263,0.0
WT_vs_G102D,reference,414,ALA56-GLU58,ALA56-GLU58,ALA263-GLU265,0.0
WT_vs_G102D,reference,415,ILE57-MET59,ILE57-MET59,ILE264-MET266,0.0
WT_vs_G102D,reference,416,ASP61-MET59,MET59-ASP61,MET266-ASP268,0.0
WT_vs_G102D,reference,417,ARG62-LEU60,LEU60-ARG62,LEU267-ARG269,0.0
WT_vs_G102D,reference,418,ASP61-HSD63,ASP61-HSD63,ASP268-HSD270,0.0
WT_vs_G102D,reference,419,ASP77-TRP75,TRP75-ASP77,TRP282-ASP284,0.0
WT_vs_G102D,reference,420,ASP77-LEU79,ASP77-LEU79,ASP284-LEU286,0.0
WT_vs_G102D,reference,421,ARG80-PHE78,PHE78-ARG80,PHE285-ARG287,0.0
WT_vs_G102D,reference,422,ASN81-LEU79,LEU79-ASN81,LEU286-ASN288,0.0
WT_vs_G102D,reference,423,ALA83-ASN81,ASN81-ALA83,ASN288-ALA290,0.0
WT_vs_G102D,reference,424,ASN82-LYS84,ASN82-LYS84,ASN289-LYS291,0.0
WT_vs_G102D,reference,425,LYS84-PHE86,LYS84-PHE86,LYS291-PHE293,0.0
WT_vs_G102D,reference,426,CYS88-PHE86,PHE86-CYS88,PHE293-CYS295,0.0
WT_vs_G102D,reference,427,CYS88-LEU90,CYS88-LEU90,CYS295-LEU297,0.0
WT_vs_G102D,reference,428,LEU90-SER92,LEU90-SER92,LEU297-SER299,0.0
WT_vs_G102D,reference,429,GLY96-HSD93,HSD93-GLY96,HSD300-GLY303,0.0
WT_vs_G102D,reference,430,ARG94-GLY96,ARG94-GLY96,ARG301-GLY303,0.0
WT_vs_G102D,reference,431,ALA97-ASP95,ASP95-ALA97,ASP302-ALA304,0.0
WT_vs_G102D,reference,432,ASP95-LYS98,ASP95-LYS98,ASP302-LYS305,0.0
WT_vs_G102D,reference,433,GLY96-LYS98,GLY96-LYS98,GLY303-LYS305,0.0
WT_vs_G102D,reference,434,GLY96-VAL99,GLY96-VAL99,GLY303-VAL306,0.0
WT_vs_G102D,reference,435,ALA97-VAL99,ALA97-VAL99,ALA304-VAL306,0.0
WT_vs_G102D,reference,436,ALA97-HSD100,ALA97-HSD100,ALA304-HSD307,0.0
WT_vs_G102D,reference,437,HSD100-LYS98,LYS98-HSD100,LYS305-HSD307,0.0
WT_vs_G102D,reference,438,LEU101-LYS98,LYS98-LEU101,LYS305-LEU308,0.0
WT_vs_G102D,reference,439,LEU101-VAL99,VAL99-LEU101,VAL306-LEU308,0.0
WT_vs_G102D,reference,440,HSD100-THR103,HSD100-THR103,HSD307-THR310,0.0
WT_vs_G102D,reference,441,LEU101-THR103,LEU101-THR103,LEU308-THR310,0.0
WT_vs_G102D,reference,442,LYS108-THR106,THR106-LYS108,THR313-LYS315,0.0
WT_vs_G102D,reference,443,GLN109-GLU107,GLU107-GLN109,GLU314-GLN316,0.0
WT_vs_G102D,reference,444,GLN109-GLU111,GLN109-GLU111,GLN316-GLU318,0.0
WT_vs_G102D,reference,445,GLU111-LEU113,GLU111-LEU113,GLU318-LEU320,0.0
WT_vs_G102D,reference,446,ASN115-LEU113,LEU113-ASN115,LEU320-ASN322,0.0
WT_vs_G102D,reference,447,GLN116-GLU114,GLU114-GLN116,GLU321-GLN323,0.0
WT_vs_G102D,reference,448,ASN115-LEU117,ASN115-LEU117,ASN322-LEU324,0.0
WT_vs_G102D,reference,449,ALA118-GLN116,GLN116-ALA118,GLN323-ALA325,0.0
WT_vs_G102D,reference,450,ALA118-LEU120,ALA118-LEU120,ALA325-LEU327,0.0
WT_vs_G102D,reference,451,GLN122-LEU120,LEU120-GLN122,LEU327-GLN329,0.0
WT_vs_G102D,reference,452,ALA130-LEU120,LEU120-ALA130,LEU327-ALA337,0.0
WT_vs_G102D,reference,453,CYS121-GLN123,CYS121-GLN123,CYS328-GLN330,0.0
WT_vs_G102D,reference,454,ASN129-SER126,SER126-ASN129,SER333-ASN336,0.0
WT_vs_G102D,reference,455,ASN129-LEU127,LEU127-ASN129,LEU334-ASN336,0.0
WT_vs_G102D,reference,456,ALA130-LEU127,LEU127-ALA130,LEU334-ALA337,0.0
WT_vs_G102D,reference,457,ALA133-ASN129,ASN129-ALA133,ASN336-ALA340,0.0
WT_vs_G102D,reference,458,ALA130-TYR132,ALA130-TYR132,ALA337-TYR339,0.0
WT_vs_G102D,reference,459,ALA130-ALA133,ALA130-ALA133,ALA337-ALA340,0.0
WT_vs_G102D,reference,460,ALA133-LEU131,LEU131-ALA133,LEU338-ALA340,0.0
WT_vs_G102D,reference,461,LEU131-LEU134,LEU131-LEU134,LEU338-LEU341,0.0
WT_vs_G102D,reference,462,ALA136-TYR132,TYR132-ALA136,TYR339-ALA343,0.0
WT_vs_G102D,reference,463,ALA133-SER135,ALA133-SER135,ALA340-SER342,0.0
WT_vs_G102D,reference,464,ALA136-LEU134,LEU134-ALA136,LEU341-ALA343,0.0
WT_vs_G102D,reference,465,LEU134-VAL137,LEU134-VAL137,LEU341-VAL344,0.0
WT_vs_G102D,reference,466,SER135-VAL137,SER135-VAL137,SER342-VAL344,0.0
WT_vs_G102D,reference,467,GLY138-SER135,SER135-GLY138,SER342-GLY345,0.0
WT_vs_G102D,reference,468,HSD139-SER135,SER135-HSD139,SER342-HSD346,0.0
WT_vs_G102D,reference,469,HSD139-VAL137,VAL137-HSD139,VAL344-HSD346,0.0
WT_vs_G102D,reference,470,GLY138-PHE140,GLY138-PHE140,GLY345-PHE347,0.0
WT_vs_G102D,reference,471,GLY138-THR141,GLY138-THR141,GLY345-THR348,0.0
WT_vs_G102D,reference,472,HSD139-THR141,HSD139-THR141,HSD346-THR348,0.0
WT_vs_G102D,reference,473,CYS144-LEU142,LEU142-CYS144,LEU349-CYS351,0.0
WT_vs_G102D,reference,474,LEU142-VAL145,LEU142-VAL145,LEU349-VAL352,0.0
WT_vs_G102D,reference,475,GLY143-VAL145,GLY143-VAL145,GLY350-VAL352,0.0
WT_vs_G102D,reference,476,ASP148-VAL145,VAL145-ASP148,VAL352-ASP355,0.0
WT_vs_G102D,reference,477,ASP148-LEU146,LEU146-ASP148,LEU353-ASP355,0.0
WT_vs_G102D,reference,478,GLN149-LEU146,LEU146-GLN149,LEU353-GLN356,0.0
WT_vs_G102D,reference,479,GLN149-GLU147,GLU147-GLN149,GLU354-GLN356,0.0
WT_vs_G102D,reference,480,ASP148-GLU150,ASP148-GLU150,ASP355-GLU357,0.0
WT_vs_G102D,reference,481,GLN149-GLN152,GLN149-GLN152,GLN356-GLN359,0.0
WT_vs_G102D,reference,482,GLN152-GLU150,GLU150-GLN152,GLU357-GLN359,0.0
WT_vs_G102D,reference,483,HSD151-VAL153,HSD151-VAL153,HSD358-VAL360,0.0
WT_vs_G102D,reference,484,ALA154-GLN152,GLN152-ALA154,GLN359-ALA361,0.0
WT_vs_G102D,reference,485,ALA154-GLU156,ALA154-GLU156,ALA361-GLU363,0.0
WT_vs_G102D,reference,486,ASP164-THR162,THR162-ASP164,THR369-ASP371,0.0
WT_vs_G102D,reference,487,ASP164-MET166,ASP164-MET166,ASP371-MET373,0.0
WT_vs_G102D,reference,488,LEU169-PRO167,PRO167-LEU169,PRO374-LEU376,0.0
WT_vs_G102D,reference,489,LEU170-PRO168,PRO168-LEU170,PRO375-LEU377,0.0
WT_vs_G102D,reference,490,ARG171-LEU169,LEU169-ARG171,LEU376-ARG378,0.0
WT_vs_G102D,reference,491,GLN172-LEU169,LEU169-GLN172,LEU376-GLN379,0.0
WT_vs_G102D,reference,492,ARG171-LEU170,LEU170-ARG171,LEU377-ARG378,0.0
WT_vs_G102D,reference,493,GLN172-LEU170,LEU170-GLN172,LEU377-GLN379,0.0
WT_vs_G102D,reference,494,ALA173-ARG171,ARG171-ALA173,ARG378-ALA380,0.0
WT_vs_G102D,reference,495,GLN172-ILE174,GLN172-ILE174,GLN379-ILE381,0.0
WT_vs_G102D,reference,496,ALA173-GLU175,ALA173-GLU175,ALA380-GLU382,0.0
WT_vs_G102D,reference,497,ALA173-LEU176,ALA173-LEU176,ALA380-LEU383,0.0
WT_vs_G102D,reference,498,GLU175-ILE174,ILE174-GLU175,ILE381-GLU382,0.0
WT_vs_G102D,reference,499,ILE174-LEU176,ILE174-LEU176,ILE381-LEU383,0.0
WT_vs_G102D,reference,500,GLU175-PHE177,GLU175-PHE177,GLU382-PHE384,0.0
WT_vs_G102D,reference,501,ASP178-LEU176,LEU176-ASP178,LEU383-ASP385,0.0
WT_vs_G102D,reference,502,HSD179-PHE177,PHE177-HSD179,PHE384-HSD386,0.0
WT_vs_G102D,reference,503,GLN180-PHE177,PHE177-GLN180,PHE384-GLN387,0.0
WT_vs_G102D,reference,504,GLY181-HSD179,HSD179-GLY181,HSD386-GLY388,0.0
WT_vs_G102D,reference,505,ALA182-PRO184,ALA182-PRO184,ALA389-PRO391,0.0
WT_vs_G102D,reference,506,GLU183-PHE186,GLU183-PHE186,GLU390-PHE393,0.0
WT_vs_G102D,reference,507,PHE186-PRO184,PRO184-PHE186,PRO391-PHE393,0.0
WT_vs_G102D,reference,508,PHE188-PRO184,PRO184-PHE188,PRO391-PHE395,0.0
WT_vs_G102D,reference,509,GLY189-LEU187,LEU187-GLY189,LEU394-GLY396,0.0
WT_vs_G102D,reference,510,LEU187-LEU190,LEU187-LEU190,LEU394-LEU397,0.0
WT_vs_G102D,reference,511,LEU190-PHE188,PHE188-LEU190,PHE395-LEU397,0.0
WT_vs_G102D,reference,512,GLU191-GLY189,GLY189-GLU191,GLY396-GLU398,0.0
WT_vs_G102D,reference,513,GLY189-LEU192,GLY189-LEU192,GLY396-LEU399,0.0
WT_vs_G102D,reference,514,ILE193-LEU190,LEU190-ILE193,LEU397-ILE400,0.0
WT_vs_G102D,reference,515,GLU191-ILE193,GLU191-ILE193,GLU398-ILE400,0.0
WT_vs_G102D,reference,516,GLU191-ILE194,GLU191-ILE194,GLU398-ILE401,0.0
WT_vs_G102D,reference,517,CYS195-GLU191,GLU191-CYS195,GLU398-CYS402,0.0
WT_vs_G102D,reference,518,ILE194-LEU192,LEU192-ILE194,LEU399-ILE401,0.0
WT_vs_G102D,reference,519,CYS195-ILE193,ILE193-CYS195,ILE400-CYS402,0.0
WT_vs_G102D,reference,520,ILE194-LEU197,ILE194-LEU197,ILE401-LEU404,0.0
WT_vs_G102D,reference,521,CYS195-GLY196,CYS195-GLY196,CYS402-GLY403,0.0
WT_vs_G102D,reference,522,CYS195-LEU197,CYS195-LEU197,CYS402-LEU404,0.0
WT_vs_G102D,reference,523,CYS195-GLU198,CYS195-GLU198,CYS402-GLU405,0.0
WT_vs_G102D,reference,524,GLU198-GLY196,GLY196-GLU198,GLY403-GLU405,0.0
WT_vs_G102D,reference,525,GLU198-LEU197,LEU197-GLU198,LEU404-GLU405,0.0
WT_vs_G102D,reference,526,GLN200-GLU198,GLU198-GLN200,GLU405-GLN407,0.0
WT_vs_G102D,reference,527,GLU198-LEU201,GLU198-LEU201,GLU405-LEU408,0.0
WT_vs_G102D,reference,528,LEU201-LYS199,LYS199-LEU201,LYS406-LEU408,0.0
WT_vs_G102D,reference,529,LYS199-LYS202,LYS199-LYS202,LYS406-LYS409,0.0
WT_vs_G102D,reference,530,GLU204-LEU201,LEU201-GLU204,LEU408-GLU411,0.0
WT_vs_G102D,reference,531,GLU204-LYS202,LYS202-GLU204,LYS409-GLU411,0.0
WT_vs_G102D,reference,532,CYS203-SER205,CYS203-SER205,CYS410-SER412,0.0
WT_vs_G102D,target,1,LEU117-LEU120,LEU117-LEU120,LEU324-LEU327,0.7815573567104538
WT_vs_G102D,target,2,ASP102-LEU101,LEU101-ASP102,LEU308-ASP309,0.7664077644740577
WT_vs_G102D,target,3,GLN109-THR106,THR106-GLN109,THR313-GLN316,0.7383369952442433
WT_vs_G102D,target,4,LEU113-TYR110,TYR110-LEU113,TYR317-LEU320,0.7149603259995387
WT_vs_G102D,target,5,GLN109-TYR110,GLN109-TYR110,GLN316-TYR317,0.7027779943643369
WT_vs_G102D,target,6,GLN116-LEU113,LEU113-GLN116,LEU320-GLN323,0.6950669862698586
WT_vs_G102D,target,7,GLN116-LEU117,GLN116-LEU117,GLN323-LEU324,0.6912888392942267
WT_vs_G102D,target,8,ARG104-THR103,THR103-ARG104,THR310-ARG311,0.6639633512444614
WT_vs_G102D,target,9,ASN129-TYR132,ASN129-TYR132,ASN336-TYR339,0.6622232957731693
WT_vs_G102D,target,10,ASP102-THR103,ASP102-THR103,ASP309-THR310,0.6217758549277708
WT_vs_G102D,target,11,ALA130-ASN129,ASN129-ALA130,ASN336-ALA337,0.6030526120033993
WT_vs_G102D,target,12,LEU120-PHE125,LEU120-PHE125,LEU327-PHE332,0.5615717260764481
WT_vs_G102D,target,13,ALA97-LYS98,ALA97-LYS98,ALA304-LYS305,0.5183974957620887
WT_vs_G102D,target,14,PRO105-THR106,PRO105-THR106,PRO312-THR313,0.4811379518741916
WT_vs_G102D,target,15,GLY143-PHE140,PHE140-GLY143,PHE347-GLY350,0.46333868803922945
WT_vs_G102D,target,16,HSD139-PHE140,HSD139-PHE140,HSD346-PHE347,0.45915773416733807
WT_vs_G102D,target,17,LYS98-VAL99,LYS98-VAL99,LYS305-VAL306,0.4059530741785393
WT_vs_G102D,target,18,ALA130-PHE125,PHE125-ALA130,PHE332-ALA337,0.360078528777477
WT_vs_G102D,target,19,ALA136-SER135,SER135-ALA136,SER342-ALA343,0.3269142595827024
WT_vs_G102D,target,20,ARG104-PRO105,ARG104-PRO105,ARG311-PRO312,0.31194156577531384
WT_vs_G102D,target,21,ALA136-HSD139,ALA136-HSD139,ALA343-HSD346,0.2840734219976565
WT_vs_G102D,target,22,HSD100-LEU101,HSD100-LEU101,HSD307-LEU308,0.2510408608625898
WT_vs_G102D,target,23,SER135-TYR132,TYR132-SER135,TYR339-SER342,0.24939772796319196
WT_vs_G102D,target,24,GLU147-LEU146,LEU146-GLU147,LEU353-GLU354,0.23050439395207112
WT_vs_G102D,target,25,ASP95-GLY21,GLY21-ASP95,GLY228-ASP302,0.20560830542748032
WT_vs_G102D,target,26,ALA154-HSD151,HSD151-ALA154,HSD358-ALA361,0.19294166721330427
WT_vs_G102D,target,27,ARG158-GLU157,GLU157-ARG158,GLU364-ARG365,0.19188496566813684
WT_vs_G102D,target,28,PRO161-THR160,THR160-PRO161,THR367-PRO368,0.1856517644518974
WT_vs_G102D,target,29,ALA154-GLU157,ALA154-GLU157,ALA361-GLU364,0.18533112171030067
WT_vs_G102D,target,30,GLY189-LEU192,GLY189-LEU192,GLY396-LEU399,0.1761144446909389
WT_vs_G102D,target,31,ALA97-GLY96,GLY96-ALA97,GLY303-ALA304,0.17206981731562493
WT_vs_G102D,target,32,ARG158-THR160,ARG158-THR160,ARG365-THR367,0.1660412597775589
WT_vs_G102D,target,33,PRO161-THR162,PRO161-THR162,PRO368-THR369,0.15580090269718416
WT_vs_G102D,target,34,HSD100-VAL99,VAL99-HSD100,VAL306-HSD307,0.15026521933491266
WT_vs_G102D,target,35,ASP148-GLU147,GLU147-ASP148,GLU354-ASP355,0.14413622609209453
WT_vs_G102D,target,36,ASP148-HSD151,ASP148-HSD151,ASP355-HSD358,0.1347307064299949
WT_vs_G102D,target,37,ASP53-THR103,ASP53-THR103,ASP260-THR310,0.1279178884032274
WT_vs_G102D,target,38,THR162-THR163,THR162-THR163,THR369-THR370,0.11970508383624989
WT_vs_G102D,target,39,MET166-SER165,SER165-MET166,SER372-MET373,0.11602034130016306
WT_vs_G102D,target,40,ALA83-PHE86,ALA83-PHE86,ALA290-PHE293,0.10414590270681272
WT_vs_G102D,target,41,GLY143-LEU146,GLY143-LEU146,GLY350-LEU353,0.09839445970316951
WT_vs_G102D,target,42,ALA83-ASN82,ASN82-ALA83,ASN289-ALA290,0.09788634865466501
WT_vs_G102D,target,43,ALA97-LEU90,LEU90-ALA97,LEU297-ALA304,0.09752511714256433
WT_vs_G102D,target,44,ASP164-SER165,ASP164-SER165,ASP371-SER372,0.09541178882528034
WT_vs_G102D,target,45,ILE193-LEU192,LEU192-ILE193,LEU399-ILE400,0.09377390213758624
WT_vs_G102D,target,46,ASP95-GLY96,ASP95-GLY96,ASP302-GLY303,0.0931433806058454
WT_vs_G102D,target,47,ALA182-ALA185,ALA182-ALA185,ALA389-ALA392,0.08599304026274301
WT_vs_G102D,target,48,ALA89-LEU90,ALA89-LEU90,ALA296-LEU297,0.07132251163362775
WT_vs_G102D,target,49,ARG87-LEU90,ARG87-LEU90,ARG294-LEU297,0.06268684374141037
WT_vs_G102D,target,50,GLY21-LEU17,LEU17-GLY21,LEU224-GLY228,0.060745678036996716
WT_vs_G102D,target,51,ASP164-THR163,THR163-ASP164,THR370-ASP371,0.059138024422340695
WT_vs_G102D,target,52,ALA54-ILE57,ALA54-ILE57,ALA261-ILE264,0.057341646762615175
WT_vs_G102D,target,53,GLY181-PHE177,PHE177-GLY181,PHE384-GLY388,0.0562059645975488
WT_vs_G102D,target,54,ASN47-LYS46,LYS46-ASN47,LYS253-ASN254,0.05490345158046581
WT_vs_G102D,target,55,ALA54-ASP53,ASP53-ALA54,ASP260-ALA261,0.05383028778163283
WT_vs_G102D,target,56,ARG171-MET166,MET166-ARG171,MET373-ARG378,0.05032438088959181
WT_vs_G102D,target,57,ALA50-ASP53,ALA50-ASP53,ALA257-ASP260,0.04951230028512152
WT_vs_G102D,target,58,ALA185-PHE186,ALA185-PHE186,ALA392-PHE393,0.04880983499244362
WT_vs_G102D,target,59,ILE174-PHE177,ILE174-PHE177,ILE381-PHE384,0.04694163610527141
WT_vs_G102D,target,60,ALA182-GLY181,GLY181-ALA182,GLY388-ALA389,0.04254269567705908
WT_vs_G102D,target,61,GLU204-SER205,GLU204-SER205,GLU411-SER412,0.03990501534460146
WT_vs_G102D,target,62,ASP61-GLU58,GLU58-ASP61,GLU265-ASP268,0.03775824267889229
WT_vs_G102D,target,63,LEU14-LEU17,LEU14-LEU17,LEU221-LEU224,0.03728751700648744
WT_vs_G102D,target,64,ARG87-LYS84,LYS84-ARG87,LYS291-ARG294,0.036870192960020906
WT_vs_G102D,target,65,GLU58-ILE57,ILE57-GLU58,ILE264-GLU265,0.03492507829518241
WT_vs_G102D,target,66,ALA89-PHE86,PHE86-ALA89,PHE293-ALA296,0.031338358190329194
WT_vs_G102D,target,67,GLY206-SER205,SER205-GLY206,SER412-GLY413,0.030657885315366222
WT_vs_G102D,target,68,GLY189-PHE186,PHE186-GLY189,PHE393-GLY396,0.028042695387403047
WT_vs_G102D,target,69,GLY196-ILE193,ILE193-GLY196,ILE400-GLY403,0.027416936207039805
WT_vs_G102D,target,70,ARG171-ILE174,ARG171-ILE174,ARG378-ILE381,0.024816744525801394
WT_vs_G102D,target,71,ALA83-ARG80,ARG80-ALA83,ARG287-ALA290,0.021952935485696476
WT_vs_G102D,target,72,ASP178-GLU175,GLU175-ASP178,GLU382-ASP385,0.018173556209173155
WT_vs_G102D,target,73,LYS46-VAL45,VAL45-LYS46,VAL252-LYS253,0.015921997354656534
WT_vs_G102D,target,74,GLY206-SER207,GLY206-SER207,GLY413-SER414,0.015442404811517629
WT_vs_G102D,target,75,HSD66-PHE67,HSD66-PHE67,HSD273-PHE274,0.01473651469761103
WT_vs_G102D,target,76,GLY124-PHE125,GLY124-PHE125,GLY331-PHE332,0.014726833787593872
WT_vs_G102D,target,77,ALA56-ASP53,ASP53-ALA56,ASP260-ALA263,0.014450627469958913
WT_vs_G102D,target,78,PRO39-TYR42,PRO39-TYR42,PRO246-TYR249,0.014424801143469505
WT_vs_G102D,target,79,HSD64-THR65,HSD64-THR65,HSD271-THR272,0.014365602620059491
WT_vs_G102D,target,80,ALA50-ASN47,ASN47-ALA50,ASN254-ALA257,0.014154871195057038
WT_vs_G102D,target,81,LEU25-THR26,LEU25-THR26,LEU232-THR233,0.013648633662687527
WT_vs_G102D,target,82,GLY21-GLY24,GLY21-GLY24,GLY228-GLY231,0.013247520477125966
WT_vs_G102D,target,83,ASP61-HSD64,ASP61-HSD64,ASP268-HSD271,0.013104663042828734
WT_vs_G102D,target,84,GLN109-THR112,GLN109-THR112,GLN316-THR319,0.013028019370925598
WT_vs_G102D,target,85,ALA133-TYR132,TYR132-ALA133,TYR339-ALA340,0.013020439173299005
WT_vs_G102D,target,86,ASN82-LEU79,LEU79-ASN82,LEU286-ASN289,0.012856873235425535
WT_vs_G102D,target,87,GLN200-LEU197,LEU197-GLN200,LEU404-GLN407,0.012575621610351261
WT_vs_G102D,target,88,GLN152-HSD151,HSD151-GLN152,HSD358-GLN359,0.012518770884851555
WT_vs_G102D,target,89,CYS203-GLU204,CYS203-GLU204,CYS410-GLU411,0.012333246662635874
WT_vs_G102D,target,90,GLY196-LEU197,GLY196-LEU197,GLY403-LEU404,0.012057899432908655
WT_vs_G102D,target,91,GLY96-LEU90,LEU90-GLY96,LEU297-GLY303,0.011912374775527588
WT_vs_G102D,target,92,GLY24-LEU25,GLY24-LEU25,GLY231-LEU232,0.011527820556565455
WT_vs_G102D,target,93,CYS68-PHE67,PHE67-CYS68,PHE274-CYS275,0.011507868098207655
WT_vs_G102D,target,94,MET166-PRO167,MET166-PRO167,MET373-PRO374,0.011486979650667448
WT_vs_G102D,target,95,GLU147-GLU150,GLU147-GLU150,GLU354-GLU357,0.011141518052484579
WT_vs_G102D,target,96,CYS144-GLY143,GLY143-CYS144,GLY350-CYS351,0.011071280831947021
WT_vs_G102D,target,97,ALA56-MET59,ALA56-MET59,ALA263-MET266,0.011067531562103383
WT_vs_G102D,target,98,TYR42-VAL45,TYR42-VAL45,TYR249-VAL252,0.010475339596794603
WT_vs_G102D,target,99,ARG28-THR26,THR26-ARG28,THR233-ARG235,0.01016774832448604
WT_vs_G102D,target,100,LYS84-SER85,LYS84-SER85,LYS291-SER292,0.009936961025278383
WT_vs_G102D,target,101,PHE125-SER126,PHE125-SER126,PHE332-SER333,0.009601284035908677
WT_vs_G102D,target,102,ARG87-CYS88,ARG87-CYS88,ARG294-CYS295,0.009559449767372235
WT_vs_G102D,target,103,ASP53-LEU51,LEU51-ASP53,LEU258-ASP260,0.00826845836806922
WT_vs_G102D,target,104,HSD66-THR65,THR65-HSD66,THR272-HSD273,0.008196848470560134
WT_vs_G102D,target,105,ALA56-LEU55,LEU55-ALA56,LEU262-ALA263,0.008178145575378958
WT_vs_G102D,target,106,ARG28-LEU30,ARG28-LEU30,ARG235-LEU237,0.007682868711446529
WT_vs_G102D,target,107,LEU52-LEU55,LEU52-LEU55,LEU259-LEU262,0.007593195545194335
WT_vs_G102D,target,108,GLN152-LYS155,GLN152-LYS155,GLN359-LYS362,0.007552850179487297
WT_vs_G102D,target,109,LEU90-LEU91,LEU90-LEU91,LEU297-LEU298,0.007458081729442251
WT_vs_G102D,target,110,GLU73-GLY72,GLY72-GLU73,GLY279-GLU280,0.0070392657430250714
WT_vs_G102D,target,111,ARG62-MET59,MET59-ARG62,MET266-ARG269,0.007034444314080651
WT_vs_G102D,target,112,CYS203-GLN200,GLN200-CYS203,GLN407-CYS410,0.006866199867808696
WT_vs_G102D,target,113,ALA185-PHE188,ALA185-PHE188,ALA392-PHE395,0.006825447092190825
WT_vs_G102D,target,114,GLN38-PRO39,GLN38-PRO39,GLN245-PRO246,0.0067858188750259734
WT_vs_G102D,target,115,ALA13-LEU14,ALA13-LEU14,ALA220-LEU221,0.006488254619015702
WT_vs_G102D,target,116,GLU58-LEU55,LEU55-GLU58,LEU262-GLU265,0.006349038906468157
WT_vs_G102D,target,117,GLN38-GLU37,GLU37-GLN38,GLU244-GLN245,0.00625847897451606
WT_vs_G102D,target,118,GLN172-GLU175,GLN172-GLU175,GLN379-GLU382,0.006159870210899154
WT_vs_G102D,target,119,ASP178-HSD179,ASP178-HSD179,ASP385-HSD386,0.005940440578270848
WT_vs_G102D,target,120,GLU37-VAL36,VAL36-GLU37,VAL243-GLU244,0.005754340034535505
WT_vs_G102D,target,121,CYS121-GLY124,CYS121-GLY124,CYS328-GLY331,0.005571125451202068
WT_vs_G102D,target,122,GLU71-GLY72,GLU71-GLY72,GLU278-GLY279,0.005560673291358189
WT_vs_G102D,target,123,LEU79-PHE78,PHE78-LEU79,PHE285-LEU286,0.005560130398192464
WT_vs_G102D,target,124,SER74-TRP75,SER74-TRP75,SER281-TRP282,0.005521231947309747
WT_vs_G102D,target,125,ASN81-LYS84,ASN81-LYS84,ASN288-LYS291,0.005430642825473848
WT_vs_G102D,target,126,GLU71-LEU70,LEU70-GLU71,LEU277-GLU278,0.005399306378571429
WT_vs_G102D,target,127,LEU16-LEU17,LEU16-LEU17,LEU223-LEU224,0.005338088519551894
WT_vs_G102D,target,128,ALA31-LEU30,LEU30-ALA31,LEU237-ALA238,0.005231289286397066
WT_vs_G102D,target,129,LEU170-PRO167,PRO167-LEU170,PRO374-LEU377,0.005143189953427794
WT_vs_G102D,target,130,CYS68-PRO69,CYS68-PRO69,CYS275-PRO276,0.0050611920341671595
WT_vs_G102D,target,131,ALA13-ILE10,ILE10-ALA13,ILE217-ALA220,0.004887518928376992
WT_vs_G102D,target,132,ASP5-LEU4,LEU4-ASP5,LEU211-ASP212,0.0047809435118835175
WT_vs_G102D,target,133,ASP5-SER7,ASP5-SER7,ASP212-SER214,0.004773381645203997
WT_vs_G102D,target,134,GLY138-SER135,SER135-GLY138,SER342-GLY345,0.004748187209050687
WT_vs_G102D,target,135,GLU73-SER74,GLU73-SER74,GLU280-SER281,0.00468280219993856
WT_vs_G102D,target,136,LEU51-LYS48,LYS48-LEU51,LYS255-LEU258,0.004566945164874896
WT_vs_G102D,target,137,ARG94-ASP95,ARG94-ASP95,ARG301-ASP302,0.004513349105802175
WT_vs_G102D,target,138,ASN115-THR112,THR112-ASN115,THR319-ASN322,0.004498468790677593
WT_vs_G102D,target,139,PHE78-TRP75,TRP75-PHE78,TRP282-PHE285,0.004492040640673263
WT_vs_G102D,target,140,PHE140-THR141,PHE140-THR141,PHE347-THR348,0.00444749554583415
WT_vs_G102D,target,141,ARG171-GLN172,ARG171-GLN172,ARG378-GLN379,0.0043869050694106135
WT_vs_G102D,target,142,GLN149-GLU150,GLN149-GLU150,GLN356-GLU357,0.004310066738320491
WT_vs_G102D,target,143,GLN123-GLY124,GLN123-GLY124,GLN330-GLY331,0.004194483885880998
WT_vs_G102D,target,144,GLU191-GLY189,GLY189-GLU191,GLY396-GLU398,0.0041007412840107105
WT_vs_G102D,target,145,ARG158-LYS155,LYS155-ARG158,LYS362-ARG365,0.004028197428875877
WT_vs_G102D,target,146,CYS144-VAL145,CYS144-VAL145,CYS351-VAL352,0.00391926463755139
WT_vs_G102D,target,147,CYS88-LEU91,CYS88-LEU91,CYS295-LEU298,0.0038325455077962258
WT_vs_G102D,target,148,ALA154-VAL153,VAL153-ALA154,VAL360-ALA361,0.0037460155203969817
WT_vs_G102D,target,149,ARG94-HSD93,HSD93-ARG94,HSD300-ARG301,0.0036901661294024574
WT_vs_G102D,target,150,GLY21-VAL20,VAL20-GLY21,VAL227-GLY228,0.0035810132107829823
WT_vs_G102D,target,151,ALA118-ASN115,ASN115-ALA118,ASN322-ALA325,0.00349291728302641
WT_vs_G102D,target,152,ARG158-GLU159,ARG158-GLU159,ARG365-GLU366,0.003437475814614761
WT_vs_G102D,target,153,ILE57-LEU60,ILE57-LEU60,ILE264-LEU267,0.0033555447643375497
WT_vs_G102D,target,154,ALA118-PHE119,ALA118-PHE119,ALA325-PHE326,0.0033502976224886872
WT_vs_G102D,target,155,ARG3-LEU4,ARG3-LEU4,ARG210-LEU211,0.0032563132618202498
WT_vs_G102D,target,156,LEU120-PHE119,PHE119-LEU120,PHE326-LEU327,0.0032213363434809086
WT_vs_G102D,target,157,GLU183-GLY181,GLY181-GLU183,GLY388-GLU390,0.0030800756423610565
WT_vs_G102D,target,158,ILE10-VAL9,VAL9-ILE10,VAL216-ILE217,0.0030169428299250643
WT_vs_G102D,target,159,LEU70-PRO69,PRO69-LEU70,PRO276-LEU277,0.0029181419166040817
WT_vs_G102D,target,160,GLU114-LEU117,GLU114-LEU117,GLU321-LEU324,0.0029110744537942197
WT_vs_G102D,target,161,HSD139-LEU142,HSD139-LEU142,HSD346-LEU349,0.0028613519896162334
WT_vs_G102D,target,162,GLY189-LEU190,GLY189-LEU190,GLY396-LEU397,0.002859768090407722
WT_vs_G102D,target,163,LEU14-SER12,SER12-LEU14,SER219-LEU221,0.0028492204770525116
WT_vs_G102D,target,164,SER7-VAL9,SER7-VAL9,SER214-VAL216,0.002836486396912683
WT_vs_G102D,target,165,GLN32-LEU30,LEU30-GLN32,LEU237-GLN239,0.002822588550709718
WT_vs_G102D,target,166,HSD44-VAL45,HSD44-VAL45,HSD251-VAL252,0.002765424574470967
WT_vs_G102D,target,167,ALA130-LEU131,ALA130-LEU131,ALA337-LEU338,0.0026946176019956177
WT_vs_G102D,target,168,LEU134-SER135,LEU134-SER135,LEU341-SER342,0.0025535434634011487
WT_vs_G102D,target,169,GLU175-LEU176,GLU175-LEU176,GLU382-LEU383,0.00248855039461488
WT_vs_G102D,target,170,ALA89-HSD63,HSD63-ALA89,HSD270-ALA296,0.002447479036776695
WT_vs_G102D,target,171,ALA173-LEU170,LEU170-ALA173,LEU377-ALA380,0.0024437012243052262
WT_vs_G102D,target,172,ALA118-CYS121,ALA118-CYS121,ALA325-CYS328,0.002441210938959426
WT_vs_G102D,target,173,PRO39-THR40,PRO39-THR40,PRO246-THR247,0.002438893408696371
WT_vs_G102D,target,174,ASP178-GLN180,ASP178-GLN180,ASP385-GLN387,0.002287754459450393
WT_vs_G102D,target,175,GLN122-PHE119,PHE119-GLN122,PHE326-GLN329,0.0022493548885241734
WT_vs_G102D,target,176,ASN129-LEU131,ASN129-LEU131,ASN336-LEU338,0.0022151193711852785
WT_vs_G102D,target,177,LEU41-PRO39,PRO39-LEU41,PRO246-LEU248,0.0021692648763657917
WT_vs_G102D,target,178,ASN11-SER12,ASN11-SER12,ASN218-SER219,0.0021399668690001766
WT_vs_G102D,target,179,ASN11-LYS8,LYS8-ASN11,LYS215-ASN218,0.002114349853641389
WT_vs_G102D,target,180,ALA136-VAL137,ALA136-VAL137,ALA343-VAL344,0.0020718274230363183
WT_vs_G102D,target,181,ARG3-SER2,SER2-ARG3,SER209-ARG210,0.0019328787220274425
WT_vs_G102D,target,182,LEU91-SER92,LEU91-SER92,LEU298-SER299,0.0018423674607203704
WT_vs_G102D,target,183,HSD63-HSD64,HSD63-HSD64,HSD270-HSD271,0.0018376091264384422
WT_vs_G102D,target,184,GLU156-LYS155,LYS155-GLU156,LYS362-GLU363,0.0018127781603114717
WT_vs_G102D,target,185,GLU15-LEU16,GLU15-LEU16,GLU222-LEU223,0.00175882657346388
WT_vs_G102D,target,186,LEU169-LEU170,LEU169-LEU170,LEU376-LEU377,0.001705332136374109
WT_vs_G102D,target,187,ASP178-GLY181,ASP178-GLY181,ASP385-GLY388,0.001700856623177077
WT_vs_G102D,target,188,GLU183-PRO184,GLU183-PRO184,GLU390-PRO391,0.0016829848651531887
WT_vs_G102D,target,189,ALA31-VAL36,ALA31-VAL36,ALA238-VAL243,0.0016580866470080804
WT_vs_G102D,target,190,GLN32-LYS33,GLN32-LYS33,GLN239-LYS240,0.0016530738326852802
WT_vs_G102D,target,191,ARG49-LEU52,ARG49-LEU52,ARG256-LEU259,0.0016464619144146225
WT_vs_G102D,target,192,CYS144-GLU147,CYS144-GLU147,CYS351-GLU354,0.0016314213935722862
WT_vs_G102D,target,193,LEU134-TYR132,TYR132-LEU134,TYR339-LEU341,0.0016039706560304488
WT_vs_G102D,target,194,ARG87-PHE86,PHE86-ARG87,PHE293-ARG294,0.001595510983362318
WT_vs_G102D,target,195,MET1-SER2,MET1-SER2,MET208-SER209,0.001591214701527643
WT_vs_G102D,target,196,GLY143-THR141,THR141-GLY143,THR348-GLY350,0.0015880467728210863
WT_vs_G102D,target,197,GLY196-LYS199,GLY196-LYS199,GLY403-LYS406,0.001576988341574798
WT_vs_G102D,target,198,ASP53-LEU52,LEU52-ASP53,LEU259-ASP260,0.0015689435028022642
WT_vs_G102D,target,199,GLU150-HSD151,GLU150-HSD151,GLU357-HSD358,0.0015451023236938094
WT_vs_G102D,target,200,GLN76-LEU79,GLN76-LEU79,GLN283-LEU286,0.0015272034735200855
WT_vs_G102D,target,201,GLY21-ILE22,GLY21-ILE22,GLY228-ILE229,0.0015196231067607735
WT_vs_G102D,target,202,ALA31-LEU34,ALA31-LEU34,ALA238-LEU241,0.0015155670095857825
WT_vs_G102D,target,203,ARG94-ASN18,ASN18-ARG94,ASN225-ARG301,0.001439755011155192
WT_vs_G102D,target,204,PRO167-PRO168,PRO167-PRO168,PRO374-PRO375,0.0013855916691922535
WT_vs_G102D,target,205,TRP43-VAL45,TRP43-VAL45,TRP250-VAL252,0.0013710305709258596
WT_vs_G102D,target,206,LEU34-VAL36,LEU34-VAL36,LEU241-VAL243,0.0013375075009395586
WT_vs_G102D,target,207,GLU111-LYS108,LYS108-GLU111,LYS315-GLU318,0.001336285858957819
WT_vs_G102D,target,208,ARG158-GLU156,GLU156-ARG158,GLU363-ARG365,0.001325893511553213
WT_vs_G102D,target,209,ARG49-ASN47,ASN47-ARG49,ASN254-ARG256,0.0013248445641571784
WT_vs_G102D,target,210,LYS6-SER7,LYS6-SER7,LYS213-SER214,0.0013234237475640777
WT_vs_G102D,target,211,GLY35-VAL36,GLY35-VAL36,GLY242-VAL243,0.0013129297840030326
WT_vs_G102D,target,212,GLU23-GLY24,GLU23-GLY24,GLU230-GLY231,0.00127843630511405
WT_vs_G102D,target,213,ARG28-LYS29,ARG28-LYS29,ARG235-LYS236,0.0012631668990399517
WT_vs_G102D,target,214,CYS195-LEU192,LEU192-CYS195,LEU399-CYS402,0.0012551544821173331
WT_vs_G102D,target,215,ARG62-HSD63,ARG62-HSD63,ARG269-HSD270,0.001252020876312235
WT_vs_G102D,target,216,ARG80-ASP77,ASP77-ARG80,ASP284-ARG287,0.0012065991010216867
WT_vs_G102D,target,217,GLU159-THR160,GLU159-THR160,GLU366-THR367,0.001198462699374268
WT_vs_G102D,target,218,LEU127-SER126,SER126-LEU127,SER333-LEU334,0.001181965949439348
WT_vs_G102D,target,219,GLN152-VAL153,GLN152-VAL153,GLN359-VAL360,0.0011641290360391758
WT_vs_G102D,target,220,LEU113-THR112,THR112-LEU113,THR319-LEU320,0.0011303699639916545
WT_vs_G102D,target,221,HSD93-LEU91,LEU91-HSD93,LEU298-HSD300,0.0011056687959937765
WT_vs_G102D,target,222,GLU111-GLU114,GLU111-GLU114,GLU318-GLU321,0.0010962012775560114
WT_vs_G102D,target,223,GLU19-VAL20,GLU19-VAL20,GLU226-VAL227,0.001092061139731829
WT_vs_G102D,target,224,HSD93-SER92,SER92-HSD93,SER299-HSD300,0.0010893559678426862
WT_vs_G102D,target,225,PHE140-VAL137,VAL137-PHE140,VAL344-PHE347,0.00101575805995108
WT_vs_G102D,target,226,THR26-THR27,THR26-THR27,THR233-THR234,0.0010039652479841793
WT_vs_G102D,target,227,CYS195-ILE194,ILE194-CYS195,ILE401-CYS402,0.0009748096294548797
WT_vs_G102D,target,228,GLN200-LYS202,GLN200-LYS202,GLN407-LYS409,0.0009701494721263701
WT_vs_G102D,target,229,GLU107-TYR110,GLU107-TYR110,GLU314-TYR317,0.0009068577850260557
WT_vs_G102D,target,230,ALA130-SER126,SER126-ALA130,SER333-ALA337,0.000862213742880718
WT_vs_G102D,target,231,ALA133-ALA136,ALA133-ALA136,ALA340-ALA343,0.0008448962025034437
WT_vs_G102D,target,232,ALA50-ARG49,ARG49-ALA50,ARG256-ALA257,0.0008340006514048195
WT_vs_G102D,target,233,GLN200-LEU201,GLN200-LEU201,GLN407-LEU408,0.0008153164085227607
WT_vs_G102D,target,234,GLU128-LEU131,GLU128-LEU131,GLU335-LEU338,0.0008118140173880112
WT_vs_G102D,target,235,ALA185-LEU187,ALA185-LEU187,ALA392-LEU394,0.0007953478167732576
WT_vs_G102D,target,236,ARG171-PRO168,PRO168-ARG171,PRO375-ARG378,0.000774569229529292
WT_vs_G102D,target,237,GLU198-LYS199,GLU198-LYS199,GLU405-LYS406,0.0007689194734769797
WT_vs_G102D,target,238,GLU128-SER126,SER126-GLU128,SER333-GLU335,0.0007455531591303553
WT_vs_G102D,target,239,ALA173-ILE174,ALA173-ILE174,ALA380-ILE381,0.0007217347640530321
WT_vs_G102D,target,240,GLN149-HSD151,GLN149-HSD151,GLN356-HSD358,0.0006765220092233526
WT_vs_G102D,target,241,LEU51-LEU52,LEU51-LEU52,LEU258-LEU259,0.0006473426175871977
WT_vs_G102D,target,242,GLU111-TYR110,TYR110-GLU111,TYR317-GLU318,0.0006355749189252371
WT_vs_G102D,target,243,ALA54-LEU51,LEU51-ALA54,LEU258-ALA261,0.0006084825113223854
WT_vs_G102D,target,244,GLY143-LEU142,LEU142-GLY143,LEU349-GLY350,0.0005786841270481303
WT_vs_G102D,target,245,ALA185-PRO184,PRO184-ALA185,PRO391-ALA392,0.0005669549418311116
WT_vs_G102D,target,246,GLY35-LEU34,LEU34-GLY35,LEU241-GLY242,0.0005584868824090411
WT_vs_G102D,target,247,ASN82-SER85,ASN82-SER85,ASN289-SER292,0.0005463763685990159
WT_vs_G102D,target,248,GLY189-PHE188,PHE188-GLY189,PHE395-GLY396,0.0005411096006581244
WT_vs_G102D,target,249,ASN47-LYS48,ASN47-LYS48,ASN254-LYS255,0.0005210384681819375
WT_vs_G102D,target,250,GLN38-LEU41,GLN38-LEU41,GLN245-LEU248,0.000497352896330357
WT_vs_G102D,target,251,GLU128-LEU127,LEU127-GLU128,LEU334-GLU335,0.00047604667425005665
WT_vs_G102D,target,252,HSD44-TRP43,TRP43-HSD44,TRP250-HSD251,0.00047597499804341174
WT_vs_G102D,target,253,GLU107-THR106,THR106-GLU107,THR313-GLU314,0.000461994517459502
WT_vs_G102D,target,254,CYS88-SER85,SER85-CYS88,SER292-CYS295,0.0004600750179788198
WT_vs_G102D,target,255,ALA89-CYS88,CYS88-ALA89,CYS295-ALA296,0.0004481424908524239
WT_vs_G102D,target,256,GLU114-THR112,THR112-GLU114,THR319-GLU321,0.0004461613168394863
WT_vs_G102D,target,257,GLU58-MET59,GLU58-MET59,GLU265-MET266,0.0004365928529316978
WT_vs_G102D,target,258,CYS121-GLN122,CYS121-GLN122,CYS328-GLN329,0.0004335207452670914
WT_vs_G102D,target,259,LEU41-THR40,THR40-LEU41,THR247-LEU248,0.0004270010025368182
WT_vs_G102D,target,260,GLN180-GLY181,GLN180-GLY181,GLN387-GLY388,0.0004216819868421614
WT_vs_G102D,target,261,ILE22-LEU25,ILE22-LEU25,ILE229-LEU232,0.0004102077089738825
WT_vs_G102D,target,262,GLN123-LEU120,LEU120-GLN123,LEU327-GLN330,0.00037939448438794395
WT_vs_G102D,target,263,HSD63-LEU60,LEU60-HSD63,LEU267-HSD270,0.00037700458954392985
WT_vs_G102D,target,264,GLU15-SER12,SER12-GLU15,SER219-GLU222,0.00036530615101713004
WT_vs_G102D,target,265,LYS108-THR106,THR106-LYS108,THR313-LYS315,0.0003604984162242888
WT_vs_G102D,target,266,ASN18-LEU16,LEU16-ASN18,LEU223-ASN225,0.00034348368263462987
WT_vs_G102D,target,267,ARG80-ASN81,ARG80-ASN81,ARG287-ASN288,0.00033878117101058484
WT_vs_G102D,target,268,ASN18-GLY21,ASN18-GLY21,ASN225-GLY228,0.00033174650537909334
WT_vs_G102D,target,269,ALA185-GLU183,GLU183-ALA185,GLU390-ALA392,0.0003009490422165676
WT_vs_G102D,target,270,ALA50-LEU51,ALA50-LEU51,ALA257-LEU258,0.000300611147081395
WT_vs_G102D,target,271,LEU17-VAL20,LEU17-VAL20,LEU224-VAL227,0.0002654921171810219
WT_vs_G102D,target,272,LEU14-LEU16,LEU14-LEU16,LEU221-LEU223,0.0002552219454432271
WT_vs_G102D,target,273,TRP43-TYR42,TYR42-TRP43,TYR249-TRP250,0.000253036307005579
WT_vs_G102D,target,274,GLU147-VAL145,VAL145-GLU147,VAL352-GLU354,0.00024406257439886175
WT_vs_G102D,target,275,GLN180-HSD179,HSD179-GLN180,HSD386-GLN387,0.00023261305877755515
WT_vs_G102D,target,276,GLY138-HSD139,GLY138-HSD139,GLY345-HSD346,0.00023124487922850258
WT_vs_G102D,target,277,LEU169-PRO168,PRO168-LEU169,PRO375-LEU376,0.000230515749638183
WT_vs_G102D,target,278,ASN18-GLU15,GLU15-ASN18,GLU222-ASN225,0.00022574024671515947
WT_vs_G102D,target,279,ASN81-PHE78,PHE78-ASN81,PHE285-ASN288,0.00021278322040819335
WT_vs_G102D,target,280,GLU191-LEU192,GLU191-LEU192,GLU398-LEU399,0.00020287699291548543
WT_vs_G102D,target,281,GLN116-PHE119,GLN116-PHE119,GLN323-PHE326,0.00019328317766951808
WT_vs_G102D,target,282,ALA83-LYS84,ALA83-LYS84,ALA290-LYS291,0.00018978556829044838
WT_vs_G102D,target,283,GLU58-LEU60,GLU58-LEU60,GLU265-LEU267,0.00018320519751765323
WT_vs_G102D,target,284,LEU34-LYS33,LYS33-LEU34,LYS240-LEU241,0.00017882702467286575
WT_vs_G102D,target,285,ASN18-GLU19,ASN18-GLU19,ASN225-GLU226,0.00017496929181453486
WT_vs_G102D,target,286,ILE22-LEU17,LEU17-ILE22,LEU224-ILE229,0.00017310074587078214
WT_vs_G102D,target,287,GLU23-ILE22,ILE22-GLU23,ILE229-GLU230,0.00016459202264022455
WT_vs_G102D,target,288,ASP77-SER74,SER74-ASP77,SER281-ASP284,0.0001598529344812245
WT_vs_G102D,target,289,ASN115-GLU114,GLU114-ASN115,GLU321-ASN322,0.00015187879938330612
WT_vs_G102D,target,290,CYS195-GLY196,CYS195-GLY196,CYS402-GLY403,0.00014363387763736914
WT_vs_G102D,target,291,LEU190-LEU192,LEU190-LEU192,LEU397-LEU399,0.00014238265090008847
WT_vs_G102D,target,292,ALA56-ILE57,ALA56-ILE57,ALA263-ILE264,0.0001379774170209215
WT_vs_G102D,target,293,GLU198-LEU197,LEU197-GLU198,LEU404-GLU405,0.00012871067591044695
WT_vs_G102D,target,294,GLN32-LEU34,GLN32-LEU34,GLN239-LEU241,0.00012156417485659934
WT_vs_G102D,target,295,ARG62-ASP61,ASP61-ARG62,ASP268-ARG269,0.0001192302192261402
WT_vs_G102D,target,296,PHE86-SER85,SER85-PHE86,SER292-PHE293,0.00011378122733836718
WT_vs_G102D,target,297,ASP61-LEU60,LEU60-ASP61,LEU267-ASP268,0.00010381630455289265
WT_vs_G102D,target,298,LEU187-PHE188,LEU187-PHE188,LEU394-PHE395,0.00010082064278074271
WT_vs_G102D,target,299,GLY196-ILE194,ILE194-GLY196,ILE401-GLY403,9.859166641216118e-05
WT_vs_G102D,target,300,ARG28-THR27,THR27-ARG28,THR234-ARG235,8.777070992523932e-05
WT_vs_G102D,target,301,LEU60-MET59,MET59-LEU60,MET266-LEU267,8.43910195857446e-05
WT_vs_G102D,target,302,CYS203-LYS202,LYS202-CYS203,LYS409-CYS410,7.126787133424145e-05
WT_vs_G102D,target,303,ALA89-ARG87,ARG87-ALA89,ARG294-ALA296,6.596780055628287e-05
WT_vs_G102D,target,304,LYS8-SER7,SER7-LYS8,SER214-LYS215,6.524868491020475e-05
WT_vs_G102D,target,305,LEU30-LYS29,LYS29-LEU30,LYS236-LEU237,6.320893778142038e-05
WT_vs_G102D,target,306,ALA154-LYS155,ALA154-LYS155,ALA361-LYS362,5.992435927875385e-05
WT_vs_G102D,target,307,HSD139-VAL137,VAL137-HSD139,VAL344-HSD346,5.9867204821598485e-05
WT_vs_G102D,target,308,ASP5-LYS6,ASP5-LYS6,ASP212-LYS213,5.75043302708915e-05
WT_vs_G102D,target,309,GLU107-LYS108,GLU107-LYS108,GLU314-LYS315,5.367775483373709e-05
WT_vs_G102D,target,310,ASP178-PHE177,PHE177-ASP178,PHE384-ASP385,4.974669863220178e-05
WT_vs_G102D,target,311,ALA173-GLN172,GLN172-ALA173,GLN379-ALA380,4.920579547866662e-05
WT_vs_G102D,target,312,GLU157-LYS155,LYS155-GLU157,LYS362-GLU364,4.765260286217403e-05
WT_vs_G102D,target,313,THR40-TRP43,THR40-TRP43,THR247-TRP250,4.423531958880397e-05
WT_vs_G102D,target,314,ARG49-LYS48,LYS48-ARG49,LYS255-ARG256,4.389696010487231e-05
WT_vs_G102D,target,315,LYS108-TYR110,LYS108-TYR110,LYS315-TYR317,4.1862623395117584e-05
WT_vs_G102D,target,316,ARG49-LEU51,ARG49-LEU51,ARG256-LEU258,4.112936068522897e-05
WT_vs_G102D,target,317,CYS121-PHE119,PHE119-CYS121,PHE326-CYS328,3.744840932249048e-05
WT_vs_G102D,target,318,THR112-TYR110,TYR110-THR112,TYR317-THR319,3.6674004973065655e-05
WT_vs_G102D,target,319,LEU176-PHE177,LEU176-PHE177,LEU383-PHE384,3.346341967058946e-05
WT_vs_G102D,target,320,ASN18-LEU17,LEU17-ASN18,LEU224-ASN225,3.237133707164073e-05
WT_vs_G102D,target,321,CYS203-LEU201,LEU201-CYS203,LEU408-CYS410,3.1857523152626725e-05
WT_vs_G102D,target,322,GLN200-LYS199,LYS199-GLN200,LYS406-GLN407,3.128693903975964e-05
WT_vs_G102D,target,323,ALA54-LEU55,ALA54-LEU55,ALA261-LEU262,3.0673045067514413e-05
WT_vs_G102D,target,324,ASN81-ASN82,ASN81-ASN82,ASN288-ASN289,2.915462258039296e-05
WT_vs_G102D,target,325,ASP148-GLN149,ASP148-GLN149,ASP355-GLN356,2.8727480475942857e-05
WT_vs_G102D,target,326,HSD44-LEU41,LEU41-HSD44,LEU248-HSD251,2.8716020517385358e-05
WT_vs_G102D,target,327,ASN11-VAL9,VAL9-ASN11,VAL216-ASN218,2.850707037443087e-05
WT_vs_G102D,target,328,LEU142-THR141,THR141-LEU142,THR348-LEU349,2.837758209485141e-05
WT_vs_G102D,target,329,ASP77-PHE78,ASP77-PHE78,ASP284-PHE285,2.7876404591687405e-05
WT_vs_G102D,target,330,ASP77-GLN76,GLN76-ASP77,GLN283-ASP284,2.7347132875854912e-05
WT_vs_G102D,target,331,ALA83-SER85,ALA83-SER85,ALA290-SER292,2.6812205544348903e-05
WT_vs_G102D,target,332,GLU156-GLU157,GLU156-GLU157,GLU363-GLU364,2.3595690642682882e-05
WT_vs_G102D,target,333,GLN32-LYS29,LYS29-GLN32,LYS236-GLN239,2.3337493024393125e-05
WT_vs_G102D,target,334,ASN115-GLN116,ASN115-GLN116,ASN322-GLN323,2.3292109373843075e-05
WT_vs_G102D,target,335,ARG62-LEU60,LEU60-ARG62,LEU267-ARG269,2.2637593823655203e-05
WT_vs_G102D,target,336,ARG80-LEU79,LEU79-ARG80,LEU286-ARG287,2.2369986119056938e-05
WT_vs_G102D,target,337,CYS121-LEU120,LEU120-CYS121,LEU327-CYS328,2.2353870134191846e-05
WT_vs_G102D,target,338,ALA133-SER135,ALA133-SER135,ALA340-SER342,2.196749816592622e-05
WT_vs_G102D,target,339,ALA182-GLU183,ALA182-GLU183,ALA389-GLU390,2.1165734633828946e-05
WT_vs_G102D,target,340,GLN76-SER74,SER74-GLN76,SER281-GLN283,2.095966570286825e-05
WT_vs_G102D,target,341,ALA31-GLN32,ALA31-GLN32,ALA238-GLN239,1.9837555382580786e-05
WT_vs_G102D,target,342,GLY138-VAL137,VAL137-GLY138,VAL344-GLY345,1.9036252406931197e-05
WT_vs_G102D,target,343,LEU142-PHE140,PHE140-LEU142,PHE347-LEU349,1.7523758810309856e-05
WT_vs_G102D,target,344,LEU117-PHE119,LEU117-PHE119,LEU324-PHE326,1.736767465663914e-05
WT_vs_G102D,target,345,ALA118-LEU117,LEU117-ALA118,LEU324-ALA325,1.5601484967308095e-05
WT_vs_G102D,target,346,GLU111-THR112,GLU111-THR112,GLU318-THR319,1.5296995512439384e-05
WT_vs_G102D,target,347,ALA133-LEU134,ALA133-LEU134,ALA340-LEU341,1.4535867774022413e-05
WT_vs_G102D,target,348,GLU114-LEU113,LEU113-GLU114,LEU320-GLU321,1.3998831618599053e-05
WT_vs_G102D,target,349,LEU146-VAL145,VAL145-LEU146,VAL352-LEU353,1.3795389532601019e-05
WT_vs_G102D,target,350,LEU187-PHE186,PHE186-LEU187,PHE393-LEU394,1.367641509441176e-05
WT_vs_G102D,target,351,GLU191-LEU190,LEU190-GLU191,LEU397-GLU398,1.2985086511822878e-05
WT_vs_G102D,target,352,ILE193-ILE194,ILE193-ILE194,ILE400-ILE401,1.217219477365583e-05
WT_vs_G102D,target,353,ALA130-GLU128,GLU128-ALA130,GLU335-ALA337,1.0181956349082469e-05
WT_vs_G102D,target,354,ASP148-GLU150,ASP148-GLU150,ASP355-GLU357,9.876062923289695e-06
WT_vs_G102D,target,355,ARG80-ASN82,ARG80-ASN82,ARG287-ASN289,9.829853938452651e-06
WT_vs_G102D,target,356,HSD179-LEU176,LEU176-HSD179,LEU383-HSD386,9.785593234339238e-06
WT_vs_G102D,target,357,GLN109-LYS108,LYS108-GLN109,LYS315-GLN316,9.225320075651822e-06
WT_vs_G102D,target,358,GLU15-LEU14,LEU14-GLU15,LEU221-GLU222,8.935577999942245e-06
WT_vs_G102D,target,359,LEU197-LYS199,LEU197-LYS199,LEU404-LYS406,8.3933553627102e-06
WT_vs_G102D,target,360,GLN76-PHE78,GLN76-PHE78,GLN283-PHE285,7.923889238085004e-06
WT_vs_G102D,target,361,GLN76-TRP75,TRP75-GLN76,TRP282-GLN283,7.861490455454715e-06
WT_vs_G102D,target,362,GLY35-LYS33,LYS33-GLY35,LYS240-GLY242,7.157063788788539e-06
WT_vs_G102D,target,363,CYS144-LEU146,CYS144-LEU146,CYS351-LEU353,7.1298318573556214e-06
WT_vs_G102D,target,364,PHE186-PHE188,PHE186-PHE188,PHE393-PHE395,7.052721311225135e-06
WT_vs_G102D,target,365,CYS195-ILE193,ILE193-CYS195,ILE400-CYS402,7.027412915698489e-06
WT_vs_G102D,target,366,ALA136-GLY138,ALA136-GLY138,ALA343-GLY345,6.337239710785983e-06
WT_vs_G102D,target,367,ALA13-SER12,SER12-ALA13,SER219-ALA220,5.819157653618243e-06
WT_vs_G102D,target,368,LYS8-VAL9,LYS8-VAL9,LYS215-VAL216,5.2565226415276175e-06
WT_vs_G102D,target,369,GLN122-GLN123,GLN122-GLN123,GLN329-GLN330,4.975768491917782e-06
WT_vs_G102D,target,370,LEU201-LYS202,LEU201-LYS202,LEU408-LYS409,4.3332209439530354e-06
WT_vs_G102D,target,371,ASN11-ILE10,ILE10-ASN11,ILE217-ASN218,4.021737916337504e-06
WT_vs_G102D,target,372,ASP5-LYS8,ASP5-LYS8,ASP212-LYS215,0.0
WT_vs_G102D,target,373,LYS6-LYS8,LYS6-LYS8,LYS213-LYS215,0.0
WT_vs_G102D,target,374,LYS6-VAL9,LYS6-VAL9,LYS213-VAL216,0.0
WT_vs_G102D,target,375,ILE10-SER7,SER7-ILE10,SER214-ILE217,0.0
WT_vs_G102D,target,376,ILE10-LYS8,LYS8-ILE10,LYS215-ILE217,0.0
WT_vs_G102D,target,377,SER12-VAL9,VAL9-SER12,VAL216-SER219,0.0
WT_vs_G102D,target,378,ILE10-SER12,ILE10-SER12,ILE217-SER219,0.0
WT_vs_G102D,target,379,ALA13-ASN11,ASN11-ALA13,ASN218-ALA220,0.0
WT_vs_G102D,target,380,ASN11-LEU14,ASN11-LEU14,ASN218-LEU221,0.0
WT_vs_G102D,target,381,ALA13-GLU15,ALA13-GLU15,ALA220-GLU222,0.0
WT_vs_G102D,target,382,ALA13-LEU16,ALA13-LEU16,ALA220-LEU223,0.0
WT_vs_G102D,target,383,GLU15-LEU17,GLU15-LEU17,GLU222-LEU224,0.0
WT_vs_G102D,target,384,GLU19-LEU16,LEU16-GLU19,LEU223-GLU226,0.0
WT_vs_G102D,target,385,GLU19-LEU17,LEU17-GLU19,LEU224-GLU226,0.0
WT_vs_G102D,target,386,GLY24-VAL20,VAL20-GLY24,VAL227-GLY231,0.0
WT_vs_G102D,target,387,GLU23-GLY21,GLY21-GLU23,GLY228-GLU230,0.0
WT_vs_G102D,target,388,GLY24-ILE22,ILE22-GLY24,ILE229-GLY231,0.0
WT_vs_G102D,target,389,GLU23-LEU25,GLU23-LEU25,GLU230-LEU232,0.0
WT_vs_G102D,target,390,LYS29-THR26,THR26-LYS29,THR233-LYS236,0.0
WT_vs_G102D,target,391,LYS29-THR27,THR27-LYS29,THR234-LYS236,0.0
WT_vs_G102D,target,392,LEU30-THR27,THR27-LEU30,THR234-LEU237,0.0
WT_vs_G102D,target,393,ALA31-ARG28,ARG28-ALA31,ARG235-ALA238,0.0
WT_vs_G102D,target,394,ALA31-LYS29,LYS29-ALA31,LYS236-ALA238,0.0
WT_vs_G102D,target,395,LEU30-LYS33,LEU30-LYS33,LEU237-LYS240,0.0
WT_vs_G102D,target,396,ALA31-LYS33,ALA31-LYS33,ALA238-LYS240,0.0
WT_vs_G102D,target,397,ALA31-GLY35,ALA31-GLY35,ALA238-GLY242,0.0
WT_vs_G102D,target,398,GLN32-GLY35,GLN32-GLY35,GLN239-GLY242,0.0
WT_vs_G102D,target,399,GLU37-PRO39,GLU37-PRO39,GLU244-PRO246,0.0
WT_vs_G102D,target,400,GLU37-THR40,GLU37-THR40,GLU244-THR247,0.0
WT_vs_G102D,target,401,GLN38-THR40,GLN38-THR40,GLN245-THR247,0.0
WT_vs_G102D,target,402,THR40-TYR42,THR40-TYR42,THR247-TYR249,0.0
WT_vs_G102D,target,403,LEU41-TYR42,LEU41-TYR42,LEU248-TYR249,0.0
WT_vs_G102D,target,404,LEU41-TRP43,LEU41-TRP43,LEU248-TRP250,0.0
WT_vs_G102D,target,405,HSD44-TYR42,TYR42-HSD44,TYR249-HSD251,0.0
WT_vs_G102D,target,406,LYS46-TYR42,TYR42-LYS46,TYR249-LYS253,0.0
WT_vs_G102D,target,407,ALA50-LYS48,LYS48-ALA50,LYS255-ALA257,0.0
WT_vs_G102D,target,408,ALA50-LEU52,ALA50-LEU52,ALA257-LEU259,0.0
WT_vs_G102D,target,409,ALA54-LEU52,LEU52-ALA54,LEU259-ALA261,0.0
WT_vs_G102D,target,410,ASP53-LEU55,ASP53-LEU55,ASP260-LEU262,0.0
WT_vs_G102D,target,411,ALA54-ALA56,ALA54-ALA56,ALA261-ALA263,0.0
WT_vs_G102D,target,412,ILE57-LEU55,LEU55-ILE57,LEU262-ILE264,0.0
WT_vs_G102D,target,413,ALA56-GLU58,ALA56-GLU58,ALA263-GLU265,0.0
WT_vs_G102D,target,414,ILE57-MET59,ILE57-MET59,ILE264-MET266,0.0
WT_vs_G102D,target,415,ASP61-MET59,MET59-ASP61,MET266-ASP268,0.0
WT_vs_G102D,target,416,ASP61-HSD63,ASP61-HSD63,ASP268-HSD270,0.0
WT_vs_G102D,target,417,GLY72-LEU70,LEU70-GLY72,LEU277-GLY279,0.0
WT_vs_G102D,target,418,ASP77-TRP75,TRP75-ASP77,TRP282-ASP284,0.0
WT_vs_G102D,target,419,ASP77-LEU79,ASP77-LEU79,ASP284-LEU286,0.0
WT_vs_G102D,target,420,ARG80-PHE78,PHE78-ARG80,PHE285-ARG287,0.0
WT_vs_G102D,target,421,ASN81-LEU79,LEU79-ASN81,LEU286-ASN288,0.0
WT_vs_G102D,target,422,ALA83-ASN81,ASN81-ALA83,ASN288-ALA290,0.0
WT_vs_G102D,target,423,ASN82-LYS84,ASN82-LYS84,ASN289-LYS291,0.0
WT_vs_G102D,target,424,LYS84-PHE86,LYS84-PHE86,LYS291-PHE293,0.0
WT_vs_G102D,target,425,ARG87-SER85,SER85-ARG87,SER292-ARG294,0.0
WT_vs_G102D,target,426,CYS88-PHE86,PHE86-CYS88,PHE293-CYS295,0.0
WT_vs_G102D,target,427,CYS88-LEU90,CYS88-LEU90,CYS295-LEU297,0.0
WT_vs_G102D,target,428,ALA89-LEU91,ALA89-LEU91,ALA296-LEU298,0.0
WT_vs_G102D,target,429,ALA89-SER92,ALA89-SER92,ALA296-SER299,0.0
WT_vs_G102D,target,430,LEU90-SER92,LEU90-SER92,LEU297-SER299,0.0
WT_vs_G102D,target,431,GLY96-HSD93,HSD93-GLY96,HSD300-GLY303,0.0
WT_vs_G102D,target,432,ARG94-GLY96,ARG94-GLY96,ARG301-GLY303,0.0
WT_vs_G102D,target,433,ALA97-ASP95,ASP95-ALA97,ASP302-ALA304,0.0
WT_vs_G102D,target,434,ASP95-LYS98,ASP95-LYS98,ASP302-LYS305,0.0
WT_vs_G102D,target,435,GLY96-LYS98,GLY96-LYS98,GLY303-LYS305,0.0
WT_vs_G102D,target,436,GLY96-VAL99,GLY96-VAL99,GLY303-VAL306,0.0
WT_vs_G102D,target,437,ALA97-VAL99,ALA97-VAL99,ALA304-VAL306,0.0
WT_vs_G102D,target,438,ALA97-HSD100,ALA97-HSD100,ALA304-HSD307,0.0
WT_vs_G102D,target,439,HSD100-LYS98,LYS98-HSD100,LYS305-HSD307,0.0
WT_vs_G102D,target,440,LEU101-LYS98,LYS98-LEU101,LYS305-LEU308,0.0
WT_vs_G102D,target,441,LEU101-VAL99,VAL99-LEU101,VAL306-LEU308,0.0
WT_vs_G102D,target,442,ASP102-VAL99,VAL99-ASP102,VAL306-ASP309,0.0
WT_vs_G102D,target,443,ASP102-HSD100,HSD100-ASP102,HSD307-ASP309,0.0
WT_vs_G102D,target,444,HSD100-THR103,HSD100-THR103,HSD307-THR310,0.0
WT_vs_G102D,target,445,LEU101-THR103,LEU101-THR103,LEU308-THR310,0.0
WT_vs_G102D,target,446,GLN109-GLU107,GLU107-GLN109,GLU314-GLN316,0.0
WT_vs_G102D,target,447,GLN109-GLU111,GLN109-GLU111,GLN316-GLU318,0.0
WT_vs_G102D,target,448,GLU111-LEU113,GLU111-LEU113,GLU318-LEU320,0.0
WT_vs_G102D,target,449,ASN115-LEU113,LEU113-ASN115,LEU320-ASN322,0.0
WT_vs_G102D,target,450,GLN116-GLU114,GLU114-GLN116,GLU321-GLN323,0.0
WT_vs_G102D,target,451,ASN115-LEU117,ASN115-LEU117,ASN322-LEU324,0.0
WT_vs_G102D,target,452,ALA118-GLN116,GLN116-ALA118,GLN323-ALA325,0.0
WT_vs_G102D,target,453,ALA118-LEU120,ALA118-LEU120,ALA325-LEU327,0.0
WT_vs_G102D,target,454,GLN122-LEU120,LEU120-GLN122,LEU327-GLN329,0.0
WT_vs_G102D,target,455,ALA130-LEU120,LEU120-ALA130,LEU327-ALA337,0.0
WT_vs_G102D,target,456,CYS121-GLN123,CYS121-GLN123,CYS328-GLN330,0.0
WT_vs_G102D,target,457,CYS121-PHE125,CYS121-PHE125,CYS328-PHE332,0.0
WT_vs_G102D,target,458,GLN122-GLY124,GLN122-GLY124,GLN329-GLY331,0.0
WT_vs_G102D,target,459,ASN129-SER126,SER126-ASN129,SER333-ASN336,0.0
WT_vs_G102D,target,460,ASN129-LEU127,LEU127-ASN129,LEU334-ASN336,0.0
WT_vs_G102D,target,461,ALA130-LEU127,LEU127-ALA130,LEU334-ALA337,0.0
WT_vs_G102D,target,462,ASN129-GLU128,GLU128-ASN129,GLU335-ASN336,0.0
WT_vs_G102D,target,463,ALA130-TYR132,ALA130-TYR132,ALA337-TYR339,0.0
WT_vs_G102D,target,464,ALA130-ALA133,ALA130-ALA133,ALA337-ALA340,0.0
WT_vs_G102D,target,465,LEU131-TYR132,LEU131-TYR132,LEU338-TYR339,0.0
WT_vs_G102D,target,466,ALA133-LEU131,LEU131-ALA133,LEU338-ALA340,0.0
WT_vs_G102D,target,467,LEU131-LEU134,LEU131-LEU134,LEU338-LEU341,0.0
WT_vs_G102D,target,468,ALA136-LEU134,LEU134-ALA136,LEU341-ALA343,0.0
WT_vs_G102D,target,469,LEU134-VAL137,LEU134-VAL137,LEU341-VAL344,0.0
WT_vs_G102D,target,470,SER135-VAL137,SER135-VAL137,SER342-VAL344,0.0
WT_vs_G102D,target,471,HSD139-SER135,SER135-HSD139,SER342-HSD346,0.0
WT_vs_G102D,target,472,GLY138-PHE140,GLY138-PHE140,GLY345-PHE347,0.0
WT_vs_G102D,target,473,GLY138-THR141,GLY138-THR141,GLY345-THR348,0.0
WT_vs_G102D,target,474,HSD139-THR141,HSD139-THR141,HSD346-THR348,0.0
WT_vs_G102D,target,475,CYS144-THR141,THR141-CYS144,THR348-CYS351,0.0
WT_vs_G102D,target,476,CYS144-LEU142,LEU142-CYS144,LEU349-CYS351,0.0
WT_vs_G102D,target,477,LEU142-VAL145,LEU142-VAL145,LEU349-VAL352,0.0
WT_vs_G102D,target,478,GLY143-VAL145,GLY143-VAL145,GLY350-VAL352,0.0
WT_vs_G102D,target,479,ASP148-VAL145,VAL145-ASP148,VAL352-ASP355,0.0
WT_vs_G102D,target,480,ASP148-LEU146,LEU146-ASP148,LEU353-ASP355,0.0
WT_vs_G102D,target,481,GLN149-LEU146,LEU146-GLN149,LEU353-GLN356,0.0
WT_vs_G102D,target,482,GLN149-GLU147,GLU147-GLN149,GLU354-GLN356,0.0
WT_vs_G102D,target,483,GLN149-GLN152,GLN149-GLN152,GLN356-GLN359,0.0
WT_vs_G102D,target,484,GLN152-GLU150,GLU150-GLN152,GLU357-GLN359,0.0
WT_vs_G102D,target,485,GLU150-VAL153,GLU150-VAL153,GLU357-VAL360,0.0
WT_vs_G102D,target,486,HSD151-VAL153,HSD151-VAL153,HSD358-VAL360,0.0
WT_vs_G102D,target,487,ALA154-GLN152,GLN152-ALA154,GLN359-ALA361,0.0
WT_vs_G102D,target,488,LYS155-VAL153,VAL153-LYS155,VAL360-LYS362,0.0
WT_vs_G102D,target,489,GLU156-VAL153,VAL153-GLU156,VAL360-GLU363,0.0
WT_vs_G102D,target,490,ALA154-GLU156,ALA154-GLU156,ALA361-GLU363,0.0
WT_vs_G102D,target,491,ASP164-THR162,THR162-ASP164,THR369-ASP371,0.0
WT_vs_G102D,target,492,SER165-THR163,THR163-SER165,THR370-SER372,0.0
WT_vs_G102D,target,493,MET166-THR163,THR163-MET166,THR370-MET373,0.0
WT_vs_G102D,target,494,ASP164-MET166,ASP164-MET166,ASP371-MET373,0.0
WT_vs_G102D,target,495,LEU169-PRO167,PRO167-LEU169,PRO374-LEU376,0.0
WT_vs_G102D,target,496,ARG171-PRO167,PRO167-ARG171,PRO374-ARG378,0.0
WT_vs_G102D,target,497,LEU170-PRO168,PRO168-LEU170,PRO375-LEU377,0.0
WT_vs_G102D,target,498,ARG171-LEU169,LEU169-ARG171,LEU376-ARG378,0.0
WT_vs_G102D,target,499,GLN172-LEU169,LEU169-GLN172,LEU376-GLN379,0.0
WT_vs_G102D,target,500,ARG171-LEU170,LEU170-ARG171,LEU377-ARG378,0.0
WT_vs_G102D,target,501,GLN172-LEU170,LEU170-GLN172,LEU377-GLN379,0.0
WT_vs_G102D,target,502,ALA173-ARG171,ARG171-ALA173,ARG378-ALA380,0.0
WT_vs_G102D,target,503,GLN172-ILE174,GLN172-ILE174,GLN379-ILE381,0.0
WT_vs_G102D,target,504,ALA173-GLU175,ALA173-GLU175,ALA380-GLU382,0.0
WT_vs_G102D,target,505,ALA173-LEU176,ALA173-LEU176,ALA380-LEU383,0.0
WT_vs_G102D,target,506,GLU175-ILE174,ILE174-GLU175,ILE381-GLU382,0.0
WT_vs_G102D,target,507,ILE174-LEU176,ILE174-LEU176,ILE381-LEU383,0.0
WT_vs_G102D,target,508,GLU175-PHE177,GLU175-PHE177,GLU382-PHE384,0.0
WT_vs_G102D,target,509,ASP178-LEU176,LEU176-ASP178,LEU383-ASP385,0.0
WT_vs_G102D,target,510,HSD179-PHE177,PHE177-HSD179,PHE384-HSD386,0.0
WT_vs_G102D,target,511,GLN180-PHE177,PHE177-GLN180,PHE384-GLN387,0.0
WT_vs_G102D,target,512,GLY181-HSD179,HSD179-GLY181,HSD386-GLY388,0.0
WT_vs_G102D,target,513,ALA182-PRO184,ALA182-PRO184,ALA389-PRO391,0.0
WT_vs_G102D,target,514,GLU183-PHE186,GLU183-PHE186,GLU390-PHE393,0.0
WT_vs_G102D,target,515,PHE186-PRO184,PRO184-PHE186,PRO391-PHE393,0.0
WT_vs_G102D,target,516,LEU187-PRO184,PRO184-LEU187,PRO391-LEU394,0.0
WT_vs_G102D,target,517,PHE188-PRO184,PRO184-PHE188,PRO391-PHE395,0.0
WT_vs_G102D,target,518,GLY189-LEU187,LEU187-GLY189,LEU394-GLY396,0.0
WT_vs_G102D,target,519,LEU187-LEU190,LEU187-LEU190,LEU394-LEU397,0.0
WT_vs_G102D,target,520,LEU190-PHE188,PHE188-LEU190,PHE395-LEU397,0.0
WT_vs_G102D,target,521,GLU191-PHE188,PHE188-GLU191,PHE395-GLU398,0.0
WT_vs_G102D,target,522,ILE193-LEU190,LEU190-ILE193,LEU397-ILE400,0.0
WT_vs_G102D,target,523,GLU191-ILE193,GLU191-ILE193,GLU398-ILE400,0.0
WT_vs_G102D,target,524,GLU191-ILE194,GLU191-ILE194,GLU398-ILE401,0.0
WT_vs_G102D,target,525,CYS195-GLU191,GLU191-CYS195,GLU398-CYS402,0.0
WT_vs_G102D,target,526,ILE194-LEU192,LEU192-ILE194,LEU399-ILE401,0.0
WT_vs_G102D,target,527,ILE194-LEU197,ILE194-LEU197,ILE401-LEU404,0.0
WT_vs_G102D,target,528,CYS195-LEU197,CYS195-LEU197,CYS402-LEU404,0.0
WT_vs_G102D,target,529,CYS195-GLU198,CYS195-GLU198,CYS402-GLU405,0.0
WT_vs_G102D,target,530,GLU198-GLY196,GLY196-GLU198,GLY403-GLU405,0.0
WT_vs_G102D,target,531,GLN200-GLU198,GLU198-GLN200,GLU405-GLN407,0.0
WT_vs_G102D,target,532,GLU198-LEU201,GLU198-LEU201,GLU405-LEU408,0.0
WT_vs_G102D,target,533,LEU201-LYS199,LYS199-LEU201,LYS406-LEU408,0.0
WT_vs_G102D,target,534,LYS199-LYS202,LYS199-LYS202,LYS406-LYS409,0.0
WT_vs_G102D,target,535,GLU204-LYS202,LYS202-GLU204,LYS409-GLU411,0.0
WT_vs_E150K,reference,1,GLN152-VAL153,GLN152-VAL153,GLN359-VAL360,1.375209973938377
WT_vs_E150K,reference,2,ARG158-GLU157,GLU157-ARG158,GLU364-ARG365,1.1737061899619503
WT_vs_E150K,reference,3,ALA97-LEU146,ALA97-LEU146,ALA304-LEU353,1.0484636591797931
WT_vs_E150K,reference,4,GLU156-GLU157,GLU156-GLU157,GLU363-GLU364,0.9799054101983343
WT_vs_E150K,reference,5,ARG158-GLU159,ARG158-GLU159,ARG365-GLU366,0.8942991847997862
WT_vs_E150K,reference,6,GLU156-LYS155,LYS155-GLU156,LYS362-GLU363,0.8278074614554668
WT_vs_E150K,reference,7,ALA154-VAL153,VAL153-ALA154,VAL360-ALA361,0.7910840097525758
WT_vs_E150K,reference,8,GLN152-HSD151,HSD151-GLN152,HSD358-GLN359,0.7236332315278353
WT_vs_E150K,reference,9,PRO161-THR160,THR160-PRO161,THR367-PRO368,0.521570787229831
WT_vs_E150K,reference,10,GLU159-THR160,GLU159-THR160,GLU366-THR367,0.5135317464382737
WT_vs_E150K,reference,11,ASP148-HSD151,ASP148-HSD151,ASP355-HSD358,0.43898436409741015
WT_vs_E150K,reference,12,ALA154-LYS155,ALA154-LYS155,ALA361-LYS362,0.3231390310347979
WT_vs_E150K,reference,13,PRO161-THR162,PRO161-THR162,PRO368-THR369,0.30232285358076616
WT_vs_E150K,reference,14,ASP148-GLU147,GLU147-ASP148,GLU354-ASP355,0.29687641747882887
WT_vs_E150K,reference,15,THR162-THR163,THR162-THR163,THR369-THR370,0.28235253387451986
WT_vs_E150K,reference,16,GLY189-PHE186,PHE186-GLY189,PHE393-GLY396,0.274823979319098
WT_vs_E150K,reference,17,SER165-THR163,THR163-SER165,THR370-SER372,0.2638627943397412
WT_vs_E150K,reference,18,ALA97-LEU90,LEU90-ALA97,LEU297-ALA304,0.26155371265233396
WT_vs_E150K,reference,19,MET166-SER165,SER165-MET166,SER372-MET373,0.244965394152172
WT_vs_E150K,reference,20,GLY143-LEU146,GLY143-LEU146,GLY350-LEU353,0.23865420851320046
WT_vs_E150K,reference,21,HSD100-VAL99,VAL99-HSD100,VAL306-HSD307,0.22469918132347633
WT_vs_E150K,reference,22,LYS98-VAL99,LYS98-VAL99,LYS305-VAL306,0.21099955783444352
WT_vs_E150K,reference,23,ILE174-PHE177,ILE174-PHE177,ILE381-PHE384,0.20961497304635732
WT_vs_E150K,reference,24,GLU147-LEU146,LEU146-GLU147,LEU353-GLU354,0.1953698381653452
WT_vs_E150K,reference,25,GLY143-LEU142,LEU142-GLY143,LEU349-GLY350,0.17902699970832647
WT_vs_E150K,reference,26,ARG171-ILE174,ARG171-ILE174,ARG378-ILE381,0.1789757823691408
WT_vs_E150K,reference,27,ALA97-GLY96,GLY96-ALA97,GLY303-ALA304,0.17647330931623362
WT_vs_E150K,reference,28,GLY189-LEU190,GLY189-LEU190,GLY396-LEU397,0.1759318186105353
WT_vs_E150K,reference,29,ARG94-ASN18,ASN18-ARG94,ASN225-ARG301,0.17492111144347505
WT_vs_E150K,reference,30,ARG87-LEU90,ARG87-LEU90,ARG294-LEU297,0.1721463053878587
WT_vs_E150K,reference,31,ALA185-PHE186,ALA185-PHE186,ALA392-PHE393,0.16979624761040646
WT_vs_E150K,reference,32,ARG171-MET166,MET166-ARG171,MET373-ARG378,0.16972907605523133
WT_vs_E150K,reference,33,ALA136-HSD139,ALA136-HSD139,ALA343-HSD346,0.15515560487192265
WT_vs_E150K,reference,34,ALA182-ALA185,ALA182-ALA185,ALA389-ALA392,0.14175333292523593
WT_vs_E150K,reference,35,GLY181-PHE177,PHE177-GLY181,PHE384-GLY388,0.13995800827980548
WT_vs_E150K,reference,36,HSD139-LEU142,HSD139-LEU142,HSD346-LEU349,0.13853057098103375
WT_vs_E150K,reference,37,HSD100-LEU101,HSD100-LEU101,HSD307-LEU308,0.1323691861056944
WT_vs_E150K,reference,38,ASP95-GLY96,ASP95-GLY96,ASP302-GLY303,0.13142654102426357
WT_vs_E150K,reference,39,ARG94-ASP95,ARG94-ASP95,ARG301-ASP302,0.12928445674945455
WT_vs_E150K,reference,40,ALA13-LEU14,ALA13-LEU14,ALA220-LEU221,0.12353831739472257
WT_vs_E150K,reference,41,ALA136-SER135,SER135-ALA136,SER342-ALA343,0.10770315593775212
WT_vs_E150K,reference,42,ASN82-PHE86,ASN82-PHE86,ASN289-PHE293,0.10651588827857378
WT_vs_E150K,reference,43,ALA182-GLY181,GLY181-ALA182,GLY388-ALA389,0.10572606604315653
WT_vs_E150K,reference,44,LEU52-VAL99,LEU52-VAL99,LEU259-VAL306,0.10235682279594208
WT_vs_E150K,reference,45,LEU190-LEU192,LEU190-LEU192,LEU397-LEU399,0.09096246744533239
WT_vs_E150K,reference,46,GLY21-GLY24,GLY21-GLY24,GLY228-GLY231,0.08861801523230574
WT_vs_E150K,reference,47,GLY102-LEU101,LEU101-GLY102,LEU308-GLY309,0.08239772598950304
WT_vs_E150K,reference,48,ALA56-HSD100,ALA56-HSD100,ALA263-HSD307,0.07262673331613506
WT_vs_E150K,reference,49,ARG87-PHE86,PHE86-ARG87,PHE293-ARG294,0.06593753045942606
WT_vs_E150K,reference,50,ILE193-LEU192,LEU192-ILE193,LEU399-ILE400,0.06091941880295571
WT_vs_E150K,reference,51,GLY24-LEU25,GLY24-LEU25,GLY231-LEU232,0.060809876002444335
WT_vs_E150K,reference,52,GLY196-ILE193,ILE193-GLY196,ILE400-GLY403,0.06023769134000883
WT_vs_E150K,reference,53,ALA89-HSD63,HSD63-ALA89,HSD270-ALA296,0.06022430129871681
WT_vs_E150K,reference,54,ASP53-THR103,ASP53-THR103,ASP260-THR310,0.05596867735745147
WT_vs_E150K,reference,55,ARG49-ASN47,ASN47-ARG49,ASN254-ARG256,0.055465220527554225
WT_vs_E150K,reference,56,ALA97-LYS98,ALA97-LYS98,ALA304-LYS305,0.049667541240220804
WT_vs_E150K,reference,57,LEU25-THR26,LEU25-THR26,LEU232-THR233,0.04788533919788334
WT_vs_E150K,reference,58,HSD66-THR65,THR65-HSD66,THR272-HSD273,0.04783316014448068
WT_vs_E150K,reference,59,LEU14-LEU16,LEU14-LEU16,LEU221-LEU223,0.04714631819519294
WT_vs_E150K,reference,60,ALA50-ASP53,ALA50-ASP53,ALA257-ASP260,0.046395030325855596
WT_vs_E150K,reference,61,GLY102-THR103,GLY102-THR103,GLY309-THR310,0.04611818369438546
WT_vs_E150K,reference,62,LEU170-PRO167,PRO167-LEU170,PRO374-LEU377,0.04550783043205776
WT_vs_E150K,reference,63,ILE10-VAL9,VAL9-ILE10,VAL216-ILE217,0.043558397896400605
WT_vs_E150K,reference,64,GLN200-LEU197,LEU197-GLN200,LEU404-GLN407,0.04267440690466422
WT_vs_E150K,reference,65,ASN18-GLU19,ASN18-GLU19,ASN225-GLU226,0.0421912043160614
WT_vs_E150K,reference,66,ASN18-LEU16,LEU16-ASN18,LEU223-ASN225,0.041763516106697644
WT_vs_E150K,reference,67,ARG49-LEU52,ARG49-LEU52,ARG256-LEU259,0.04163392096873941
WT_vs_E150K,reference,68,GLY21-VAL20,VAL20-GLY21,VAL227-GLY228,0.0410332687834562
WT_vs_E150K,reference,69,GLY21-LEU17,LEU17-GLY21,LEU224-GLY228,0.04058453772008437
WT_vs_E150K,reference,70,ALA13-ILE10,ILE10-ALA13,ILE217-ALA220,0.03836019263632568
WT_vs_E150K,reference,71,GLY196-LEU197,GLY196-LEU197,GLY403-LEU404,0.03561366282585923
WT_vs_E150K,reference,72,ALA173-LEU170,LEU170-ALA173,LEU377-ALA380,0.03500634240116669
WT_vs_E150K,reference,73,ALA56-LEU55,LEU55-ALA56,LEU262-ALA263,0.02981206619631762
WT_vs_E150K,reference,74,GLU183-GLY181,GLY181-GLU183,GLY388-GLU390,0.029758220034688487
WT_vs_E150K,reference,75,ARG104-THR103,THR103-ARG104,THR310-ARG311,0.02938426496892724
WT_vs_E150K,reference,76,ASP5-SER7,ASP5-SER7,ASP212-SER214,0.0293306336414879
WT_vs_E150K,reference,77,ASN82-LEU79,LEU79-ASN82,LEU286-ASN289,0.02930236011122099
WT_vs_E150K,reference,78,ARG28-THR26,THR26-ARG28,THR233-ARG235,0.02927898909480268
WT_vs_E150K,reference,79,GLU204-SER205,GLU204-SER205,GLU411-SER412,0.025015518949119634
WT_vs_E150K,reference,80,GLU19-VAL20,GLU19-VAL20,GLU226-VAL227,0.024962898457974857
WT_vs_E150K,reference,81,ALA31-ARG28,ARG28-ALA31,ARG235-ALA238,0.0243860757073785
WT_vs_E150K,reference,82,GLN109-THR106,THR106-GLN109,THR313-GLN316,0.02418967640227568
WT_vs_E150K,reference,83,ALA54-ASP53,ASP53-ALA54,ASP260-ALA261,0.022944432296869578
WT_vs_E150K,reference,84,HSD66-PHE67,HSD66-PHE67,HSD273-PHE274,0.021819703487622643
WT_vs_E150K,reference,85,ASN18-LEU17,LEU17-ASN18,LEU224-ASN225,0.021587351756927577
WT_vs_E150K,reference,86,LEU14-LEU17,LEU14-LEU17,LEU221-LEU224,0.021512118737478526
WT_vs_E150K,reference,87,LYS6-VAL9,LYS6-VAL9,LYS213-VAL216,0.021371221252563202
WT_vs_E150K,reference,88,PRO105-THR106,PRO105-THR106,PRO312-THR313,0.021362098131391435
WT_vs_E150K,reference,89,ASN47-LYS46,LYS46-ASN47,LYS253-ASN254,0.020165699549857957
WT_vs_E150K,reference,90,HSD64-THR65,HSD64-THR65,HSD271-THR272,0.019232303373789394
WT_vs_E150K,reference,91,SER74-TRP75,SER74-TRP75,SER281-TRP282,0.01858185786289784
WT_vs_E150K,reference,92,SER7-VAL9,SER7-VAL9,SER214-VAL216,0.018574126935646577
WT_vs_E150K,reference,93,ALA185-LEU187,ALA185-LEU187,ALA392-LEU394,0.018207932883852328
WT_vs_E150K,reference,94,LEU79-PHE78,PHE78-LEU79,PHE285-LEU286,0.01746100588604151
WT_vs_E150K,reference,95,GLU191-LEU190,LEU190-GLU191,LEU397-GLU398,0.01729818659968839
WT_vs_E150K,reference,96,LYS46-VAL45,VAL45-LYS46,VAL252-LYS253,0.017222642928187402
WT_vs_E150K,reference,97,ARG94-HSD93,HSD93-ARG94,HSD300-ARG301,0.016816655800840755
WT_vs_E150K,reference,98,GLU58-LEU55,LEU55-GLU58,LEU262-GLU265,0.01655936109087246
WT_vs_E150K,reference,99,SER135-TYR132,TYR132-SER135,TYR339-SER342,0.01598137765165714
WT_vs_E150K,reference,100,TYR42-VAL45,TYR42-VAL45,TYR249-VAL252,0.015893806342314618
WT_vs_E150K,reference,101,ALA130-ASN129,ASN129-ALA130,ASN336-ALA337,0.015589278026923678
WT_vs_E150K,reference,102,ARG104-PRO105,ARG104-PRO105,ARG311-PRO312,0.015571128516438175
WT_vs_E150K,reference,103,ASN129-TYR132,ASN129-TYR132,ASN336-TYR339,0.015521766799920381
WT_vs_E150K,reference,104,ALA118-ASN115,ASN115-ALA118,ASN322-ALA325,0.015411360851073794
WT_vs_E150K,reference,105,CYS68-PHE67,PHE67-CYS68,PHE274-CYS275,0.014932442241362275
WT_vs_E150K,reference,106,HSD63-HSD64,HSD63-HSD64,HSD270-HSD271,0.014555797465767973
WT_vs_E150K,reference,107,PHE78-TRP75,TRP75-PHE78,TRP282-PHE285,0.014408125265538781
WT_vs_E150K,reference,108,LEU131-TYR132,LEU131-TYR132,LEU338-TYR339,0.01416146487926236
WT_vs_E150K,reference,109,GLU183-PRO184,GLU183-PRO184,GLU390-PRO391,0.014024346421601799
WT_vs_E150K,reference,110,LEU169-LEU170,LEU169-LEU170,LEU376-LEU377,0.013707794313596536
WT_vs_E150K,reference,111,ALA54-ILE57,ALA54-ILE57,ALA261-ILE264,0.013661492247899584
WT_vs_E150K,reference,112,CYS203-GLN200,GLN200-CYS203,GLN407-CYS410,0.013649542744267275
WT_vs_E150K,reference,113,ASN18-GLU15,GLU15-ASN18,GLU222-ASN225,0.013495035708730717
WT_vs_E150K,reference,114,ALA130-PHE125,PHE125-ALA130,PHE332-ALA337,0.013394085185084401
WT_vs_E150K,reference,115,GLN109-THR112,GLN109-THR112,GLN316-THR319,0.013090902656232455
WT_vs_E150K,reference,116,ALA89-LEU90,ALA89-LEU90,ALA296-LEU297,0.012749424476060423
WT_vs_E150K,reference,117,GLY206-SER205,SER205-GLY206,SER412-GLY413,0.012741342118630082
WT_vs_E150K,reference,118,ALA50-ASN47,ASN47-ALA50,ASN254-ALA257,0.01230861780892763
WT_vs_E150K,reference,119,LEU41-TYR42,LEU41-TYR42,LEU248-TYR249,0.012210019855855798
WT_vs_E150K,reference,120,ARG171-GLN172,ARG171-GLN172,ARG378-GLN379,0.012092715026043204
WT_vs_E150K,reference,121,ASP5-LEU4,LEU4-ASP5,LEU211-ASP212,0.011800074005111072
WT_vs_E150K,reference,122,GLU73-SER74,GLU73-SER74,GLU280-SER281,0.011673974778173911
WT_vs_E150K,reference,123,ALA118-CYS121,ALA118-CYS121,ALA325-CYS328,0.01161282337057348
WT_vs_E150K,reference,124,GLN172-GLU175,GLN172-GLU175,GLN379-GLU382,0.011572042729395729
WT_vs_E150K,reference,125,ALA56-MET59,ALA56-MET59,ALA263-MET266,0.011481753839449153
WT_vs_E150K,reference,126,CYS121-PHE125,CYS121-PHE125,CYS328-PHE332,0.011380062539606974
WT_vs_E150K,reference,127,ASN115-THR112,THR112-ASN115,THR319-ASN322,0.010862147605485234
WT_vs_E150K,reference,128,CYS203-GLU204,CYS203-GLU204,CYS410-GLU411,0.010339480495885001
WT_vs_E150K,reference,129,GLN38-GLU37,GLU37-GLN38,GLU244-GLN245,0.010301451462090624
WT_vs_E150K,reference,130,ASP178-GLU175,GLU175-ASP178,GLU382-ASP385,0.010246819624339504
WT_vs_E150K,reference,131,GLN38-LEU41,GLN38-LEU41,GLN245-LEU248,0.010223841471272265
WT_vs_E150K,reference,132,GLU71-LEU70,LEU70-GLU71,LEU277-GLU278,0.010053666012191743
WT_vs_E150K,reference,133,GLY96-LEU90,LEU90-GLY96,LEU297-GLY303,0.009787543454286675
WT_vs_E150K,reference,134,ALA56-ILE57,ALA56-ILE57,ALA263-ILE264,0.009732106387653362
WT_vs_E150K,reference,135,GLU73-GLY72,GLY72-GLU73,GLY279-GLU280,0.009687366247333292
WT_vs_E150K,reference,136,GLU128-LEU131,GLU128-LEU131,GLU335-LEU338,0.009462652949892002
WT_vs_E150K,reference,137,CYS68-PRO69,CYS68-PRO69,CYS275-PRO276,0.009405830158574054
WT_vs_E150K,reference,138,MET166-PRO167,MET166-PRO167,MET373-PRO374,0.009372750088931438
WT_vs_E150K,reference,139,ALA173-ILE174,ALA173-ILE174,ALA380-ILE381,0.009248514470499406
WT_vs_E150K,reference,140,ASP178-GLN180,ASP178-GLN180,ASP385-GLN387,0.009146565544491007
WT_vs_E150K,reference,141,CYS195-ILE194,ILE194-CYS195,ILE401-CYS402,0.009096261951076164
WT_vs_E150K,reference,142,ARG3-LEU4,ARG3-LEU4,ARG210-LEU211,0.00900701171543429
WT_vs_E150K,reference,143,CYS195-LEU192,LEU192-CYS195,LEU399-CYS402,0.008763598824233769
WT_vs_E150K,reference,144,GLY21-ILE22,GLY21-ILE22,GLY228-ILE229,0.008487903077458387
WT_vs_E150K,reference,145,ALA83-PHE86,ALA83-PHE86,ALA290-PHE293,0.00815630595690178
WT_vs_E150K,reference,146,LEU146-VAL145,VAL145-LEU146,VAL352-LEU353,0.008130949323945414
WT_vs_E150K,reference,147,GLN149-GLU150,GLN149-GLU150,GLN356-GLU357,0.008067339102484682
WT_vs_E150K,reference,148,THR26-THR27,THR26-THR27,THR233-THR234,0.007742603984228035
WT_vs_E150K,reference,149,GLU175-LEU176,GLU175-LEU176,GLU382-LEU383,0.007703501954280416
WT_vs_E150K,reference,150,GLU71-GLY72,GLU71-GLY72,GLU278-GLY279,0.007366844987143985
WT_vs_E150K,reference,151,ALA133-ALA136,ALA133-ALA136,ALA340-ALA343,0.007360996437624416
WT_vs_E150K,reference,152,GLN76-LEU79,GLN76-LEU79,GLN283-LEU286,0.007250297762845829
WT_vs_E150K,reference,153,GLU37-VAL36,VAL36-GLU37,VAL243-GLU244,0.007060263813504377
WT_vs_E150K,reference,154,GLY196-LYS199,GLY196-LYS199,GLY403-LYS406,0.00690450488349798
WT_vs_E150K,reference,155,MET1-SER2,MET1-SER2,MET208-SER209,0.0066044148148928766
WT_vs_E150K,reference,156,ALA56-ASP53,ASP53-ALA56,ASP260-ALA263,0.006436448803897217
WT_vs_E150K,reference,157,ARG3-SER2,SER2-ARG3,SER209-ARG210,0.006257246365315377
WT_vs_E150K,reference,158,ARG87-LYS84,LYS84-ARG87,LYS291-ARG294,0.006228370793080868
WT_vs_E150K,reference,159,ILE57-LEU60,ILE57-LEU60,ILE264-LEU267,0.006044972162008353
WT_vs_E150K,reference,160,GLY206-SER207,GLY206-SER207,GLY413-SER414,0.005930567418806631
WT_vs_E150K,reference,161,GLU147-GLU150,GLU147-GLU150,GLU354-GLU357,0.005876962118438994
WT_vs_E150K,reference,162,HSD93-LEU91,LEU91-HSD93,LEU298-HSD300,0.005873238040057475
WT_vs_E150K,reference,163,CYS144-LEU146,CYS144-LEU146,CYS351-LEU353,0.0055386153383837925
WT_vs_E150K,reference,164,GLY124-PHE125,GLY124-PHE125,GLY331-PHE332,0.0055021616674050065
WT_vs_E150K,reference,165,GLY143-THR141,THR141-GLY143,THR348-GLY350,0.0054430066286591805
WT_vs_E150K,reference,166,CYS144-GLU147,CYS144-GLU147,CYS351-GLU354,0.005231612125437635
WT_vs_E150K,reference,167,ALA89-PHE86,PHE86-ALA89,PHE293-ALA296,0.0050218318148073406
WT_vs_E150K,reference,168,PHE140-VAL137,VAL137-PHE140,VAL344-PHE347,0.004950534985004887
WT_vs_E150K,reference,169,PRO39-TYR42,PRO39-TYR42,PRO246-TYR249,0.00487658744747575
WT_vs_E150K,reference,170,CYS88-LEU91,CYS88-LEU91,CYS295-LEU298,0.004862259244410963
WT_vs_E150K,reference,171,GLU107-THR106,THR106-GLU107,THR313-GLU314,0.004859913188978743
WT_vs_E150K,reference,172,LEU14-SER12,SER12-LEU14,SER219-LEU221,0.004712846093487318
WT_vs_E150K,reference,173,ALA185-PHE188,ALA185-PHE188,ALA392-PHE395,0.004701994670132346
WT_vs_E150K,reference,174,LEU120-PHE125,LEU120-PHE125,LEU327-PHE332,0.00438468258320956
WT_vs_E150K,reference,175,ASN81-SER85,ASN81-SER85,ASN288-SER292,0.004286752517650943
WT_vs_E150K,reference,176,ARG80-ASP77,ASP77-ARG80,ASP284-ARG287,0.004082628991082028
WT_vs_E150K,reference,177,ARG80-ASN81,ARG80-ASN81,ARG287-ASN288,0.004063827207099368
WT_vs_E150K,reference,178,GLN109-TYR110,GLN109-TYR110,GLN316-TYR317,0.00404329566962666
WT_vs_E150K,reference,179,ALA31-VAL36,ALA31-VAL36,ALA238-VAL243,0.003992062997766593
WT_vs_E150K,reference,180,LEU134-SER135,LEU134-SER135,LEU341-SER342,0.0038837835631504065
WT_vs_E150K,reference,181,GLY143-PHE140,PHE140-GLY143,PHE347-GLY350,0.0038675783261587454
WT_vs_E150K,reference,182,CYS88-SER85,SER85-CYS88,SER292-CYS295,0.0038519425100288674
WT_vs_E150K,reference,183,ARG87-SER85,SER85-ARG87,SER292-ARG294,0.0037826578208734673
WT_vs_E150K,reference,184,GLN180-GLY181,GLN180-GLY181,GLN387-GLY388,0.003669931958593447
WT_vs_E150K,reference,185,ASP53-LEU51,LEU51-ASP53,LEU258-ASP260,0.0036156780397160635
WT_vs_E150K,reference,186,ASP164-THR163,THR163-ASP164,THR370-ASP371,0.0035844944873986064
WT_vs_E150K,reference,187,ASN115-GLU114,GLU114-ASN115,GLU321-ASN322,0.0035076547295208715
WT_vs_E150K,reference,188,GLN116-LEU117,GLN116-LEU117,GLN323-LEU324,0.0034526598681045738
WT_vs_E150K,reference,189,GLN32-LEU30,LEU30-GLN32,LEU237-GLN239,0.003405318295283318
WT_vs_E150K,reference,190,HSD93-SER92,SER92-HSD93,SER299-HSD300,0.0033149418346480703
WT_vs_E150K,reference,191,GLY138-HSD139,GLY138-HSD139,GLY345-HSD346,0.003298473712907181
WT_vs_E150K,reference,192,ARG62-HSD63,ARG62-HSD63,ARG269-HSD270,0.0031989069830304253
WT_vs_E150K,reference,193,GLU107-LYS108,GLU107-LYS108,GLU314-LYS315,0.0031529404185416674
WT_vs_E150K,reference,194,HSD44-VAL45,HSD44-VAL45,HSD251-VAL252,0.003120609469171979
WT_vs_E150K,reference,195,ARG28-LEU30,ARG28-LEU30,ARG235-LEU237,0.0030484207623635556
WT_vs_E150K,reference,196,ILE22-LEU25,ILE22-LEU25,ILE229-LEU232,0.0030467510285444414
WT_vs_E150K,reference,197,GLN123-GLY124,GLN123-GLY124,GLN330-GLY331,0.002948768960380933
WT_vs_E150K,reference,198,GLU128-LEU127,LEU127-GLU128,LEU334-GLU335,0.0028419613372227138
WT_vs_E150K,reference,199,LEU60-MET59,MET59-LEU60,MET266-LEU267,0.002789878145775259
WT_vs_E150K,reference,200,GLN116-LEU113,LEU113-GLN116,LEU320-GLN323,0.002723941513415697
WT_vs_E150K,reference,201,GLU198-LYS199,GLU198-LYS199,GLU405-LYS406,0.002635865651998688
WT_vs_E150K,reference,202,ALA83-ARG80,ARG80-ALA83,ARG287-ALA290,0.002527278494340017
WT_vs_E150K,reference,203,ASN11-SER12,ASN11-SER12,ASN218-SER219,0.002417614877258374
WT_vs_E150K,reference,204,ALA31-LEU34,ALA31-LEU34,ALA238-LEU241,0.0023779442237521686
WT_vs_E150K,reference,205,GLU147-VAL145,VAL145-GLU147,VAL352-GLU354,0.0023617555605007783
WT_vs_E150K,reference,206,LEU120-PHE119,PHE119-LEU120,PHE326-LEU327,0.0023214023699902517
WT_vs_E150K,reference,207,LEU90-LEU91,LEU90-LEU91,LEU297-LEU298,0.00229980909381717
WT_vs_E150K,reference,208,ARG87-CYS88,ARG87-CYS88,ARG294-CYS295,0.0022836862253926998
WT_vs_E150K,reference,209,GLU111-TYR110,TYR110-GLU111,TYR317-GLU318,0.002261493013335327
WT_vs_E150K,reference,210,ALA89-LEU60,LEU60-ALA89,LEU267-ALA296,0.0022607707518501508
WT_vs_E150K,reference,211,GLN200-LEU201,GLN200-LEU201,GLN407-LEU408,0.0022413582474074926
WT_vs_E150K,reference,212,CYS144-GLY143,GLY143-CYS144,GLY350-CYS351,0.002228415950056111
WT_vs_E150K,reference,213,LEU16-LEU17,LEU16-LEU17,LEU223-LEU224,0.0022119806296585186
WT_vs_E150K,reference,214,ASP178-HSD179,ASP178-HSD179,ASP385-HSD386,0.0021801825625055197
WT_vs_E150K,reference,215,GLU128-SER126,SER126-GLU128,SER333-GLU335,0.0020516011416291734
WT_vs_E150K,reference,216,GLU23-ILE22,ILE22-GLU23,ILE229-GLU230,0.0019773418698778864
WT_vs_E150K,reference,217,CYS144-VAL145,CYS144-VAL145,CYS351-VAL352,0.001975887035538208
WT_vs_E150K,reference,218,PRO167-PRO168,PRO167-PRO168,PRO374-PRO375,0.0018919899488843415
WT_vs_E150K,reference,219,LEU117-LEU120,LEU117-LEU120,LEU324-LEU327,0.001890411497029572
WT_vs_E150K,reference,220,GLU111-GLU114,GLU111-GLU114,GLU318-GLU321,0.0018432630700730478
WT_vs_E150K,reference,221,HSD44-TRP43,TRP43-HSD44,TRP250-HSD251,0.0018273876241911432
WT_vs_E150K,reference,222,ALA136-VAL137,ALA136-VAL137,ALA343-VAL344,0.0018004509601331333
WT_vs_E150K,reference,223,LEU52-LEU55,LEU52-LEU55,LEU259-LEU262,0.001793113166360154
WT_vs_E150K,reference,224,GLU150-HSD151,GLU150-HSD151,GLU357-HSD358,0.0017866140232613203
WT_vs_E150K,reference,225,ALA185-GLU183,GLU183-ALA185,GLU390-ALA392,0.0017764430490858196
WT_vs_E150K,reference,226,LEU70-PRO69,PRO69-LEU70,PRO276-LEU277,0.001756253982725941
WT_vs_E150K,reference,227,GLN32-LYS33,GLN32-LYS33,GLN239-LYS240,0.0017518312226429207
WT_vs_E150K,reference,228,GLU23-GLY24,GLU23-GLY24,GLU230-GLY231,0.0017392853549471692
WT_vs_E150K,reference,229,PRO39-THR40,PRO39-THR40,PRO246-THR247,0.0016860433087833287
WT_vs_E150K,reference,230,ARG49-LYS48,LYS48-ARG49,LYS255-ARG256,0.0016609010443979014
WT_vs_E150K,reference,231,GLN180-HSD179,HSD179-GLN180,HSD386-GLN387,0.0016556382753709579
WT_vs_E150K,reference,232,GLY35-VAL36,GLY35-VAL36,GLY242-VAL243,0.0016387262788037347
WT_vs_E150K,reference,233,ALA50-ARG49,ARG49-ALA50,ARG256-ALA257,0.0016262084521984428
WT_vs_E150K,reference,234,HSD64-LEU60,LEU60-HSD64,LEU267-HSD271,0.001589676769007461
WT_vs_E150K,reference,235,ASP178-GLY181,ASP178-GLY181,ASP385-GLY388,0.0015832163110444716
WT_vs_E150K,reference,236,PHE140-THR141,PHE140-THR141,PHE347-THR348,0.0015669492437652107
WT_vs_E150K,reference,237,CYS121-GLN122,CYS121-GLN122,CYS328-GLN329,0.0015254485347734824
WT_vs_E150K,reference,238,LYS29-THR26,THR26-LYS29,THR233-LYS236,0.00148517939626758
WT_vs_E150K,reference,239,LEU51-LEU52,LEU51-LEU52,LEU258-LEU259,0.0014179155086446564
WT_vs_E150K,reference,240,ASP61-GLU58,GLU58-ASP61,GLU265-ASP268,0.0013076172819529845
WT_vs_E150K,reference,241,PHE125-SER126,PHE125-SER126,PHE332-SER333,0.001293636049149591
WT_vs_E150K,reference,242,LYS8-VAL9,LYS8-VAL9,LYS215-VAL216,0.0012834006560057919
WT_vs_E150K,reference,243,GLN149-HSD151,GLN149-HSD151,GLN356-HSD358,0.0011625174098421971
WT_vs_E150K,reference,244,LEU34-VAL36,LEU34-VAL36,LEU241-VAL243,0.0011500957508621542
WT_vs_E150K,reference,245,ALA118-PHE119,ALA118-PHE119,ALA325-PHE326,0.0011446502620070294
WT_vs_E150K,reference,246,CYS144-THR141,THR141-CYS144,THR348-CYS351,0.00113848891730467
WT_vs_E150K,reference,247,ILE22-LEU17,LEU17-ILE22,LEU224-ILE229,0.001120331919049129
WT_vs_E150K,reference,248,ALA136-GLY138,ALA136-GLY138,ALA343-GLY345,0.0011031725566738946
WT_vs_E150K,reference,249,ARG171-PRO168,PRO168-ARG171,PRO375-ARG378,0.0010231663122806972
WT_vs_E150K,reference,250,GLY196-ILE194,ILE194-GLY196,ILE401-GLY403,0.0009457390578436718
WT_vs_E150K,reference,251,GLN200-LYS202,GLN200-LYS202,GLN407-LYS409,0.0009010056894768737
WT_vs_E150K,reference,252,ASP61-HSD64,ASP61-HSD64,ASP268-HSD271,0.0009008854498633793
WT_vs_E150K,reference,253,LEU113-TYR110,TYR110-LEU113,TYR317-LEU320,0.0008575595968316401
WT_vs_E150K,reference,254,ASN81-LYS84,ASN81-LYS84,ASN288-LYS291,0.0008529693292091377
WT_vs_E150K,reference,255,ARG28-THR27,THR27-ARG28,THR234-ARG235,0.0008098240797787408
WT_vs_E150K,reference,256,ASP77-SER74,SER74-ASP77,SER281-ASP284,0.000746076023549105
WT_vs_E150K,reference,257,ASP164-SER165,ASP164-SER165,ASP371-SER372,0.0007460423172318562
WT_vs_E150K,reference,258,ASP61-LEU60,LEU60-ASP61,LEU267-ASP268,0.0007371719112772923
WT_vs_E150K,reference,259,HSD139-PHE140,HSD139-PHE140,HSD346-PHE347,0.0007047146264720568
WT_vs_E150K,reference,260,LEU113-THR112,THR112-LEU113,THR319-LEU320,0.000683111243182716
WT_vs_E150K,reference,261,CYS121-GLY124,CYS121-GLY124,CYS328-GLY331,0.000674578047898153
WT_vs_E150K,reference,262,GLY189-PHE188,PHE188-GLY189,PHE395-GLY396,0.0006615580274101627
WT_vs_E150K,reference,263,GLU107-TYR110,GLU107-TYR110,GLU314-TYR317,0.0006396494600915237
WT_vs_E150K,reference,264,ASP53-LEU52,LEU52-ASP53,LEU259-ASP260,0.0006247853785398291
WT_vs_E150K,reference,265,GLY35-LEU34,LEU34-GLY35,LEU241-GLY242,0.0006202227290206177
WT_vs_E150K,reference,266,GLU114-THR112,THR112-GLU114,THR319-GLU321,0.0006175051786563046
WT_vs_E150K,reference,267,LEU169-PRO168,PRO168-LEU169,PRO375-LEU376,0.000595035843797608
WT_vs_E150K,reference,268,LEU17-VAL20,LEU17-VAL20,LEU224-VAL227,0.0005946168262199336
WT_vs_E150K,reference,269,LEU187-PHE188,LEU187-PHE188,LEU394-PHE395,0.0005908757167590573
WT_vs_E150K,reference,270,ASP5-LYS6,ASP5-LYS6,ASP212-LYS213,0.0005616189287680954
WT_vs_E150K,reference,271,LEU134-TYR132,TYR132-LEU134,TYR339-LEU341,0.0005605687564674315
WT_vs_E150K,reference,272,TRP43-TYR42,TYR42-TRP43,TYR249-TRP250,0.0005534025770896178
WT_vs_E150K,reference,273,LEU51-LYS48,LYS48-LEU51,LYS255-LEU258,0.0005407394550136814
WT_vs_E150K,reference,274,LEU34-LYS33,LYS33-LEU34,LYS240-LEU241,0.0005341879872016798
WT_vs_E150K,reference,275,GLU58-ILE57,ILE57-GLU58,ILE264-GLU265,0.0005011180436671058
WT_vs_E150K,reference,276,LYS108-TYR110,LYS108-TYR110,LYS315-TYR317,0.00048539929237501956
WT_vs_E150K,reference,277,GLN32-LEU34,GLN32-LEU34,GLN239-LEU241,0.0004822756220430547
WT_vs_E150K,reference,278,ALA133-TYR132,TYR132-ALA133,TYR339-ALA340,0.00047045149134197447
WT_vs_E150K,reference,279,GLU15-LEU14,LEU14-GLU15,LEU221-GLU222,0.0004686889284361394
WT_vs_E150K,reference,280,ALA185-PRO184,PRO184-ALA185,PRO391-ALA392,0.0004572319769969125
WT_vs_E150K,reference,281,ARG62-MET59,MET59-ARG62,MET266-ARG269,0.0004454216687559857
WT_vs_E150K,reference,282,ALA31-LEU30,LEU30-ALA31,LEU237-ALA238,0.00042355515281137054
WT_vs_E150K,reference,283,LYS6-SER7,LYS6-SER7,LYS213-SER214,0.0004229476251244558
WT_vs_E150K,reference,284,HSD44-LEU41,LEU41-HSD44,LEU248-HSD251,0.00037501576857116724
WT_vs_E150K,reference,285,GLU37-THR40,GLU37-THR40,GLU244-THR247,0.0003718190914816362
WT_vs_E150K,reference,286,ALA89-LEU91,ALA89-LEU91,ALA296-LEU298,0.0003630006203648433
WT_vs_E150K,reference,287,GLN122-PHE119,PHE119-GLN122,PHE326-GLN329,0.0003611609994137294
WT_vs_E150K,reference,288,LEU91-SER92,LEU91-SER92,LEU298-SER299,0.0003480987891050878
WT_vs_E150K,reference,289,ALA89-ARG87,ARG87-ALA89,ARG294-ALA296,0.0003452994249288193
WT_vs_E150K,reference,290,GLU191-LEU192,GLU191-LEU192,GLU398-LEU399,0.00033086998836617733
WT_vs_E150K,reference,291,ALA173-GLN172,GLN172-ALA173,GLN379-ALA380,0.0003287528139763134
WT_vs_E150K,reference,292,LEU30-LYS29,LYS29-LEU30,LYS236-LEU237,0.0003259641775510814
WT_vs_E150K,reference,293,ARG171-PRO167,PRO167-ARG171,PRO374-ARG378,0.0003190070465917984
WT_vs_E150K,reference,294,GLU15-LEU16,GLU15-LEU16,GLU222-LEU223,0.00030584021794650187
WT_vs_E150K,reference,295,GLN76-SER74,SER74-GLN76,SER281-GLN283,0.00030341517647671304
WT_vs_E150K,reference,296,LEU41-PRO39,PRO39-LEU41,PRO246-LEU248,0.0002839805114968618
WT_vs_E150K,reference,297,LEU176-PHE177,LEU176-PHE177,LEU383-PHE384,0.00025251690773380196
WT_vs_E150K,reference,298,LEU127-SER126,SER126-LEU127,SER333-LEU334,0.00023597965842175723
WT_vs_E150K,reference,299,ASP148-GLN149,ASP148-GLN149,ASP355-GLN356,0.00023043956808387468
WT_vs_E150K,reference,300,GLN200-LYS199,LYS199-GLN200,LYS406-GLN407,0.00021220645589790883
WT_vs_E150K,reference,301,ASP77-GLN76,GLN76-ASP77,GLN283-ASP284,0.00020678382795546814
WT_vs_E150K,reference,302,ASN11-LYS8,LYS8-ASN11,LYS215-ASN218,0.00020500930529059267
WT_vs_E150K,reference,303,LYS8-SER7,SER7-LYS8,SER214-LYS215,0.00020085442286955194
WT_vs_E150K,reference,304,CYS121-LEU120,LEU120-CYS121,LEU327-CYS328,0.00019512215308865096
WT_vs_E150K,reference,305,GLN109-LYS108,LYS108-GLN109,LYS315-GLN316,0.00018889495974207682
WT_vs_E150K,reference,306,ALA50-LEU51,ALA50-LEU51,ALA257-LEU258,0.00017664690208371754
WT_vs_E150K,reference,307,THR112-TYR110,TYR110-THR112,TYR317-THR319,0.00017263381126753972
WT_vs_E150K,reference,308,ASN11-ILE10,ILE10-ASN11,ILE217-ASN218,0.0001682560504591047
WT_vs_E150K,reference,309,ALA182-GLU183,ALA182-GLU183,ALA389-GLU390,0.00015979899173812026
WT_vs_E150K,reference,310,ALA54-LEU51,LEU51-ALA54,LEU258-ALA261,0.00015724109848766157
WT_vs_E150K,reference,311,ARG62-ASP61,ASP61-ARG62,ASP268-ARG269,0.0001510850482999501
WT_vs_E150K,reference,312,ALA83-LYS84,ALA83-LYS84,ALA290-LYS291,0.0001503164692990246
WT_vs_E150K,reference,313,ALA130-LEU131,ALA130-LEU131,ALA337-LEU338,0.00013846260200274936
WT_vs_E150K,reference,314,ILE193-ILE194,ILE193-ILE194,ILE400-ILE401,0.00013760381912848805
WT_vs_E150K,reference,315,ARG80-LEU79,LEU79-ARG80,LEU286-ARG287,0.00013563061682116438
WT_vs_E150K,reference,316,ASP178-PHE177,PHE177-ASP178,PHE384-ASP385,0.00013505853093667827
WT_vs_E150K,reference,317,ASN47-LYS48,ASN47-LYS48,ASN254-LYS255,0.0001325302421499041
WT_vs_E150K,reference,318,ALA83-ASN82,ASN82-ALA83,ASN289-ALA290,0.00012543460037597873
WT_vs_E150K,reference,319,ARG62-HSD64,ARG62-HSD64,ARG269-HSD271,0.00012509655630260245
WT_vs_E150K,reference,320,LEU187-PHE186,PHE186-LEU187,PHE393-LEU394,0.00011859932126738934
WT_vs_E150K,reference,321,GLN116-PHE119,GLN116-PHE119,GLN323-PHE326,0.00011846271065426322
WT_vs_E150K,reference,322,ALA89-CYS88,CYS88-ALA89,CYS295-ALA296,0.00011713941398477795
WT_vs_E150K,reference,323,ALA89-SER92,ALA89-SER92,ALA296-SER299,9.113982840341835e-05
WT_vs_E150K,reference,324,GLU114-LEU117,GLU114-LEU117,GLU321-LEU324,7.114957270263594e-05
WT_vs_E150K,reference,325,LEU142-THR141,THR141-LEU142,THR348-LEU349,7.02845408541353e-05
WT_vs_E150K,reference,326,LEU187-PRO184,PRO184-LEU187,PRO391-LEU394,6.99608705630982e-05
WT_vs_E150K,reference,327,HSD179-LEU176,LEU176-HSD179,LEU383-HSD386,6.487985466052977e-05
WT_vs_E150K,reference,328,LEU142-PHE140,PHE140-LEU142,PHE347-LEU349,6.253840053526655e-05
WT_vs_E150K,reference,329,GLY138-VAL137,VAL137-GLY138,VAL344-GLY345,5.976654216202979e-05
WT_vs_E150K,reference,330,GLN123-LEU120,LEU120-GLN123,LEU327-GLN330,5.9447967232600886e-05
WT_vs_E150K,reference,331,ALA133-LEU134,ALA133-LEU134,ALA340-LEU341,5.832271178383465e-05
WT_vs_E150K,reference,332,CYS203-LEU201,LEU201-CYS203,LEU408-CYS410,5.722604660499347e-05
WT_vs_E150K,reference,333,GLU114-LEU113,LEU113-GLU114,LEU320-GLU321,5.40227004514531e-05
WT_vs_E150K,reference,334,ALA118-LEU117,LEU117-ALA118,LEU324-ALA325,4.849772060070123e-05
WT_vs_E150K,reference,335,ARG49-LEU51,ARG49-LEU51,ARG256-LEU258,4.512561832747116e-05
WT_vs_E150K,reference,336,HSD63-LEU60,LEU60-HSD63,LEU267-HSD270,4.357418835694229e-05
WT_vs_E150K,reference,337,GLN32-LYS29,LYS29-GLN32,LYS236-GLN239,4.266187387915043e-05
WT_vs_E150K,reference,338,CYS121-PHE119,PHE119-CYS121,PHE326-CYS328,4.2429388250741943e-05
WT_vs_E150K,reference,339,GLU191-PHE188,PHE188-GLU191,PHE395-GLU398,4.235019101933097e-05
WT_vs_E150K,reference,340,ALA54-LEU55,ALA54-LEU55,ALA261-LEU262,3.8262432455756515e-05
WT_vs_E150K,reference,341,GLN76-PHE78,GLN76-PHE78,GLN283-PHE285,3.746424673644306e-05
WT_vs_E150K,reference,342,GLN76-TRP75,TRP75-GLN76,TRP282-GLN283,3.293500653981095e-05
WT_vs_E150K,reference,343,GLU58-LEU60,GLU58-LEU60,GLU265-LEU267,3.154836696279568e-05
WT_vs_E150K,reference,344,ASP77-PHE78,ASP77-PHE78,ASP284-PHE285,2.9482498704755663e-05
WT_vs_E150K,reference,345,ASN81-ASN82,ASN81-ASN82,ASN288-ASN289,2.9053257313608844e-05
WT_vs_E150K,reference,346,PHE186-PHE188,PHE186-PHE188,PHE393-PHE395,2.806650591060787e-05
WT_vs_E150K,reference,347,ALA130-GLU128,GLU128-ALA130,GLU335-ALA337,2.7507417341250764e-05
WT_vs_E150K,reference,348,LEU197-LYS199,LEU197-LYS199,LEU404-LYS406,2.510012115403399e-05
WT_vs_E150K,reference,349,ALA31-GLN32,ALA31-GLN32,ALA238-GLN239,2.3494864605094292e-05
WT_vs_E150K,reference,350,CYS203-LYS202,LYS202-CYS203,LYS409-CYS410,2.2481496973801552e-05
WT_vs_E150K,reference,351,LEU16-VAL20,LEU16-VAL20,LEU223-VAL227,2.241626414573142e-05
WT_vs_E150K,reference,352,LEU41-THR40,THR40-LEU41,THR247-LEU248,2.1239901300850954e-05
WT_vs_E150K,reference,353,ASN129-GLU128,GLU128-ASN129,GLU335-ASN336,1.8940598199158202e-05
WT_vs_E150K,reference,354,PHE86-SER85,SER85-PHE86,SER292-PHE293,1.860896821849044e-05
WT_vs_E150K,reference,355,LYS84-SER85,LYS84-SER85,LYS291-SER292,1.851515051635461e-05
WT_vs_E150K,reference,356,ARG28-LYS29,ARG28-LYS29,ARG235-LYS236,1.8483865204072035e-05
WT_vs_E150K,reference,357,THR40-TRP43,THR40-TRP43,THR247-TRP250,1.7697612865639948e-05
WT_vs_E150K,reference,358,HSD44-TYR42,TYR42-HSD44,TYR249-HSD251,1.6802683640027197e-05
WT_vs_E150K,reference,359,ASN81-PHE78,PHE78-ASN81,PHE285-ASN288,1.6644046072568326e-05
WT_vs_E150K,reference,360,ALA83-SER85,ALA83-SER85,ALA290-SER292,1.6267087710759214e-05
WT_vs_E150K,reference,361,ASN129-LEU131,ASN129-LEU131,ASN336-LEU338,1.566529402159464e-05
WT_vs_E150K,reference,362,ASN82-SER85,ASN82-SER85,ASN289-SER292,1.5251471919171025e-05
WT_vs_E150K,reference,363,GLU111-THR112,GLU111-THR112,GLU318-THR319,1.5249387419105854e-05
WT_vs_E150K,reference,364,LEU117-PHE119,LEU117-PHE119,LEU324-PHE326,1.4326292617078246e-05
WT_vs_E150K,reference,365,ALA13-SER12,SER12-ALA13,SER219-ALA220,1.1726415594192909e-05
WT_vs_E150K,reference,366,ARG80-ASN82,ARG80-ASN82,ARG287-ASN289,1.1030738988783423e-05
WT_vs_E150K,reference,367,GLU15-SER12,SER12-GLU15,SER219-GLU222,1.0764135798338947e-05
WT_vs_E150K,reference,368,ASN115-GLN116,ASN115-GLN116,ASN322-GLN323,1.066392269015131e-05
WT_vs_E150K,reference,369,GLU58-MET59,GLU58-MET59,GLU265-MET266,1.0093795909105383e-05
WT_vs_E150K,reference,370,ILE57-LEU55,LEU55-ILE57,LEU262-ILE264,1.008378092202153e-05
WT_vs_E150K,reference,371,GLN122-GLY124,GLN122-GLY124,GLN329-GLY331,5.692507737586629e-06
WT_vs_E150K,reference,372,GLN122-GLN123,GLN122-GLN123,GLN329-GLN330,4.715345948029807e-06
WT_vs_E150K,reference,373,LEU201-LYS202,LEU201-LYS202,LEU408-LYS409,4.563942305309735e-06
WT_vs_E150K,reference,374,ASP5-LYS8,ASP5-LYS8,ASP212-LYS215,0.0
WT_vs_E150K,reference,375,LYS6-LYS8,LYS6-LYS8,LYS213-LYS215,0.0
WT_vs_E150K,reference,376,ILE10-SER7,SER7-ILE10,SER214-ILE217,0.0
WT_vs_E150K,reference,377,ILE10-LYS8,LYS8-ILE10,LYS215-ILE217,0.0
WT_vs_E150K,reference,378,ASN11-VAL9,VAL9-ASN11,VAL216-ASN218,0.0
WT_vs_E150K,reference,379,SER12-VAL9,VAL9-SER12,VAL216-SER219,0.0
WT_vs_E150K,reference,380,ILE10-SER12,ILE10-SER12,ILE217-SER219,0.0
WT_vs_E150K,reference,381,ALA13-ASN11,ASN11-ALA13,ASN218-ALA220,0.0
WT_vs_E150K,reference,382,ASN11-LEU14,ASN11-LEU14,ASN218-LEU221,0.0
WT_vs_E150K,reference,383,ALA13-GLU15,ALA13-GLU15,ALA220-GLU222,0.0
WT_vs_E150K,reference,384,ALA13-LEU16,ALA13-LEU16,ALA220-LEU223,0.0
WT_vs_E150K,reference,385,GLU15-LEU17,GLU15-LEU17,GLU222-LEU224,0.0
WT_vs_E150K,reference,386,GLU19-LEU16,LEU16-GLU19,LEU223-GLU226,0.0
WT_vs_E150K,reference,387,GLU19-LEU17,LEU17-GLU19,LEU224-GLU226,0.0
WT_vs_E150K,reference,388,ASN18-GLY21,ASN18-GLY21,ASN225-GLY228,0.0
WT_vs_E150K,reference,389,GLY24-VAL20,VAL20-GLY24,VAL227-GLY231,0.0
WT_vs_E150K,reference,390,GLU23-GLY21,GLY21-GLU23,GLY228-GLU230,0.0
WT_vs_E150K,reference,391,GLY24-ILE22,ILE22-GLY24,ILE229-GLY231,0.0
WT_vs_E150K,reference,392,GLU23-LEU25,GLU23-LEU25,GLU230-LEU232,0.0
WT_vs_E150K,reference,393,LYS29-THR27,THR27-LYS29,THR234-LYS236,0.0
WT_vs_E150K,reference,394,LEU30-THR27,THR27-LEU30,THR234-LEU237,0.0
WT_vs_E150K,reference,395,ALA31-LYS29,LYS29-ALA31,LYS236-ALA238,0.0
WT_vs_E150K,reference,396,LEU30-LYS33,LEU30-LYS33,LEU237-LYS240,0.0
WT_vs_E150K,reference,397,ALA31-LYS33,ALA31-LYS33,ALA238-LYS240,0.0
WT_vs_E150K,reference,398,ALA31-GLY35,ALA31-GLY35,ALA238-GLY242,0.0
WT_vs_E150K,reference,399,GLN32-GLY35,GLN32-GLY35,GLN239-GLY242,0.0
WT_vs_E150K,reference,400,GLY35-LYS33,LYS33-GLY35,LYS240-GLY242,0.0
WT_vs_E150K,reference,401,GLU37-PRO39,GLU37-PRO39,GLU244-PRO246,0.0
WT_vs_E150K,reference,402,GLN38-PRO39,GLN38-PRO39,GLN245-PRO246,0.0
WT_vs_E150K,reference,403,GLN38-THR40,GLN38-THR40,GLN245-THR247,0.0
WT_vs_E150K,reference,404,THR40-TYR42,THR40-TYR42,THR247-TYR249,0.0
WT_vs_E150K,reference,405,LEU41-TRP43,LEU41-TRP43,LEU248-TRP250,0.0
WT_vs_E150K,reference,406,LYS46-TYR42,TYR42-LYS46,TYR249-LYS253,0.0
WT_vs_E150K,reference,407,TRP43-VAL45,TRP43-VAL45,TRP250-VAL252,0.0
WT_vs_E150K,reference,408,ASN47-VAL45,VAL45-ASN47,VAL252-ASN254,0.0
WT_vs_E150K,reference,409,ALA50-LYS48,LYS48-ALA50,LYS255-ALA257,0.0
WT_vs_E150K,reference,410,ALA50-LEU52,ALA50-LEU52,ALA257-LEU259,0.0
WT_vs_E150K,reference,411,ALA54-LEU52,LEU52-ALA54,LEU259-ALA261,0.0
WT_vs_E150K,reference,412,ASP53-LEU55,ASP53-LEU55,ASP260-LEU262,0.0
WT_vs_E150K,reference,413,ALA54-ALA56,ALA54-ALA56,ALA261-ALA263,0.0
WT_vs_E150K,reference,414,ALA56-GLU58,ALA56-GLU58,ALA263-GLU265,0.0
WT_vs_E150K,reference,415,ILE57-MET59,ILE57-MET59,ILE264-MET266,0.0
WT_vs_E150K,reference,416,ASP61-MET59,MET59-ASP61,MET266-ASP268,0.0
WT_vs_E150K,reference,417,ARG62-LEU60,LEU60-ARG62,LEU267-ARG269,0.0
WT_vs_E150K,reference,418,ASP61-HSD63,ASP61-HSD63,ASP268-HSD270,0.0
WT_vs_E150K,reference,419,ASP77-TRP75,TRP75-ASP77,TRP282-ASP284,0.0
WT_vs_E150K,reference,420,ASP77-LEU79,ASP77-LEU79,ASP284-LEU286,0.0
WT_vs_E150K,reference,421,ARG80-PHE78,PHE78-ARG80,PHE285-ARG287,0.0
WT_vs_E150K,reference,422,ASN81-LEU79,LEU79-ASN81,LEU286-ASN288,0.0
WT_vs_E150K,reference,423,ALA83-ASN81,ASN81-ALA83,ASN288-ALA290,0.0
WT_vs_E150K,reference,424,ASN82-LYS84,ASN82-LYS84,ASN289-LYS291,0.0
WT_vs_E150K,reference,425,LYS84-PHE86,LYS84-PHE86,LYS291-PHE293,0.0
WT_vs_E150K,reference,426,CYS88-PHE86,PHE86-CYS88,PHE293-CYS295,0.0
WT_vs_E150K,reference,427,CYS88-LEU90,CYS88-LEU90,CYS295-LEU297,0.0
WT_vs_E150K,reference,428,LEU90-SER92,LEU90-SER92,LEU297-SER299,0.0
WT_vs_E150K,reference,429,GLY96-HSD93,HSD93-GLY96,HSD300-GLY303,0.0
WT_vs_E150K,reference,430,ARG94-GLY96,ARG94-GLY96,ARG301-GLY303,0.0
WT_vs_E150K,reference,431,ALA97-ASP95,ASP95-ALA97,ASP302-ALA304,0.0
WT_vs_E150K,reference,432,ASP95-LYS98,ASP95-LYS98,ASP302-LYS305,0.0
WT_vs_E150K,reference,433,GLY96-LYS98,GLY96-LYS98,GLY303-LYS305,0.0
WT_vs_E150K,reference,434,GLY96-VAL99,GLY96-VAL99,GLY303-VAL306,0.0
WT_vs_E150K,reference,435,ALA97-VAL99,ALA97-VAL99,ALA304-VAL306,0.0
WT_vs_E150K,reference,436,ALA97-HSD100,ALA97-HSD100,ALA304-HSD307,0.0
WT_vs_E150K,reference,437,HSD100-LYS98,LYS98-HSD100,LYS305-HSD307,0.0
WT_vs_E150K,reference,438,LEU101-LYS98,LYS98-LEU101,LYS305-LEU308,0.0
WT_vs_E150K,reference,439,LEU101-VAL99,VAL99-LEU101,VAL306-LEU308,0.0
WT_vs_E150K,reference,440,HSD100-THR103,HSD100-THR103,HSD307-THR310,0.0
WT_vs_E150K,reference,441,LEU101-THR103,LEU101-THR103,LEU308-THR310,0.0
WT_vs_E150K,reference,442,LYS108-THR106,THR106-LYS108,THR313-LYS315,0.0
WT_vs_E150K,reference,443,GLN109-GLU107,GLU107-GLN109,GLU314-GLN316,0.0
WT_vs_E150K,reference,444,GLN109-GLU111,GLN109-GLU111,GLN316-GLU318,0.0
WT_vs_E150K,reference,445,GLU111-LEU113,GLU111-LEU113,GLU318-LEU320,0.0
WT_vs_E150K,reference,446,ASN115-LEU113,LEU113-ASN115,LEU320-ASN322,0.0
WT_vs_E150K,reference,447,GLN116-GLU114,GLU114-GLN116,GLU321-GLN323,0.0
WT_vs_E150K,reference,448,ASN115-LEU117,ASN115-LEU117,ASN322-LEU324,0.0
WT_vs_E150K,reference,449,ALA118-GLN116,GLN116-ALA118,GLN323-ALA325,0.0
WT_vs_E150K,reference,450,ALA118-LEU120,ALA118-LEU120,ALA325-LEU327,0.0
WT_vs_E150K,reference,451,GLN122-LEU120,LEU120-GLN122,LEU327-GLN329,0.0
WT_vs_E150K,reference,452,ALA130-LEU120,LEU120-ALA130,LEU327-ALA337,0.0
WT_vs_E150K,reference,453,CYS121-GLN123,CYS121-GLN123,CYS328-GLN330,0.0
WT_vs_E150K,reference,454,ASN129-SER126,SER126-ASN129,SER333-ASN336,0.0
WT_vs_E150K,reference,455,ASN129-LEU127,LEU127-ASN129,LEU334-ASN336,0.0
WT_vs_E150K,reference,456,ALA130-LEU127,LEU127-ALA130,LEU334-ALA337,0.0
WT_vs_E150K,reference,457,ALA133-ASN129,ASN129-ALA133,ASN336-ALA340,0.0
WT_vs_E150K,reference,458,ALA130-TYR132,ALA130-TYR132,ALA337-TYR339,0.0
WT_vs_E150K,reference,459,ALA130-ALA133,ALA130-ALA133,ALA337-ALA340,0.0
WT_vs_E150K,reference,460,ALA133-LEU131,LEU131-ALA133,LEU338-ALA340,0.0
WT_vs_E150K,reference,461,LEU131-LEU134,LEU131-LEU134,LEU338-LEU341,0.0
WT_vs_E150K,reference,462,ALA136-TYR132,TYR132-ALA136,TYR339-ALA343,0.0
WT_vs_E150K,reference,463,ALA133-SER135,ALA133-SER135,ALA340-SER342,0.0
WT_vs_E150K,reference,464,ALA136-LEU134,LEU134-ALA136,LEU341-ALA343,0.0
WT_vs_E150K,reference,465,LEU134-VAL137,LEU134-VAL137,LEU341-VAL344,0.0
WT_vs_E150K,reference,466,SER135-VAL137,SER135-VAL137,SER342-VAL344,0.0
WT_vs_E150K,reference,467,GLY138-SER135,SER135-GLY138,SER342-GLY345,0.0
WT_vs_E150K,reference,468,HSD139-SER135,SER135-HSD139,SER342-HSD346,0.0
WT_vs_E150K,reference,469,HSD139-VAL137,VAL137-HSD139,VAL344-HSD346,0.0
WT_vs_E150K,reference,470,GLY138-PHE140,GLY138-PHE140,GLY345-PHE347,0.0
WT_vs_E150K,reference,471,GLY138-THR141,GLY138-THR141,GLY345-THR348,0.0
WT_vs_E150K,reference,472,HSD139-THR141,HSD139-THR141,HSD346-THR348,0.0
WT_vs_E150K,reference,473,CYS144-LEU142,LEU142-CYS144,LEU349-CYS351,0.0
WT_vs_E150K,reference,474,LEU142-VAL145,LEU142-VAL145,LEU349-VAL352,0.0
WT_vs_E150K,reference,475,GLY143-VAL145,GLY143-VAL145,GLY350-VAL352,0.0
WT_vs_E150K,reference,476,ASP148-VAL145,VAL145-ASP148,VAL352-ASP355,0.0
WT_vs_E150K,reference,477,ASP148-LEU146,LEU146-ASP148,LEU353-ASP355,0.0
WT_vs_E150K,reference,478,GLN149-LEU146,LEU146-GLN149,LEU353-GLN356,0.0
WT_vs_E150K,reference,479,GLN149-GLU147,GLU147-GLN149,GLU354-GLN356,0.0
WT_vs_E150K,reference,480,ASP148-GLU150,ASP148-GLU150,ASP355-GLU357,0.0
WT_vs_E150K,reference,481,GLN149-GLN152,GLN149-GLN152,GLN356-GLN359,0.0
WT_vs_E150K,reference,482,GLN152-GLU150,GLU150-GLN152,GLU357-GLN359,0.0
WT_vs_E150K,reference,483,HSD151-VAL153,HSD151-VAL153,HSD358-VAL360,0.0
WT_vs_E150K,reference,484,ALA154-GLN152,GLN152-ALA154,GLN359-ALA361,0.0
WT_vs_E150K,reference,485,ALA154-GLU156,ALA154-GLU156,ALA361-GLU363,0.0
WT_vs_E150K,reference,486,ASP164-THR162,THR162-ASP164,THR369-ASP371,0.0
WT_vs_E150K,reference,487,ASP164-MET166,ASP164-MET166,ASP371-MET373,0.0
WT_vs_E150K,reference,488,LEU169-PRO167,PRO167-LEU169,PRO374-LEU376,0.0
WT_vs_E150K,reference,489,LEU170-PRO168,PRO168-LEU170,PRO375-LEU377,0.0
WT_vs_E150K,reference,490,ARG171-LEU169,LEU169-ARG171,LEU376-ARG378,0.0
WT_vs_E150K,reference,491,GLN172-LEU169,LEU169-GLN172,LEU376-GLN379,0.0
WT_vs_E150K,reference,492,ARG171-LEU170,LEU170-ARG171,LEU377-ARG378,0.0
WT_vs_E150K,reference,493,GLN172-LEU170,LEU170-GLN172,LEU377-GLN379,0.0
WT_vs_E150K,reference,494,ALA173-ARG171,ARG171-ALA173,ARG378-ALA380,0.0
WT_vs_E150K,reference,495,GLN172-ILE174,GLN172-ILE174,GLN379-ILE381,0.0
WT_vs_E150K,reference,496,ALA173-GLU175,ALA173-GLU175,ALA380-GLU382,0.0
WT_vs_E150K,reference,497,ALA173-LEU176,ALA173-LEU176,ALA380-LEU383,0.0
WT_vs_E150K,reference,498,GLU175-ILE174,ILE174-GLU175,ILE381-GLU382,0.0
WT_vs_E150K,reference,499,ILE174-LEU176,ILE174-LEU176,ILE381-LEU383,0.0
WT_vs_E150K,reference,500,GLU175-PHE177,GLU175-PHE177,GLU382-PHE384,0.0
WT_vs_E150K,reference,501,ASP178-LEU176,LEU176-ASP178,LEU383-ASP385,0.0
WT_vs_E150K,reference,502,HSD179-PHE177,PHE177-HSD179,PHE384-HSD386,0.0
WT_vs_E150K,reference,503,GLN180-PHE177,PHE177-GLN180,PHE384-GLN387,0.0
WT_vs_E150K,reference,504,GLY181-HSD179,HSD179-GLY181,HSD386-GLY388,0.0
WT_vs_E150K,reference,505,ALA182-PRO184,ALA182-PRO184,ALA389-PRO391,0.0
WT_vs_E150K,reference,506,GLU183-PHE186,GLU183-PHE186,GLU390-PHE393,0.0
WT_vs_E150K,reference,507,PHE186-PRO184,PRO184-PHE186,PRO391-PHE393,0.0
WT_vs_E150K,reference,508,PHE188-PRO184,PRO184-PHE188,PRO391-PHE395,0.0
WT_vs_E150K,reference,509,GLY189-LEU187,LEU187-GLY189,LEU394-GLY396,0.0
WT_vs_E150K,reference,510,LEU187-LEU190,LEU187-LEU190,LEU394-LEU397,0.0
WT_vs_E150K,reference,511,LEU190-PHE188,PHE188-LEU190,PHE395-LEU397,0.0
WT_vs_E150K,reference,512,GLU191-GLY189,GLY189-GLU191,GLY396-GLU398,0.0
WT_vs_E150K,reference,513,GLY189-LEU192,GLY189-LEU192,GLY396-LEU399,0.0
WT_vs_E150K,reference,514,ILE193-LEU190,LEU190-ILE193,LEU397-ILE400,0.0
WT_vs_E150K,reference,515,GLU191-ILE193,GLU191-ILE193,GLU398-ILE400,0.0
WT_vs_E150K,reference,516,GLU191-ILE194,GLU191-ILE194,GLU398-ILE401,0.0
WT_vs_E150K,reference,517,CYS195-GLU191,GLU191-CYS195,GLU398-CYS402,0.0
WT_vs_E150K,reference,518,ILE194-LEU192,LEU192-ILE194,LEU399-ILE401,0.0
WT_vs_E150K,reference,519,CYS195-ILE193,ILE193-CYS195,ILE400-CYS402,0.0
WT_vs_E150K,reference,520,ILE194-LEU197,ILE194-LEU197,ILE401-LEU404,0.0
WT_vs_E150K,reference,521,CYS195-GLY196,CYS195-GLY196,CYS402-GLY403,0.0
WT_vs_E150K,reference,522,CYS195-LEU197,CYS195-LEU197,CYS402-LEU404,0.0
WT_vs_E150K,reference,523,CYS195-GLU198,CYS195-GLU198,CYS402-GLU405,0.0
WT_vs_E150K,reference,524,GLU198-GLY196,GLY196-GLU198,GLY403-GLU405,0.0
WT_vs_E150K,reference,525,GLU198-LEU197,LEU197-GLU198,LEU404-GLU405,0.0
WT_vs_E150K,reference,526,GLN200-GLU198,GLU198-GLN200,GLU405-GLN407,0.0
WT_vs_E150K,reference,527,GLU198-LEU201,GLU198-LEU201,GLU405-LEU408,0.0
WT_vs_E150K,reference,528,LEU201-LYS199,LYS199-LEU201,LYS406-LEU408,0.0
WT_vs_E150K,reference,529,LYS199-LYS202,LYS199-LYS202,LYS406-LYS409,0.0
WT_vs_E150K,reference,530,GLU204-LEU201,LEU201-GLU204,LEU408-GLU411,0.0
WT_vs_E150K,reference,531,GLU204-LYS202,LYS202-GLU204,LYS409-GLU411,0.0
WT_vs_E150K,reference,532,CYS203-SER205,CYS203-SER205,CYS410-SER412,0.0
WT_vs_E150K,target,1,ARG104-THR103,THR103-ARG104,THR310-ARG311,1.1413387730537805
WT_vs_E150K,target,2,LEU117-LEU120,LEU117-LEU120,LEU324-LEU327,1.085164307497477
WT_vs_E150K,target,3,ASN129-TYR132,ASN129-TYR132,ASN336-TYR339,0.9342820906378797
WT_vs_E150K,target,4,GLN116-LEU113,LEU113-GLN116,LEU320-GLN323,0.9317362813775624
WT_vs_E150K,target,5,GLY102-THR103,GLY102-THR103,GLY309-THR310,0.8903565860758258
WT_vs_E150K,target,6,GLN116-LEU117,GLN116-LEU117,GLN323-LEU324,0.8276157961893065
WT_vs_E150K,target,7,ARG104-PRO105,ARG104-PRO105,ARG311-PRO312,0.8231906293038902
WT_vs_E150K,target,8,LEU113-TYR110,TYR110-LEU113,TYR317-LEU320,0.7901895267222816
WT_vs_E150K,target,9,GLU107-TYR110,GLU107-TYR110,GLU314-TYR317,0.688909606118826
WT_vs_E150K,target,10,GLY102-VAL99,VAL99-GLY102,VAL306-GLY309,0.6808205060448405
WT_vs_E150K,target,11,GLY143-PHE140,PHE140-GLY143,PHE347-GLY350,0.652885582035887
WT_vs_E150K,target,12,LEU120-PHE125,LEU120-PHE125,LEU327-PHE332,0.6181098327785237
WT_vs_E150K,target,13,GLU107-THR106,THR106-GLU107,THR313-GLU314,0.6042803177650677
WT_vs_E150K,target,14,HSD139-PHE140,HSD139-PHE140,HSD346-PHE347,0.5788924795967763
WT_vs_E150K,target,15,ALA130-ASN129,ASN129-ALA130,ASN336-ALA337,0.5542460091721557
WT_vs_E150K,target,16,ALA130-PHE125,PHE125-ALA130,PHE332-ALA337,0.5092565786343011
WT_vs_E150K,target,17,PRO105-THR106,PRO105-THR106,PRO312-THR313,0.440416547391548
WT_vs_E150K,target,18,GLU147-LEU146,LEU146-GLU147,LEU353-GLU354,0.43776259108682336
WT_vs_E150K,target,19,GLY138-HSD139,GLY138-HSD139,GLY345-HSD346,0.3741973116632238
WT_vs_E150K,target,20,GLY138-SER135,SER135-GLY138,SER342-GLY345,0.36731428877903693
WT_vs_E150K,target,21,LYS98-VAL99,LYS98-VAL99,LYS305-VAL306,0.32107618203343163
WT_vs_E150K,target,22,ALA154-GLU159,ALA154-GLU159,ALA361-GLU366,0.2656766757405006
WT_vs_E150K,target,23,GLU159-THR160,GLU159-THR160,GLU366-THR367,0.22833883788709664
WT_vs_E150K,target,24,PRO161-THR160,THR160-PRO161,THR367-PRO368,0.20405874690063294
WT_vs_E150K,target,25,ALA154-HSD151,HSD151-ALA154,HSD358-ALA361,0.16593170274202546
WT_vs_E150K,target,26,GLY143-LEU146,GLY143-LEU146,GLY350-LEU353,0.1419535589617506
WT_vs_E150K,target,27,SER135-TYR132,TYR132-SER135,TYR339-SER342,0.1247866775114894
WT_vs_E150K,target,28,ASP148-HSD151,ASP148-HSD151,ASP355-HSD358,0.11982213338563905
WT_vs_E150K,target,29,ASP148-GLU147,GLU147-ASP148,GLU354-ASP355,0.11847438276544513
WT_vs_E150K,target,30,THR162-THR163,THR162-THR163,THR369-THR370,0.11109223013220285
WT_vs_E150K,target,31,PRO161-THR162,PRO161-THR162,PRO368-THR369,0.09908970795939732
WT_vs_E150K,target,32,ALA97-LYS98,ALA97-LYS98,ALA304-LYS305,0.0963234015286973
WT_vs_E150K,target,33,LEU52-THR103,LEU52-THR103,LEU259-THR310,0.09156834874357858
WT_vs_E150K,target,34,SER165-THR163,THR163-SER165,THR370-SER372,0.09100382324827434
WT_vs_E150K,target,35,ALA182-ALA185,ALA182-ALA185,ALA389-ALA392,0.0887787554305624
WT_vs_E150K,target,36,ALA89-LEU90,ALA89-LEU90,ALA296-LEU297,0.076756966649494
WT_vs_E150K,target,37,MET166-SER165,SER165-MET166,SER372-MET373,0.07308856441059806
WT_vs_E150K,target,38,GLY181-PHE177,PHE177-GLY181,PHE384-GLY388,0.0704091311619654
WT_vs_E150K,target,39,ASP95-GLY96,ASP95-GLY96,ASP302-GLY303,0.06942517739512719
WT_vs_E150K,target,40,ASP53-THR103,ASP53-THR103,ASP260-THR310,0.06901142224391707
WT_vs_E150K,target,41,LEU190-LEU192,LEU190-LEU192,LEU397-LEU399,0.06872502577422601
WT_vs_E150K,target,42,ILE174-PHE177,ILE174-PHE177,ILE381-PHE384,0.06520630301332805
WT_vs_E150K,target,43,ALA185-PHE186,ALA185-PHE186,ALA392-PHE393,0.056130569588067246
WT_vs_E150K,target,44,GLY189-PHE186,PHE186-GLY189,PHE393-GLY396,0.05001462657219176
WT_vs_E150K,target,45,LEU52-LEU55,LEU52-LEU55,LEU259-LEU262,0.0499918410711326
WT_vs_E150K,target,46,ALA182-GLY181,GLY181-ALA182,GLY388-ALA389,0.048499934810623015
WT_vs_E150K,target,47,ARG171-ILE174,ARG171-ILE174,ARG378-ILE381,0.04817803826972217
WT_vs_E150K,target,48,ALA50-ASP53,ALA50-ASP53,ALA257-ASP260,0.04770941947371643
WT_vs_E150K,target,49,ARG171-MET166,MET166-ARG171,MET373-ARG378,0.044056122884360144
WT_vs_E150K,target,50,ALA97-GLY96,GLY96-ALA97,GLY303-ALA304,0.041230861364544666
WT_vs_E150K,target,51,GLU204-SER205,GLU204-SER205,GLU411-SER412,0.038863880053930065
WT_vs_E150K,target,52,ASN47-LYS46,LYS46-ASN47,LYS253-ASN254,0.03846573836662718
WT_vs_E150K,target,53,ALA89-PHE86,PHE86-ALA89,PHE293-ALA296,0.03710451392831707
WT_vs_E150K,target,54,ASP61-GLU58,GLU58-ASP61,GLU265-ASP268,0.03427274244868647
WT_vs_E150K,target,55,ARG94-ASP95,ARG94-ASP95,ARG301-ASP302,0.033339277593577625
WT_vs_E150K,target,56,ALA83-PHE86,ALA83-PHE86,ALA290-PHE293,0.032635025161188845
WT_vs_E150K,target,57,ALA83-ASN82,ASN82-ALA83,ASN289-ALA290,0.02970608347370111
WT_vs_E150K,target,58,ARG94-ASN18,ASN18-ARG94,ASN225-ARG301,0.029639126224681095
WT_vs_E150K,target,59,GLU58-LEU55,LEU55-GLU58,LEU262-GLU265,0.028890295930808524
WT_vs_E150K,target,60,GLY206-SER205,SER205-GLY206,SER412-GLY413,0.027989922191354013
WT_vs_E150K,target,61,ARG87-LEU90,ARG87-LEU90,ARG294-LEU297,0.026904806036531042
WT_vs_E150K,target,62,TYR42-VAL45,TYR42-VAL45,TYR249-VAL252,0.025337008847843803
WT_vs_E150K,target,63,GLY189-LEU190,GLY189-LEU190,GLY396-LEU397,0.023947540121411856
WT_vs_E150K,target,64,ALA54-ASP53,ASP53-ALA54,ASP260-ALA261,0.023412221061167356
WT_vs_E150K,target,65,LYS46-VAL45,VAL45-LYS46,VAL252-LYS253,0.019941921773138555
WT_vs_E150K,target,66,ALA54-ILE57,ALA54-ILE57,ALA261-ILE264,0.018389669323488813
WT_vs_E150K,target,67,ALA50-ASN47,ASN47-ALA50,ASN254-ALA257,0.018024483010989995
WT_vs_E150K,target,68,GLN195-LEU192,LEU192-GLN195,LEU399-GLN402,0.017833186688204824
WT_vs_E150K,target,69,GLU147-LYS150,GLU147-LYS150,GLU354-LYS357,0.017778567355671654
WT_vs_E150K,target,70,ALA97-LEU90,LEU90-ALA97,LEU297-ALA304,0.01686349050864371
WT_vs_E150K,target,71,ALA56-ASP53,ASP53-ALA56,ASP260-ALA263,0.016446789264837485
WT_vs_E150K,target,72,GLN38-LEU41,GLN38-LEU41,GLN245-LEU248,0.016152552630241873
WT_vs_E150K,target,73,GLY102-LEU101,LEU101-GLY102,LEU308-GLY309,0.015583126111323157
WT_vs_E150K,target,74,ARG49-LEU52,ARG49-LEU52,ARG256-LEU259,0.015529289857595769
WT_vs_E150K,target,75,ASN18-GLU19,ASN18-GLU19,ASN225-GLU226,0.015226522684099433
WT_vs_E150K,target,76,CYS144-GLY143,GLY143-CYS144,GLY350-CYS351,0.015199165329251762
WT_vs_E150K,target,77,ASN18-LEU16,LEU16-ASN18,LEU223-ASN225,0.014966224372612705
WT_vs_E150K,target,78,GLY196-ILE193,ILE193-GLY196,ILE400-GLY403,0.014651015230810537
WT_vs_E150K,target,79,GLY21-GLY24,GLY21-GLY24,GLY228-GLY231,0.014081348133526508
WT_vs_E150K,target,80,GLY206-SER207,GLY206-SER207,GLY413-SER414,0.013741316785852593
WT_vs_E150K,target,81,GLU19-VAL20,GLU19-VAL20,GLU226-VAL227,0.013610832229969411
WT_vs_E150K,target,82,CYS203-LYS202,LYS202-CYS203,LYS409-CYS410,0.013372577107929022
WT_vs_E150K,target,83,GLN109-TYR110,GLN109-TYR110,GLN316-TYR317,0.013333632182636685
WT_vs_E150K,target,84,GLY196-LEU197,GLY196-LEU197,GLY403-LEU404,0.01327937046534922
WT_vs_E150K,target,85,LEU41-TYR42,LEU41-TYR42,LEU248-TYR249,0.012948213106131742
WT_vs_E150K,target,86,GLY21-VAL20,VAL20-GLY21,VAL227-GLY228,0.012905922120981761
WT_vs_E150K,target,87,LEU14-LEU16,LEU14-LEU16,LEU221-LEU223,0.012690452159310422
WT_vs_E150K,target,88,PHE125-SER126,PHE125-SER126,PHE332-SER333,0.012126343491270591
WT_vs_E150K,target,89,GLY102-HSD100,HSD100-GLY102,HSD307-GLY309,0.011999680873946416
WT_vs_E150K,target,90,GLU37-VAL36,VAL36-GLU37,VAL243-GLU244,0.011983947581421482
WT_vs_E150K,target,91,GLN200-LYS202,GLN200-LYS202,GLN407-LYS409,0.01193005258662404
WT_vs_E150K,target,92,GLY24-LEU25,GLY24-LEU25,GLY231-LEU232,0.011777207569143015
WT_vs_E150K,target,93,ILE193-LEU192,LEU192-ILE193,LEU399-ILE400,0.011748470876394471
WT_vs_E150K,target,94,HSD66-THR65,THR65-HSD66,THR272-HSD273,0.011165889246358189
WT_vs_E150K,target,95,ASP61-HSD64,ASP61-HSD64,ASP268-HSD271,0.011134035135680946
WT_vs_E150K,target,96,GLN200-LEU197,LEU197-GLN200,LEU404-GLN407,0.01084227923289184
WT_vs_E150K,target,97,ALA56-MET59,ALA56-MET59,ALA263-MET266,0.010552626626207295
WT_vs_E150K,target,98,CYS203-GLU204,CYS203-GLU204,CYS410-GLU411,0.010319165876898084
WT_vs_E150K,target,99,ALA13-LEU14,ALA13-LEU14,ALA220-LEU221,0.010246349388812663
WT_vs_E150K,target,100,ALA89-MET59,MET59-ALA89,MET266-ALA296,0.010091341477796247
WT_vs_E150K,target,101,HSD66-PHE67,HSD66-PHE67,HSD273-PHE274,0.009629076595113579
WT_vs_E150K,target,102,HSD64-THR65,HSD64-THR65,HSD271-THR272,0.009439108328477108
WT_vs_E150K,target,103,GLN38-GLU37,GLU37-GLN38,GLU244-GLN245,0.008995224201772654
WT_vs_E150K,target,104,LEU90-LEU91,LEU90-LEU91,LEU297-LEU298,0.008681111380023702
WT_vs_E150K,target,105,ALA13-ILE10,ILE10-ALA13,ILE217-ALA220,0.0086307814182158
WT_vs_E150K,target,106,ALA133-ALA136,ALA133-ALA136,ALA340-ALA343,0.008570036493337967
WT_vs_E150K,target,107,GLU73-SER74,GLU73-SER74,GLU280-SER281,0.008203956300285219
WT_vs_E150K,target,108,ASN82-LEU79,LEU79-ASN82,LEU286-ASN289,0.007989267371534426
WT_vs_E150K,target,109,CYS68-PHE67,PHE67-CYS68,PHE274-CYS275,0.00776803246359913
WT_vs_E150K,target,110,GLU73-GLY72,GLY72-GLU73,GLY279-GLU280,0.0077181475379181335
WT_vs_E150K,target,111,ARG171-GLN172,ARG171-GLN172,ARG378-GLN379,0.007630864258910294
WT_vs_E150K,target,112,GLN172-GLU175,GLN172-GLU175,GLN379-GLU382,0.007522546318602573
WT_vs_E150K,target,113,LEU25-THR26,LEU25-THR26,LEU232-THR233,0.007511417885511816
WT_vs_E150K,target,114,THR112-TYR110,TYR110-THR112,TYR317-THR319,0.007481046661448089
WT_vs_E150K,target,115,GLN152-HSD151,HSD151-GLN152,HSD358-GLN359,0.006871048633088931
WT_vs_E150K,target,116,MET166-PRO167,MET166-PRO167,MET373-PRO374,0.006708740148603061
WT_vs_E150K,target,117,GLU23-GLY24,GLU23-GLY24,GLU230-GLY231,0.006475458176344446
WT_vs_E150K,target,118,GLU71-LEU70,LEU70-GLU71,LEU277-GLU278,0.0064534627024626125
WT_vs_E150K,target,119,ARG49-ASN47,ASN47-ARG49,ASN254-ARG256,0.006384428978816174
WT_vs_E150K,target,120,SER74-TRP75,SER74-TRP75,SER281-TRP282,0.006366867368450944
WT_vs_E150K,target,121,GLN116-PHE119,GLN116-PHE119,GLN323-PHE326,0.0062787594548756945
WT_vs_E150K,target,122,ARG87-LYS84,LYS84-ARG87,LYS291-ARG294,0.006126072856866383
WT_vs_E150K,target,123,GLU71-GLY72,GLU71-GLY72,GLU278-GLY279,0.006073041613124063
WT_vs_E150K,target,124,ARG49-LYS48,LYS48-ARG49,LYS255-ARG256,0.00606095632173239
WT_vs_E150K,target,125,GLY124-PHE125,GLY124-PHE125,GLY331-PHE332,0.006002527193451158
WT_vs_E150K,target,126,GLY96-LEU90,LEU90-GLY96,LEU297-GLY303,0.005897267656134112
WT_vs_E150K,target,127,ASP164-THR163,THR163-ASP164,THR370-ASP371,0.00565620102421824
WT_vs_E150K,target,128,CYS144-VAL145,CYS144-VAL145,CYS351-VAL352,0.005566793420857488
WT_vs_E150K,target,129,LYS155-THR160,LYS155-THR160,LYS362-THR367,0.00556483377872599
WT_vs_E150K,target,130,ASP5-LEU4,LEU4-ASP5,LEU211-ASP212,0.005498425572366622
WT_vs_E150K,target,131,HSD44-VAL45,HSD44-VAL45,HSD251-VAL252,0.00545949624519522
WT_vs_E150K,target,132,ILE10-VAL9,VAL9-ILE10,VAL216-ILE217,0.005412279763245316
WT_vs_E150K,target,133,ASP5-SER7,ASP5-SER7,ASP212-SER214,0.0053300369858906085
WT_vs_E150K,target,134,GLN152-LYS155,GLN152-LYS155,GLN359-LYS362,0.005292767972558496
WT_vs_E150K,target,135,LEU170-PRO167,PRO167-LEU170,PRO374-LEU377,0.005167339301385153
WT_vs_E150K,target,136,ARG3-LEU4,ARG3-LEU4,ARG210-LEU211,0.005071228764499492
WT_vs_E150K,target,137,GLY196-LYS199,GLY196-LYS199,GLY403-LYS406,0.0050129336225308175
WT_vs_E150K,target,138,GLU175-LEU176,GLU175-LEU176,GLU382-LEU383,0.0049251680362175886
WT_vs_E150K,target,139,ASN18-GLU15,GLU15-ASN18,GLU222-ASN225,0.004883502674411895
WT_vs_E150K,target,140,GLN149-LYS150,GLN149-LYS150,GLN356-LYS357,0.004830051065046991
WT_vs_E150K,target,141,ARG3-SER2,SER2-ARG3,SER209-ARG210,0.004664235044777582
WT_vs_E150K,target,142,GLN195-ILE194,ILE194-GLN195,ILE401-GLN402,0.004607372746673116
WT_vs_E150K,target,143,GLY21-LEU17,LEU17-GLY21,LEU224-GLY228,0.004493566904403461
WT_vs_E150K,target,144,LEU79-PHE78,PHE78-LEU79,PHE285-LEU286,0.004487493615234907
WT_vs_E150K,target,145,LEU34-LYS33,LYS33-LEU34,LYS240-LEU241,0.004475594817076955
WT_vs_E150K,target,146,LEU14-LEU17,LEU14-LEU17,LEU221-LEU224,0.004397501731096841
WT_vs_E150K,target,147,GLU15-SER12,SER12-GLU15,SER219-GLU222,0.004351201969277812
WT_vs_E150K,target,148,GLU157-GLU159,GLU157-GLU159,GLU364-GLU366,0.004324641584830852
WT_vs_E150K,target,149,SER7-VAL9,SER7-VAL9,SER214-VAL216,0.004309913243947504
WT_vs_E150K,target,150,ARG28-THR26,THR26-ARG28,THR233-ARG235,0.004304093306515088
WT_vs_E150K,target,151,ASP178-GLU175,GLU175-ASP178,GLU382-ASP385,0.004264879152135749
WT_vs_E150K,target,152,CYS68-PRO69,CYS68-PRO69,CYS275-PRO276,0.00416895468538119
WT_vs_E150K,target,153,GLN123-LEU120,LEU120-GLN123,LEU327-GLN330,0.0041582078886968354
WT_vs_E150K,target,154,LEU34-VAL36,LEU34-VAL36,LEU241-VAL243,0.004142383005227002
WT_vs_E150K,target,155,ARG94-HSD93,HSD93-ARG94,HSD300-ARG301,0.00407289566374135
WT_vs_E150K,target,156,GLU191-GLY189,GLY189-GLU191,GLY396-GLU398,0.004031548993679647
WT_vs_E150K,target,157,ALA185-PHE188,ALA185-PHE188,ALA392-PHE395,0.003981671961172632
WT_vs_E150K,target,158,LEU70-PRO69,PRO69-LEU70,PRO276-LEU277,0.003962713064593483
WT_vs_E150K,target,159,PHE78-TRP75,TRP75-PHE78,TRP282-PHE285,0.003954889666854049
WT_vs_E150K,target,160,ARG28-LEU30,ARG28-LEU30,ARG235-LEU237,0.003916687489399851
WT_vs_E150K,target,161,ALA31-LEU30,LEU30-ALA31,LEU237-ALA238,0.003908031255235448
WT_vs_E150K,target,162,ALA133-TYR132,TYR132-ALA133,TYR339-ALA340,0.003816312414081866
WT_vs_E150K,target,163,ALA136-SER135,SER135-ALA136,SER342-ALA343,0.0037833005691359774
WT_vs_E150K,target,164,ARG158-GLU159,ARG158-GLU159,ARG365-GLU366,0.0037149130447933798
WT_vs_E150K,target,165,CYS121-LEU120,LEU120-CYS121,LEU327-CYS328,0.0036107989774231547
WT_vs_E150K,target,166,LEU51-LEU52,LEU51-LEU52,LEU258-LEU259,0.003598290584553133
WT_vs_E150K,target,167,ALA173-LEU170,LEU170-ALA173,LEU377-ALA380,0.003523835839907335
WT_vs_E150K,target,168,ILE57-LEU60,ILE57-LEU60,ILE264-LEU267,0.0035107143561743724
WT_vs_E150K,target,169,HSD100-LEU101,HSD100-LEU101,HSD307-LEU308,0.0033986074263456043
WT_vs_E150K,target,170,GLU183-GLY181,GLY181-GLU183,GLY388-GLU390,0.003301275014986992
WT_vs_E150K,target,171,GLU107-LYS108,GLU107-LYS108,GLU314-LYS315,0.0031986956553559085
WT_vs_E150K,target,172,ASN115-THR112,THR112-ASN115,THR319-ASN322,0.003144671489841661
WT_vs_E150K,target,173,GLN149-HSD151,GLN149-HSD151,GLN356-HSD358,0.002960376901555928
WT_vs_E150K,target,174,GLU114-LEU117,GLU114-LEU117,GLU321-LEU324,0.002952398416932317
WT_vs_E150K,target,175,CYS88-LEU91,CYS88-LEU91,CYS295-LEU298,0.002937238087257889
WT_vs_E150K,target,176,CYS144-GLU147,CYS144-GLU147,CYS351-GLU354,0.0028965280449270367
WT_vs_E150K,target,177,ARG62-MET59,MET59-ARG62,MET266-ARG269,0.002763434165024116
WT_vs_E150K,target,178,ALA185-LEU187,ALA185-LEU187,ALA392-LEU394,0.0027427718662883706
WT_vs_E150K,target,179,ALA118-ASN115,ASN115-ALA118,ASN322-ALA325,0.002695591864583776
WT_vs_E150K,target,180,GLN122-PHE119,PHE119-GLN122,PHE326-GLN329,0.002585564519196842
WT_vs_E150K,target,181,PRO39-THR40,PRO39-THR40,PRO246-THR247,0.002566082549703138
WT_vs_E150K,target,182,HSD63-HSD64,HSD63-HSD64,HSD270-HSD271,0.0025288961663339684
WT_vs_E150K,target,183,HSD93-SER92,SER92-HSD93,SER299-HSD300,0.0025173296528456027
WT_vs_E150K,target,184,PHE140-THR141,PHE140-THR141,PHE347-THR348,0.0025011146653490064
WT_vs_E150K,target,185,PRO39-TYR42,PRO39-TYR42,PRO246-TYR249,0.002497660251010756
WT_vs_E150K,target,186,GLU183-PRO184,GLU183-PRO184,GLU390-PRO391,0.0024955325720139674
WT_vs_E150K,target,187,HSD63-LEU60,LEU60-HSD63,LEU267-HSD270,0.0024852252762863646
WT_vs_E150K,target,188,ALA31-VAL36,ALA31-VAL36,ALA238-VAL243,0.0024421262633240867
WT_vs_E150K,target,189,PHE140-VAL137,VAL137-PHE140,VAL344-PHE347,0.0024202187418977386
WT_vs_E150K,target,190,ALA89-HSD63,HSD63-ALA89,HSD270-ALA296,0.0023993704582406816
WT_vs_E150K,target,191,MET1-SER2,MET1-SER2,MET208-SER209,0.002292594262200077
WT_vs_E150K,target,192,ASN18-LEU17,LEU17-ASN18,LEU224-ASN225,0.0022654988866139553
WT_vs_E150K,target,193,ASP178-HSD179,ASP178-HSD179,ASP385-HSD386,0.002175983186216729
WT_vs_E150K,target,194,ALA130-LEU131,ALA130-LEU131,ALA337-LEU338,0.0021703505364282253
WT_vs_E150K,target,195,ALA118-CYS121,ALA118-CYS121,ALA325-CYS328,0.0021494262375991603
WT_vs_E150K,target,196,HSD139-LEU142,HSD139-LEU142,HSD346-LEU349,0.00213932628198392
WT_vs_E150K,target,197,ALA154-VAL153,VAL153-ALA154,VAL360-ALA361,0.002124394806723244
WT_vs_E150K,target,198,ALA136-HSD139,ALA136-HSD139,ALA343-HSD346,0.002071842993777735
WT_vs_E150K,target,199,GLU111-GLU114,GLU111-GLU114,GLU318-GLU321,0.00205428849142799
WT_vs_E150K,target,200,ARG87-SER85,SER85-ARG87,SER292-ARG294,0.0020310581129516963
WT_vs_E150K,target,201,GLY143-THR141,THR141-GLY143,THR348-GLY350,0.0020260898341380386
WT_vs_E150K,target,202,LEU169-LEU170,LEU169-LEU170,LEU376-LEU377,0.001999558160325645
WT_vs_E150K,target,203,ALA136-VAL137,ALA136-VAL137,ALA343-VAL344,0.001964601868134193
WT_vs_E150K,target,204,GLU147-VAL145,VAL145-GLU147,VAL352-GLU354,0.0019392972860244224
WT_vs_E150K,target,205,GLU58-MET59,GLU58-MET59,GLU265-MET266,0.0019307313472837497
WT_vs_E150K,target,206,ASN82-SER85,ASN82-SER85,ASN289-SER292,0.0018772932705809855
WT_vs_E150K,target,207,LEU134-TYR132,TYR132-LEU134,TYR339-LEU341,0.0018175380674068944
WT_vs_E150K,target,208,GLN180-LEU176,LEU176-GLN180,LEU383-GLN387,0.0017899814414279592
WT_vs_E150K,target,209,GLY21-ILE22,GLY21-ILE22,GLY228-ILE229,0.0016967498456183243
WT_vs_E150K,target,210,GLU111-LYS108,LYS108-GLU111,LYS315-GLU318,0.0016687486575560659
WT_vs_E150K,target,211,GLU156-LYS155,LYS155-GLU156,LYS362-GLU363,0.0015946654045032418
WT_vs_E150K,target,212,ASP178-GLY181,ASP178-GLY181,ASP385-GLY388,0.001578395040016788
WT_vs_E150K,target,213,HSD63-SER85,HSD63-SER85,HSD270-SER292,0.0015528965328940748
WT_vs_E150K,target,214,GLN76-LEU79,GLN76-LEU79,GLN283-LEU286,0.0015371015902580026
WT_vs_E150K,target,215,ALA83-ARG80,ARG80-ALA83,ARG287-ALA290,0.001465696301166847
WT_vs_E150K,target,216,TRP43-VAL45,TRP43-VAL45,TRP250-VAL252,0.001390414831256159
WT_vs_E150K,target,217,THR26-THR27,THR26-THR27,THR233-THR234,0.0013771263467054972
WT_vs_E150K,target,218,LEU120-PHE119,PHE119-LEU120,PHE326-LEU327,0.0013606373205514736
WT_vs_E150K,target,219,GLN32-LEU34,GLN32-LEU34,GLN239-LEU241,0.0013279491790188112
WT_vs_E150K,target,220,PRO167-PRO168,PRO167-PRO168,PRO374-PRO375,0.001286572953013218
WT_vs_E150K,target,221,ALA56-LEU55,LEU55-ALA56,LEU262-ALA263,0.0012261407219369715
WT_vs_E150K,target,222,HSD100-VAL99,VAL99-HSD100,VAL306-HSD307,0.0012190736315373302
WT_vs_E150K,target,223,ARG158-LYS155,LYS155-ARG158,LYS362-ARG365,0.0012165778272529852
WT_vs_E150K,target,224,GLY35-VAL36,GLY35-VAL36,GLY242-VAL243,0.0011988122383914724
WT_vs_E150K,target,225,LYS6-VAL9,LYS6-VAL9,LYS213-VAL216,0.0011951009272577998
WT_vs_E150K,target,226,ARG87-CYS88,ARG87-CYS88,ARG294-CYS295,0.0011853451031859589
WT_vs_E150K,target,227,ARG80-ASP77,ASP77-ARG80,ASP284-ARG287,0.0011604585896009814
WT_vs_E150K,target,228,LEU127-SER126,SER126-LEU127,SER333-LEU334,0.0011455836406291083
WT_vs_E150K,target,229,ALA130-SER126,SER126-ALA130,SER333-ALA337,0.001117112052470098
WT_vs_E150K,target,230,GLY189-PHE188,PHE188-GLY189,PHE395-GLY396,0.001116744997977379
WT_vs_E150K,target,231,LYS29-THR26,THR26-LYS29,THR233-LYS236,0.0010609450997732576
WT_vs_E150K,target,232,LEU131-TYR132,LEU131-TYR132,LEU338-TYR339,0.0010335271963983423
WT_vs_E150K,target,233,ALA154-GLN152,GLN152-ALA154,GLN359-ALA361,0.0010218730716380624
WT_vs_E150K,target,234,GLY143-LEU142,LEU142-GLY143,LEU349-GLY350,0.0009933604845748258
WT_vs_E150K,target,235,HSD93-LEU91,LEU91-HSD93,LEU298-HSD300,0.0009201762835209684
WT_vs_E150K,target,236,ASP61-LEU60,LEU60-ASP61,LEU267-ASP268,0.0009135857200331781
WT_vs_E150K,target,237,LYS108-TYR110,LYS108-TYR110,LYS315-TYR317,0.0008694653333754191
WT_vs_E150K,target,238,LEU113-THR112,THR112-LEU113,THR319-LEU320,0.0008673701289553524
WT_vs_E150K,target,239,GLU23-ILE22,ILE22-GLU23,ILE229-GLU230,0.0008631486840671149
WT_vs_E150K,target,240,ALA173-ILE174,ALA173-ILE174,ALA380-ILE381,0.0008545217843827583
WT_vs_E150K,target,241,ASN47-LYS48,ASN47-LYS48,ASN254-LYS255,0.0008520940864302012
WT_vs_E150K,target,242,GLU128-LEU131,GLU128-LEU131,GLU335-LEU338,0.0008488731333064754
WT_vs_E150K,target,243,GLN200-LEU201,GLN200-LEU201,GLN407-LEU408,0.0008254713402770497
WT_vs_E150K,target,244,GLU198-LYS199,GLU198-LYS199,GLU405-LYS406,0.0007908154914769149
WT_vs_E150K,target,245,LYS8-VAL9,LYS8-VAL9,LYS215-VAL216,0.0007616852156972663
WT_vs_E150K,target,246,ASN81-LYS84,ASN81-LYS84,ASN288-LYS291,0.0006892873350132071
WT_vs_E150K,target,247,GLN32-LEU30,LEU30-GLN32,LEU237-GLN239,0.0006858540772173553
WT_vs_E150K,target,248,GLU128-SER126,SER126-GLU128,SER333-GLU335,0.0006851257285967814
WT_vs_E150K,target,249,ALA89-SER92,ALA89-SER92,ALA296-SER299,0.0006623978770161653
WT_vs_E150K,target,250,GLY35-LEU34,LEU34-GLY35,LEU241-GLY242,0.000659729040443035
WT_vs_E150K,target,251,ARG62-HSD63,ARG62-HSD63,ARG269-HSD270,0.0006500103327628884
WT_vs_E150K,target,252,LEU41-PRO39,PRO39-LEU41,PRO246-LEU248,0.0006301568273907725
WT_vs_E150K,target,253,GLU191-LEU192,GLU191-LEU192,GLU398-LEU399,0.0006136969987305639
WT_vs_E150K,target,254,ALA31-LEU34,ALA31-LEU34,ALA238-LEU241,0.0006132430355512202
WT_vs_E150K,target,255,CYS121-GLY124,CYS121-GLY124,CYS328-GLY331,0.0005899270336493218
WT_vs_E150K,target,256,CYS88-SER85,SER85-CYS88,SER292-CYS295,0.0005883867607110139
WT_vs_E150K,target,257,LEU16-LEU17,LEU16-LEU17,LEU223-LEU224,0.0005828213850331665
WT_vs_E150K,target,258,ASN11-SER12,ASN11-SER12,ASN218-SER219,0.0005724305304267333
WT_vs_E150K,target,259,ILE22-LEU25,ILE22-LEU25,ILE229-LEU232,0.0005663256315262067
WT_vs_E150K,target,260,GLN123-GLY124,GLN123-GLY124,GLN330-GLY331,0.0005402764501153527
WT_vs_E150K,target,261,CYS121-GLN122,CYS121-GLN122,CYS328-GLN329,0.0005308044135631422
WT_vs_E150K,target,262,GLN109-THR112,GLN109-THR112,GLN316-THR319,0.0005128625366958876
WT_vs_E150K,target,263,GLN180-GLY181,GLN180-GLY181,GLN387-GLY388,0.00048309100997399933
WT_vs_E150K,target,264,HSD44-LEU41,LEU41-HSD44,LEU248-HSD251,0.00047143536698880553
WT_vs_E150K,target,265,GLN32-LYS33,GLN32-LYS33,GLN239-LYS240,0.00046882278751198426
WT_vs_E150K,target,266,ALA185-GLU183,GLU183-ALA185,GLU390-ALA392,0.00046165102285949375
WT_vs_E150K,target,267,ALA54-LEU51,LEU51-ALA54,LEU258-ALA261,0.00044501421863096644
WT_vs_E150K,target,268,GLU37-THR40,GLU37-THR40,GLU244-THR247,0.0004410599979413495
WT_vs_E150K,target,269,ALA50-LEU51,ALA50-LEU51,ALA257-LEU258,0.00043834219890599604
WT_vs_E150K,target,270,LEU60-MET59,MET59-LEU60,MET266-LEU267,0.0004268768548613747
WT_vs_E150K,target,271,GLU128-LEU127,LEU127-GLU128,LEU334-GLU335,0.0004101167990199651
WT_vs_E150K,target,272,ALA185-PRO184,PRO184-ALA185,PRO391-ALA392,0.0003999596503549525
WT_vs_E150K,target,273,TRP43-TYR42,TYR42-TRP43,TYR249-TRP250,0.0003824358958169216
WT_vs_E150K,target,274,ARG171-LEU169,LEU169-ARG171,LEU376-ARG378,0.00036171126411831903
WT_vs_E150K,target,275,GLN180-HSD179,HSD179-GLN180,HSD386-GLN387,0.0003219442336262025
WT_vs_E150K,target,276,LEU134-SER135,LEU134-SER135,LEU341-SER342,0.00030283127352902673
WT_vs_E150K,target,277,LEU51-LYS48,LYS48-LEU51,LYS255-LEU258,0.0002910806737330576
WT_vs_E150K,target,278,ARG171-PRO168,PRO168-ARG171,PRO375-ARG378,0.00023582093067969317
WT_vs_E150K,target,279,GLU15-LEU16,GLU15-LEU16,GLU222-LEU223,0.00020707083023144745
WT_vs_E150K,target,280,ALA56-ILE57,ALA56-ILE57,ALA263-ILE264,0.00020487333612220353
WT_vs_E150K,target,281,LEU187-PHE188,LEU187-PHE188,LEU394-PHE395,0.00020003420361909799
WT_vs_E150K,target,282,PHE86-SER85,SER85-PHE86,SER292-PHE293,0.00019183871964200346
WT_vs_E150K,target,283,ARG87-PHE86,PHE86-ARG87,PHE293-ARG294,0.0001840543008571817
WT_vs_E150K,target,284,ARG28-THR27,THR27-ARG28,THR234-ARG235,0.0001747343776255414
WT_vs_E150K,target,285,LEU17-VAL20,LEU17-VAL20,LEU224-VAL227,0.00016696128782477725
WT_vs_E150K,target,286,LEU30-LYS29,LYS29-LEU30,LYS236-LEU237,0.0001634103809059466
WT_vs_E150K,target,287,ALA56-GLU58,ALA56-GLU58,ALA263-GLU265,0.00015560951033626898
WT_vs_E150K,target,288,GLY196-ILE194,ILE194-GLY196,ILE401-GLY403,0.00014925111388367458
WT_vs_E150K,target,289,GLN195-GLY196,GLN195-GLY196,GLN402-GLY403,0.00014769927861035633
WT_vs_E150K,target,290,GLU198-LEU197,LEU197-GLU198,LEU404-GLU405,0.00013409445982645612
WT_vs_E150K,target,291,ARG80-ASN81,ARG80-ASN81,ARG287-ASN288,0.00013095327826025376
WT_vs_E150K,target,292,GLU19-LEU16,LEU16-GLU19,LEU223-GLU226,0.0001298729056132158
WT_vs_E150K,target,293,LYS84-SER85,LYS84-SER85,LYS291-SER292,0.00012647107917995406
WT_vs_E150K,target,294,GLY138-VAL137,VAL137-GLY138,VAL344-GLY345,0.0001252630223324008
WT_vs_E150K,target,295,ALA83-LYS84,ALA83-LYS84,ALA290-LYS291,0.00012169306275129732
WT_vs_E150K,target,296,ASN81-SER85,ASN81-SER85,ASN288-SER292,0.00010905279837315468
WT_vs_E150K,target,297,ARG171-PRO167,PRO167-ARG171,PRO374-ARG378,0.00010486838485401949
WT_vs_E150K,target,298,ASP61-HSD63,ASP61-HSD63,ASP268-HSD270,0.00010163719713180815
WT_vs_E150K,target,299,ARG49-LEU51,ARG49-LEU51,ARG256-LEU258,9.990873767843053e-05
WT_vs_E150K,target,300,ALA89-CYS88,CYS88-ALA89,CYS295-ALA296,9.959244729988503e-05
WT_vs_E150K,target,301,ASN115-GLU114,GLU114-ASN115,GLU321-ASN322,9.93348106018225e-05
WT_vs_E150K,target,302,LEU14-SER12,SER12-LEU14,SER219-LEU221,9.746862543659357e-05
WT_vs_E150K,target,303,ALA50-ARG49,ARG49-ALA50,ARG256-ALA257,9.616923032498923e-05
WT_vs_E150K,target,304,LEU176-PHE177,LEU176-PHE177,LEU383-PHE384,9.414934750554974e-05
WT_vs_E150K,target,305,ALA83-SER85,ALA83-SER85,ALA290-SER292,9.3264004746603e-05
WT_vs_E150K,target,306,GLU15-LEU14,LEU14-GLU15,LEU221-GLU222,9.231526807332972e-05
WT_vs_E150K,target,307,LYS8-SER7,SER7-LYS8,SER214-LYS215,9.120851233451986e-05
WT_vs_E150K,target,308,ASP77-SER74,SER74-ASP77,SER281-ASP284,8.40498594922444e-05
WT_vs_E150K,target,309,ASN81-PHE78,PHE78-ASN81,PHE285-ASN288,7.519405598842662e-05
WT_vs_E150K,target,310,ALA118-PHE119,ALA118-PHE119,ALA325-PHE326,6.958510992454602e-05
WT_vs_E150K,target,311,LEU197-LYS199,LEU197-LYS199,LEU404-LYS406,6.480653681435733e-05
WT_vs_E150K,target,312,ASN11-LYS8,LYS8-ASN11,LYS215-ASN218,6.081243589419023e-05
WT_vs_E150K,target,313,GLU58-LEU60,GLU58-LEU60,GLU265-LEU267,6.080480185794073e-05
WT_vs_E150K,target,314,ALA173-LEU176,ALA173-LEU176,ALA380-LEU383,5.794663670167385e-05
WT_vs_E150K,target,315,LEU146-VAL145,VAL145-LEU146,VAL352-LEU353,5.666952435099457e-05
WT_vs_E150K,target,316,LEU142-THR141,THR141-LEU142,THR348-LEU349,5.169402100240688e-05
WT_vs_E150K,target,317,LEU41-THR40,THR40-LEU41,THR247-LEU248,5.125714141400294e-05
WT_vs_E150K,target,318,LEU201-LYS202,LEU201-LYS202,LEU408-LYS409,4.7798491999407854e-05
WT_vs_E150K,target,319,ALA136-GLY138,ALA136-GLY138,ALA343-GLY345,4.620378168267638e-05
WT_vs_E150K,target,320,ALA89-ARG87,ARG87-ALA89,ARG294-ALA296,4.314732204224232e-05
WT_vs_E150K,target,321,GLN109-LYS108,LYS108-GLN109,LYS315-GLN316,3.88730660816648e-05
WT_vs_E150K,target,322,LYS6-SER7,LYS6-SER7,LYS213-SER214,3.851083239790765e-05
WT_vs_E150K,target,323,LEU142-PHE140,PHE140-LEU142,PHE347-LEU349,3.791500562018434e-05
WT_vs_E150K,target,324,ARG158-GLU157,GLU157-ARG158,GLU364-ARG365,3.741931723890163e-05
WT_vs_E150K,target,325,ALA54-LEU55,ALA54-LEU55,ALA261-LEU262,3.564591981654311e-05
WT_vs_E150K,target,326,GLN76-SER74,SER74-GLN76,SER281-GLN283,3.5332188040609484e-05
WT_vs_E150K,target,327,ALA182-GLU183,ALA182-GLU183,ALA389-GLU390,3.4621886435328493e-05
WT_vs_E150K,target,328,GLU156-GLU157,GLU156-GLU157,GLU363-GLU364,3.351411199243911e-05
WT_vs_E150K,target,329,ASP148-GLN149,ASP148-GLN149,ASP355-GLN356,3.3046212893335436e-05
WT_vs_E150K,target,330,GLU191-PHE188,PHE188-GLU191,PHE395-GLU398,3.134724688382893e-05
WT_vs_E150K,target,331,HSD44-TYR42,TYR42-HSD44,TYR249-HSD251,3.105792616633794e-05
WT_vs_E150K,target,332,HSD44-TRP43,TRP43-HSD44,TRP250-HSD251,3.0169280305924307e-05
WT_vs_E150K,target,333,CYS144-THR141,THR141-CYS144,THR348-CYS351,2.9235024885066806e-05
WT_vs_E150K,target,334,GLN32-LYS29,LYS29-GLN32,LYS236-GLN239,2.8801939856428196e-05
WT_vs_E150K,target,335,THR40-TRP43,THR40-TRP43,THR247-TRP250,2.7815507543249708e-05
WT_vs_E150K,target,336,LEU187-PHE186,PHE186-LEU187,PHE393-LEU394,2.714177858511683e-05
WT_vs_E150K,target,337,ASP77-GLN76,GLN76-ASP77,GLN283-ASP284,2.5646688749837577e-05
WT_vs_E150K,target,338,GLU111-TYR110,TYR110-GLU111,TYR317-GLU318,2.5479009978139284e-05
WT_vs_E150K,target,339,GLU114-THR112,THR112-GLU114,THR319-GLU321,2.537364442630215e-05
WT_vs_E150K,target,340,GLU114-LEU113,LEU113-GLU114,LEU320-GLU321,2.4875940467993367e-05
WT_vs_E150K,target,341,LEU91-SER92,LEU91-SER92,LEU298-SER299,2.4353161156151692e-05
WT_vs_E150K,target,342,ARG80-LEU79,LEU79-ARG80,LEU286-ARG287,2.4216643514431687e-05
WT_vs_E150K,target,343,ARG158-GLU156,GLU156-ARG158,GLU363-ARG365,2.4048851185528837e-05
WT_vs_E150K,target,344,GLN152-VAL153,GLN152-VAL153,GLN359-VAL360,2.3391525041440226e-05
WT_vs_E150K,target,345,LEU117-PHE119,LEU117-PHE119,LEU324-PHE326,2.2919740468813112e-05
WT_vs_E150K,target,346,CYS121-PHE119,PHE119-CYS121,PHE326-CYS328,2.1960674305170254e-05
WT_vs_E150K,target,347,ALA130-GLU128,GLU128-ALA130,GLU335-ALA337,2.1583668047595663e-05
WT_vs_E150K,target,348,GLN122-GLN123,GLN122-GLN123,GLN329-GLN330,2.0961797830378848e-05
WT_vs_E150K,target,349,ASP5-LYS6,ASP5-LYS6,ASP212-LYS213,2.023068985504982e-05
WT_vs_E150K,target,350,LEU16-VAL20,LEU16-VAL20,LEU223-VAL227,1.9379472187371094e-05
WT_vs_E150K,target,351,ASN81-LEU79,LEU79-ASN81,LEU286-ASN288,1.818300225693141e-05
WT_vs_E150K,target,352,ASP53-LEU52,LEU52-ASP53,LEU259-ASP260,1.773243433421471e-05
WT_vs_E150K,target,353,ALA118-LEU117,LEU117-ALA118,LEU324-ALA325,1.7684887114528045e-05
WT_vs_E150K,target,354,ILE193-ILE194,ILE193-ILE194,ILE400-ILE401,1.7216968402864943e-05
WT_vs_E150K,target,355,ASP178-PHE177,PHE177-ASP178,PHE384-ASP385,1.6763466518371353e-05
WT_vs_E150K,target,356,ALA133-SER135,ALA133-SER135,ALA340-SER342,1.6699623897639627e-05
WT_vs_E150K,target,357,ALA133-LEU134,ALA133-LEU134,ALA340-LEU341,1.570289483474574e-05
WT_vs_E150K,target,358,GLU58-ILE57,ILE57-GLU58,ILE264-GLU265,1.5423545874392466e-05
WT_vs_E150K,target,359,ASP53-LEU51,LEU51-ASP53,LEU258-ASP260,1.4891402123149097e-05
WT_vs_E150K,target,360,ASP77-PHE78,ASP77-PHE78,ASP284-PHE285,1.4777794737894039e-05
WT_vs_E150K,target,361,ARG80-ASN82,ARG80-ASN82,ARG287-ASN289,1.4719537654863237e-05
WT_vs_E150K,target,362,ASN11-VAL9,VAL9-ASN11,VAL216-ASN218,1.3199753112045061e-05
WT_vs_E150K,target,363,ALA31-GLN32,ALA31-GLN32,ALA238-GLN239,1.2909931222493764e-05
WT_vs_E150K,target,364,ARG28-LYS29,ARG28-LYS29,ARG235-LYS236,1.2681299313009839e-05
WT_vs_E150K,target,365,LEU169-PRO168,PRO168-LEU169,PRO375-LEU376,1.232812896513022e-05
WT_vs_E150K,target,366,ASN129-GLU128,GLU128-ASN129,GLU335-ASN336,1.2052547064291995e-05
WT_vs_E150K,target,367,ASN81-ASN82,ASN81-ASN82,ASN288-ASN289,1.1832217564660269e-05
WT_vs_E150K,target,368,ASN11-ILE10,ILE10-ASN11,ILE217-ASN218,1.1320452443771733e-05
WT_vs_E150K,target,369,ASP178-GLN180,ASP178-GLN180,ASP385-GLN387,1.056747160507983e-05
WT_vs_E150K,target,370,ASN129-LEU131,ASN129-LEU131,ASN336-LEU338,1.0552085264756532e-05
WT_vs_E150K,target,371,GLU191-LEU190,LEU190-GLU191,LEU397-GLU398,1.02856406968767e-05
WT_vs_E150K,target,372,ARG62-LEU60,LEU60-ARG62,LEU267-ARG269,1.00717046126852e-05
WT_vs_E150K,target,373,GLU111-THR112,GLU111-THR112,GLU318-THR319,8.521071566154043e-06
WT_vs_E150K,target,374,PHE186-PHE188,PHE186-PHE188,PHE393-PHE395,8.311946796994107e-06
WT_vs_E150K,target,375,GLN195-ILE193,ILE193-GLN195,ILE400-GLN402,8.075433379113893e-06
WT_vs_E150K,target,376,GLN76-PHE78,GLN76-PHE78,GLN283-PHE285,7.400025494814798e-06
WT_vs_E150K,target,377,ASN115-GLN116,ASN115-GLN116,ASN322-GLN323,6.633305385753082e-06
WT_vs_E150K,target,378,ALA13-SER12,SER12-ALA13,SER219-ALA220,5.920592008558182e-06
WT_vs_E150K,target,379,GLN76-TRP75,TRP75-GLN76,TRP282-GLN283,5.615873457298029e-06
WT_vs_E150K,target,380,ARG62-ASP61,ASP61-ARG62,ASP268-ARG269,4.997591570709858e-06
WT_vs_E150K,target,381,GLN122-GLY124,GLN122-GLY124,GLN329-GLY331,4.367306554769222e-06
WT_vs_E150K,target,382,ASP5-LYS8,ASP5-LYS8,ASP212-LYS215,0.0
WT_vs_E150K,target,383,LYS6-LYS8,LYS6-LYS8,LYS213-LYS215,0.0
WT_vs_E150K,target,384,ILE10-SER7,SER7-ILE10,SER214-ILE217,0.0
WT_vs_E150K,target,385,ILE10-LYS8,LYS8-ILE10,LYS215-ILE217,0.0
WT_vs_E150K,target,386,SER12-VAL9,VAL9-SER12,VAL216-SER219,0.0
WT_vs_E150K,target,387,ILE10-SER12,ILE10-SER12,ILE217-SER219,0.0
WT_vs_E150K,target,388,ALA13-ASN11,ASN11-ALA13,ASN218-ALA220,0.0
WT_vs_E150K,target,389,ASN11-LEU14,ASN11-LEU14,ASN218-LEU221,0.0
WT_vs_E150K,target,390,ALA13-GLU15,ALA13-GLU15,ALA220-GLU222,0.0
WT_vs_E150K,target,391,ALA13-LEU16,ALA13-LEU16,ALA220-LEU223,0.0
WT_vs_E150K,target,392,GLU15-LEU17,GLU15-LEU17,GLU222-LEU224,0.0
WT_vs_E150K,target,393,GLU19-LEU17,LEU17-GLU19,LEU224-GLU226,0.0
WT_vs_E150K,target,394,ILE22-LEU17,LEU17-ILE22,LEU224-ILE229,0.0
WT_vs_E150K,target,395,ASN18-GLY21,ASN18-GLY21,ASN225-GLY228,0.0
WT_vs_E150K,target,396,GLY24-VAL20,VAL20-GLY24,VAL227-GLY231,0.0
WT_vs_E150K,target,397,GLU23-GLY21,GLY21-GLU23,GLY228-GLU230,0.0
WT_vs_E150K,target,398,GLY24-ILE22,ILE22-GLY24,ILE229-GLY231,0.0
WT_vs_E150K,target,399,GLU23-LEU25,GLU23-LEU25,GLU230-LEU232,0.0
WT_vs_E150K,target,400,LYS29-THR27,THR27-LYS29,THR234-LYS236,0.0
WT_vs_E150K,target,401,LEU30-THR27,THR27-LEU30,THR234-LEU237,0.0
WT_vs_E150K,target,402,ALA31-ARG28,ARG28-ALA31,ARG235-ALA238,0.0
WT_vs_E150K,target,403,ALA31-LYS29,LYS29-ALA31,LYS236-ALA238,0.0
WT_vs_E150K,target,404,LEU30-LYS33,LEU30-LYS33,LEU237-LYS240,0.0
WT_vs_E150K,target,405,ALA31-LYS33,ALA31-LYS33,ALA238-LYS240,0.0
WT_vs_E150K,target,406,ALA31-GLY35,ALA31-GLY35,ALA238-GLY242,0.0
WT_vs_E150K,target,407,GLN32-GLY35,GLN32-GLY35,GLN239-GLY242,0.0
WT_vs_E150K,target,408,GLY35-LYS33,LYS33-GLY35,LYS240-GLY242,0.0
WT_vs_E150K,target,409,GLU37-PRO39,GLU37-PRO39,GLU244-PRO246,0.0
WT_vs_E150K,target,410,GLN38-PRO39,GLN38-PRO39,GLN245-PRO246,0.0
WT_vs_E150K,target,411,GLN38-THR40,GLN38-THR40,GLN245-THR247,0.0
WT_vs_E150K,target,412,THR40-TYR42,THR40-TYR42,THR247-TYR249,0.0
WT_vs_E150K,target,413,LEU41-TRP43,LEU41-TRP43,LEU248-TRP250,0.0
WT_vs_E150K,target,414,LYS46-TYR42,TYR42-LYS46,TYR249-LYS253,0.0
WT_vs_E150K,target,415,ASN47-VAL45,VAL45-ASN47,VAL252-ASN254,0.0
WT_vs_E150K,target,416,ALA50-LYS48,LYS48-ALA50,LYS255-ALA257,0.0
WT_vs_E150K,target,417,ALA50-LEU52,ALA50-LEU52,ALA257-LEU259,0.0
WT_vs_E150K,target,418,ALA54-LEU52,LEU52-ALA54,LEU259-ALA261,0.0
WT_vs_E150K,target,419,ASP53-LEU55,ASP53-LEU55,ASP260-LEU262,0.0
WT_vs_E150K,target,420,ALA54-ALA56,ALA54-ALA56,ALA261-ALA263,0.0
WT_vs_E150K,target,421,ILE57-LEU55,LEU55-ILE57,LEU262-ILE264,0.0
WT_vs_E150K,target,422,ILE57-MET59,ILE57-MET59,ILE264-MET266,0.0
WT_vs_E150K,target,423,ASP61-MET59,MET59-ASP61,MET266-ASP268,0.0
WT_vs_E150K,target,424,ARG62-HSD64,ARG62-HSD64,ARG269-HSD271,0.0
WT_vs_E150K,target,425,ASP77-TRP75,TRP75-ASP77,TRP282-ASP284,0.0
WT_vs_E150K,target,426,ASP77-LEU79,ASP77-LEU79,ASP284-LEU286,0.0
WT_vs_E150K,target,427,ARG80-PHE78,PHE78-ARG80,PHE285-ARG287,0.0
WT_vs_E150K,target,428,ALA83-ASN81,ASN81-ALA83,ASN288-ALA290,0.0
WT_vs_E150K,target,429,ASN82-LYS84,ASN82-LYS84,ASN289-LYS291,0.0
WT_vs_E150K,target,430,LYS84-PHE86,LYS84-PHE86,LYS291-PHE293,0.0
WT_vs_E150K,target,431,CYS88-PHE86,PHE86-CYS88,PHE293-CYS295,0.0
WT_vs_E150K,target,432,CYS88-LEU90,CYS88-LEU90,CYS295-LEU297,0.0
WT_vs_E150K,target,433,ALA89-LEU91,ALA89-LEU91,ALA296-LEU298,0.0
WT_vs_E150K,target,434,LEU90-SER92,LEU90-SER92,LEU297-SER299,0.0
WT_vs_E150K,target,435,GLY96-HSD93,HSD93-GLY96,HSD300-GLY303,0.0
WT_vs_E150K,target,436,ARG94-GLY96,ARG94-GLY96,ARG301-GLY303,0.0
WT_vs_E150K,target,437,ALA97-ASP95,ASP95-ALA97,ASP302-ALA304,0.0
WT_vs_E150K,target,438,ASP95-LYS98,ASP95-LYS98,ASP302-LYS305,0.0
WT_vs_E150K,target,439,GLY96-LYS98,GLY96-LYS98,GLY303-LYS305,0.0
WT_vs_E150K,target,440,GLY96-VAL99,GLY96-VAL99,GLY303-VAL306,0.0
WT_vs_E150K,target,441,ALA97-VAL99,ALA97-VAL99,ALA304-VAL306,0.0
WT_vs_E150K,target,442,ALA97-HSD100,ALA97-HSD100,ALA304-HSD307,0.0
WT_vs_E150K,target,443,HSD100-LYS98,LYS98-HSD100,LYS305-HSD307,0.0
WT_vs_E150K,target,444,LEU101-LYS98,LYS98-LEU101,LYS305-LEU308,0.0
WT_vs_E150K,target,445,LEU101-VAL99,VAL99-LEU101,VAL306-LEU308,0.0
WT_vs_E150K,target,446,HSD100-THR103,HSD100-THR103,HSD307-THR310,0.0
WT_vs_E150K,target,447,LEU101-THR103,LEU101-THR103,LEU308-THR310,0.0
WT_vs_E150K,target,448,LYS108-THR106,THR106-LYS108,THR313-LYS315,0.0
WT_vs_E150K,target,449,GLN109-GLU107,GLU107-GLN109,GLU314-GLN316,0.0
WT_vs_E150K,target,450,GLN109-GLU111,GLN109-GLU111,GLN316-GLU318,0.0
WT_vs_E150K,target,451,GLU111-LEU113,GLU111-LEU113,GLU318-LEU320,0.0
WT_vs_E150K,target,452,ASN115-LEU113,LEU113-ASN115,LEU320-ASN322,0.0
WT_vs_E150K,target,453,GLN116-GLU114,GLU114-GLN116,GLU321-GLN323,0.0
WT_vs_E150K,target,454,ASN115-LEU117,ASN115-LEU117,ASN322-LEU324,0.0
WT_vs_E150K,target,455,ALA118-GLN116,GLN116-ALA118,GLN323-ALA325,0.0
WT_vs_E150K,target,456,ALA118-LEU120,ALA118-LEU120,ALA325-LEU327,0.0
WT_vs_E150K,target,457,GLN122-LEU120,LEU120-GLN122,LEU327-GLN329,0.0
WT_vs_E150K,target,458,ALA130-LEU120,LEU120-ALA130,LEU327-ALA337,0.0
WT_vs_E150K,target,459,CYS121-GLN123,CYS121-GLN123,CYS328-GLN330,0.0
WT_vs_E150K,target,460,CYS121-PHE125,CYS121-PHE125,CYS328-PHE332,0.0
WT_vs_E150K,target,461,ASN129-SER126,SER126-ASN129,SER333-ASN336,0.0
WT_vs_E150K,target,462,ASN129-LEU127,LEU127-ASN129,LEU334-ASN336,0.0
WT_vs_E150K,target,463,ALA130-LEU127,LEU127-ALA130,LEU334-ALA337,0.0
WT_vs_E150K,target,464,ALA130-TYR132,ALA130-TYR132,ALA337-TYR339,0.0
WT_vs_E150K,target,465,ALA130-ALA133,ALA130-ALA133,ALA337-ALA340,0.0
WT_vs_E150K,target,466,ALA133-LEU131,LEU131-ALA133,LEU338-ALA340,0.0
WT_vs_E150K,target,467,LEU131-LEU134,LEU131-LEU134,LEU338-LEU341,0.0
WT_vs_E150K,target,468,ALA136-LEU134,LEU134-ALA136,LEU341-ALA343,0.0
WT_vs_E150K,target,469,LEU134-VAL137,LEU134-VAL137,LEU341-VAL344,0.0
WT_vs_E150K,target,470,SER135-VAL137,SER135-VAL137,SER342-VAL344,0.0
WT_vs_E150K,target,471,HSD139-SER135,SER135-HSD139,SER342-HSD346,0.0
WT_vs_E150K,target,472,HSD139-VAL137,VAL137-HSD139,VAL344-HSD346,0.0
WT_vs_E150K,target,473,GLY138-PHE140,GLY138-PHE140,GLY345-PHE347,0.0
WT_vs_E150K,target,474,GLY138-THR141,GLY138-THR141,GLY345-THR348,0.0
WT_vs_E150K,target,475,HSD139-THR141,HSD139-THR141,HSD346-THR348,0.0
WT_vs_E150K,target,476,CYS144-LEU142,LEU142-CYS144,LEU349-CYS351,0.0
WT_vs_E150K,target,477,LEU142-VAL145,LEU142-VAL145,LEU349-VAL352,0.0
WT_vs_E150K,target,478,GLY143-VAL145,GLY143-VAL145,GLY350-VAL352,0.0
WT_vs_E150K,target,479,CYS144-LEU146,CYS144-LEU146,CYS351-LEU353,0.0
WT_vs_E150K,target,480,ASP148-VAL145,VAL145-ASP148,VAL352-ASP355,0.0
WT_vs_E150K,target,481,ASP148-LEU146,LEU146-ASP148,LEU353-ASP355,0.0
WT_vs_E150K,target,482,GLN149-LEU146,LEU146-GLN149,LEU353-GLN356,0.0
WT_vs_E150K,target,483,GLN149-GLU147,GLU147-GLN149,GLU354-GLN356,0.0
WT_vs_E150K,target,484,ASP148-LYS150,ASP148-LYS150,ASP355-LYS357,0.0
WT_vs_E150K,target,485,GLN149-GLN152,GLN149-GLN152,GLN356-GLN359,0.0
WT_vs_E150K,target,486,HSD151-LYS150,LYS150-HSD151,LYS357-HSD358,0.0
WT_vs_E150K,target,487,GLN152-LYS150,LYS150-GLN152,LYS357-GLN359,0.0
WT_vs_E150K,target,488,LYS150-VAL153,LYS150-VAL153,LYS357-VAL360,0.0
WT_vs_E150K,target,489,HSD151-VAL153,HSD151-VAL153,HSD358-VAL360,0.0
WT_vs_E150K,target,490,LYS155-VAL153,VAL153-LYS155,VAL360-LYS362,0.0
WT_vs_E150K,target,491,GLU156-VAL153,VAL153-GLU156,VAL360-GLU363,0.0
WT_vs_E150K,target,492,ALA154-LYS155,ALA154-LYS155,ALA361-LYS362,0.0
WT_vs_E150K,target,493,ALA154-GLU156,ALA154-GLU156,ALA361-GLU363,0.0
WT_vs_E150K,target,494,ALA154-GLU157,ALA154-GLU157,ALA361-GLU364,0.0
WT_vs_E150K,target,495,ALA154-ARG158,ALA154-ARG158,ALA361-ARG365,0.0
WT_vs_E150K,target,496,ALA154-THR160,ALA154-THR160,ALA361-THR367,0.0
WT_vs_E150K,target,497,GLU157-LYS155,LYS155-GLU157,LYS362-GLU364,0.0
WT_vs_E150K,target,498,ARG158-THR160,ARG158-THR160,ARG365-THR367,0.0
WT_vs_E150K,target,499,ASP164-THR162,THR162-ASP164,THR369-ASP371,0.0
WT_vs_E150K,target,500,MET166-THR163,THR163-MET166,THR370-MET373,0.0
WT_vs_E150K,target,501,ASP164-SER165,ASP164-SER165,ASP371-SER372,0.0
WT_vs_E150K,target,502,ASP164-MET166,ASP164-MET166,ASP371-MET373,0.0
WT_vs_E150K,target,503,LEU169-PRO167,PRO167-LEU169,PRO374-LEU376,0.0
WT_vs_E150K,target,504,LEU170-PRO168,PRO168-LEU170,PRO375-LEU377,0.0
WT_vs_E150K,target,505,GLN172-LEU169,LEU169-GLN172,LEU376-GLN379,0.0
WT_vs_E150K,target,506,ARG171-LEU170,LEU170-ARG171,LEU377-ARG378,0.0
WT_vs_E150K,target,507,GLN172-LEU170,LEU170-GLN172,LEU377-GLN379,0.0
WT_vs_E150K,target,508,ALA173-ARG171,ARG171-ALA173,ARG378-ALA380,0.0
WT_vs_E150K,target,509,ALA173-GLN172,GLN172-ALA173,GLN379-ALA380,0.0
WT_vs_E150K,target,510,GLN172-ILE174,GLN172-ILE174,GLN379-ILE381,0.0
WT_vs_E150K,target,511,ALA173-GLU175,ALA173-GLU175,ALA380-GLU382,0.0
WT_vs_E150K,target,512,GLU175-ILE174,ILE174-GLU175,ILE381-GLU382,0.0
WT_vs_E150K,target,513,ILE174-LEU176,ILE174-LEU176,ILE381-LEU383,0.0
WT_vs_E150K,target,514,GLU175-PHE177,GLU175-PHE177,GLU382-PHE384,0.0
WT_vs_E150K,target,515,ASP178-LEU176,LEU176-ASP178,LEU383-ASP385,0.0
WT_vs_E150K,target,516,HSD179-LEU176,LEU176-HSD179,LEU383-HSD386,0.0
WT_vs_E150K,target,517,HSD179-PHE177,PHE177-HSD179,PHE384-HSD386,0.0
WT_vs_E150K,target,518,GLN180-PHE177,PHE177-GLN180,PHE384-GLN387,0.0
WT_vs_E150K,target,519,GLY181-HSD179,HSD179-GLY181,HSD386-GLY388,0.0
WT_vs_E150K,target,520,ALA182-PRO184,ALA182-PRO184,ALA389-PRO391,0.0
WT_vs_E150K,target,521,GLU183-PHE186,GLU183-PHE186,GLU390-PHE393,0.0
WT_vs_E150K,target,522,PHE186-PRO184,PRO184-PHE186,PRO391-PHE393,0.0
WT_vs_E150K,target,523,LEU187-PRO184,PRO184-LEU187,PRO391-LEU394,0.0
WT_vs_E150K,target,524,PHE188-PRO184,PRO184-PHE188,PRO391-PHE395,0.0
WT_vs_E150K,target,525,GLY189-LEU187,LEU187-GLY189,LEU394-GLY396,0.0
WT_vs_E150K,target,526,LEU187-LEU190,LEU187-LEU190,LEU394-LEU397,0.0
WT_vs_E150K,target,527,LEU190-PHE188,PHE188-LEU190,PHE395-LEU397,0.0
WT_vs_E150K,target,528,GLY189-LEU192,GLY189-LEU192,GLY396-LEU399,0.0
WT_vs_E150K,target,529,ILE193-LEU190,LEU190-ILE193,LEU397-ILE400,0.0
WT_vs_E150K,target,530,GLU191-ILE193,GLU191-ILE193,GLU398-ILE400,0.0
WT_vs_E150K,target,531,GLU191-ILE194,GLU191-ILE194,GLU398-ILE401,0.0
WT_vs_E150K,target,532,ILE194-LEU192,LEU192-ILE194,LEU399-ILE401,0.0
WT_vs_E150K,target,533,ILE194-LEU197,ILE194-LEU197,ILE401-LEU404,0.0
WT_vs_E150K,target,534,GLN195-LEU197,GLN195-LEU197,GLN402-LEU404,0.0
WT_vs_E150K,target,535,GLN195-GLU198,GLN195-GLU198,GLN402-GLU405,0.0
WT_vs_E150K,target,536,GLU198-GLY196,GLY196-GLU198,GLY403-GLU405,0.0
WT_vs_E150K,target,537,GLN200-GLU198,GLU198-GLN200,GLU405-GLN407,0.0
WT_vs_E150K,target,538,GLU198-LEU201,GLU198-LEU201,GLU405-LEU408,0.0
WT_vs_E150K,target,539,GLN200-LYS199,LYS199-GLN200,LYS406-GLN407,0.0
WT_vs_E150K,target,540,LEU201-LYS199,LYS199-LEU201,LYS406-LEU408,0.0
WT_vs_E150K,target,541,LYS199-LYS202,LYS199-LYS202,LYS406-LYS409,0.0
WT_vs_E150K,target,542,CYS203-LEU201,LEU201-CYS203,LEU408-CYS410,0.0
WT_vs_E150K,target,543,GLU204-LYS202,LYS202-GLU204,LYS409-GLU411,0.0
G102D_vs_E150K,reference,1,PRO161-THR160,THR160-PRO161,THR367-PRO368,0.37021329870000347
G102D_vs_E150K,reference,2,HSD100-LEU101,HSD100-LEU101,HSD307-LEU308,0.31056439859452595
G102D_vs_E150K,reference,3,ARG158-GLU157,GLU157-ARG158,GLU364-ARG365,0.2132085932576044
G102D_vs_E150K,reference,4,PRO161-THR162,PRO161-THR162,PRO368-THR369,0.20330293323144427
G102D_vs_E150K,reference,5,ARG158-THR160,ARG158-THR160,ARG365-THR367,0.19207246770681535
G102D_vs_E150K,reference,6,ALA154-GLU157,ALA154-GLU157,ALA361-GLU364,0.18269800923797377
G102D_vs_E150K,reference,7,GLN109-THR106,THR106-GLN109,THR313-GLN316,0.16767859484503306
G102D_vs_E150K,reference,8,HSD100-VAL99,VAL99-HSD100,VAL306-HSD307,0.16268495191560028
G102D_vs_E150K,reference,9,ASP102-LEU101,LEU101-ASP102,LEU308-ASP309,0.14901091499489522
G102D_vs_E150K,reference,10,ALA136-HSD139,ALA136-HSD139,ALA343-HSD346,0.1359511576041337
G102D_vs_E150K,reference,11,MET166-SER165,SER165-MET166,SER372-MET373,0.13245763470090904
G102D_vs_E150K,reference,12,GLN109-TYR110,GLN109-TYR110,GLN316-TYR317,0.13114900433325066
G102D_vs_E150K,reference,13,PRO105-THR106,PRO105-THR106,PRO312-THR313,0.12626268180640798
G102D_vs_E150K,reference,14,ASP164-SER165,ASP164-SER165,ASP371-SER372,0.11209799080984369
G102D_vs_E150K,reference,15,ARG104-PRO105,ARG104-PRO105,ARG311-PRO312,0.10945510082263396
G102D_vs_E150K,reference,16,ILE174-PHE177,ILE174-PHE177,ILE381-PHE384,0.10723637831072036
G102D_vs_E150K,reference,17,ALA136-SER135,SER135-ALA136,SER342-ALA343,0.08979613876200132
G102D_vs_E150K,reference,18,ARG104-THR103,THR103-ARG104,THR310-ARG311,0.08894339473071272
G102D_vs_E150K,reference,19,THR162-THR163,THR162-THR163,THR369-THR370,0.0866146671420526
G102D_vs_E150K,reference,20,ASP95-GLY21,GLY21-ASP95,GLY228-ASP302,0.08322628407882733
G102D_vs_E150K,reference,21,ASP164-THR163,THR163-ASP164,THR370-ASP371,0.07718815349925773
G102D_vs_E150K,reference,22,LEU113-TYR110,TYR110-LEU113,TYR317-LEU320,0.07638333624015939
G102D_vs_E150K,reference,23,ALA130-PHE125,PHE125-ALA130,PHE332-ALA337,0.06977611620358007
G102D_vs_E150K,reference,24,LEU120-PHE125,LEU120-PHE125,LEU327-PHE332,0.06842071216476958
G102D_vs_E150K,reference,25,ASP102-THR103,ASP102-THR103,ASP309-THR310,0.06563933733988542
G102D_vs_E150K,reference,26,LEU117-LEU120,LEU117-LEU120,LEU324-LEU327,0.06402586155298909
G102D_vs_E150K,reference,27,ALA154-HSD151,HSD151-ALA154,HSD358-ALA361,0.06384184099810036
G102D_vs_E150K,reference,28,ARG171-MET166,MET166-ARG171,MET373-ARG378,0.060234585498933554
G102D_vs_E150K,reference,29,SER135-TYR132,TYR132-SER135,TYR339-SER342,0.05694334901605397
G102D_vs_E150K,reference,30,ALA130-ASN129,ASN129-ALA130,ASN336-ALA337,0.05640706198598082
G102D_vs_E150K,reference,31,ASN129-TYR132,ASN129-TYR132,ASN336-TYR339,0.05425118215767555
G102D_vs_E150K,reference,32,GLN116-LEU113,LEU113-GLN116,LEU320-GLN323,0.05392771456364226
G102D_vs_E150K,reference,33,ALA54-ASP53,ASP53-ALA54,ASP260-ALA261,0.05324888810673051
G102D_vs_E150K,reference,34,GLN116-LEU117,GLN116-LEU117,GLN323-LEU324,0.05315322468187754
G102D_vs_E150K,reference,35,ASP148-HSD151,ASP148-HSD151,ASP355-HSD358,0.04613488988147656
G102D_vs_E150K,reference,36,GLY21-LEU17,LEU17-GLY21,LEU224-GLY228,0.045043555955442904
G102D_vs_E150K,reference,37,ASP95-GLY96,ASP95-GLY96,ASP302-GLY303,0.03809084412081905
G102D_vs_E150K,reference,38,ALA97-LYS98,ALA97-LYS98,ALA304-LYS305,0.037557584645762594
G102D_vs_E150K,reference,39,GLY181-PHE177,PHE177-GLY181,PHE384-GLY388,0.03626710356095684
G102D_vs_E150K,reference,40,ASP148-GLU147,GLU147-ASP148,GLU354-ASP355,0.03545830531330065
G102D_vs_E150K,reference,41,ALA54-ILE57,ALA54-ILE57,ALA261-ILE264,0.0334951334948817
G102D_vs_E150K,reference,42,ASP53-THR103,ASP53-THR103,ASP260-THR310,0.03236437691652376
G102D_vs_E150K,reference,43,GLY143-PHE140,PHE140-GLY143,PHE347-GLY350,0.032249267146631636
G102D_vs_E150K,reference,44,LYS98-VAL99,LYS98-VAL99,LYS305-VAL306,0.02972938860047468
G102D_vs_E150K,reference,45,ALA185-PHE186,ALA185-PHE186,ALA392-PHE393,0.029590310012666182
G102D_vs_E150K,reference,46,GLY189-LEU192,GLY189-LEU192,GLY396-LEU399,0.029213577686343854
G102D_vs_E150K,reference,47,ARG171-ILE174,ARG171-ILE174,ARG378-ILE381,0.028367543398400554
G102D_vs_E150K,reference,48,GLY189-PHE186,PHE186-GLY189,PHE393-GLY396,0.028364370986564837
G102D_vs_E150K,reference,49,HSD139-PHE140,HSD139-PHE140,HSD346-PHE347,0.027233398413949235
G102D_vs_E150K,reference,50,GLY143-LEU146,GLY143-LEU146,GLY350-LEU353,0.025921033304721876
G102D_vs_E150K,reference,51,ALA182-GLY181,GLY181-ALA182,GLY388-ALA389,0.025755846412420395
G102D_vs_E150K,reference,52,GLU147-LEU146,LEU146-GLU147,LEU353-GLU354,0.02518258717040865
G102D_vs_E150K,reference,53,ARG28-THR26,THR26-ARG28,THR233-ARG235,0.023490840335241486
G102D_vs_E150K,reference,54,GLN109-THR112,GLN109-THR112,GLN316-THR319,0.022109831204259023
G102D_vs_E150K,reference,55,LEU14-LEU17,LEU14-LEU17,LEU221-LEU224,0.021877067283387282
G102D_vs_E150K,reference,56,LYS46-VAL45,VAL45-LYS46,VAL252-LYS253,0.02176942365747609
G102D_vs_E150K,reference,57,ALA50-ASP53,ALA50-ASP53,ALA257-ASP260,0.021110633508024574
G102D_vs_E150K,reference,58,ALA97-GLY96,GLY96-ALA97,GLY303-ALA304,0.019313695699361876
G102D_vs_E150K,reference,59,ALA182-ALA185,ALA182-ALA185,ALA389-ALA392,0.01918219178586721
G102D_vs_E150K,reference,60,CYS203-GLN200,GLN200-CYS203,GLN407-CYS410,0.017375116862720964
G102D_vs_E150K,reference,61,ASN47-LYS46,LYS46-ASN47,LYS253-ASN254,0.01687290522421132
G102D_vs_E150K,reference,62,PRO39-TYR42,PRO39-TYR42,PRO246-TYR249,0.01631487510704229
G102D_vs_E150K,reference,63,TYR42-VAL45,TYR42-VAL45,TYR249-VAL252,0.016208963047221303
G102D_vs_E150K,reference,64,GLU204-SER205,GLU204-SER205,GLU411-SER412,0.016158308087417524
G102D_vs_E150K,reference,65,GLU58-ILE57,ILE57-GLU58,ILE264-GLU265,0.015616114153974417
G102D_vs_E150K,reference,66,ALA89-LEU90,ALA89-LEU90,ALA296-LEU297,0.015175069505813158
G102D_vs_E150K,reference,67,GLY24-LEU25,GLY24-LEU25,GLY231-LEU232,0.014427368830724548
G102D_vs_E150K,reference,68,GLY124-PHE125,GLY124-PHE125,GLY331-PHE332,0.013823051766892443
G102D_vs_E150K,reference,69,ALA97-LEU90,LEU90-ALA97,LEU297-ALA304,0.013815125149547271
G102D_vs_E150K,reference,70,HSD66-PHE67,HSD66-PHE67,HSD273-PHE274,0.013764240381403597
G102D_vs_E150K,reference,71,LEU25-THR26,LEU25-THR26,LEU232-THR233,0.013134771348198458
G102D_vs_E150K,reference,72,CYS203-GLU204,CYS203-GLU204,CYS410-GLU411,0.013078701542215704
G102D_vs_E150K,reference,73,ARG87-LYS84,LYS84-ARG87,LYS291-ARG294,0.012686669033798257
G102D_vs_E150K,reference,74,GLN152-HSD151,HSD151-GLN152,HSD358-GLN359,0.012680182045111316
G102D_vs_E150K,reference,75,GLY21-GLY24,GLY21-GLY24,GLY228-GLY231,0.012591480191121069
G102D_vs_E150K,reference,76,ALA83-PHE86,ALA83-PHE86,ALA290-PHE293,0.012590878054295523
G102D_vs_E150K,reference,77,GLY206-SER205,SER205-GLY206,SER412-GLY413,0.012400131497341389
G102D_vs_E150K,reference,78,HSD64-THR65,HSD64-THR65,HSD271-THR272,0.012219457641794936
G102D_vs_E150K,reference,79,HSD66-THR65,THR65-HSD66,THR272-HSD273,0.012149052715185458
G102D_vs_E150K,reference,80,ALA50-ASN47,ASN47-ALA50,ASN254-ALA257,0.011868342171014248
G102D_vs_E150K,reference,81,ALA89-PHE86,PHE86-ALA89,PHE293-ALA296,0.01184295964465093
G102D_vs_E150K,reference,82,ILE193-LEU192,LEU192-ILE193,LEU399-ILE400,0.011662323154362084
G102D_vs_E150K,reference,83,ASN115-THR112,THR112-ASN115,THR319-ASN322,0.010580732748501527
G102D_vs_E150K,reference,84,MET166-PRO167,MET166-PRO167,MET373-PRO374,0.010442274860112422
G102D_vs_E150K,reference,85,ALA118-ASN115,ASN115-ALA118,ASN322-ALA325,0.009684952602112027
G102D_vs_E150K,reference,86,CYS68-PHE67,PHE67-CYS68,PHE274-CYS275,0.009665635889550375
G102D_vs_E150K,reference,87,ARG28-LEU30,ARG28-LEU30,ARG235-LEU237,0.009482845813471717
G102D_vs_E150K,reference,88,GLY196-ILE193,ILE193-GLY196,ILE400-GLY403,0.009252305025535344
G102D_vs_E150K,reference,89,GLN152-LYS155,GLN152-LYS155,GLN359-LYS362,0.008978498231617369
G102D_vs_E150K,reference,90,ASP61-GLU58,GLU58-ASP61,GLU265-ASP268,0.008920165942093227
G102D_vs_E150K,reference,91,ASN82-LEU79,LEU79-ASN82,LEU286-ASN289,0.008719316219687056
G102D_vs_E150K,reference,92,ALA83-ASN82,ASN82-ALA83,ASN289-ALA290,0.008595045667764985
G102D_vs_E150K,reference,93,GLY206-SER207,GLY206-SER207,GLY413-SER414,0.008424289980445969
G102D_vs_E150K,reference,94,GLN38-PRO39,GLN38-PRO39,GLN245-PRO246,0.007979914877565598
G102D_vs_E150K,reference,95,CYS121-GLY124,CYS121-GLY124,CYS328-GLY331,0.007671363994281098
G102D_vs_E150K,reference,96,ARG28-LYS29,ARG28-LYS29,ARG235-LYS236,0.007663846405301765
G102D_vs_E150K,reference,97,PHE125-SER126,PHE125-SER126,PHE332-SER333,0.007612518596358291
G102D_vs_E150K,reference,98,ALA13-LEU14,ALA13-LEU14,ALA220-LEU221,0.0071315970337288166
G102D_vs_E150K,reference,99,GLN123-GLY124,GLN123-GLY124,GLN330-GLY331,0.007078151783694836
G102D_vs_E150K,reference,100,GLU73-SER74,GLU73-SER74,GLU280-SER281,0.007078036520664646
G102D_vs_E150K,reference,101,GLU71-GLY72,GLU71-GLY72,GLU278-GLY279,0.0069205156222319235
G102D_vs_E150K,reference,102,ASP5-SER7,ASP5-SER7,ASP212-SER214,0.006866643757900804
G102D_vs_E150K,reference,103,ALA13-ILE10,ILE10-ALA13,ILE217-ALA220,0.006676165988691055
G102D_vs_E150K,reference,104,ARG171-GLN172,ARG171-GLN172,ARG378-GLN379,0.0066695311264751145
G102D_vs_E150K,reference,105,CYS68-PRO69,CYS68-PRO69,CYS275-PRO276,0.006589615828122262
G102D_vs_E150K,reference,106,GLU73-GLY72,GLY72-GLU73,GLY279-GLU280,0.006585189420489618
G102D_vs_E150K,reference,107,LEU79-PHE78,PHE78-LEU79,PHE285-LEU286,0.006570358242828809
G102D_vs_E150K,reference,108,GLU71-LEU70,LEU70-GLU71,LEU277-GLU278,0.006483924550130015
G102D_vs_E150K,reference,109,SER7-VAL9,SER7-VAL9,SER214-VAL216,0.006395504893299845
G102D_vs_E150K,reference,110,ALA83-ARG80,ARG80-ALA83,ARG287-ALA290,0.00621476275722007
G102D_vs_E150K,reference,111,ALA89-HSD63,HSD63-ALA89,HSD270-ALA296,0.006183889171213105
G102D_vs_E150K,reference,112,GLY196-LEU197,GLY196-LEU197,GLY403-LEU404,0.006102621823045194
G102D_vs_E150K,reference,113,ASP61-HSD64,ASP61-HSD64,ASP268-HSD271,0.006096129396236322
G102D_vs_E150K,reference,114,PHE78-TRP75,TRP75-PHE78,TRP282-PHE285,0.005726516425476133
G102D_vs_E150K,reference,115,ILE10-VAL9,VAL9-ILE10,VAL216-ILE217,0.005712487394534366
G102D_vs_E150K,reference,116,ASP178-GLU175,GLU175-ASP178,GLU382-ASP385,0.005676224166733796
G102D_vs_E150K,reference,117,GLN172-GLU175,GLN172-GLU175,GLN379-GLU382,0.005446591017886707
G102D_vs_E150K,reference,118,ALA31-LEU30,LEU30-ALA31,LEU237-ALA238,0.005411752581086768
G102D_vs_E150K,reference,119,LEU14-SER12,SER12-LEU14,SER219-LEU221,0.005387055049016841
G102D_vs_E150K,reference,120,ASP53-LEU51,LEU51-ASP53,LEU258-ASP260,0.005306770158144969
G102D_vs_E150K,reference,121,GLN38-GLU37,GLU37-GLN38,GLU244-GLN245,0.005261895271694862
G102D_vs_E150K,reference,122,ASP5-LEU4,LEU4-ASP5,LEU211-ASP212,0.00513907706379834
G102D_vs_E150K,reference,123,ARG3-LEU4,ARG3-LEU4,ARG210-LEU211,0.004991070293730573
G102D_vs_E150K,reference,124,ARG87-LEU90,ARG87-LEU90,ARG294-LEU297,0.00486675794585286
G102D_vs_E150K,reference,125,LEU170-PRO167,PRO167-LEU170,PRO374-LEU377,0.004780837247463037
G102D_vs_E150K,reference,126,GLN200-LEU197,LEU197-GLN200,LEU404-GLN407,0.004557375496828504
G102D_vs_E150K,reference,127,CYS195-LEU192,LEU192-CYS195,LEU399-CYS402,0.00454266402296096
G102D_vs_E150K,reference,128,SER74-TRP75,SER74-TRP75,SER281-TRP282,0.004488988684742838
G102D_vs_E150K,reference,129,ALA56-ASP53,ASP53-ALA56,ASP260-ALA263,0.004398265147295851
G102D_vs_E150K,reference,130,GLN32-LEU30,LEU30-GLN32,LEU237-GLN239,0.004326847306551912
G102D_vs_E150K,reference,131,ARG158-GLU159,ARG158-GLU159,ARG365-GLU366,0.004096011725104308
G102D_vs_E150K,reference,132,GLY96-LEU90,LEU90-GLY96,LEU297-GLY303,0.004041712424035787
G102D_vs_E150K,reference,133,ALA118-CYS121,ALA118-CYS121,ALA325-CYS328,0.004009077678315534
G102D_vs_E150K,reference,134,ASN81-LYS84,ASN81-LYS84,ASN288-LYS291,0.0038169375346524524
G102D_vs_E150K,reference,135,ARG3-SER2,SER2-ARG3,SER209-ARG210,0.003660975681713119
G102D_vs_E150K,reference,136,ASN11-SER12,ASN11-SER12,ASN218-SER219,0.003412816338874883
G102D_vs_E150K,reference,137,LEU51-LYS48,LYS48-LEU51,LYS255-LEU258,0.003258772086562479
G102D_vs_E150K,reference,138,LEU16-LEU17,LEU16-LEU17,LEU223-LEU224,0.0031096929752312706
G102D_vs_E150K,reference,139,LYS84-SER85,LYS84-SER85,LYS291-SER292,0.003073567977106017
G102D_vs_E150K,reference,140,GLU159-THR160,GLU159-THR160,GLU366-THR367,0.0029581551885679716
G102D_vs_E150K,reference,141,HSD63-HSD64,HSD63-HSD64,HSD270-HSD271,0.002947357964132964
G102D_vs_E150K,reference,142,GLN76-LEU79,GLN76-LEU79,GLN283-LEU286,0.002895212361306866
G102D_vs_E150K,reference,143,MET1-SER2,MET1-SER2,MET208-SER209,0.002833031816939807
G102D_vs_E150K,reference,144,LEU70-PRO69,PRO69-LEU70,PRO276-LEU277,0.0027240546554963578
G102D_vs_E150K,reference,145,PRO39-THR40,PRO39-THR40,PRO246-THR247,0.002670316030626739
G102D_vs_E150K,reference,146,GLU37-VAL36,VAL36-GLU37,VAL243-GLU244,0.0026686986422269528
G102D_vs_E150K,reference,147,GLU147-GLU150,GLU147-GLU150,GLU354-GLU357,0.002566191410459181
G102D_vs_E150K,reference,148,ALA118-PHE119,ALA118-PHE119,ALA325-PHE326,0.0022732607274780735
G102D_vs_E150K,reference,149,PHE140-THR141,PHE140-THR141,PHE347-THR348,0.0022729342940911125
G102D_vs_E150K,reference,150,ALA185-PHE188,ALA185-PHE188,ALA392-PHE395,0.0022395366539026715
G102D_vs_E150K,reference,151,ARG158-GLU156,GLU156-ARG158,GLU363-ARG365,0.002197868458870355
G102D_vs_E150K,reference,152,LEU134-TYR132,TYR132-LEU134,TYR339-LEU341,0.0021842778386645897
G102D_vs_E150K,reference,153,GLN122-PHE119,PHE119-GLN122,PHE326-GLN329,0.0021397433671006797
G102D_vs_E150K,reference,154,ILE57-LEU60,ILE57-LEU60,ILE264-LEU267,0.0021174713480512255
G102D_vs_E150K,reference,155,ARG94-ASP95,ARG94-ASP95,ARG301-ASP302,0.002116736457774368
G102D_vs_E150K,reference,156,GLU183-GLY181,GLY181-GLU183,GLY388-GLU390,0.0020754195305016402
G102D_vs_E150K,reference,157,ALA56-MET59,ALA56-MET59,ALA263-MET266,0.0020638351538777152
G102D_vs_E150K,reference,158,LEU120-PHE119,PHE119-LEU120,PHE326-LEU327,0.001997043406819644
G102D_vs_E150K,reference,159,CYS144-GLY143,GLY143-CYS144,GLY350-CYS351,0.0019876236836745068
G102D_vs_E150K,reference,160,GLU114-LEU117,GLU114-LEU117,GLU321-LEU324,0.0019287551332094425
G102D_vs_E150K,reference,161,GLU156-LYS155,LYS155-GLU156,LYS362-GLU363,0.0018902881937263593
G102D_vs_E150K,reference,162,ASN11-LYS8,LYS8-ASN11,LYS215-ASN218,0.0018551749714376755
G102D_vs_E150K,reference,163,PRO167-PRO168,PRO167-PRO168,PRO374-PRO375,0.00178973358920352
G102D_vs_E150K,reference,164,ASP178-HSD179,ASP178-HSD179,ASP385-HSD386,0.00178376672956124
G102D_vs_E150K,reference,165,ALA31-LEU34,ALA31-LEU34,ALA238-LEU241,0.0017826989589357443
G102D_vs_E150K,reference,166,ALA50-ARG49,ARG49-ALA50,ARG256-ALA257,0.001768717594405853
G102D_vs_E150K,reference,167,ALA173-ILE174,ALA173-ILE174,ALA380-ILE381,0.0016763997638502587
G102D_vs_E150K,reference,168,GLN32-LYS33,GLN32-LYS33,GLN239-LYS240,0.0016729805955920307
G102D_vs_E150K,reference,169,ASN129-LEU131,ASN129-LEU131,ASN336-LEU338,0.0016390290680448742
G102D_vs_E150K,reference,170,LEU52-LEU55,LEU52-LEU55,LEU259-LEU262,0.0016036518245367436
G102D_vs_E150K,reference,171,ARG87-CYS88,ARG87-CYS88,ARG294-CYS295,0.0016020824026879866
G102D_vs_E150K,reference,172,LYS6-SER7,LYS6-SER7,LYS213-SER214,0.0015964826752121724
G102D_vs_E150K,reference,173,ARG94-HSD93,HSD93-ARG94,HSD300-ARG301,0.0015385694240419865
G102D_vs_E150K,reference,174,ARG158-LYS155,LYS155-ARG158,LYS362-ARG365,0.0015323048332473868
G102D_vs_E150K,reference,175,GLY21-VAL20,VAL20-GLY21,VAL227-GLY228,0.0015159973533034176
G102D_vs_E150K,reference,176,ASP178-GLN180,ASP178-GLN180,ASP385-GLN387,0.0015113911513906196
G102D_vs_E150K,reference,177,LEU41-PRO39,PRO39-LEU41,PRO246-LEU248,0.0015107595719491883
G102D_vs_E150K,reference,178,ALA173-LEU170,LEU170-ALA173,LEU377-ALA380,0.0014989730643199916
G102D_vs_E150K,reference,179,HSD139-LEU142,HSD139-LEU142,HSD346-LEU349,0.0014977566659357625
G102D_vs_E150K,reference,180,ALA130-LEU131,ALA130-LEU131,ALA337-LEU338,0.001458981335128071
G102D_vs_E150K,reference,181,GLY189-LEU190,GLY189-LEU190,GLY396-LEU397,0.0014526322613623802
G102D_vs_E150K,reference,182,TRP43-VAL45,TRP43-VAL45,TRP250-VAL252,0.001435979939443481
G102D_vs_E150K,reference,183,GLU58-LEU55,LEU55-GLU58,LEU262-GLU265,0.0013752614347205703
G102D_vs_E150K,reference,184,GLU175-LEU176,GLU175-LEU176,GLU382-LEU383,0.0013730341342012334
G102D_vs_E150K,reference,185,ALA154-VAL153,VAL153-ALA154,VAL360-ALA361,0.0013535437849070265
G102D_vs_E150K,reference,186,GLU111-GLU114,GLU111-GLU114,GLU318-GLU321,0.0013401820652657233
G102D_vs_E150K,reference,187,LEU169-LEU170,LEU169-LEU170,LEU376-LEU377,0.0013344738331183337
G102D_vs_E150K,reference,188,ALA56-LEU55,LEU55-ALA56,LEU262-ALA263,0.00131724526969981
G102D_vs_E150K,reference,189,LEU134-SER135,LEU134-SER135,LEU341-SER342,0.0013014976227316154
G102D_vs_E150K,reference,190,GLU19-VAL20,GLU19-VAL20,GLU226-VAL227,0.0012629294763260197
G102D_vs_E150K,reference,191,LYS108-THR106,THR106-LYS108,THR313-LYS315,0.0012180757291773774
G102D_vs_E150K,reference,192,LEU113-THR112,THR112-LEU113,THR319-LEU320,0.001201315840381441
G102D_vs_E150K,reference,193,GLY143-THR141,THR141-GLY143,THR348-GLY350,0.0011497268064263784
G102D_vs_E150K,reference,194,GLU15-LEU16,GLU15-LEU16,GLU222-LEU223,0.00114937843512093
G102D_vs_E150K,reference,195,GLN152-VAL153,GLN152-VAL153,GLN359-VAL360,0.0011348654151661123
G102D_vs_E150K,reference,196,GLU114-THR112,THR112-GLU114,THR319-GLU321,0.0011327359219357323
G102D_vs_E150K,reference,197,GLN200-LEU201,GLN200-LEU201,GLN407-LEU408,0.0011212306321355617
G102D_vs_E150K,reference,198,ARG80-ASP77,ASP77-ARG80,ASP284-ARG287,0.001096983460426135
G102D_vs_E150K,reference,199,ASP53-LEU52,LEU52-ASP53,LEU259-ASP260,0.001085443423684976
G102D_vs_E150K,reference,200,PHE140-VAL137,VAL137-PHE140,VAL344-PHE347,0.0010750152080982473
G102D_vs_E150K,reference,201,ARG171-PRO168,PRO168-ARG171,PRO375-ARG378,0.001069624510541834
G102D_vs_E150K,reference,202,ARG49-LEU52,ARG49-LEU52,ARG256-LEU259,0.0010630458291275551
G102D_vs_E150K,reference,203,GLU23-GLY24,GLU23-GLY24,GLU230-GLY231,0.001043390851308379
G102D_vs_E150K,reference,204,ARG62-HSD63,ARG62-HSD63,ARG269-HSD270,0.0010262337507255276
G102D_vs_E150K,reference,205,GLU111-LYS108,LYS108-GLU111,LYS315-GLU318,0.001025345633285742
G102D_vs_E150K,reference,206,GLU191-GLY189,GLY189-GLU191,GLY396-GLU398,0.0010162556479516708
G102D_vs_E150K,reference,207,CYS195-ILE194,ILE194-CYS195,ILE401-CYS402,0.0010106607640150615
G102D_vs_E150K,reference,208,ALA133-TYR132,TYR132-ALA133,TYR339-ALA340,0.0010025276962041317
G102D_vs_E150K,reference,209,HSD44-VAL45,HSD44-VAL45,HSD251-VAL252,0.0009843233966632572
G102D_vs_E150K,reference,210,GLY196-LYS199,GLY196-LYS199,GLY403-LYS406,0.0009195512465585256
G102D_vs_E150K,reference,211,ARG62-MET59,MET59-ARG62,MET266-ARG269,0.0009077083071311696
G102D_vs_E150K,reference,212,ALA185-LEU187,ALA185-LEU187,ALA392-LEU394,0.000898766377739809
G102D_vs_E150K,reference,213,GLN149-GLU150,GLN149-GLU150,GLN356-GLU357,0.0008725747167114676
G102D_vs_E150K,reference,214,LEU90-LEU91,LEU90-LEU91,LEU297-LEU298,0.000858459833472115
G102D_vs_E150K,reference,215,HSD93-SER92,SER92-HSD93,SER299-HSD300,0.0008437964535541859
G102D_vs_E150K,reference,216,ARG49-ASN47,ASN47-ARG49,ASN254-ARG256,0.0008367882042850598
G102D_vs_E150K,reference,217,GLU111-TYR110,TYR110-GLU111,TYR317-GLU318,0.0008341621475701471
G102D_vs_E150K,reference,218,GLU183-PRO184,GLU183-PRO184,GLU390-PRO391,0.0008111469364998417
G102D_vs_E150K,reference,219,GLN149-HSD151,GLN149-HSD151,GLN356-HSD358,0.000805007102362714
G102D_vs_E150K,reference,220,ASP178-GLY181,ASP178-GLY181,ASP385-GLY388,0.0007946443807608262
G102D_vs_E150K,reference,221,LEU127-SER126,SER126-LEU127,SER333-LEU334,0.0007276214278906922
G102D_vs_E150K,reference,222,GLU128-LEU131,GLU128-LEU131,GLU335-LEU338,0.0007247029915486973
G102D_vs_E150K,reference,223,ARG94-ASN18,ASN18-ARG94,ASN225-ARG301,0.0007098450450988185
G102D_vs_E150K,reference,224,ALA31-VAL36,ALA31-VAL36,ALA238-VAL243,0.0007002522755396102
G102D_vs_E150K,reference,225,ALA130-SER126,SER126-ALA130,SER333-ALA337,0.0006840063065150532
G102D_vs_E150K,reference,226,GLU107-THR106,THR106-GLU107,THR313-GLU314,0.000664907956093216
G102D_vs_E150K,reference,227,GLU128-SER126,SER126-GLU128,SER333-GLU335,0.0006500563887212482
G102D_vs_E150K,reference,228,GLU150-HSD151,GLU150-HSD151,GLU357-HSD358,0.000613567502964767
G102D_vs_E150K,reference,229,LEU187-PHE188,LEU187-PHE188,LEU394-PHE395,0.0005731239404068709
G102D_vs_E150K,reference,230,ARG28-THR27,THR27-ARG28,THR234-ARG235,0.0005685497858152816
G102D_vs_E150K,reference,231,LEU34-VAL36,LEU34-VAL36,LEU241-VAL243,0.0005447143147298914
G102D_vs_E150K,reference,232,THR26-THR27,THR26-THR27,THR233-THR234,0.0005441934602764678
G102D_vs_E150K,reference,233,GLN200-LYS202,GLN200-LYS202,GLN407-LYS409,0.0005384875021304233
G102D_vs_E150K,reference,234,GLY21-ILE22,GLY21-ILE22,GLY228-ILE229,0.000516065180779236
G102D_vs_E150K,reference,235,GLY143-LEU142,LEU142-GLY143,LEU349-GLY350,0.0005140973765898391
G102D_vs_E150K,reference,236,CYS144-GLU147,CYS144-GLU147,CYS351-GLU354,0.0004744383114574361
G102D_vs_E150K,reference,237,GLU198-LYS199,GLU198-LYS199,GLU405-LYS406,0.00047224918274837215
G102D_vs_E150K,reference,238,ALA136-VAL137,ALA136-VAL137,ALA343-VAL344,0.0004651432598409413
G102D_vs_E150K,reference,239,GLU147-VAL145,VAL145-GLU147,VAL352-GLU354,0.0004618133093459495
G102D_vs_E150K,reference,240,GLU107-TYR110,GLU107-TYR110,GLU314-TYR317,0.00045833821784892534
G102D_vs_E150K,reference,241,CYS144-VAL145,CYS144-VAL145,CYS351-VAL352,0.0004568618485328496
G102D_vs_E150K,reference,242,ASN18-LEU16,LEU16-ASN18,LEU223-ASN225,0.0004545969872599775
G102D_vs_E150K,reference,243,CYS88-LEU91,CYS88-LEU91,CYS295-LEU298,0.0004437834569436933
G102D_vs_E150K,reference,244,LEU169-PRO168,PRO168-LEU169,PRO375-LEU376,0.0004223994978167021
G102D_vs_E150K,reference,245,TRP43-TYR42,TYR42-TRP43,TYR249-TRP250,0.00041587994966915556
G102D_vs_E150K,reference,246,CYS121-GLN122,CYS121-GLN122,CYS328-GLN329,0.0004034309897256858
G102D_vs_E150K,reference,247,GLN180-GLY181,GLN180-GLY181,GLN387-GLY388,0.0003929770622935623
G102D_vs_E150K,reference,248,GLY35-VAL36,GLY35-VAL36,GLY242-VAL243,0.0003920233671623881
G102D_vs_E150K,reference,249,GLU128-LEU127,LEU127-GLU128,LEU334-GLU335,0.000379963404583282
G102D_vs_E150K,reference,250,GLY138-SER135,SER135-GLY138,SER342-GLY345,0.0003758694352948802
G102D_vs_E150K,reference,251,ALA54-LEU51,LEU51-ALA54,LEU258-ALA261,0.00037342038549970633
G102D_vs_E150K,reference,252,ALA89-CYS88,CYS88-ALA89,CYS295-ALA296,0.0003568377175979232
G102D_vs_E150K,reference,253,LEU91-SER92,LEU91-SER92,LEU298-SER299,0.000352643642880332
G102D_vs_E150K,reference,254,GLY35-LEU34,LEU34-GLY35,LEU241-GLY242,0.00035091269359633617
G102D_vs_E150K,reference,255,HSD93-LEU91,LEU91-HSD93,LEU298-HSD300,0.00032334980315269367
G102D_vs_E150K,reference,256,GLN123-LEU120,LEU120-GLN123,LEU327-GLN330,0.00029835799279954165
G102D_vs_E150K,reference,257,GLY189-PHE188,PHE188-GLY189,PHE395-GLY396,0.0002787448789847164
G102D_vs_E150K,reference,258,LEU14-LEU16,LEU14-LEU16,LEU221-LEU223,0.0002727349394347301
G102D_vs_E150K,reference,259,LEU51-LEU52,LEU51-LEU52,LEU258-LEU259,0.00025899305740120895
G102D_vs_E150K,reference,260,ALA133-ALA136,ALA133-ALA136,ALA340-ALA343,0.0002539709517918828
G102D_vs_E150K,reference,261,ASN82-SER85,ASN82-SER85,ASN289-SER292,0.0002475742477144944
G102D_vs_E150K,reference,262,ASN18-GLU19,ASN18-GLU19,ASN225-GLU226,0.00023618467559747004
G102D_vs_E150K,reference,263,CYS195-GLY196,CYS195-GLY196,CYS402-GLY403,0.0002357342995205898
G102D_vs_E150K,reference,264,ALA50-LEU51,ALA50-LEU51,ALA257-LEU258,0.00023292182300715605
G102D_vs_E150K,reference,265,ALA185-PRO184,PRO184-ALA185,PRO391-ALA392,0.00022599510242334823
G102D_vs_E150K,reference,266,CYS88-SER85,SER85-CYS88,SER292-CYS295,0.0002123060285973855
G102D_vs_E150K,reference,267,ASN18-GLY21,ASN18-GLY21,ASN225-GLY228,0.00021218506115022767
G102D_vs_E150K,reference,268,LEU41-THR40,THR40-LEU41,THR247-LEU248,0.00020297823015614223
G102D_vs_E150K,reference,269,ILE22-LEU17,LEU17-ILE22,LEU224-ILE229,0.00020274388663478184
G102D_vs_E150K,reference,270,GLN38-LEU41,GLN38-LEU41,GLN245-LEU248,0.0001928035526384747
G102D_vs_E150K,reference,271,GLN180-HSD179,HSD179-GLN180,HSD386-GLN387,0.00019194943537736048
G102D_vs_E150K,reference,272,ILE22-LEU25,ILE22-LEU25,ILE229-LEU232,0.0001891110845180855
G102D_vs_E150K,reference,273,GLY138-HSD139,GLY138-HSD139,GLY345-HSD346,0.0001822083228694778
G102D_vs_E150K,reference,274,LYS8-SER7,SER7-LYS8,SER214-LYS215,0.00017850287417364098
G102D_vs_E150K,reference,275,ARG62-ASP61,ASP61-ARG62,ASP268-ARG269,0.00017704901406139938
G102D_vs_E150K,reference,276,HSD63-LEU60,LEU60-HSD63,LEU267-HSD270,0.00017422151456524817
G102D_vs_E150K,reference,277,ASN115-GLU114,GLU114-ASN115,GLU321-ASN322,0.00017044973209919944
G102D_vs_E150K,reference,278,GLN32-LEU34,GLN32-LEU34,GLN239-LEU241,0.0001656078040017756
G102D_vs_E150K,reference,279,GLN116-PHE119,GLN116-PHE119,GLN323-PHE326,0.00015853551969171136
G102D_vs_E150K,reference,280,GLN200-LYS199,LYS199-GLN200,LYS406-GLN407,0.00015193845534061987
G102D_vs_E150K,reference,281,HSD44-TRP43,TRP43-HSD44,TRP250-HSD251,0.00014954005182234506
G102D_vs_E150K,reference,282,ASN18-GLU15,GLU15-ASN18,GLU222-ASN225,0.00013468605659950765
G102D_vs_E150K,reference,283,LEU17-VAL20,LEU17-VAL20,LEU224-VAL227,0.00013342341392716574
G102D_vs_E150K,reference,284,GLU191-LEU192,GLU191-LEU192,GLU398-LEU399,0.00013254615567511368
G102D_vs_E150K,reference,285,ARG87-PHE86,PHE86-ARG87,PHE293-ARG294,0.00012905397661691604
G102D_vs_E150K,reference,286,ASN81-PHE78,PHE78-ASN81,PHE285-ASN288,0.00012461425170550306
G102D_vs_E150K,reference,287,ASP77-SER74,SER74-ASP77,SER281-ASP284,0.00011533865025121852
G102D_vs_E150K,reference,288,ALA185-GLU183,GLU183-ALA185,GLU390-ALA392,0.00011372762517936034
G102D_vs_E150K,reference,289,GLU15-SER12,SER12-GLU15,SER219-GLU222,0.00011237260441295801
G102D_vs_E150K,reference,290,ALA83-LYS84,ALA83-LYS84,ALA290-LYS291,0.00010995383110557125
G102D_vs_E150K,reference,291,LEU34-LYS33,LYS33-LEU34,LYS240-LEU241,0.00010650026005874895
G102D_vs_E150K,reference,292,ASN47-LYS48,ASN47-LYS48,ASN254-LYS255,9.45938576646888e-05
G102D_vs_E150K,reference,293,ARG49-LYS48,LYS48-ARG49,LYS255-ARG256,8.958250211695587e-05
G102D_vs_E150K,reference,294,GLU23-ILE22,ILE22-GLU23,ILE229-GLU230,8.489309354059201e-05
G102D_vs_E150K,reference,295,GLU107-LYS108,GLU107-LYS108,GLU314-LYS315,8.211676673964383e-05
G102D_vs_E150K,reference,296,ASP61-LEU60,LEU60-ASP61,LEU267-ASP268,7.922750595196246e-05
G102D_vs_E150K,reference,297,LEU190-LEU192,LEU190-LEU192,LEU397-LEU399,6.420005640022698e-05
G102D_vs_E150K,reference,298,ARG80-ASN81,ARG80-ASN81,ARG287-ASN288,6.075160327812308e-05
G102D_vs_E150K,reference,299,GLU156-GLU157,GLU156-GLU157,GLU363-GLU364,5.935422743917843e-05
G102D_vs_E150K,reference,300,GLU198-LEU197,LEU197-GLU198,LEU404-GLU405,5.8934099319284176e-05
G102D_vs_E150K,reference,301,CYS203-LYS202,LYS202-CYS203,LYS409-CYS410,5.8059450467259205e-05
G102D_vs_E150K,reference,302,CYS203-LEU201,LEU201-CYS203,LEU408-CYS410,5.757101236653873e-05
G102D_vs_E150K,reference,303,ASP77-GLN76,GLN76-ASP77,GLN283-ASP284,5.7018517421849265e-05
G102D_vs_E150K,reference,304,GLU58-MET59,GLU58-MET59,GLU265-MET266,5.518025045862878e-05
G102D_vs_E150K,reference,305,PHE86-SER85,SER85-PHE86,SER292-PHE293,4.9595632505196014e-05
G102D_vs_E150K,reference,306,ALA173-GLN172,GLN172-ALA173,GLN379-ALA380,4.9434296715518584e-05
G102D_vs_E150K,reference,307,ALA89-ARG87,ARG87-ALA89,ARG294-ALA296,4.761383115940568e-05
G102D_vs_E150K,reference,308,ASP5-LYS6,ASP5-LYS6,ASP212-LYS213,4.6713656620410955e-05
G102D_vs_E150K,reference,309,GLU58-LEU60,GLU58-LEU60,GLU265-LEU267,4.6089252418696e-05
G102D_vs_E150K,reference,310,GLY196-ILE194,ILE194-GLY196,ILE401-GLY403,4.497261024940948e-05
G102D_vs_E150K,reference,311,CYS121-PHE119,PHE119-CYS121,PHE326-CYS328,4.4201426830745694e-05
G102D_vs_E150K,reference,312,ALA31-GLN32,ALA31-GLN32,ALA238-GLN239,4.3321414253196423e-05
G102D_vs_E150K,reference,313,GLN76-SER74,SER74-GLN76,SER281-GLN283,4.312875130579983e-05
G102D_vs_E150K,reference,314,LEU30-LYS29,LYS29-LEU30,LYS236-LEU237,4.283240138242534e-05
G102D_vs_E150K,reference,315,THR112-TYR110,TYR110-THR112,TYR317-THR319,4.2002400550545486e-05
G102D_vs_E150K,reference,316,ASN81-ASN82,ASN81-ASN82,ASN288-ASN289,3.7144199559542565e-05
G102D_vs_E150K,reference,317,ASP178-PHE177,PHE177-ASP178,PHE384-ASP385,3.661474178191111e-05
G102D_vs_E150K,reference,318,GLU157-LYS155,LYS155-GLU157,LYS362-GLU364,3.285549781733317e-05
G102D_vs_E150K,reference,319,ASP77-PHE78,ASP77-PHE78,ASP284-PHE285,3.091792593748108e-05
G102D_vs_E150K,reference,320,GLN32-LYS29,LYS29-GLN32,LYS236-GLN239,3.068104625501131e-05
G102D_vs_E150K,reference,321,LEU176-PHE177,LEU176-PHE177,LEU383-PHE384,2.9415104554717442e-05
G102D_vs_E150K,reference,322,ALA154-LYS155,ALA154-LYS155,ALA361-LYS362,2.6718586046615422e-05
G102D_vs_E150K,reference,323,ALA133-LEU134,ALA133-LEU134,ALA340-LEU341,2.6365202025360453e-05
G102D_vs_E150K,reference,324,ALA83-SER85,ALA83-SER85,ALA290-SER292,2.573368129826904e-05
G102D_vs_E150K,reference,325,ALA118-LEU117,LEU117-ALA118,LEU324-ALA325,2.5017435158236327e-05
G102D_vs_E150K,reference,326,LEU187-PHE186,PHE186-LEU187,PHE393-LEU394,2.469526342956342e-05
G102D_vs_E150K,reference,327,ARG62-LEU60,LEU60-ARG62,LEU267-ARG269,2.4584325463567305e-05
G102D_vs_E150K,reference,328,LEU142-THR141,THR141-LEU142,THR348-LEU349,2.3305489439256696e-05
G102D_vs_E150K,reference,329,GLN109-LYS108,LYS108-GLN109,LYS315-GLN316,2.3142083610463293e-05
G102D_vs_E150K,reference,330,ALA56-ILE57,ALA56-ILE57,ALA263-ILE264,2.244922348293665e-05
G102D_vs_E150K,reference,331,ASN18-LEU17,LEU17-ASN18,LEU224-ASN225,2.223086192124319e-05
G102D_vs_E150K,reference,332,GLN122-GLN123,GLN122-GLN123,GLN329-GLN330,2.1509489160027364e-05
G102D_vs_E150K,reference,333,ASN11-ILE10,ILE10-ASN11,ILE217-ASN218,2.092116064749257e-05
G102D_vs_E150K,reference,334,ASN11-VAL9,VAL9-ASN11,VAL216-ASN218,1.9590096603437503e-05
G102D_vs_E150K,reference,335,LYS108-TYR110,LYS108-TYR110,LYS315-TYR317,1.9543726965651873e-05
G102D_vs_E150K,reference,336,GLU114-LEU113,LEU113-GLU114,LEU320-GLU321,1.9049112822706256e-05
G102D_vs_E150K,reference,337,ASP148-GLN149,ASP148-GLN149,ASP355-GLN356,1.8751706078696844e-05
G102D_vs_E150K,reference,338,ARG49-LEU51,ARG49-LEU51,ARG256-LEU258,1.7750252310358415e-05
G102D_vs_E150K,reference,339,ASP148-GLU150,ASP148-GLU150,ASP355-GLU357,1.733264384157319e-05
G102D_vs_E150K,reference,340,HSD139-VAL137,VAL137-HSD139,VAL344-HSD346,1.673517859948453e-05
G102D_vs_E150K,reference,341,CYS121-LEU120,LEU120-CYS121,LEU327-CYS328,1.605345563603419e-05
G102D_vs_E150K,reference,342,ALA182-GLU183,ALA182-GLU183,ALA389-GLU390,1.516471169125334e-05
G102D_vs_E150K,reference,343,LEU117-PHE119,LEU117-PHE119,LEU324-PHE326,1.5058545580094794e-05
G102D_vs_E150K,reference,344,LEU60-MET59,MET59-LEU60,MET266-LEU267,1.4601175625118216e-05
G102D_vs_E150K,reference,345,ARG80-LEU79,LEU79-ARG80,LEU286-ARG287,1.4215314163914518e-05
G102D_vs_E150K,reference,346,GLU15-LEU14,LEU14-GLU15,LEU221-GLU222,1.3319208381423218e-05
G102D_vs_E150K,reference,347,GLU111-THR112,GLU111-THR112,GLU318-THR319,1.2303415759573315e-05
G102D_vs_E150K,reference,348,ALA136-GLY138,ALA136-GLY138,ALA343-GLY345,1.2099491324643199e-05
G102D_vs_E150K,reference,349,LYS8-VAL9,LYS8-VAL9,LYS215-VAL216,1.1776799352449243e-05
G102D_vs_E150K,reference,350,HSD179-LEU176,LEU176-HSD179,LEU383-HSD386,1.1131999450837374e-05
G102D_vs_E150K,reference,351,ARG80-ASN82,ARG80-ASN82,ARG287-ASN289,1.0241171936042971e-05
G102D_vs_E150K,reference,352,THR40-TRP43,THR40-TRP43,THR247-TRP250,1.0046735142780452e-05
G102D_vs_E150K,reference,353,ALA54-LEU55,ALA54-LEU55,ALA261-LEU262,9.351604874433035e-06
G102D_vs_E150K,reference,354,PHE186-PHE188,PHE186-PHE188,PHE393-PHE395,9.008595089724603e-06
G102D_vs_E150K,reference,355,ALA130-GLU128,GLU128-ALA130,GLU335-ALA337,8.322632921562934e-06
G102D_vs_E150K,reference,356,LEU142-PHE140,PHE140-LEU142,PHE347-LEU349,7.4705126739185695e-06
G102D_vs_E150K,reference,357,GLN76-TRP75,TRP75-GLN76,TRP282-GLN283,7.345568220312359e-06
G102D_vs_E150K,reference,358,GLY35-LYS33,LYS33-GLY35,LYS240-GLY242,7.25457737597788e-06
G102D_vs_E150K,reference,359,CYS144-LEU146,CYS144-LEU146,CYS351-LEU353,7.067378087945116e-06
G102D_vs_E150K,reference,360,LEU146-VAL145,VAL145-LEU146,VAL352-LEU353,6.619489809931724e-06
G102D_vs_E150K,reference,361,ASN115-GLN116,ASN115-GLN116,ASN322-GLN323,6.207083473652644e-06
G102D_vs_E150K,reference,362,ALA13-SER12,SER12-ALA13,SER219-ALA220,5.410710379608564e-06
G102D_vs_E150K,reference,363,LEU201-LYS202,LEU201-LYS202,LEU408-LYS409,5.077417313633361e-06
G102D_vs_E150K,reference,364,CYS195-ILE193,ILE193-CYS195,ILE400-CYS402,5.042467230558429e-06
G102D_vs_E150K,reference,365,ALA133-SER135,ALA133-SER135,ALA340-SER342,4.689705683805723e-06
G102D_vs_E150K,reference,366,ILE193-ILE194,ILE193-ILE194,ILE400-ILE401,4.48280708976001e-06
G102D_vs_E150K,reference,367,HSD44-LEU41,LEU41-HSD44,LEU248-HSD251,4.426774540149724e-06
G102D_vs_E150K,reference,368,LEU197-LYS199,LEU197-LYS199,LEU404-LYS406,4.3095037433222695e-06
G102D_vs_E150K,reference,369,GLN76-PHE78,GLN76-PHE78,GLN283-PHE285,3.518915522483514e-06
G102D_vs_E150K,reference,370,GLU191-LEU190,LEU190-GLU191,LEU397-GLU398,2.8586174990778835e-06
G102D_vs_E150K,reference,371,GLY138-VAL137,VAL137-GLY138,VAL344-GLY345,2.7261242322750827e-06
G102D_vs_E150K,reference,372,ASP5-LYS8,ASP5-LYS8,ASP212-LYS215,0.0
G102D_vs_E150K,reference,373,LYS6-LYS8,LYS6-LYS8,LYS213-LYS215,0.0
G102D_vs_E150K,reference,374,LYS6-VAL9,LYS6-VAL9,LYS213-VAL216,0.0
G102D_vs_E150K,reference,375,ILE10-SER7,SER7-ILE10,SER214-ILE217,0.0
G102D_vs_E150K,reference,376,ILE10-LYS8,LYS8-ILE10,LYS215-ILE217,0.0
G102D_vs_E150K,reference,377,SER12-VAL9,VAL9-SER12,VAL216-SER219,0.0
G102D_vs_E150K,reference,378,ILE10-SER12,ILE10-SER12,ILE217-SER219,0.0
G102D_vs_E150K,reference,379,ALA13-ASN11,ASN11-ALA13,ASN218-ALA220,0.0
G102D_vs_E150K,reference,380,ASN11-LEU14,ASN11-LEU14,ASN218-LEU221,0.0
G102D_vs_E150K,reference,381,ALA13-GLU15,ALA13-GLU15,ALA220-GLU222,0.0
G102D_vs_E150K,reference,382,ALA13-LEU16,ALA13-LEU16,ALA220-LEU223,0.0
G102D_vs_E150K,reference,383,GLU15-LEU17,GLU15-LEU17,GLU222-LEU224,0.0
G102D_vs_E150K,reference,384,GLU19-LEU16,LEU16-GLU19,LEU223-GLU226,0.0
G102D_vs_E150K,reference,385,GLU19-LEU17,LEU17-GLU19,LEU224-GLU226,0.0
G102D_vs_E150K,reference,386,GLY24-VAL20,VAL20-GLY24,VAL227-GLY231,0.0
G102D_vs_E150K,reference,387,GLU23-GLY21,GLY21-GLU23,GLY228-GLU230,0.0
G102D_vs_E150K,reference,388,GLY24-ILE22,ILE22-GLY24,ILE229-GLY231,0.0
G102D_vs_E150K,reference,389,GLU23-LEU25,GLU23-LEU25,GLU230-LEU232,0.0
G102D_vs_E150K,reference,390,LYS29-THR26,THR26-LYS29,THR233-LYS236,0.0
G102D_vs_E150K,reference,391,LYS29-THR27,THR27-LYS29,THR234-LYS236,0.0
G102D_vs_E150K,reference,392,LEU30-THR27,THR27-LEU30,THR234-LEU237,0.0
G102D_vs_E150K,reference,393,ALA31-ARG28,ARG28-ALA31,ARG235-ALA238,0.0
G102D_vs_E150K,reference,394,ALA31-LYS29,LYS29-ALA31,LYS236-ALA238,0.0
G102D_vs_E150K,reference,395,LEU30-LYS33,LEU30-LYS33,LEU237-LYS240,0.0
G102D_vs_E150K,reference,396,ALA31-LYS33,ALA31-LYS33,ALA238-LYS240,0.0
G102D_vs_E150K,reference,397,ALA31-GLY35,ALA31-GLY35,ALA238-GLY242,0.0
G102D_vs_E150K,reference,398,GLN32-GLY35,GLN32-GLY35,GLN239-GLY242,0.0
G102D_vs_E150K,reference,399,GLU37-PRO39,GLU37-PRO39,GLU244-PRO246,0.0
G102D_vs_E150K,reference,400,GLU37-THR40,GLU37-THR40,GLU244-THR247,0.0
G102D_vs_E150K,reference,401,GLN38-THR40,GLN38-THR40,GLN245-THR247,0.0
G102D_vs_E150K,reference,402,THR40-TYR42,THR40-TYR42,THR247-TYR249,0.0
G102D_vs_E150K,reference,403,LEU41-TYR42,LEU41-TYR42,LEU248-TYR249,0.0
G102D_vs_E150K,reference,404,LEU41-TRP43,LEU41-TRP43,LEU248-TRP250,0.0
G102D_vs_E150K,reference,405,HSD44-TYR42,TYR42-HSD44,TYR249-HSD251,0.0
G102D_vs_E150K,reference,406,LYS46-TYR42,TYR42-LYS46,TYR249-LYS253,0.0
G102D_vs_E150K,reference,407,ALA50-LYS48,LYS48-ALA50,LYS255-ALA257,0.0
G102D_vs_E150K,reference,408,ALA50-LEU52,ALA50-LEU52,ALA257-LEU259,0.0
G102D_vs_E150K,reference,409,ALA54-LEU52,LEU52-ALA54,LEU259-ALA261,0.0
G102D_vs_E150K,reference,410,ASP53-LEU55,ASP53-LEU55,ASP260-LEU262,0.0
G102D_vs_E150K,reference,411,ALA54-ALA56,ALA54-ALA56,ALA261-ALA263,0.0
G102D_vs_E150K,reference,412,ILE57-LEU55,LEU55-ILE57,LEU262-ILE264,0.0
G102D_vs_E150K,reference,413,ALA56-GLU58,ALA56-GLU58,ALA263-GLU265,0.0
G102D_vs_E150K,reference,414,ILE57-MET59,ILE57-MET59,ILE264-MET266,0.0
G102D_vs_E150K,reference,415,ASP61-MET59,MET59-ASP61,MET266-ASP268,0.0
G102D_vs_E150K,reference,416,ASP61-HSD63,ASP61-HSD63,ASP268-HSD270,0.0
G102D_vs_E150K,reference,417,GLY72-LEU70,LEU70-GLY72,LEU277-GLY279,0.0
G102D_vs_E150K,reference,418,ASP77-TRP75,TRP75-ASP77,TRP282-ASP284,0.0
G102D_vs_E150K,reference,419,ASP77-LEU79,ASP77-LEU79,ASP284-LEU286,0.0
G102D_vs_E150K,reference,420,ARG80-PHE78,PHE78-ARG80,PHE285-ARG287,0.0
G102D_vs_E150K,reference,421,ASN81-LEU79,LEU79-ASN81,LEU286-ASN288,0.0
G102D_vs_E150K,reference,422,ALA83-ASN81,ASN81-ALA83,ASN288-ALA290,0.0
G102D_vs_E150K,reference,423,ASN82-LYS84,ASN82-LYS84,ASN289-LYS291,0.0
G102D_vs_E150K,reference,424,LYS84-PHE86,LYS84-PHE86,LYS291-PHE293,0.0
G102D_vs_E150K,reference,425,ARG87-SER85,SER85-ARG87,SER292-ARG294,0.0
G102D_vs_E150K,reference,426,CYS88-PHE86,PHE86-CYS88,PHE293-CYS295,0.0
G102D_vs_E150K,reference,427,CYS88-LEU90,CYS88-LEU90,CYS295-LEU297,0.0
G102D_vs_E150K,reference,428,ALA89-LEU91,ALA89-LEU91,ALA296-LEU298,0.0
G102D_vs_E150K,reference,429,ALA89-SER92,ALA89-SER92,ALA296-SER299,0.0
G102D_vs_E150K,reference,430,LEU90-SER92,LEU90-SER92,LEU297-SER299,0.0
G102D_vs_E150K,reference,431,GLY96-HSD93,HSD93-GLY96,HSD300-GLY303,0.0
G102D_vs_E150K,reference,432,ARG94-GLY96,ARG94-GLY96,ARG301-GLY303,0.0
G102D_vs_E150K,reference,433,ALA97-ASP95,ASP95-ALA97,ASP302-ALA304,0.0
G102D_vs_E150K,reference,434,ASP95-LYS98,ASP95-LYS98,ASP302-LYS305,0.0
G102D_vs_E150K,reference,435,GLY96-LYS98,GLY96-LYS98,GLY303-LYS305,0.0
G102D_vs_E150K,reference,436,GLY96-VAL99,GLY96-VAL99,GLY303-VAL306,0.0
G102D_vs_E150K,reference,437,ALA97-VAL99,ALA97-VAL99,ALA304-VAL306,0.0
G102D_vs_E150K,reference,438,ALA97-HSD100,ALA97-HSD100,ALA304-HSD307,0.0
G102D_vs_E150K,reference,439,HSD100-LYS98,LYS98-HSD100,LYS305-HSD307,0.0
G102D_vs_E150K,reference,440,LEU101-LYS98,LYS98-LEU101,LYS305-LEU308,0.0
G102D_vs_E150K,reference,441,LEU101-VAL99,VAL99-LEU101,VAL306-LEU308,0.0
G102D_vs_E150K,reference,442,ASP102-VAL99,VAL99-ASP102,VAL306-ASP309,0.0
G102D_vs_E150K,reference,443,ASP102-HSD100,HSD100-ASP102,HSD307-ASP309,0.0
G102D_vs_E150K,reference,444,HSD100-THR103,HSD100-THR103,HSD307-THR310,0.0
G102D_vs_E150K,reference,445,LEU101-THR103,LEU101-THR103,LEU308-THR310,0.0
G102D_vs_E150K,reference,446,GLN109-GLU107,GLU107-GLN109,GLU314-GLN316,0.0
G102D_vs_E150K,reference,447,GLN109-GLU111,GLN109-GLU111,GLN316-GLU318,0.0
G102D_vs_E150K,reference,448,GLU111-LEU113,GLU111-LEU113,GLU318-LEU320,0.0
G102D_vs_E150K,reference,449,ASN115-LEU113,LEU113-ASN115,LEU320-ASN322,0.0
G102D_vs_E150K,reference,450,GLN116-GLU114,GLU114-GLN116,GLU321-GLN323,0.0
G102D_vs_E150K,reference,451,ASN115-LEU117,ASN115-LEU117,ASN322-LEU324,0.0
G102D_vs_E150K,reference,452,ALA118-GLN116,GLN116-ALA118,GLN323-ALA325,0.0
G102D_vs_E150K,reference,453,ALA118-LEU120,ALA118-LEU120,ALA325-LEU327,0.0
G102D_vs_E150K,reference,454,GLN122-LEU120,LEU120-GLN122,LEU327-GLN329,0.0
G102D_vs_E150K,reference,455,ALA130-LEU120,LEU120-ALA130,LEU327-ALA337,0.0
G102D_vs_E150K,reference,456,CYS121-GLN123,CYS121-GLN123,CYS328-GLN330,0.0
G102D_vs_E150K,reference,457,CYS121-PHE125,CYS121-PHE125,CYS328-PHE332,0.0
G102D_vs_E150K,reference,458,GLN122-GLY124,GLN122-GLY124,GLN329-GLY331,0.0
G102D_vs_E150K,reference,459,ASN129-SER126,SER126-ASN129,SER333-ASN336,0.0
G102D_vs_E150K,reference,460,ASN129-LEU127,LEU127-ASN129,LEU334-ASN336,0.0
G102D_vs_E150K,reference,461,ALA130-LEU127,LEU127-ALA130,LEU334-ALA337,0.0
G102D_vs_E150K,reference,462,ASN129-GLU128,GLU128-ASN129,GLU335-ASN336,0.0
G102D_vs_E150K,reference,463,ALA130-TYR132,ALA130-TYR132,ALA337-TYR339,0.0
G102D_vs_E150K,reference,464,ALA130-ALA133,ALA130-ALA133,ALA337-ALA340,0.0
G102D_vs_E150K,reference,465,LEU131-TYR132,LEU131-TYR132,LEU338-TYR339,0.0
G102D_vs_E150K,reference,466,ALA133-LEU131,LEU131-ALA133,LEU338-ALA340,0.0
G102D_vs_E150K,reference,467,LEU131-LEU134,LEU131-LEU134,LEU338-LEU341,0.0
G102D_vs_E150K,reference,468,ALA136-LEU134,LEU134-ALA136,LEU341-ALA343,0.0
G102D_vs_E150K,reference,469,LEU134-VAL137,LEU134-VAL137,LEU341-VAL344,0.0
G102D_vs_E150K,reference,470,SER135-VAL137,SER135-VAL137,SER342-VAL344,0.0
G102D_vs_E150K,reference,471,HSD139-SER135,SER135-HSD139,SER342-HSD346,0.0
G102D_vs_E150K,reference,472,GLY138-PHE140,GLY138-PHE140,GLY345-PHE347,0.0
G102D_vs_E150K,reference,473,GLY138-THR141,GLY138-THR141,GLY345-THR348,0.0
G102D_vs_E150K,reference,474,HSD139-THR141,HSD139-THR141,HSD346-THR348,0.0
G102D_vs_E150K,reference,475,CYS144-THR141,THR141-CYS144,THR348-CYS351,0.0
G102D_vs_E150K,reference,476,CYS144-LEU142,LEU142-CYS144,LEU349-CYS351,0.0
G102D_vs_E150K,reference,477,LEU142-VAL145,LEU142-VAL145,LEU349-VAL352,0.0
G102D_vs_E150K,reference,478,GLY143-VAL145,GLY143-VAL145,GLY350-VAL352,0.0
G102D_vs_E150K,reference,479,ASP148-VAL145,VAL145-ASP148,VAL352-ASP355,0.0
G102D_vs_E150K,reference,480,ASP148-LEU146,LEU146-ASP148,LEU353-ASP355,0.0
G102D_vs_E150K,reference,481,GLN149-LEU146,LEU146-GLN149,LEU353-GLN356,0.0
G102D_vs_E150K,reference,482,GLN149-GLU147,GLU147-GLN149,GLU354-GLN356,0.0
G102D_vs_E150K,reference,483,GLN149-GLN152,GLN149-GLN152,GLN356-GLN359,0.0
G102D_vs_E150K,reference,484,GLN152-GLU150,GLU150-GLN152,GLU357-GLN359,0.0
G102D_vs_E150K,reference,485,GLU150-VAL153,GLU150-VAL153,GLU357-VAL360,0.0
G102D_vs_E150K,reference,486,HSD151-VAL153,HSD151-VAL153,HSD358-VAL360,0.0
G102D_vs_E150K,reference,487,ALA154-GLN152,GLN152-ALA154,GLN359-ALA361,0.0
G102D_vs_E150K,reference,488,LYS155-VAL153,VAL153-LYS155,VAL360-LYS362,0.0
G102D_vs_E150K,reference,489,GLU156-VAL153,VAL153-GLU156,VAL360-GLU363,0.0
G102D_vs_E150K,reference,490,ALA154-GLU156,ALA154-GLU156,ALA361-GLU363,0.0
G102D_vs_E150K,reference,491,ASP164-THR162,THR162-ASP164,THR369-ASP371,0.0
G102D_vs_E150K,reference,492,SER165-THR163,THR163-SER165,THR370-SER372,0.0
G102D_vs_E150K,reference,493,MET166-THR163,THR163-MET166,THR370-MET373,0.0
G102D_vs_E150K,reference,494,ASP164-MET166,ASP164-MET166,ASP371-MET373,0.0
G102D_vs_E150K,reference,495,LEU169-PRO167,PRO167-LEU169,PRO374-LEU376,0.0
G102D_vs_E150K,reference,496,ARG171-PRO167,PRO167-ARG171,PRO374-ARG378,0.0
G102D_vs_E150K,reference,497,LEU170-PRO168,PRO168-LEU170,PRO375-LEU377,0.0
G102D_vs_E150K,reference,498,ARG171-LEU169,LEU169-ARG171,LEU376-ARG378,0.0
G102D_vs_E150K,reference,499,GLN172-LEU169,LEU169-GLN172,LEU376-GLN379,0.0
G102D_vs_E150K,reference,500,ARG171-LEU170,LEU170-ARG171,LEU377-ARG378,0.0
G102D_vs_E150K,reference,501,GLN172-LEU170,LEU170-GLN172,LEU377-GLN379,0.0
G102D_vs_E150K,reference,502,ALA173-ARG171,ARG171-ALA173,ARG378-ALA380,0.0
G102D_vs_E150K,reference,503,GLN172-ILE174,GLN172-ILE174,GLN379-ILE381,0.0
G102D_vs_E150K,reference,504,ALA173-GLU175,ALA173-GLU175,ALA380-GLU382,0.0
G102D_vs_E150K,reference,505,ALA173-LEU176,ALA173-LEU176,ALA380-LEU383,0.0
G102D_vs_E150K,reference,506,GLU175-ILE174,ILE174-GLU175,ILE381-GLU382,0.0
G102D_vs_E150K,reference,507,ILE174-LEU176,ILE174-LEU176,ILE381-LEU383,0.0
G102D_vs_E150K,reference,508,GLU175-PHE177,GLU175-PHE177,GLU382-PHE384,0.0
G102D_vs_E150K,reference,509,ASP178-LEU176,LEU176-ASP178,LEU383-ASP385,0.0
G102D_vs_E150K,reference,510,HSD179-PHE177,PHE177-HSD179,PHE384-HSD386,0.0
G102D_vs_E150K,reference,511,GLN180-PHE177,PHE177-GLN180,PHE384-GLN387,0.0
G102D_vs_E150K,reference,512,GLY181-HSD179,HSD179-GLY181,HSD386-GLY388,0.0
G102D_vs_E150K,reference,513,ALA182-PRO184,ALA182-PRO184,ALA389-PRO391,0.0
G102D_vs_E150K,reference,514,GLU183-PHE186,GLU183-PHE186,GLU390-PHE393,0.0
G102D_vs_E150K,reference,515,PHE186-PRO184,PRO184-PHE186,PRO391-PHE393,0.0
G102D_vs_E150K,reference,516,LEU187-PRO184,PRO184-LEU187,PRO391-LEU394,0.0
G102D_vs_E150K,reference,517,PHE188-PRO184,PRO184-PHE188,PRO391-PHE395,0.0
G102D_vs_E150K,reference,518,GLY189-LEU187,LEU187-GLY189,LEU394-GLY396,0.0
G102D_vs_E150K,reference,519,LEU187-LEU190,LEU187-LEU190,LEU394-LEU397,0.0
G102D_vs_E150K,reference,520,LEU190-PHE188,PHE188-LEU190,PHE395-LEU397,0.0
G102D_vs_E150K,reference,521,GLU191-PHE188,PHE188-GLU191,PHE395-GLU398,0.0
G102D_vs_E150K,reference,522,ILE193-LEU190,LEU190-ILE193,LEU397-ILE400,0.0
G102D_vs_E150K,reference,523,GLU191-ILE193,GLU191-ILE193,GLU398-ILE400,0.0
G102D_vs_E150K,reference,524,GLU191-ILE194,GLU191-ILE194,GLU398-ILE401,0.0
G102D_vs_E150K,reference,525,CYS195-GLU191,GLU191-CYS195,GLU398-CYS402,0.0
G102D_vs_E150K,reference,526,ILE194-LEU192,LEU192-ILE194,LEU399-ILE401,0.0
G102D_vs_E150K,reference,527,ILE194-LEU197,ILE194-LEU197,ILE401-LEU404,0.0
G102D_vs_E150K,reference,528,CYS195-LEU197,CYS195-LEU197,CYS402-LEU404,0.0
G102D_vs_E150K,reference,529,CYS195-GLU198,CYS195-GLU198,CYS402-GLU405,0.0
G102D_vs_E150K,reference,530,GLU198-GLY196,GLY196-GLU198,GLY403-GLU405,0.0
G102D_vs_E150K,reference,531,GLN200-GLU198,GLU198-GLN200,GLU405-GLN407,0.0
G102D_vs_E150K,reference,532,GLU198-LEU201,GLU198-LEU201,GLU405-LEU408,0.0
G102D_vs_E150K,reference,533,LEU201-LYS199,LYS199-LEU201,LYS406-LEU408,0.0
G102D_vs_E150K,reference,534,LYS199-LYS202,LYS199-LYS202,LYS406-LYS409,0.0
G102D_vs_E150K,reference,535,GLU204-LYS202,LYS202-GLU204,LYS409-GLU411,0.0
G102D_vs_E150K,target,1,GLY138-HSD139,GLY138-HSD139,GLY345-HSD346,0.26211318048079024
G102D_vs_E150K,target,2,PRO161-THR160,THR160-PRO161,THR367-PRO368,0.18633658700483569
G102D_vs_E150K,target,3,ARG94-ASN18,ASN18-ARG94,ASN225-ARG301,0.1721477779684824
G102D_vs_E150K,target,4,GLU107-TYR110,GLU107-TYR110,GLU314-TYR317,0.16465501976478475
G102D_vs_E150K,target,5,ARG104-PRO105,ARG104-PRO105,ARG311-PRO312,0.16344853468753937
G102D_vs_E150K,target,6,GLU107-THR106,THR106-GLU107,THR313-GLU314,0.16309617546246852
G102D_vs_E150K,target,7,ASN18-GLU19,ASN18-GLU19,ASN225-GLU226,0.1577501197793068
G102D_vs_E150K,target,8,GLU19-VAL20,GLU19-VAL20,GLU226-VAL227,0.15493925330822356
G102D_vs_E150K,target,9,GLU159-THR160,GLU159-THR160,GLU366-THR367,0.15305092318653835
G102D_vs_E150K,target,10,MET166-SER165,SER165-MET166,SER372-MET373,0.13095432436731835
G102D_vs_E150K,target,11,ALA154-GLU159,ALA154-GLU159,ALA361-GLU366,0.12960465274239327
G102D_vs_E150K,target,12,PRO105-THR106,PRO105-THR106,PRO312-THR313,0.12262892973149865
G102D_vs_E150K,target,13,PRO161-THR162,PRO161-THR162,PRO368-THR369,0.11344222927053668
G102D_vs_E150K,target,14,SER165-THR163,THR163-SER165,THR370-SER372,0.11164343166886748
G102D_vs_E150K,target,15,GLY102-VAL99,VAL99-GLY102,VAL306-GLY309,0.11017299371249847
G102D_vs_E150K,target,16,ALA185-PHE186,ALA185-PHE186,ALA392-PHE393,0.09898500528299883
G102D_vs_E150K,target,17,ILE174-PHE177,ILE174-PHE177,ILE381-PHE384,0.0978200052205108
G102D_vs_E150K,target,18,GLY138-SER135,SER135-GLY138,SER342-GLY345,0.09572610462746636
G102D_vs_E150K,target,19,ALA154-HSD151,HSD151-ALA154,HSD358-ALA361,0.09330304629434127
G102D_vs_E150K,target,20,LEU113-TYR110,TYR110-LEU113,TYR317-LEU320,0.0890872788752719
G102D_vs_E150K,target,21,ARG104-THR103,THR103-ARG104,THR310-ARG311,0.08870820360362358
G102D_vs_E150K,target,22,LEU120-PHE125,LEU120-PHE125,LEU327-PHE332,0.0818369503656389
G102D_vs_E150K,target,23,THR162-THR163,THR162-THR163,THR369-THR370,0.07998583618088767
G102D_vs_E150K,target,24,LYS46-VAL45,VAL45-LYS46,VAL252-LYS253,0.0798615417200842
G102D_vs_E150K,target,25,GLN116-LEU113,LEU113-GLN116,LEU320-GLN323,0.07711827387312675
G102D_vs_E150K,target,26,GLY189-LEU190,GLY189-LEU190,GLY396-LEU397,0.07703547039602444
G102D_vs_E150K,target,27,ASN129-TYR132,ASN129-TYR132,ASN336-TYR339,0.07336845979435344
G102D_vs_E150K,target,28,ARG171-MET166,MET166-ARG171,MET373-ARG378,0.06643470590013709
G102D_vs_E150K,target,29,LEU117-LEU120,LEU117-LEU120,LEU324-LEU327,0.06604752368299899
G102D_vs_E150K,target,30,ARG94-ASP95,ARG94-ASP95,ARG301-ASP302,0.06599368908787467
G102D_vs_E150K,target,31,ALA130-PHE125,PHE125-ALA130,PHE332-ALA337,0.06564283096643725
G102D_vs_E150K,target,32,GLY102-THR103,GLY102-THR103,GLY309-THR310,0.06407279811065765
G102D_vs_E150K,target,33,ASP148-HSD151,ASP148-HSD151,ASP355-HSD358,0.06169537948130752
G102D_vs_E150K,target,34,GLN116-LEU117,GLN116-LEU117,GLN323-LEU324,0.06126312135684259
G102D_vs_E150K,target,35,ALA130-ASN129,ASN129-ALA130,ASN336-ALA337,0.057877711385031644
G102D_vs_E150K,target,36,ASP95-GLY96,ASP95-GLY96,ASP302-GLY303,0.054639072462998754
G102D_vs_E150K,target,37,GLY21-VAL20,VAL20-GLY21,VAL227-GLY228,0.05091666335331252
G102D_vs_E150K,target,38,SER135-TYR132,TYR132-SER135,TYR339-SER342,0.04456134712147384
G102D_vs_E150K,target,39,GLY143-PHE140,PHE140-GLY143,PHE347-GLY350,0.04323810510559724
G102D_vs_E150K,target,40,GLY181-PHE177,PHE177-GLY181,PHE384-GLY388,0.04075391398067876
G102D_vs_E150K,target,41,LEU52-THR103,LEU52-THR103,LEU259-THR310,0.03945026833983968
G102D_vs_E150K,target,42,ASP148-GLU147,GLU147-ASP148,GLU354-ASP355,0.0393698760217423
G102D_vs_E150K,target,43,ASN18-LEU16,LEU16-ASN18,LEU223-ASN225,0.03500773791509799
G102D_vs_E150K,target,44,ARG171-ILE174,ARG171-ILE174,ARG378-ILE381,0.03453949160259867
G102D_vs_E150K,target,45,GLY143-LEU146,GLY143-LEU146,GLY350-LEU353,0.03382165727850432
G102D_vs_E150K,target,46,LEU190-LEU192,LEU190-LEU192,LEU397-LEU399,0.03264019667335971
G102D_vs_E150K,target,47,ALA182-GLY181,GLY181-ALA182,GLY388-ALA389,0.032564930369150896
G102D_vs_E150K,target,48,HSD139-PHE140,HSD139-PHE140,HSD346-PHE347,0.03200798432507865
G102D_vs_E150K,target,49,GLY189-PHE186,PHE186-GLY189,PHE393-GLY396,0.03163469143818812
G102D_vs_E150K,target,50,LEU52-LEU55,LEU52-LEU55,LEU259-LEU262,0.03135071180288081
G102D_vs_E150K,target,51,GLU147-LEU146,LEU146-GLU147,LEU353-GLU354,0.030141350089404273
G102D_vs_E150K,target,52,ALA83-PHE86,ALA83-PHE86,ALA290-PHE293,0.02748486445359941
G102D_vs_E150K,target,53,ALA182-ALA185,ALA182-ALA185,ALA389-ALA392,0.02688995439691725
G102D_vs_E150K,target,54,GLN38-LEU41,GLN38-LEU41,GLN245-LEU248,0.02549351565238244
G102D_vs_E150K,target,55,ALA97-LYS98,ALA97-LYS98,ALA304-LYS305,0.025147423639972542
G102D_vs_E150K,target,56,TYR42-VAL45,TYR42-VAL45,TYR249-VAL252,0.023649596691653597
G102D_vs_E150K,target,57,LEU41-TYR42,LEU41-TYR42,LEU248-TYR249,0.02287939249446061
G102D_vs_E150K,target,58,CYS203-GLU204,CYS203-GLU204,CYS410-GLU411,0.02285713277924358
G102D_vs_E150K,target,59,GLN200-LYS202,GLN200-LYS202,GLN407-LYS409,0.022027042924677376
G102D_vs_E150K,target,60,ALA50-ASN47,ASN47-ALA50,ASN254-ALA257,0.02180724562825831
G102D_vs_E150K,target,61,LYS98-VAL99,LYS98-VAL99,LYS305-VAL306,0.021717273348091926
G102D_vs_E150K,target,62,GLU204-SER205,GLU204-SER205,GLU411-SER412,0.021235333032407454
G102D_vs_E150K,target,63,ALA50-ASP53,ALA50-ASP53,ALA257-ASP260,0.021141835164596445
G102D_vs_E150K,target,64,ASN47-LYS46,LYS46-ASN47,LYS253-ASN254,0.02033158357236045
G102D_vs_E150K,target,65,ASN82-LEU79,LEU79-ASN82,LEU286-ASN289,0.019918986932758544
G102D_vs_E150K,target,66,CYS203-LYS202,LYS202-CYS203,LYS409-CYS410,0.018981195644951404
G102D_vs_E150K,target,67,ALA89-LEU90,ALA89-LEU90,ALA296-LEU297,0.018749496409282203
G102D_vs_E150K,target,68,GLU37-VAL36,VAL36-GLU37,VAL243-GLU244,0.018295852284370223
G102D_vs_E150K,target,69,LEU14-LEU16,LEU14-LEU16,LEU221-LEU223,0.018011287150644664
G102D_vs_E150K,target,70,ALA89-PHE86,PHE86-ALA89,PHE293-ALA296,0.016383097310170187
G102D_vs_E150K,target,71,GLU58-LEU55,LEU55-GLU58,LEU262-GLU265,0.01591376745266034
G102D_vs_E150K,target,72,ALA97-GLY96,GLY96-ALA97,GLY303-ALA304,0.015148375235018973
G102D_vs_E150K,target,73,ILE193-LEU192,LEU192-ILE193,LEU399-ILE400,0.014502834670629697
G102D_vs_E150K,target,74,GLY206-SER205,SER205-GLY206,SER412-GLY413,0.01443984738448393
G102D_vs_E150K,target,75,PHE78-TRP75,TRP75-PHE78,TRP282-PHE285,0.014383745796872209
G102D_vs_E150K,target,76,ASP61-HSD64,ASP61-HSD64,ASP268-HSD271,0.014341925608145517
G102D_vs_E150K,target,77,ALA83-ASN82,ASN82-ALA83,ASN289-ALA290,0.013935632996805131
G102D_vs_E150K,target,78,LEU79-PHE78,PHE78-LEU79,PHE285-LEU286,0.013490352133798254
G102D_vs_E150K,target,79,ARG49-LEU52,ARG49-LEU52,ARG256-LEU259,0.013010953886118257
G102D_vs_E150K,target,80,GLY21-GLY24,GLY21-GLY24,GLY228-GLY231,0.01224986702651975
G102D_vs_E150K,target,81,GLY196-ILE193,ILE193-GLY196,ILE400-GLY403,0.011978022163110618
G102D_vs_E150K,target,82,GLU73-SER74,GLU73-SER74,GLU280-SER281,0.011468035175811882
G102D_vs_E150K,target,83,ASP53-THR103,ASP53-THR103,ASP260-THR310,0.011418292854590398
G102D_vs_E150K,target,84,ASP178-GLU175,GLU175-ASP178,GLU382-ASP385,0.010939633741301412
G102D_vs_E150K,target,85,ALA97-LEU90,LEU90-ALA97,LEU297-ALA304,0.010851918412857766
G102D_vs_E150K,target,86,GLN38-GLU37,GLU37-GLN38,GLU244-GLN245,0.010542894234807181
G102D_vs_E150K,target,87,MET166-PRO167,MET166-PRO167,MET373-PRO374,0.0104077711222423
G102D_vs_E150K,target,88,GLU71-GLY72,GLU71-GLY72,GLU278-GLY279,0.010250968438724653
G102D_vs_E150K,target,89,ILE10-VAL9,VAL9-ILE10,VAL216-ILE217,0.010228517274780973
G102D_vs_E150K,target,90,GLU73-GLY72,GLY72-GLU73,GLY279-GLU280,0.010204154513028753
G102D_vs_E150K,target,91,GLY24-LEU25,GLY24-LEU25,GLY231-LEU232,0.010107668131473263
G102D_vs_E150K,target,92,ALA13-LEU14,ALA13-LEU14,ALA220-LEU221,0.01007910752880661
G102D_vs_E150K,target,93,HSD64-THR65,HSD64-THR65,HSD271-THR272,0.010002611548581147
G102D_vs_E150K,target,94,GLY206-SER207,GLY206-SER207,GLY413-SER414,0.009535036176702448
G102D_vs_E150K,target,95,ALA13-ILE10,ILE10-ALA13,ILE217-ALA220,0.009236806085617931
G102D_vs_E150K,target,96,ASN18-GLU15,GLU15-ASN18,GLU222-ASN225,0.00865511134848675
G102D_vs_E150K,target,97,ALA89-MET59,MET59-ALA89,MET266-ALA296,0.008598204498325433
G102D_vs_E150K,target,98,GLN152-LYS155,GLN152-LYS155,GLN359-LYS362,0.008127829728455467
G102D_vs_E150K,target,99,GLY196-LEU197,GLY196-LEU197,GLY403-LEU404,0.007983740545984204
G102D_vs_E150K,target,100,HSD66-THR65,THR65-HSD66,THR272-HSD273,0.007961305684445022
G102D_vs_E150K,target,101,SER74-TRP75,SER74-TRP75,SER281-TRP282,0.007874136107559077
G102D_vs_E150K,target,102,GLU71-LEU70,LEU70-GLU71,LEU277-GLU278,0.007846174988761298
G102D_vs_E150K,target,103,ASP61-GLU58,GLU58-ASP61,GLU265-ASP268,0.007680217102170039
G102D_vs_E150K,target,104,ARG171-GLN172,ARG171-GLN172,ARG378-GLN379,0.007192130425491391
G102D_vs_E150K,target,105,LEU25-THR26,LEU25-THR26,LEU232-THR233,0.006901373399714313
G102D_vs_E150K,target,106,ASP5-SER7,ASP5-SER7,ASP212-SER214,0.006703271292058045
G102D_vs_E150K,target,107,GLN152-HSD151,HSD151-GLN152,HSD358-GLN359,0.00661391859436967
G102D_vs_E150K,target,108,GLN200-LEU197,LEU197-GLN200,LEU404-GLN407,0.006504866824587677
G102D_vs_E150K,target,109,HSD66-PHE67,HSD66-PHE67,HSD273-PHE274,0.006000766211531083
G102D_vs_E150K,target,110,SER7-VAL9,SER7-VAL9,SER214-VAL216,0.005999816173907394
G102D_vs_E150K,target,111,ASP5-LEU4,LEU4-ASP5,LEU211-ASP212,0.005843273669515259
G102D_vs_E150K,target,112,GLN172-GLU175,GLN172-GLU175,GLN379-GLU382,0.005819418741416941
G102D_vs_E150K,target,113,CYS68-PHE67,PHE67-CYS68,PHE274-CYS275,0.005769559565941707
G102D_vs_E150K,target,114,ALA54-ASP53,ASP53-ALA54,ASP260-ALA261,0.0057356346116905245
G102D_vs_E150K,target,115,HSD139-LEU142,HSD139-LEU142,HSD346-LEU349,0.005546897436257876
G102D_vs_E150K,target,116,TRP43-VAL45,TRP43-VAL45,TRP250-VAL252,0.005523632684267154
G102D_vs_E150K,target,117,GLY96-LEU90,LEU90-GLY96,LEU297-GLY303,0.005336703432248352
G102D_vs_E150K,target,118,THR112-TYR110,TYR110-THR112,TYR317-THR319,0.00533080216927827
G102D_vs_E150K,target,119,ALA31-VAL36,ALA31-VAL36,ALA238-VAL243,0.005250839420632285
G102D_vs_E150K,target,120,ALA56-MET59,ALA56-MET59,ALA263-MET266,0.005152424221879137
G102D_vs_E150K,target,121,HSD44-VAL45,HSD44-VAL45,HSD251-VAL252,0.005049948401320098
G102D_vs_E150K,target,122,LEU34-VAL36,LEU34-VAL36,LEU241-VAL243,0.005017687019285927
G102D_vs_E150K,target,123,ALA185-PHE188,ALA185-PHE188,ALA392-PHE395,0.004990975953614487
G102D_vs_E150K,target,124,ARG3-LEU4,ARG3-LEU4,ARG210-LEU211,0.0048373552362333495
G102D_vs_E150K,target,125,ALA118-ASN115,ASN115-ALA118,ASN322-ALA325,0.0047441404136156756
G102D_vs_E150K,target,126,LEU170-PRO167,PRO167-LEU170,PRO374-LEU377,0.00472123834225237
G102D_vs_E150K,target,127,ALA118-CYS121,ALA118-CYS121,ALA325-CYS328,0.0046216901897918996
G102D_vs_E150K,target,128,ASP178-HSD179,ASP178-HSD179,ASP385-HSD386,0.004514990018355283
G102D_vs_E150K,target,129,GLU147-LYS150,GLU147-LYS150,GLU354-LYS357,0.004431360617188986
G102D_vs_E150K,target,130,ASP178-GLY181,ASP178-GLY181,ASP385-GLY388,0.004343148671212893
G102D_vs_E150K,target,131,CYS68-PRO69,CYS68-PRO69,CYS275-PRO276,0.004212965534090694
G102D_vs_E150K,target,132,ARG87-LEU90,ARG87-LEU90,ARG294-LEU297,0.0042119434718261494
G102D_vs_E150K,target,133,GLU156-LYS155,LYS155-GLU156,LYS362-GLU363,0.004110942030061343
G102D_vs_E150K,target,134,PHE125-SER126,PHE125-SER126,PHE332-SER333,0.003959534645872599
G102D_vs_E150K,target,135,ALA31-LEU30,LEU30-ALA31,LEU237-ALA238,0.003939072952621074
G102D_vs_E150K,target,136,ARG3-SER2,SER2-ARG3,SER209-ARG210,0.003913446106331102
G102D_vs_E150K,target,137,GLN200-LEU201,GLN200-LEU201,GLN407-LEU408,0.0037909012772850965
G102D_vs_E150K,target,138,GLU107-LYS108,GLU107-LYS108,GLU314-LYS315,0.003724861153264962
G102D_vs_E150K,target,139,ASN115-THR112,THR112-ASN115,THR319-ASN322,0.003558859601256897
G102D_vs_E150K,target,140,GLU15-SER12,SER12-GLU15,SER219-GLU222,0.0035478082141007228
G102D_vs_E150K,target,141,PRO39-TYR42,PRO39-TYR42,PRO246-TYR249,0.0035382545306946733
G102D_vs_E150K,target,142,HSD63-HSD64,HSD63-HSD64,HSD270-HSD271,0.00344083061537997
G102D_vs_E150K,target,143,GLN116-PHE119,GLN116-PHE119,GLN323-PHE326,0.0033952892315011244
G102D_vs_E150K,target,144,CYS144-GLY143,GLY143-CYS144,GLY350-CYS351,0.0033806736511105204
G102D_vs_E150K,target,145,ALA56-ASP53,ASP53-ALA56,ASP260-ALA263,0.003369700600341996
G102D_vs_E150K,target,146,ARG94-HSD93,HSD93-ARG94,HSD300-ARG301,0.003299631922166724
G102D_vs_E150K,target,147,GLU157-GLU159,GLU157-GLU159,GLU364-GLU366,0.0032303506483450962
G102D_vs_E150K,target,148,GLN195-ILE194,ILE194-GLN195,ILE401-GLN402,0.003195357295610782
G102D_vs_E150K,target,149,ARG28-THR26,THR26-ARG28,THR233-ARG235,0.003110973866453144
G102D_vs_E150K,target,150,ALA154-VAL153,VAL153-ALA154,VAL360-ALA361,0.0030236838389367843
G102D_vs_E150K,target,151,LYS155-THR160,LYS155-THR160,LYS362-THR367,0.002956572507456253
G102D_vs_E150K,target,152,HSD63-LEU60,LEU60-HSD63,LEU267-HSD270,0.0028961484246041998
G102D_vs_E150K,target,153,ASP164-THR163,THR163-ASP164,THR370-ASP371,0.002873812299730062
G102D_vs_E150K,target,154,ARG87-LYS84,LYS84-ARG87,LYS291-ARG294,0.0028370698059497937
G102D_vs_E150K,target,155,ILE57-LEU60,ILE57-LEU60,ILE264-LEU267,0.0026709900392645584
G102D_vs_E150K,target,156,ALA54-ILE57,ALA54-ILE57,ALA261-ILE264,0.002634075124666712
G102D_vs_E150K,target,157,GLU175-LEU176,GLU175-LEU176,GLU382-LEU383,0.002625429757478515
G102D_vs_E150K,target,158,GLU191-GLY189,GLY189-GLU191,GLY396-GLU398,0.002605013481556946
G102D_vs_E150K,target,159,GLY143-LEU142,LEU142-GLY143,LEU349-GLY350,0.002559110292151001
G102D_vs_E150K,target,160,LYS29-THR26,THR26-LYS29,THR233-LYS236,0.0025560666296474597
G102D_vs_E150K,target,161,ARG28-LEU30,ARG28-LEU30,ARG235-LEU237,0.002415465373999839
G102D_vs_E150K,target,162,GLN180-LEU176,LEU176-GLN180,LEU383-GLN387,0.002329238887388076
G102D_vs_E150K,target,163,MET1-SER2,MET1-SER2,MET208-SER209,0.0023137490573826363
G102D_vs_E150K,target,164,LEU131-TYR132,LEU131-TYR132,LEU338-TYR339,0.0023037957012112275
G102D_vs_E150K,target,165,GLN195-LEU192,LEU192-GLN195,LEU399-GLN402,0.0022757568979426554
G102D_vs_E150K,target,166,GLU183-GLY181,GLY181-GLU183,GLY388-GLU390,0.002174679179287026
G102D_vs_E150K,target,167,LEU70-PRO69,PRO69-LEU70,PRO276-LEU277,0.002125278889985826
G102D_vs_E150K,target,168,GLN149-LYS150,GLN149-LYS150,GLN356-LYS357,0.0020715088532202936
G102D_vs_E150K,target,169,ARG158-GLU159,ARG158-GLU159,ARG365-GLU366,0.002026794370067435
G102D_vs_E150K,target,170,LYS8-VAL9,LYS8-VAL9,LYS215-VAL216,0.001992754175433074
G102D_vs_E150K,target,171,ASN18-LEU17,LEU17-ASN18,LEU224-ASN225,0.001878522498099079
G102D_vs_E150K,target,172,ALA89-HSD63,HSD63-ALA89,HSD270-ALA296,0.0018775290029806537
G102D_vs_E150K,target,173,LEU60-MET59,MET59-LEU60,MET266-LEU267,0.0018571494442926925
G102D_vs_E150K,target,174,GLN32-LEU34,GLN32-LEU34,GLN239-LEU241,0.001840723272226594
G102D_vs_E150K,target,175,GLN109-TYR110,GLN109-TYR110,GLN316-TYR317,0.0018269559483578375
G102D_vs_E150K,target,176,LEU51-LEU52,LEU51-LEU52,LEU258-LEU259,0.00177425449182116
G102D_vs_E150K,target,177,ALA173-LEU170,LEU170-ALA173,LEU377-ALA380,0.0017294197705252402
G102D_vs_E150K,target,178,HSD63-SER85,HSD63-SER85,HSD270-SER292,0.001727832730955735
G102D_vs_E150K,target,179,GLU111-LYS108,LYS108-GLU111,LYS315-GLU318,0.0017158264719982878
G102D_vs_E150K,target,180,LEU34-LYS33,LYS33-LEU34,LYS240-LEU241,0.0016805896973563093
G102D_vs_E150K,target,181,GLY143-THR141,THR141-GLY143,THR348-GLY350,0.0016740182089955522
G102D_vs_E150K,target,182,PRO167-PRO168,PRO167-PRO168,PRO374-PRO375,0.0016455638539284543
G102D_vs_E150K,target,183,ALA31-LEU34,ALA31-LEU34,ALA238-LEU241,0.0016098099681881796
G102D_vs_E150K,target,184,PRO39-THR40,PRO39-THR40,PRO246-THR247,0.0016056771310020094
G102D_vs_E150K,target,185,GLU111-GLU114,GLU111-GLU114,GLU318-GLU321,0.001546164632434306
G102D_vs_E150K,target,186,GLY102-HSD100,HSD100-GLY102,HSD307-GLY309,0.001513692774688601
G102D_vs_E150K,target,187,CYS121-LEU120,LEU120-CYS121,LEU327-CYS328,0.00147002607025697
G102D_vs_E150K,target,188,GLN149-HSD151,GLN149-HSD151,GLN356-HSD358,0.0014505484312164099
G102D_vs_E150K,target,189,ALA83-ARG80,ARG80-ALA83,ARG287-ALA290,0.0014463602370838248
G102D_vs_E150K,target,190,HSD93-LEU91,LEU91-HSD93,LEU298-HSD300,0.00139369702558515
G102D_vs_E150K,target,191,GLY196-LYS199,GLY196-LYS199,GLY403-LYS406,0.0013693135935451308
G102D_vs_E150K,target,192,ARG87-SER85,SER85-ARG87,SER292-ARG294,0.001353500922668492
G102D_vs_E150K,target,193,GLN76-LEU79,GLN76-LEU79,GLN283-LEU286,0.0013263255051725658
G102D_vs_E150K,target,194,LEU169-LEU170,LEU169-LEU170,LEU376-LEU377,0.0013253641970594845
G102D_vs_E150K,target,195,LEU14-LEU17,LEU14-LEU17,LEU221-LEU224,0.0013236024930044154
G102D_vs_E150K,target,196,ASN81-LYS84,ASN81-LYS84,ASN288-LYS291,0.0013013000518078755
G102D_vs_E150K,target,197,PHE140-THR141,PHE140-THR141,PHE347-THR348,0.0012989241084847036
G102D_vs_E150K,target,198,ARG80-ASP77,ASP77-ARG80,ASP284-ARG287,0.0012712245295163531
G102D_vs_E150K,target,199,ASN82-SER85,ASN82-SER85,ASN289-SER292,0.0012653095525463186
G102D_vs_E150K,target,200,ARG49-LYS48,LYS48-ARG49,LYS255-ARG256,0.001261013885721343
G102D_vs_E150K,target,201,GLN122-PHE119,PHE119-GLN122,PHE326-GLN329,0.0012350248464544835
G102D_vs_E150K,target,202,ARG62-MET59,MET59-ARG62,MET266-ARG269,0.001204540245781518
G102D_vs_E150K,target,203,ALA136-SER135,SER135-ALA136,SER342-ALA343,0.0011503742543823043
G102D_vs_E150K,target,204,ALA185-LEU187,ALA185-LEU187,ALA392-LEU394,0.0011272242040806831
G102D_vs_E150K,target,205,HSD93-SER92,SER92-HSD93,SER299-HSD300,0.001104289690093097
G102D_vs_E150K,target,206,LYS6-VAL9,LYS6-VAL9,LYS213-VAL216,0.0010901037925891274
G102D_vs_E150K,target,207,GLY21-LEU17,LEU17-GLY21,LEU224-GLY228,0.0010829932927827167
G102D_vs_E150K,target,208,GLN123-GLY124,GLN123-GLY124,GLN330-GLY331,0.001080858075921066
G102D_vs_E150K,target,209,ALA133-TYR132,TYR132-ALA133,TYR339-ALA340,0.0010770936165047564
G102D_vs_E150K,target,210,GLU23-GLY24,GLU23-GLY24,GLU230-GLY231,0.0010729243496793166
G102D_vs_E150K,target,211,ASP61-LEU60,LEU60-ASP61,LEU267-ASP268,0.0010417502763758332
G102D_vs_E150K,target,212,GLU183-PRO184,GLU183-PRO184,GLU390-PRO391,0.0009802646225569632
G102D_vs_E150K,target,213,GLY35-VAL36,GLY35-VAL36,GLY242-VAL243,0.0009306552630631303
G102D_vs_E150K,target,214,CYS121-GLN122,CYS121-GLN122,CYS328-GLN329,0.0009246726146188999
G102D_vs_E150K,target,215,GLN123-LEU120,LEU120-GLN123,LEU327-GLN330,0.0009104450780314406
G102D_vs_E150K,target,216,LEU113-THR112,THR112-LEU113,THR319-LEU320,0.0009037607995840395
G102D_vs_E150K,target,217,GLU114-LEU117,GLU114-LEU117,GLU321-LEU324,0.0009018793396887054
G102D_vs_E150K,target,218,LEU90-LEU91,LEU90-LEU91,LEU297-LEU298,0.0008897661161748512
G102D_vs_E150K,target,219,CYS121-GLY124,CYS121-GLY124,CYS328-GLY331,0.0008574148361691601
G102D_vs_E150K,target,220,ARG158-LYS155,LYS155-ARG158,LYS362-ARG365,0.000833975827873363
G102D_vs_E150K,target,221,ASN11-SER12,ASN11-SER12,ASN218-SER219,0.0007641394648891897
G102D_vs_E150K,target,222,LEU127-SER126,SER126-LEU127,SER333-LEU334,0.000762253657227504
G102D_vs_E150K,target,223,GLU128-SER126,SER126-GLU128,SER333-GLU335,0.0007571555622927092
G102D_vs_E150K,target,224,GLU128-LEU131,GLU128-LEU131,GLU335-LEU338,0.000754409841640581
G102D_vs_E150K,target,225,LYS108-TYR110,LYS108-TYR110,LYS315-TYR317,0.0007514200161728816
G102D_vs_E150K,target,226,LEU120-PHE119,PHE119-LEU120,PHE326-LEU327,0.0007511994162594854
G102D_vs_E150K,target,227,GLY102-LEU101,LEU101-GLY102,LEU308-GLY309,0.0007356197248933143
G102D_vs_E150K,target,228,GLY21-ILE22,GLY21-ILE22,GLY228-ILE229,0.0007297069117754756
G102D_vs_E150K,target,229,CYS88-LEU91,CYS88-LEU91,CYS295-LEU298,0.0007109101599902164
G102D_vs_E150K,target,230,GLU191-LEU192,GLU191-LEU192,GLU398-LEU399,0.0007080487539265121
G102D_vs_E150K,target,231,GLU198-LYS199,GLU198-LYS199,GLU405-LYS406,0.0006863532632594269
G102D_vs_E150K,target,232,GLY124-PHE125,GLY124-PHE125,GLY331-PHE332,0.00068182929348375
G102D_vs_E150K,target,233,ALA154-GLN152,GLN152-ALA154,GLN359-ALA361,0.0006740401411941318
G102D_vs_E150K,target,234,CYS88-SER85,SER85-CYS88,SER292-CYS295,0.0006675766318586746
G102D_vs_E150K,target,235,GLU37-THR40,GLU37-THR40,GLU244-THR247,0.0006486236078511159
G102D_vs_E150K,target,236,GLU58-MET59,GLU58-MET59,GLU265-MET266,0.000638055349253299
G102D_vs_E150K,target,237,CYS144-VAL145,CYS144-VAL145,CYS351-VAL352,0.0006327430838863886
G102D_vs_E150K,target,238,LEU134-TYR132,TYR132-LEU134,TYR339-LEU341,0.000627311229145011
G102D_vs_E150K,target,239,ARG49-ASN47,ASN47-ARG49,ASN254-ARG256,0.0006139046468084356
G102D_vs_E150K,target,240,PHE140-VAL137,VAL137-PHE140,VAL344-PHE347,0.0006019047799838919
G102D_vs_E150K,target,241,ALA130-LEU131,ALA130-LEU131,ALA337-LEU338,0.0005938874160446655
G102D_vs_E150K,target,242,ARG87-CYS88,ARG87-CYS88,ARG294-CYS295,0.0005852398921944156
G102D_vs_E150K,target,243,ALA130-SER126,SER126-ALA130,SER333-ALA337,0.0005795422194117018
G102D_vs_E150K,target,244,ARG171-LEU169,LEU169-ARG171,LEU376-ARG378,0.0005758805320633613
G102D_vs_E150K,target,245,THR26-THR27,THR26-THR27,THR233-THR234,0.0005708480290101731
G102D_vs_E150K,target,246,ALA173-ILE174,ALA173-ILE174,ALA380-ILE381,0.0005680654904835181
G102D_vs_E150K,target,247,ALA89-SER92,ALA89-SER92,ALA296-SER299,0.0005469268206712533
G102D_vs_E150K,target,248,ALA185-PRO184,PRO184-ALA185,PRO391-ALA392,0.0005416531094018534
G102D_vs_E150K,target,249,ALA136-VAL137,ALA136-VAL137,ALA343-VAL344,0.0005411913907222244
G102D_vs_E150K,target,250,GLN32-LEU30,LEU30-GLN32,LEU237-GLN239,0.0005338507627263997
G102D_vs_E150K,target,251,ARG62-HSD63,ARG62-HSD63,ARG269-HSD270,0.0005139165782131305
G102D_vs_E150K,target,252,GLU128-LEU127,LEU127-GLU128,LEU334-GLU335,0.0004905135212152551
G102D_vs_E150K,target,253,CYS144-GLU147,CYS144-GLU147,CYS351-GLU354,0.0004891554192342645
G102D_vs_E150K,target,254,ALA136-HSD139,ALA136-HSD139,ALA343-HSD346,0.0004863444192476141
G102D_vs_E150K,target,255,ALA56-LEU55,LEU55-ALA56,LEU262-ALA263,0.00048064382325017295
G102D_vs_E150K,target,256,GLU147-VAL145,VAL145-GLU147,VAL352-GLU354,0.0004659904712283
G102D_vs_E150K,target,257,LEU134-SER135,LEU134-SER135,LEU341-SER342,0.00042524021057235536
G102D_vs_E150K,target,258,LEU30-LYS29,LYS29-LEU30,LYS236-LEU237,0.0003944222875459229
G102D_vs_E150K,target,259,ARG171-PRO168,PRO168-ARG171,PRO375-ARG378,0.00038024134756031096
G102D_vs_E150K,target,260,LEU41-PRO39,PRO39-LEU41,PRO246-LEU248,0.00036655372564258333
G102D_vs_E150K,target,261,GLN32-LYS33,GLN32-LYS33,GLN239-LYS240,0.0003657705942107514
G102D_vs_E150K,target,262,HSD44-LEU41,LEU41-HSD44,LEU248-HSD251,0.00035536362086345064
G102D_vs_E150K,target,263,GLN180-GLY181,GLN180-GLY181,GLN387-GLY388,0.00035350005219917215
G102D_vs_E150K,target,264,ILE22-LEU25,ILE22-LEU25,ILE229-LEU232,0.0003501604150354107
G102D_vs_E150K,target,265,HSD100-VAL99,VAL99-HSD100,VAL306-HSD307,0.0003496364412425583
G102D_vs_E150K,target,266,GLY189-PHE188,PHE188-GLY189,PHE395-GLY396,0.0002975463211889248
G102D_vs_E150K,target,267,ALA133-ALA136,ALA133-ALA136,ALA340-ALA343,0.0002938070158318198
G102D_vs_E150K,target,268,HSD100-LEU101,HSD100-LEU101,HSD307-LEU308,0.00028758605108584784
G102D_vs_E150K,target,269,GLN76-SER74,SER74-GLN76,SER281-GLN283,0.0002715225078672363
G102D_vs_E150K,target,270,ALA185-GLU183,GLU183-ALA185,GLU390-ALA392,0.00026853505890247115
G102D_vs_E150K,target,271,GLY35-LEU34,LEU34-GLY35,LEU241-GLY242,0.00025977327100746845
G102D_vs_E150K,target,272,GLU23-ILE22,ILE22-GLU23,ILE229-GLU230,0.00024824845426119454
G102D_vs_E150K,target,273,ASP77-SER74,SER74-ASP77,SER281-ASP284,0.000246414782459093
G102D_vs_E150K,target,274,ASN81-SER85,ASN81-SER85,ASN288-SER292,0.00022944189587097765
G102D_vs_E150K,target,275,ARG80-ASN81,ARG80-ASN81,ARG287-ASN288,0.00021894283646511637
G102D_vs_E150K,target,276,ARG28-THR27,THR27-ARG28,THR234-ARG235,0.00021102508383774582
G102D_vs_E150K,target,277,ALA56-ILE57,ALA56-ILE57,ALA263-ILE264,0.00020611092137024588
G102D_vs_E150K,target,278,ALA54-LEU51,LEU51-ALA54,LEU258-ALA261,0.00019561796668549975
G102D_vs_E150K,target,279,GLN180-HSD179,HSD179-GLN180,HSD386-GLN387,0.00018704699340039332
G102D_vs_E150K,target,280,GLU198-LEU197,LEU197-GLU198,LEU404-GLU405,0.00018549941976253917
G102D_vs_E150K,target,281,ARG171-PRO167,PRO167-ARG171,PRO374-ARG378,0.00018379206058521843
G102D_vs_E150K,target,282,LEU14-SER12,SER12-LEU14,SER219-LEU221,0.00018257320669376673
G102D_vs_E150K,target,283,ARG87-PHE86,PHE86-ARG87,PHE293-ARG294,0.0001812047600407494
G102D_vs_E150K,target,284,ASN47-LYS48,ASN47-LYS48,ASN254-LYS255,0.0001740862026699172
G102D_vs_E150K,target,285,LYS8-SER7,SER7-LYS8,SER214-LYS215,0.00016211547046939242
G102D_vs_E150K,target,286,LEU187-PHE188,LEU187-PHE188,LEU394-PHE395,0.00015190651403035167
G102D_vs_E150K,target,287,GLU19-LEU16,LEU16-GLU19,LEU223-GLU226,0.00014893521814915035
G102D_vs_E150K,target,288,LEU16-LEU17,LEU16-LEU17,LEU223-LEU224,0.00014853088593619595
G102D_vs_E150K,target,289,ALA50-LEU51,ALA50-LEU51,ALA257-LEU258,0.0001298768761392723
G102D_vs_E150K,target,290,ASN115-GLU114,GLU114-ASN115,GLU321-ASN322,0.00012898692296524111
G102D_vs_E150K,target,291,ASN11-LYS8,LYS8-ASN11,LYS215-ASN218,0.00012128361152899142
G102D_vs_E150K,target,292,LEU201-LYS202,LEU201-LYS202,LEU408-LYS409,0.00011744771461695414
G102D_vs_E150K,target,293,ASP77-GLN76,GLN76-ASP77,GLN283-ASP284,0.00011467180225301181
G102D_vs_E150K,target,294,LEU17-VAL20,LEU17-VAL20,LEU224-VAL227,0.00011019725049051234
G102D_vs_E150K,target,295,GLU15-LEU14,LEU14-GLU15,LEU221-GLU222,0.00010619963726774201
G102D_vs_E150K,target,296,ALA83-LYS84,ALA83-LYS84,ALA290-LYS291,0.00010238968735033336
G102D_vs_E150K,target,297,PHE86-SER85,SER85-PHE86,SER292-PHE293,9.000874280567504e-05
G102D_vs_E150K,target,298,ASP61-HSD63,ASP61-HSD63,ASP268-HSD270,9.000212246830158e-05
G102D_vs_E150K,target,299,GLU156-GLU157,GLU156-GLU157,GLU363-GLU364,8.66237740387201e-05
G102D_vs_E150K,target,300,GLU15-LEU16,GLU15-LEU16,GLU222-LEU223,8.570811792929376e-05
G102D_vs_E150K,target,301,TRP43-TYR42,TYR42-TRP43,TYR249-TRP250,8.468883528508883e-05
G102D_vs_E150K,target,302,GLN195-GLY196,GLN195-GLY196,GLN402-GLY403,8.319276902762457e-05
G102D_vs_E150K,target,303,LYS6-SER7,LYS6-SER7,LYS213-SER214,8.091237983137486e-05
G102D_vs_E150K,target,304,ALA50-ARG49,ARG49-ALA50,ARG256-ALA257,7.934058800100656e-05
G102D_vs_E150K,target,305,GLU58-LEU60,GLU58-LEU60,GLU265-LEU267,6.714132499417141e-05
G102D_vs_E150K,target,306,LEU197-LYS199,LEU197-LYS199,LEU404-LYS406,6.533390442709476e-05
G102D_vs_E150K,target,307,HSD44-TYR42,TYR42-HSD44,TYR249-HSD251,6.306170399926703e-05
G102D_vs_E150K,target,308,ALA83-SER85,ALA83-SER85,ALA290-SER292,6.19040203958186e-05
G102D_vs_E150K,target,309,LEU176-PHE177,LEU176-PHE177,LEU383-PHE384,6.146068013702702e-05
G102D_vs_E150K,target,310,ALA173-LEU176,ALA173-LEU176,ALA380-LEU383,6.0896155371573125e-05
G102D_vs_E150K,target,311,ALA56-GLU58,ALA56-GLU58,ALA263-GLU265,6.064500688952981e-05
G102D_vs_E150K,target,312,ALA118-PHE119,ALA118-PHE119,ALA325-PHE326,6.036961751703697e-05
G102D_vs_E150K,target,313,ALA89-CYS88,CYS88-ALA89,CYS295-ALA296,5.981675815819755e-05
G102D_vs_E150K,target,314,ALA89-ARG87,ARG87-ALA89,ARG294-ALA296,5.546037860663657e-05
G102D_vs_E150K,target,315,ASN81-PHE78,PHE78-ASN81,PHE285-ASN288,5.421292132432799e-05
G102D_vs_E150K,target,316,LEU91-SER92,LEU91-SER92,LEU298-SER299,5.307918033357026e-05
G102D_vs_E150K,target,317,LYS84-SER85,LYS84-SER85,LYS291-SER292,5.271587016638802e-05
G102D_vs_E150K,target,318,GLN109-THR112,GLN109-THR112,GLN316-THR319,5.2390210973723603e-05
G102D_vs_E150K,target,319,ALA182-GLU183,ALA182-GLU183,ALA389-GLU390,5.068135044028373e-05
G102D_vs_E150K,target,320,GLY196-ILE194,ILE194-GLY196,ILE401-GLY403,4.8020370529093143e-05
G102D_vs_E150K,target,321,ASP178-PHE177,PHE177-ASP178,PHE384-ASP385,4.796555657547899e-05
G102D_vs_E150K,target,322,LEU51-LYS48,LYS48-LEU51,LYS255-LEU258,4.652329859900488e-05
G102D_vs_E150K,target,323,LEU142-PHE140,PHE140-LEU142,PHE347-LEU349,4.49540600470712e-05
G102D_vs_E150K,target,324,LEU142-THR141,THR141-LEU142,THR348-LEU349,4.090294412374317e-05
G102D_vs_E150K,target,325,LEU146-VAL145,VAL145-LEU146,VAL352-LEU353,3.906031306107692e-05
G102D_vs_E150K,target,326,ARG158-GLU157,GLU157-ARG158,GLU364-ARG365,3.600792638727435e-05
G102D_vs_E150K,target,327,GLN32-LYS29,LYS29-GLN32,LYS236-GLN239,3.5729304749667683e-05
G102D_vs_E150K,target,328,THR40-TRP43,THR40-TRP43,THR247-TRP250,3.344111997735763e-05
G102D_vs_E150K,target,329,GLN76-TRP75,TRP75-GLN76,TRP282-GLN283,3.309457925468538e-05
G102D_vs_E150K,target,330,ASN81-LEU79,LEU79-ASN81,LEU286-ASN288,3.2382151649405865e-05
G102D_vs_E150K,target,331,ALA118-LEU117,LEU117-ALA118,LEU324-ALA325,3.071340486665842e-05
G102D_vs_E150K,target,332,ALA31-GLN32,ALA31-GLN32,ALA238-GLN239,3.0515978760343777e-05
G102D_vs_E150K,target,333,HSD44-TRP43,TRP43-HSD44,TRP250-HSD251,3.000195488283292e-05
G102D_vs_E150K,target,334,GLY138-VAL137,VAL137-GLY138,VAL344-GLY345,2.8173396723922207e-05
G102D_vs_E150K,target,335,ILE193-ILE194,ILE193-ILE194,ILE400-ILE401,2.2985068843289648e-05
G102D_vs_E150K,target,336,ARG80-LEU79,LEU79-ARG80,LEU286-ARG287,2.2149134539876243e-05
G102D_vs_E150K,target,337,ASN81-ASN82,ASN81-ASN82,ASN288-ASN289,2.213292019037778e-05
G102D_vs_E150K,target,338,ASN129-GLU128,GLU128-ASN129,GLU335-ASN336,2.2093918861135325e-05
G102D_vs_E150K,target,339,ASP148-GLN149,ASP148-GLN149,ASP355-GLN356,2.1826746658087637e-05
G102D_vs_E150K,target,340,GLU114-LEU113,LEU113-GLU114,LEU320-GLU321,2.1735514856557725e-05
G102D_vs_E150K,target,341,GLU191-PHE188,PHE188-GLU191,PHE395-GLU398,2.093805882154944e-05
G102D_vs_E150K,target,342,ASP53-LEU52,LEU52-ASP53,LEU259-ASP260,2.0910634488675353e-05
G102D_vs_E150K,target,343,LEU16-VAL20,LEU16-VAL20,LEU223-VAL227,2.0066592049363467e-05
G102D_vs_E150K,target,344,ARG49-LEU51,ARG49-LEU51,ARG256-LEU258,1.9959945193643056e-05
G102D_vs_E150K,target,345,ARG158-GLU156,GLU156-ARG158,GLU363-ARG365,1.977703799964117e-05
G102D_vs_E150K,target,346,LEU187-PHE186,PHE186-LEU187,PHE393-LEU394,1.937232245995184e-05
G102D_vs_E150K,target,347,ASP53-LEU51,LEU51-ASP53,LEU258-ASP260,1.932675582783789e-05
G102D_vs_E150K,target,348,LEU117-PHE119,LEU117-PHE119,LEU324-PHE326,1.9122593599693207e-05
G102D_vs_E150K,target,349,CYS121-PHE119,PHE119-CYS121,PHE326-CYS328,1.908370776329282e-05
G102D_vs_E150K,target,350,ALA136-GLY138,ALA136-GLY138,ALA343-GLY345,1.8279099580128752e-05
G102D_vs_E150K,target,351,GLN152-VAL153,GLN152-VAL153,GLN359-VAL360,1.8227379412733412e-05
G102D_vs_E150K,target,352,ASP5-LYS6,ASP5-LYS6,ASP212-LYS213,1.6811369490148708e-05
G102D_vs_E150K,target,353,GLU111-TYR110,TYR110-GLU111,TYR317-GLU318,1.6557929988179386e-05
G102D_vs_E150K,target,354,CYS144-THR141,THR141-CYS144,THR348-CYS351,1.5747460250414488e-05
G102D_vs_E150K,target,355,ASN11-ILE10,ILE10-ASN11,ILE217-ASN218,1.544869731796849e-05
G102D_vs_E150K,target,356,GLU191-LEU190,LEU190-GLU191,LEU397-GLU398,1.539112195462712e-05
G102D_vs_E150K,target,357,GLU114-THR112,THR112-GLU114,THR319-GLU321,1.5285138062173002e-05
G102D_vs_E150K,target,358,ASN11-VAL9,VAL9-ASN11,VAL216-ASN218,1.5149228918046391e-05
G102D_vs_E150K,target,359,ARG80-ASN82,ARG80-ASN82,ARG287-ASN289,1.3944786850441344e-05
G102D_vs_E150K,target,360,GLN122-GLY124,GLN122-GLY124,GLN329-GLY331,1.3732995628777343e-05
G102D_vs_E150K,target,361,ALA130-GLU128,GLU128-ALA130,GLU335-ALA337,1.3314290332666511e-05
G102D_vs_E150K,target,362,GLU111-THR112,GLU111-THR112,GLU318-THR319,1.315354109792842e-05
G102D_vs_E150K,target,363,LEU41-THR40,THR40-LEU41,THR247-LEU248,1.2006150105788235e-05
G102D_vs_E150K,target,364,ASP77-PHE78,ASP77-PHE78,ASP284-PHE285,1.1859841742864707e-05
G102D_vs_E150K,target,365,GLU58-ILE57,ILE57-GLU58,ILE264-GLU265,9.620629117316401e-06
G102D_vs_E150K,target,366,LEU169-PRO168,PRO168-LEU169,PRO375-LEU376,9.47539387774541e-06
G102D_vs_E150K,target,367,GLN122-GLN123,GLN122-GLN123,GLN329-GLN330,8.618601579762064e-06
G102D_vs_E150K,target,368,GLN76-PHE78,GLN76-PHE78,GLN283-PHE285,7.711819466436558e-06
G102D_vs_E150K,target,369,ASN115-GLN116,ASN115-GLN116,ASN322-GLN323,7.533255838632762e-06
G102D_vs_E150K,target,370,ALA54-LEU55,ALA54-LEU55,ALA261-LEU262,7.477361249232383e-06
G102D_vs_E150K,target,371,GLN195-ILE193,ILE193-GLN195,ILE400-GLN402,6.970573910891191e-06
G102D_vs_E150K,target,372,GLN109-LYS108,LYS108-GLN109,LYS315-GLN316,6.947855248188869e-06
G102D_vs_E150K,target,373,ARG28-LYS29,ARG28-LYS29,ARG235-LYS236,6.939400315942142e-06
G102D_vs_E150K,target,374,ARG62-LEU60,LEU60-ARG62,LEU267-ARG269,6.887613938911738e-06
G102D_vs_E150K,target,375,ALA13-SER12,SER12-ALA13,SER219-ALA220,6.0466579104799035e-06
G102D_vs_E150K,target,376,ALA133-SER135,ALA133-SER135,ALA340-SER342,5.931170956599402e-06
G102D_vs_E150K,target,377,PHE186-PHE188,PHE186-PHE188,PHE393-PHE395,5.087477147477634e-06
G102D_vs_E150K,target,378,ALA133-LEU134,ALA133-LEU134,ALA340-LEU341,4.753858901668858e-06
G102D_vs_E150K,target,379,ARG62-ASP61,ASP61-ARG62,ASP268-ARG269,4.6436181447322164e-06
G102D_vs_E150K,target,380,ASP178-GLN180,ASP178-GLN180,ASP385-GLN387,4.579131057559139e-06
G102D_vs_E150K,target,381,ASN129-LEU131,ASN129-LEU131,ASN336-LEU338,3.1382361632330483e-06
G102D_vs_E150K,target,382,ASP5-LYS8,ASP5-LYS8,ASP212-LYS215,0.0
G102D_vs_E150K,target,383,LYS6-LYS8,LYS6-LYS8,LYS213-LYS215,0.0
G102D_vs_E150K,target,384,ILE10-SER7,SER7-ILE10,SER214-ILE217,0.0
G102D_vs_E150K,target,385,ILE10-LYS8,LYS8-ILE10,LYS215-ILE217,0.0
G102D_vs_E150K,target,386,SER12-VAL9,VAL9-SER12,VAL216-SER219,0.0
G102D_vs_E150K,target,387,ILE10-SER12,ILE10-SER12,ILE217-SER219,0.0
G102D_vs_E150K,target,388,ALA13-ASN11,ASN11-ALA13,ASN218-ALA220,0.0
G102D_vs_E150K,target,389,ASN11-LEU14,ASN11-LEU14,ASN218-LEU221,0.0
G102D_vs_E150K,target,390,ALA13-GLU15,ALA13-GLU15,ALA220-GLU222,0.0
G102D_vs_E150K,target,391,ALA13-LEU16,ALA13-LEU16,ALA220-LEU223,0.0
G102D_vs_E150K,target,392,GLU15-LEU17,GLU15-LEU17,GLU222-LEU224,0.0
G102D_vs_E150K,target,393,GLU19-LEU17,LEU17-GLU19,LEU224-GLU226,0.0
G102D_vs_E150K,target,394,ILE22-LEU17,LEU17-ILE22,LEU224-ILE229,0.0
G102D_vs_E150K,target,395,ASN18-GLY21,ASN18-GLY21,ASN225-GLY228,0.0
G102D_vs_E150K,target,396,GLY24-VAL20,VAL20-GLY24,VAL227-GLY231,0.0
G102D_vs_E150K,target,397,GLU23-GLY21,GLY21-GLU23,GLY228-GLU230,0.0
G102D_vs_E150K,target,398,GLY24-ILE22,ILE22-GLY24,ILE229-GLY231,0.0
G102D_vs_E150K,target,399,GLU23-LEU25,GLU23-LEU25,GLU230-LEU232,0.0
G102D_vs_E150K,target,400,LYS29-THR27,THR27-LYS29,THR234-LYS236,0.0
G102D_vs_E150K,target,401,LEU30-THR27,THR27-LEU30,THR234-LEU237,0.0
G102D_vs_E150K,target,402,ALA31-ARG28,ARG28-ALA31,ARG235-ALA238,0.0
G102D_vs_E150K,target,403,ALA31-LYS29,LYS29-ALA31,LYS236-ALA238,0.0
G102D_vs_E150K,target,404,LEU30-LYS33,LEU30-LYS33,LEU237-LYS240,0.0
G102D_vs_E150K,target,405,ALA31-LYS33,ALA31-LYS33,ALA238-LYS240,0.0
G102D_vs_E150K,target,406,ALA31-GLY35,ALA31-GLY35,ALA238-GLY242,0.0
G102D_vs_E150K,target,407,GLN32-GLY35,GLN32-GLY35,GLN239-GLY242,0.0
G102D_vs_E150K,target,408,GLY35-LYS33,LYS33-GLY35,LYS240-GLY242,0.0
G102D_vs_E150K,target,409,GLU37-PRO39,GLU37-PRO39,GLU244-PRO246,0.0
G102D_vs_E150K,target,410,GLN38-PRO39,GLN38-PRO39,GLN245-PRO246,0.0
G102D_vs_E150K,target,411,GLN38-THR40,GLN38-THR40,GLN245-THR247,0.0
G102D_vs_E150K,target,412,THR40-TYR42,THR40-TYR42,THR247-TYR249,0.0
G102D_vs_E150K,target,413,LEU41-TRP43,LEU41-TRP43,LEU248-TRP250,0.0
G102D_vs_E150K,target,414,LYS46-TYR42,TYR42-LYS46,TYR249-LYS253,0.0
G102D_vs_E150K,target,415,ASN47-VAL45,VAL45-ASN47,VAL252-ASN254,0.0
G102D_vs_E150K,target,416,ALA50-LYS48,LYS48-ALA50,LYS255-ALA257,0.0
G102D_vs_E150K,target,417,ALA50-LEU52,ALA50-LEU52,ALA257-LEU259,0.0
G102D_vs_E150K,target,418,ALA54-LEU52,LEU52-ALA54,LEU259-ALA261,0.0
G102D_vs_E150K,target,419,ASP53-LEU55,ASP53-LEU55,ASP260-LEU262,0.0
G102D_vs_E150K,target,420,ALA54-ALA56,ALA54-ALA56,ALA261-ALA263,0.0
G102D_vs_E150K,target,421,ILE57-LEU55,LEU55-ILE57,LEU262-ILE264,0.0
G102D_vs_E150K,target,422,ILE57-MET59,ILE57-MET59,ILE264-MET266,0.0
G102D_vs_E150K,target,423,ASP61-MET59,MET59-ASP61,MET266-ASP268,0.0
G102D_vs_E150K,target,424,ARG62-HSD64,ARG62-HSD64,ARG269-HSD271,0.0
G102D_vs_E150K,target,425,ASP77-TRP75,TRP75-ASP77,TRP282-ASP284,0.0
G102D_vs_E150K,target,426,ASP77-LEU79,ASP77-LEU79,ASP284-LEU286,0.0
G102D_vs_E150K,target,427,ARG80-PHE78,PHE78-ARG80,PHE285-ARG287,0.0
G102D_vs_E150K,target,428,ALA83-ASN81,ASN81-ALA83,ASN288-ALA290,0.0
G102D_vs_E150K,target,429,ASN82-LYS84,ASN82-LYS84,ASN289-LYS291,0.0
G102D_vs_E150K,target,430,LYS84-PHE86,LYS84-PHE86,LYS291-PHE293,0.0
G102D_vs_E150K,target,431,CYS88-PHE86,PHE86-CYS88,PHE293-CYS295,0.0
G102D_vs_E150K,target,432,CYS88-LEU90,CYS88-LEU90,CYS295-LEU297,0.0
G102D_vs_E150K,target,433,ALA89-LEU91,ALA89-LEU91,ALA296-LEU298,0.0
G102D_vs_E150K,target,434,LEU90-SER92,LEU90-SER92,LEU297-SER299,0.0
G102D_vs_E150K,target,435,GLY96-HSD93,HSD93-GLY96,HSD300-GLY303,0.0
G102D_vs_E150K,target,436,ARG94-GLY96,ARG94-GLY96,ARG301-GLY303,0.0
G102D_vs_E150K,target,437,ALA97-ASP95,ASP95-ALA97,ASP302-ALA304,0.0
G102D_vs_E150K,target,438,ASP95-LYS98,ASP95-LYS98,ASP302-LYS305,0.0
G102D_vs_E150K,target,439,GLY96-LYS98,GLY96-LYS98,GLY303-LYS305,0.0
G102D_vs_E150K,target,440,GLY96-VAL99,GLY96-VAL99,GLY303-VAL306,0.0
G102D_vs_E150K,target,441,ALA97-VAL99,ALA97-VAL99,ALA304-VAL306,0.0
G102D_vs_E150K,target,442,ALA97-HSD100,ALA97-HSD100,ALA304-HSD307,0.0
G102D_vs_E150K,target,443,HSD100-LYS98,LYS98-HSD100,LYS305-HSD307,0.0
G102D_vs_E150K,target,444,LEU101-LYS98,LYS98-LEU101,LYS305-LEU308,0.0
G102D_vs_E150K,target,445,LEU101-VAL99,VAL99-LEU101,VAL306-LEU308,0.0
G102D_vs_E150K,target,446,HSD100-THR103,HSD100-THR103,HSD307-THR310,0.0
G102D_vs_E150K,target,447,LEU101-THR103,LEU101-THR103,LEU308-THR310,0.0
G102D_vs_E150K,target,448,LYS108-THR106,THR106-LYS108,THR313-LYS315,0.0
G102D_vs_E150K,target,449,GLN109-GLU107,GLU107-GLN109,GLU314-GLN316,0.0
G102D_vs_E150K,target,450,GLN109-GLU111,GLN109-GLU111,GLN316-GLU318,0.0
G102D_vs_E150K,target,451,GLU111-LEU113,GLU111-LEU113,GLU318-LEU320,0.0
G102D_vs_E150K,target,452,ASN115-LEU113,LEU113-ASN115,LEU320-ASN322,0.0
G102D_vs_E150K,target,453,GLN116-GLU114,GLU114-GLN116,GLU321-GLN323,0.0
G102D_vs_E150K,target,454,ASN115-LEU117,ASN115-LEU117,ASN322-LEU324,0.0
G102D_vs_E150K,target,455,ALA118-GLN116,GLN116-ALA118,GLN323-ALA325,0.0
G102D_vs_E150K,target,456,ALA118-LEU120,ALA118-LEU120,ALA325-LEU327,0.0
G102D_vs_E150K,target,457,GLN122-LEU120,LEU120-GLN122,LEU327-GLN329,0.0
G102D_vs_E150K,target,458,ALA130-LEU120,LEU120-ALA130,LEU327-ALA337,0.0
G102D_vs_E150K,target,459,CYS121-GLN123,CYS121-GLN123,CYS328-GLN330,0.0
G102D_vs_E150K,target,460,CYS121-PHE125,CYS121-PHE125,CYS328-PHE332,0.0
G102D_vs_E150K,target,461,ASN129-SER126,SER126-ASN129,SER333-ASN336,0.0
G102D_vs_E150K,target,462,ASN129-LEU127,LEU127-ASN129,LEU334-ASN336,0.0
G102D_vs_E150K,target,463,ALA130-LEU127,LEU127-ALA130,LEU334-ALA337,0.0
G102D_vs_E150K,target,464,ALA130-TYR132,ALA130-TYR132,ALA337-TYR339,0.0
G102D_vs_E150K,target,465,ALA130-ALA133,ALA130-ALA133,ALA337-ALA340,0.0
G102D_vs_E150K,target,466,ALA133-LEU131,LEU131-ALA133,LEU338-ALA340,0.0
G102D_vs_E150K,target,467,LEU131-LEU134,LEU131-LEU134,LEU338-LEU341,0.0
G102D_vs_E150K,target,468,ALA136-LEU134,LEU134-ALA136,LEU341-ALA343,0.0
G102D_vs_E150K,target,469,LEU134-VAL137,LEU134-VAL137,LEU341-VAL344,0.0
G102D_vs_E150K,target,470,SER135-VAL137,SER135-VAL137,SER342-VAL344,0.0
G102D_vs_E150K,target,471,HSD139-SER135,SER135-HSD139,SER342-HSD346,0.0
G102D_vs_E150K,target,472,HSD139-VAL137,VAL137-HSD139,VAL344-HSD346,0.0
G102D_vs_E150K,target,473,GLY138-PHE140,GLY138-PHE140,GLY345-PHE347,0.0
G102D_vs_E150K,target,474,GLY138-THR141,GLY138-THR141,GLY345-THR348,0.0
G102D_vs_E150K,target,475,HSD139-THR141,HSD139-THR141,HSD346-THR348,0.0
G102D_vs_E150K,target,476,CYS144-LEU142,LEU142-CYS144,LEU349-CYS351,0.0
G102D_vs_E150K,target,477,LEU142-VAL145,LEU142-VAL145,LEU349-VAL352,0.0
G102D_vs_E150K,target,478,GLY143-VAL145,GLY143-VAL145,GLY350-VAL352,0.0
G102D_vs_E150K,target,479,CYS144-LEU146,CYS144-LEU146,CYS351-LEU353,0.0
G102D_vs_E150K,target,480,ASP148-VAL145,VAL145-ASP148,VAL352-ASP355,0.0
G102D_vs_E150K,target,481,ASP148-LEU146,LEU146-ASP148,LEU353-ASP355,0.0
G102D_vs_E150K,target,482,GLN149-LEU146,LEU146-GLN149,LEU353-GLN356,0.0
G102D_vs_E150K,target,483,GLN149-GLU147,GLU147-GLN149,GLU354-GLN356,0.0
G102D_vs_E150K,target,484,ASP148-LYS150,ASP148-LYS150,ASP355-LYS357,0.0
G102D_vs_E150K,target,485,GLN149-GLN152,GLN149-GLN152,GLN356-GLN359,0.0
G102D_vs_E150K,target,486,HSD151-LYS150,LYS150-HSD151,LYS357-HSD358,0.0
G102D_vs_E150K,target,487,GLN152-LYS150,LYS150-GLN152,LYS357-GLN359,0.0
G102D_vs_E150K,target,488,LYS150-VAL153,LYS150-VAL153,LYS357-VAL360,0.0
G102D_vs_E150K,target,489,HSD151-VAL153,HSD151-VAL153,HSD358-VAL360,0.0
G102D_vs_E150K,target,490,LYS155-VAL153,VAL153-LYS155,VAL360-LYS362,0.0
G102D_vs_E150K,target,491,GLU156-VAL153,VAL153-GLU156,VAL360-GLU363,0.0
G102D_vs_E150K,target,492,ALA154-LYS155,ALA154-LYS155,ALA361-LYS362,0.0
G102D_vs_E150K,target,493,ALA154-GLU156,ALA154-GLU156,ALA361-GLU363,0.0
G102D_vs_E150K,target,494,ALA154-GLU157,ALA154-GLU157,ALA361-GLU364,0.0
G102D_vs_E150K,target,495,ALA154-ARG158,ALA154-ARG158,ALA361-ARG365,0.0
G102D_vs_E150K,target,496,ALA154-THR160,ALA154-THR160,ALA361-THR367,0.0
G102D_vs_E150K,target,497,GLU157-LYS155,LYS155-GLU157,LYS362-GLU364,0.0
G102D_vs_E150K,target,498,ARG158-THR160,ARG158-THR160,ARG365-THR367,0.0
G102D_vs_E150K,target,499,ASP164-THR162,THR162-ASP164,THR369-ASP371,0.0
G102D_vs_E150K,target,500,MET166-THR163,THR163-MET166,THR370-MET373,0.0
G102D_vs_E150K,target,501,ASP164-SER165,ASP164-SER165,ASP371-SER372,0.0
G102D_vs_E150K,target,502,ASP164-MET166,ASP164-MET166,ASP371-MET373,0.0
G102D_vs_E150K,target,503,LEU169-PRO167,PRO167-LEU169,PRO374-LEU376,0.0
G102D_vs_E150K,target,504,LEU170-PRO168,PRO168-LEU170,PRO375-LEU377,0.0
G102D_vs_E150K,target,505,GLN172-LEU169,LEU169-GLN172,LEU376-GLN379,0.0
G102D_vs_E150K,target,506,ARG171-LEU170,LEU170-ARG171,LEU377-ARG378,0.0
G102D_vs_E150K,target,507,GLN172-LEU170,LEU170-GLN172,LEU377-GLN379,0.0
G102D_vs_E150K,target,508,ALA173-ARG171,ARG171-ALA173,ARG378-ALA380,0.0
G102D_vs_E150K,target,509,ALA173-GLN172,GLN172-ALA173,GLN379-ALA380,0.0
G102D_vs_E150K,target,510,GLN172-ILE174,GLN172-ILE174,GLN379-ILE381,0.0
G102D_vs_E150K,target,511,ALA173-GLU175,ALA173-GLU175,ALA380-GLU382,0.0
G102D_vs_E150K,target,512,GLU175-ILE174,ILE174-GLU175,ILE381-GLU382,0.0
G102D_vs_E150K,target,513,ILE174-LEU176,ILE174-LEU176,ILE381-LEU383,0.0
G102D_vs_E150K,target,514,GLU175-PHE177,GLU175-PHE177,GLU382-PHE384,0.0
G102D_vs_E150K,target,515,ASP178-LEU176,LEU176-ASP178,LEU383-ASP385,0.0
G102D_vs_E150K,target,516,HSD179-LEU176,LEU176-HSD179,LEU383-HSD386,0.0
G102D_vs_E150K,target,517,HSD179-PHE177,PHE177-HSD179,PHE384-HSD386,0.0
G102D_vs_E150K,target,518,GLN180-PHE177,PHE177-GLN180,PHE384-GLN387,0.0
G102D_vs_E150K,target,519,GLY181-HSD179,HSD179-GLY181,HSD386-GLY388,0.0
G102D_vs_E150K,target,520,ALA182-PRO184,ALA182-PRO184,ALA389-PRO391,0.0
G102D_vs_E150K,target,521,GLU183-PHE186,GLU183-PHE186,GLU390-PHE393,0.0
G102D_vs_E150K,target,522,PHE186-PRO184,PRO184-PHE186,PRO391-PHE393,0.0
G102D_vs_E150K,target,523,LEU187-PRO184,PRO184-LEU187,PRO391-LEU394,0.0
G102D_vs_E150K,target,524,PHE188-PRO184,PRO184-PHE188,PRO391-PHE395,0.0
G102D_vs_E150K,target,525,GLY189-LEU187,LEU187-GLY189,LEU394-GLY396,0.0
G102D_vs_E150K,target,526,LEU187-LEU190,LEU187-LEU190,LEU394-LEU397,0.0
G102D_vs_E150K,target,527,LEU190-PHE188,PHE188-LEU190,PHE395-LEU397,0.0
G102D_vs_E150K,target,528,GLY189-LEU192,GLY189-LEU192,GLY396-LEU399,0.0
G102D_vs_E150K,target,529,ILE193-LEU190,LEU190-ILE193,LEU397-ILE400,0.0
G102D_vs_E150K,target,530,GLU191-ILE193,GLU191-ILE193,GLU398-ILE400,0.0
G102D_vs_E150K,target,531,GLU191-ILE194,GLU191-ILE194,GLU398-ILE401,0.0
G102D_vs_E150K,target,532,ILE194-LEU192,LEU192-ILE194,LEU399-ILE401,0.0
G102D_vs_E150K,target,533,ILE194-LEU197,ILE194-LEU197,ILE401-LEU404,0.0
G102D_vs_E150K,target,534,GLN195-LEU197,GLN195-LEU197,GLN402-LEU404,0.0
G102D_vs_E150K,target,535,GLN195-GLU198,GLN195-GLU198,GLN402-GLU405,0.0
G102D_vs_E150K,target,536,GLU198-GLY196,GLY196-GLU198,GLY403-GLU405,0.0
G102D_vs_E150K,target,537,GLN200-GLU198,GLU198-GLN200,GLU405-GLN407,0.0
G102D_vs_E150K,target,538,GLU198-LEU201,GLU198-LEU201,GLU405-LEU408,0.0
G102D_vs_E150K,target,539,GLN200-LYS199,LYS199-GLN200,LYS406-GLN407,0.0
G102D_vs_E150K,target,540,LEU201-LYS199,LYS199-LEU201,LYS406-LEU408,0.0
G102D_vs_E150K,target,541,LYS199-LYS202,LYS199-LYS202,LYS406-LYS409,0.0
G102D_vs_E150K,target,542,CYS203-LEU201,LEU201-CYS203,LEU408-CYS410,0.0
G102D_vs_E150K,target,543,GLU204-LYS202,LYS202-GLU204,LYS409-GLU411,0.0
