residue	score	rank
69	2.125418	1
51	2.005017	2
50	2.001672	3
42	1.994983	4
43	1.928094	5
22	1.683946	6
18	1.339465	7
52	1.289298	8
55	1.259197	9
41	1.245819	10
21	1.188963	11
70	1.188963	12
37	1.175585	13
25	1.165552	14
36	1.155518	15
40	1.142140	16
71	1.081940	17
72	1.075251	18
68	1.065217	19
54	0.901338	20
6	0.897993	21
44	0.874582	22
67	0.851171	23
73	0.847826	24
66	0.801003	25
7	0.797659	26
2	0.790970	27
24	0.764214	28
12	0.760870	29
13	0.727425	30
15	0.714047	31
14	0.697324	32
17	0.670569	33
65	0.670569	34
64	0.667224	35
16	0.663880	36
1	0.633779	37
30	0.620401	38
74	0.613712	39
34	0.576923	40
26	0.566890	41
28	0.536789	42
63	0.520067	43
23	0.510033	44
29	0.500000	45
31	0.473244	46
58	0.456522	47
49	0.436455	48
61	0.436455	49
62	0.426421	50
27	0.406355	51
5	0.406355	52
45	0.403010	53
56	0.389632	54
4	0.386288	55
3	0.376254	56
75	0.372910	57
19	0.352843	58
48	0.329431	59
11	0.329431	60
8	0.295987	61
57	0.292642	62
20	0.279264	63
35	0.235786	64
10	0.232441	65
60	0.148829	66
39	0.145485	67
32	0.128763	68
33	0.128763	69
9	0.125418	70
38	0.125418	71
46	0.125418	72
47	0.125418	73
53	0.125418	74
59	0.125418	75
76	0.125418	76
