residue	score	rank
69	2.520913	1
43	2.305450	2
52	1.841572	3
68	1.699620	4
44	1.544994	5
49	1.438530	6
51	1.357414	7
50	1.342205	8
6	1.271229	9
41	1.258555	10
24	1.172370	11
40	1.134347	12
31	1.111534	13
42	1.073511	14
22	1.070976	15
28	1.070976	16
39	1.065906	17
25	1.063371	18
38	1.040558	19
55	1.032953	20
71	1.020279	21
37	1.020279	22
36	1.010139	23
4	0.956907	24
53	0.954373	25
23	0.951838	26
56	0.903676	27
70	0.885932	28
21	0.878327	29
54	0.868188	30
57	0.827630	31
72	0.814956	32
5	0.799747	33
20	0.779468	34
64	0.741445	35
19	0.700887	36
63	0.683143	37
60	0.675539	38
14	0.675539	39
16	0.670469	40
62	0.662864	41
61	0.657795	42
18	0.652725	43
73	0.642586	44
17	0.634981	45
3	0.612167	46
12	0.551331	47
67	0.536122	48
66	0.500634	49
15	0.487959	50
74	0.465146	51
7	0.452471	52
65	0.396705	53
35	0.366286	54
2	0.361217	55
45	0.305450	56
13	0.292776	57
11	0.282636	58
75	0.282636	59
8	0.272497	60
48	0.249683	61
58	0.198986	62
46	0.191381	63
32	0.188847	64
34	0.186312	65
29	0.183777	66
30	0.178707	67
47	0.163498	68
26	0.158428	69
59	0.148289	70
27	0.145754	71
10	0.102662	72
9	0.097592	73
33	0.097592	74
1	0.095057	75
76	0.095057	76
