i	j	score	corr
43	69	1.000000	0.733000
68	69	0.863118	0.838000
43	44	0.747782	0.809000
51	52	0.684411	0.855000
50	51	0.673004	0.831000
49	50	0.669202	0.786000
44	49	0.599493	0.676000
40	41	0.594423	0.835000
6	68	0.562738	0.642000
24	25	0.558935	0.819000
42	43	0.557668	0.813000
39	40	0.539924	0.763000
38	39	0.525982	0.841000
41	42	0.515843	0.783000
37	38	0.514575	0.866000
36	37	0.505703	0.834000
52	53	0.505703	0.837000
55	56	0.471483	0.798000
25	28	0.467681	0.669000
21	22	0.466413	0.731000
69	70	0.463878	0.826000
22	23	0.462611	0.755000
71	72	0.449937	0.750000
53	54	0.448669	0.848000
56	57	0.432193	0.831000
70	71	0.422053	0.777000
24	52	0.419518	0.781000
28	31	0.419518	0.751000
54	55	0.419518	0.822000
5	6	0.415716	0.813000
20	21	0.411914	0.795000
4	5	0.372624	0.659000
31	36	0.368821	0.753000
19	20	0.367554	0.777000
72	73	0.365019	0.534000
63	64	0.347275	0.816000
62	63	0.335868	0.782000
18	19	0.333333	0.762000
60	61	0.330798	0.823000
61	62	0.326996	0.778000
17	18	0.319392	0.778000
16	17	0.315589	0.715000
4	14	0.278834	0.646000
73	74	0.277567	0.375000
57	60	0.276299	0.757000
67	68	0.273764	0.706000
3	4	0.262357	0.692000
14	15	0.253485	0.757000
66	67	0.250951	0.704000
15	16	0.234474	0.692000
23	52	0.231939	0.765000
6	12	0.215463	0.496000
65	66	0.206591	0.698000
3	64	0.204056	0.597000
44	45	0.197719	0.779000
7	69	0.193916	0.624000
23	24	0.193916	0.835000
64	65	0.190114	0.785000
74	75	0.187579	0.829000
11	12	0.186312	0.766000
7	8	0.181242	0.701000
48	49	0.169835	0.763000
12	13	0.149556	0.797000
41	71	0.148289	0.627000
2	3	0.145754	0.683000
13	14	0.143219	0.774000
22	55	0.141952	0.692000
31	32	0.139417	0.859000
34	35	0.138150	0.883000
35	36	0.135615	0.890000
2	16	0.120406	0.651000
57	58	0.119138	0.857000
45	46	0.107731	0.703000
10	11	0.096324	0.671000
28	29	0.096324	0.798000
1	2	0.095057	0.793000
75	76	0.095057	0.902000
31	35	0.092522	0.819000
8	9	0.091255	0.667000
30	31	0.091255	0.865000
27	28	0.087452	0.860000
29	30	0.087452	0.827000
46	47	0.083650	0.755000
47	48	0.079848	0.739000
58	59	0.079848	0.840000
6	7	0.077313	0.650000
59	60	0.068441	0.820000
23	26	0.063371	0.606000
26	27	0.058302	0.748000
32	33	0.049430	0.858000
33	34	0.048162	0.849000
4	66	0.043093	0.630000
25	26	0.036755	0.756000
5	67	0.011407	0.606000
9	10	0.006337	0.323000
