residue	score	rank
69	2.293413	1
68	2.177645	2
51	2.017964	3
50	1.990020	4
55	1.982036	5
70	1.950100	6
71	1.850299	7
5	1.790419	8
54	1.638723	9
22	1.602794	10
42	1.594810	11
40	1.542914	12
43	1.534930	13
18	1.371257	14
72	1.283433	15
31	1.235529	16
37	1.235529	17
27	1.207585	18
28	1.191617	19
24	1.183633	20
44	1.103792	21
73	1.011976	22
21	0.992016	23
52	0.964072	24
49	0.960080	25
25	0.892216	26
4	0.868263	27
38	0.864271	28
41	0.856287	29
56	0.768463	30
67	0.756487	31
3	0.732535	32
74	0.732535	33
12	0.732535	34
66	0.728543	35
61	0.696607	36
17	0.696607	37
7	0.692615	38
2	0.676647	39
62	0.656687	40
13	0.648703	41
1	0.640719	42
65	0.616766	43
23	0.612774	44
14	0.604790	45
16	0.580838	46
35	0.572854	47
36	0.572854	48
58	0.572854	49
63	0.568862	50
64	0.560878	51
15	0.556886	52
45	0.520958	53
20	0.497006	54
11	0.457086	55
39	0.453094	56
75	0.445110	57
48	0.377246	58
19	0.373253	59
6	0.357285	60
32	0.297405	61
34	0.293413	62
30	0.281437	63
57	0.265469	64
47	0.257485	65
59	0.189621	66
10	0.181637	67
60	0.177645	68
9	0.161677	69
29	0.161677	70
33	0.157685	71
8	0.149701	72
46	0.149701	73
53	0.149701	74
76	0.149701	75
26	0.149701	76
