residue	score	rank
69	2.668934	1
41	2.356009	2
50	2.011338	3
51	2.011338	4
68	1.938776	5
54	1.752834	6
6	1.712018	7
24	1.607710	8
44	1.544218	9
71	1.507937	10
72	1.458050	11
27	1.453515	12
70	1.448980	13
22	1.390023	14
5	1.331066	15
55	1.308390	16
43	1.276644	17
18	1.208617	18
28	1.163265	19
73	1.149660	20
67	1.140590	21
21	1.099773	22
36	1.099773	23
66	1.036281	24
52	1.022676	25
65	0.941043	26
13	0.900227	27
53	0.877551	28
12	0.845805	29
62	0.836735	30
74	0.832200	31
61	0.814059	32
14	0.768707	33
4	0.755102	34
31	0.750567	35
35	0.691610	36
64	0.687075	37
17	0.664399	38
15	0.641723	39
56	0.623583	40
16	0.614512	41
58	0.605442	42
25	0.596372	43
11	0.532880	44
1	0.528345	45
63	0.528345	46
49	0.519274	47
75	0.505669	48
40	0.482993	49
20	0.469388	50
8	0.428571	51
2	0.405896	52
38	0.401361	53
45	0.392290	54
48	0.392290	55
60	0.383220	56
3	0.374150	57
19	0.360544	58
42	0.360544	59
34	0.351474	60
57	0.319728	61
32	0.301587	62
47	0.278912	63
37	0.274376	64
7	0.260771	65
30	0.215420	66
39	0.210884	67
29	0.188209	68
9	0.179138	69
23	0.174603	70
33	0.174603	71
46	0.170068	72
10	0.170068	73
26	0.170068	74
59	0.170068	75
76	0.170068	76
