residue	score	rank
70	2.206485	1
71	1.977816	2
69	1.930034	3
39	1.773038	4
43	1.708191	5
50	1.616041	6
51	1.612628	7
22	1.561433	8
7	1.517065	9
40	1.459044	10
42	1.291809	11
55	1.281570	12
18	1.199659	13
37	1.121160	14
72	1.097270	15
21	1.063140	16
27	0.964164	17
68	0.950512	18
52	0.916382	19
54	0.916382	20
31	0.906143	21
73	0.865188	22
24	0.851536	23
44	0.837884	24
25	0.810580	25
12	0.810580	26
11	0.776451	27
5	0.769625	28
6	0.762799	29
67	0.701365	30
38	0.697952	31
4	0.691126	32
13	0.677474	33
66	0.677474	34
3	0.636519	35
74	0.626280	36
2	0.616041	37
17	0.609215	38
16	0.595563	39
14	0.595563	40
1	0.592150	41
65	0.585324	42
64	0.568259	43
41	0.561433	44
63	0.558020	45
15	0.537543	46
28	0.527304	47
56	0.493174	48
61	0.486348	49
62	0.469283	50
58	0.465870	51
48	0.465870	52
8	0.421502	53
49	0.414676	54
23	0.401024	55
36	0.401024	56
75	0.380546	57
26	0.360068	58
32	0.339590	59
19	0.322526	60
29	0.291809	61
45	0.281570	62
35	0.267918	63
57	0.261092	64
20	0.199659	65
30	0.189420	66
10	0.168942	67
60	0.165529	68
34	0.134812	69
33	0.131399	70
9	0.127986	71
46	0.127986	72
47	0.127986	73
53	0.127986	74
59	0.127986	75
76	0.127986	76
