residue	score	rank
70	2.214953	1
38	2.140187	2
71	1.979439	3
7	1.852336	4
43	1.844860	5
42	1.642991	6
50	1.557009	7
51	1.542056	8
55	1.527103	9
8	1.489720	10
22	1.459813	11
40	1.407477	12
39	1.362617	13
69	1.306542	14
37	1.299065	15
72	1.201869	16
18	1.100935	17
27	1.097196	18
13	1.071028	19
12	1.063551	20
54	0.977570	21
6	0.966355	22
11	0.966355	23
14	0.951402	24
73	0.947664	25
24	0.936449	26
68	0.932710	27
41	0.902804	28
15	0.895327	29
31	0.895327	30
16	0.842991	31
25	0.839252	32
49	0.809346	33
17	0.798131	34
5	0.783178	35
21	0.783178	36
67	0.783178	37
4	0.760748	38
66	0.730841	39
56	0.727103	40
63	0.712150	41
74	0.685981	42
52	0.678505	43
28	0.667290	44
61	0.663551	45
62	0.663551	46
3	0.641121	47
36	0.600000	48
44	0.566355	49
65	0.551402	50
58	0.506542	51
19	0.491589	52
35	0.450467	53
48	0.442991	54
2	0.435514	55
75	0.416822	56
45	0.375701	57
1	0.360748	58
57	0.334579	59
23	0.330841	60
30	0.304673	61
34	0.293458	62
20	0.241121	63
46	0.192523	64
10	0.185047	65
60	0.177570	66
64	0.166355	67
32	0.158879	68
29	0.147664	69
26	0.143925	70
33	0.143925	71
9	0.140187	72
53	0.140187	73
47	0.140187	74
59	0.140187	75
76	0.140187	76
