residue	score	rank
42	2.743421	1
69	2.480263	2
22	2.164474	3
43	2.146930	4
38	2.050439	5
51	2.015351	6
50	2.010965	7
41	1.835526	8
70	1.782895	9
55	1.638158	10
18	1.567982	11
6	1.519737	12
21	1.480263	13
37	1.475877	14
27	1.432018	15
72	1.410088	16
71	1.388158	17
68	1.335526	18
24	1.247807	19
54	1.151316	20
52	1.146930	21
73	1.111842	22
44	1.107456	23
67	1.041667	24
25	0.993421	25
2	0.989035	26
66	0.971491	27
39	0.971491	28
31	0.940789	29
40	0.918860	30
5	0.879386	31
4	0.844298	32
3	0.817982	33
74	0.804825	34
12	0.782895	35
65	0.782895	36
1	0.760965	37
17	0.747807	38
16	0.708333	39
13	0.695175	40
36	0.682018	41
7	0.677632	42
14	0.633772	43
58	0.620614	44
15	0.598684	45
28	0.585526	46
56	0.576754	47
45	0.563596	48
8	0.550439	49
61	0.550439	50
23	0.546053	51
62	0.541667	52
49	0.515351	53
64	0.506579	54
30	0.497807	55
75	0.489035	56
19	0.423246	57
63	0.423246	58
26	0.414474	59
48	0.396930	60
57	0.361842	61
46	0.353070	62
34	0.339912	63
60	0.304825	64
29	0.296053	65
20	0.291667	66
11	0.247807	67
10	0.208333	68
32	0.186404	69
33	0.168860	70
35	0.164474	71
47	0.164474	72
59	0.164474	73
76	0.164474	74
9	0.164474	75
53	0.164474	76
