residue	score	rank
69	2.246892	1
70	2.055062	2
71	1.962700	3
22	1.724689	4
51	1.710480	5
50	1.696270	6
40	1.571936	7
18	1.380107	8
43	1.376554	9
6	1.333925	10
55	1.280639	11
5	1.238011	12
21	1.195382	13
72	1.142096	14
68	1.138544	15
37	1.131439	16
42	1.074600	17
52	1.074600	18
24	1.007105	19
44	1.007105	20
25	0.978686	21
31	0.946714	22
13	0.911190	23
27	0.900533	24
73	0.900533	25
28	0.886323	26
54	0.875666	27
14	0.811723	28
15	0.797513	29
2	0.779751	30
1	0.747780	31
4	0.726465	32
16	0.683837	33
17	0.676732	34
67	0.666075	35
74	0.651865	36
3	0.637655	37
7	0.634103	38
12	0.630551	39
66	0.626998	40
36	0.623446	41
63	0.595027	42
64	0.538188	43
65	0.538188	44
35	0.506217	45
61	0.506217	46
62	0.499112	47
38	0.492007	48
58	0.484902	49
39	0.456483	50
49	0.452931	51
41	0.445826	52
45	0.438721	53
56	0.403197	54
23	0.399645	55
75	0.396092	56
8	0.392540	57
11	0.388988	58
30	0.364121	59
48	0.339254	60
19	0.335702	61
57	0.275311	62
60	0.275311	63
20	0.271758	64
34	0.261101	65
10	0.250444	66
47	0.229130	67
32	0.222025	68
53	0.204263	69
29	0.147425	70
26	0.136767	71
33	0.136767	72
9	0.133215	73
46	0.133215	74
59	0.133215	75
76	0.133215	76
