residue	score	rank
51	2.009597	1
42	1.911708	2
50	1.460653	3
41	1.305182	4
54	1.218810	5
69	1.128599	6
40	1.078695	7
71	1.053743	8
72	1.042226	9
6	1.017274	10
43	0.994242	11
55	0.677543	12
37	0.564299	13
70	0.564299	14
73	0.552783	15
24	0.489443	16
27	0.489443	17
5	0.476008	18
52	0.468330	19
1	0.000000	20
2	0.000000	21
3	0.000000	22
4	0.000000	23
7	0.000000	24
8	0.000000	25
9	0.000000	26
10	0.000000	27
11	0.000000	28
12	0.000000	29
13	0.000000	30
14	0.000000	31
15	0.000000	32
16	0.000000	33
17	0.000000	34
18	0.000000	35
19	0.000000	36
20	0.000000	37
21	0.000000	38
22	0.000000	39
23	0.000000	40
25	0.000000	41
26	0.000000	42
28	0.000000	43
29	0.000000	44
30	0.000000	45
31	0.000000	46
32	0.000000	47
33	0.000000	48
34	0.000000	49
35	0.000000	50
36	0.000000	51
38	0.000000	52
39	0.000000	53
44	0.000000	54
45	0.000000	55
46	0.000000	56
47	0.000000	57
48	0.000000	58
49	0.000000	59
53	0.000000	60
56	0.000000	61
57	0.000000	62
58	0.000000	63
59	0.000000	64
60	0.000000	65
61	0.000000	66
62	0.000000	67
63	0.000000	68
64	0.000000	69
65	0.000000	70
66	0.000000	71
67	0.000000	72
68	0.000000	73
74	0.000000	74
75	0.000000	75
76	0.000000	76
