residue	score	rank
69	2.239923	1
42	2.236084	2
51	2.017274	3
50	1.994242	4
55	1.882917	5
38	1.664107	6
22	1.629559	7
41	1.533589	8
71	1.487524	9
68	1.476008	10
43	1.406910	11
5	1.391555	12
54	1.368522	13
44	1.264875	14
70	1.249520	15
72	1.234165	16
6	1.234165	17
37	1.199616	18
24	1.138196	19
31	1.130518	20
18	1.115163	21
27	1.111324	22
49	1.072937	23
28	1.046065	24
73	0.973129	25
25	0.938580	26
63	0.919386	27
13	0.850288	28
21	0.850288	29
52	0.815739	30
67	0.804223	31
61	0.750480	32
56	0.735125	33
62	0.735125	34
66	0.727447	35
74	0.704415	36
7	0.689060	37
4	0.685221	38
12	0.681382	39
64	0.654511	40
14	0.646833	41
65	0.642994	42
15	0.585413	43
17	0.585413	44
40	0.581574	45
3	0.577735	46
36	0.554702	47
16	0.554702	48
35	0.547025	49
58	0.535509	50
1	0.512476	51
45	0.477927	52
20	0.435701	53
75	0.428023	54
11	0.424184	55
8	0.416507	56
39	0.381958	57
2	0.370441	58
48	0.362764	59
30	0.316699	60
19	0.305182	61
34	0.278311	62
53	0.255278	63
47	0.247601	64
32	0.247601	65
57	0.239923	66
60	0.186180	67
23	0.174664	68
29	0.155470	69
10	0.151631	70
9	0.147793	71
33	0.147793	72
26	0.143954	73
46	0.143954	74
59	0.143954	75
76	0.143954	76
