residue	score	rank
51	2.008636	1
71	2.008636	2
50	1.998273	3
69	1.949914	4
70	1.818653	5
6	1.697755	6
55	1.652850	7
68	1.417962	8
42	1.369603	9
52	1.341969	10
54	1.338515	11
43	1.324698	12
44	1.262522	13
22	1.217617	14
24	1.155440	15
72	1.110535	16
37	1.062176	17
40	1.044905	18
27	1.034542	19
18	0.965458	20
31	0.910190	21
73	0.875648	22
38	0.806563	23
28	0.792746	24
64	0.778929	25
63	0.772021	26
67	0.772021	27
21	0.747841	28
25	0.730570	29
66	0.723661	30
12	0.720207	31
5	0.689119	32
41	0.675302	33
53	0.658031	34
74	0.633851	35
13	0.626943	36
61	0.602763	37
65	0.595855	38
62	0.588946	39
7	0.585492	40
4	0.561313	41
14	0.547496	42
15	0.516408	43
17	0.512953	44
56	0.512953	45
36	0.506045	46
58	0.485320	47
16	0.485320	48
20	0.468048	49
3	0.461140	50
1	0.454231	51
49	0.433506	52
45	0.426598	53
11	0.412781	54
35	0.388601	55
75	0.385147	56
30	0.347150	57
8	0.343696	58
48	0.329879	59
2	0.312608	60
19	0.274611	61
34	0.257340	62
60	0.257340	63
47	0.226252	64
57	0.222798	65
32	0.181347	66
29	0.143351	67
9	0.136442	68
33	0.132988	69
10	0.129534	70
23	0.129534	71
26	0.129534	72
39	0.129534	73
46	0.129534	74
59	0.129534	75
76	0.129534	76
