residue	score	rank
50	2.001144	1
51	2.001144	2
69	1.676201	3
24	1.456522	4
52	1.291762	5
70	1.177346	6
43	1.097254	7
55	1.081236	8
44	1.024027	9
54	1.008009	10
68	0.953089	11
27	0.914188	12
6	0.884439	13
71	0.875286	14
18	0.861556	15
22	0.854691	16
30	0.804348	17
25	0.781465	18
72	0.735698	19
21	0.646453	20
5	0.623570	21
34	0.598398	22
73	0.580092	23
58	0.566362	24
41	0.552632	25
7	0.536613	26
28	0.518307	27
13	0.511442	28
14	0.511442	29
16	0.493135	30
15	0.490847	31
35	0.488558	32
1	0.474828	33
67	0.465675	34
49	0.463387	35
17	0.454233	36
53	0.449657	37
74	0.419908	38
36	0.406178	39
66	0.364989	40
60	0.364989	41
37	0.360412	42
8	0.342105	43
38	0.335240	44
39	0.335240	45
48	0.316934	46
20	0.314645	47
2	0.300915	48
3	0.298627	49
4	0.282609	50
42	0.280320	51
63	0.278032	52
75	0.255149	53
65	0.252860	54
61	0.241419	55
31	0.234554	56
19	0.227689	57
12	0.223112	58
64	0.220824	59
57	0.216247	60
9	0.213959	61
56	0.204805	62
45	0.195652	63
11	0.195652	64
62	0.165904	65
47	0.165904	66
23	0.108696	67
33	0.099542	68
29	0.088101	69
32	0.085812	70
10	0.085812	71
26	0.085812	72
46	0.085812	73
59	0.085812	74
76	0.085812	75
40	0.085812	76
