residue	score	rank
42	2.247601	1
69	2.120921	2
51	2.009597	3
50	1.767754	4
41	1.305182	5
55	1.272553	6
6	1.268714	7
70	1.249520	8
52	1.236084	9
54	1.218810	10
68	1.120921	11
37	1.107486	12
40	1.078695	13
71	1.053743	14
72	1.042226	15
5	1.042226	16
43	0.994242	17
73	0.973129	18
24	0.911708	19
22	0.861804	20
27	0.857965	21
21	0.769674	22
25	0.746641	23
67	0.740883	24
44	0.719770	25
74	0.704415	26
66	0.692898	27
28	0.681382	28
62	0.681382	29
18	0.635317	30
14	0.633397	31
13	0.616123	32
65	0.612284	33
63	0.610365	34
31	0.608445	35
17	0.589251	36
15	0.583493	37
4	0.575816	38
64	0.556622	39
16	0.550864	40
12	0.531670	41
38	0.368522	42
53	0.345489	43
61	0.337812	44
56	0.320537	45
7	0.305182	46
3	0.299424	47
75	0.284069	48
36	0.282150	49
11	0.280230	50
58	0.274472	51
1	0.000000	52
2	0.000000	53
8	0.000000	54
9	0.000000	55
10	0.000000	56
19	0.000000	57
20	0.000000	58
23	0.000000	59
26	0.000000	60
29	0.000000	61
30	0.000000	62
32	0.000000	63
33	0.000000	64
34	0.000000	65
35	0.000000	66
39	0.000000	67
45	0.000000	68
46	0.000000	69
47	0.000000	70
48	0.000000	71
49	0.000000	72
57	0.000000	73
59	0.000000	74
60	0.000000	75
76	0.000000	76
