residue	score	rank
50	2.007821	1
51	1.992179	2
43	1.732961	3
68	1.715084	4
52	1.319553	5
6	1.292737	6
41	1.105028	7
42	1.053631	8
44	1.013408	9
69	0.975419	10
22	0.964246	11
55	0.901676	12
70	0.894972	13
71	0.865922	14
24	0.843575	15
18	0.745251	16
54	0.736313	17
5	0.736313	18
72	0.718436	19
21	0.684916	20
25	0.680447	21
38	0.680447	22
37	0.570950	23
73	0.566480	24
67	0.497207	25
28	0.492737	26
58	0.468156	27
13	0.448045	28
53	0.441341	29
14	0.441341	30
36	0.430168	31
64	0.421229	32
66	0.416760	33
3	0.410056	34
74	0.410056	35
11	0.383240	36
49	0.376536	37
31	0.372067	38
17	0.358659	39
27	0.358659	40
4	0.354190	41
2	0.349721	42
1	0.343017	43
63	0.336313	44
16	0.331844	45
65	0.329609	46
15	0.329609	47
48	0.316201	48
29	0.309497	49
35	0.289385	50
60	0.275978	51
30	0.271508	52
61	0.264804	53
62	0.264804	54
7	0.260335	55
32	0.260335	56
75	0.249162	57
12	0.237989	58
40	0.231285	59
34	0.211173	60
33	0.208939	61
19	0.204469	62
20	0.184358	63
45	0.173184	64
57	0.157542	65
8	0.103911	66
39	0.099441	67
9	0.088268	68
46	0.086034	69
10	0.083799	70
23	0.083799	71
26	0.083799	72
47	0.083799	73
56	0.083799	74
59	0.083799	75
76	0.083799	76
