residue	score	rank
69	2.391732	1
42	2.297244	2
51	2.009843	3
50	1.998031	4
6	1.891732	5
55	1.793307	6
41	1.604331	7
71	1.525591	8
40	1.494094	9
68	1.466535	10
54	1.419291	11
22	1.391732	12
43	1.387795	13
52	1.368110	14
5	1.312992	15
44	1.301181	16
70	1.281496	17
24	1.269685	18
72	1.265748	19
27	1.265748	20
37	1.238189	21
18	1.139764	22
31	1.068898	23
73	0.998031	24
28	0.903543	25
64	0.887795	26
63	0.879921	27
21	0.864173	28
67	0.864173	29
13	0.860236	30
25	0.832677	31
38	0.797244	32
66	0.797244	33
4	0.769685	34
74	0.722441	35
61	0.710630	36
12	0.710630	37
7	0.706693	38
62	0.702756	39
53	0.690945	40
14	0.667323	41
65	0.663386	42
3	0.635827	43
15	0.631890	44
17	0.620079	45
16	0.596457	46
56	0.588583	47
36	0.572835	48
1	0.557087	49
58	0.545276	50
20	0.498031	51
45	0.494094	52
49	0.482283	53
35	0.438976	54
75	0.438976	55
11	0.435039	56
2	0.435039	57
8	0.427165	58
30	0.399606	59
48	0.368110	60
19	0.340551	61
60	0.301181	62
34	0.293307	63
57	0.273622	64
47	0.253937	65
32	0.206693	66
29	0.163386	67
10	0.155512	68
9	0.151575	69
33	0.151575	70
26	0.147638	71
39	0.147638	72
46	0.147638	73
23	0.147638	74
59	0.147638	75
76	0.147638	76
