residue	score	rank
69	2.069418	1
51	2.016886	2
50	1.990619	3
70	1.934334	4
55	1.859287	5
71	1.833021	6
40	1.491557	7
54	1.484053	8
43	1.439024	9
6	1.439024	10
22	1.397749	11
42	1.378987	12
52	1.326454	13
24	1.307692	14
27	1.296435	15
68	1.262664	16
44	1.236398	17
5	1.225141	18
18	1.210131	19
72	1.206379	20
37	1.127580	21
31	0.951220	22
73	0.951220	23
21	0.887430	24
28	0.838649	25
38	0.786116	26
13	0.782364	27
25	0.778612	28
14	0.696060	29
12	0.692308	30
74	0.688555	31
41	0.684803	32
15	0.673546	33
61	0.669794	34
17	0.654784	35
67	0.651032	36
7	0.647280	37
62	0.624765	38
56	0.624765	39
16	0.617261	40
4	0.613508	41
66	0.609756	42
20	0.542214	43
36	0.538462	44
3	0.534709	45
63	0.534709	46
58	0.530957	47
1	0.530957	48
65	0.519700	49
53	0.500938	50
49	0.485929	51
2	0.474672	52
45	0.455910	53
11	0.437148	54
30	0.422139	55
75	0.418386	56
35	0.410882	57
8	0.384615	58
48	0.365854	59
19	0.354597	60
64	0.328330	61
23	0.317073	62
57	0.290807	63
34	0.275797	64
47	0.242026	65
60	0.238274	66
10	0.174484	67
32	0.159475	68
9	0.148218	69
29	0.148218	70
33	0.144465	71
39	0.140713	72
46	0.140713	73
59	0.140713	74
76	0.140713	75
26	0.140713	76
