residue	score	rank
51	2.016949	1
69	2.016949	2
50	1.994350	3
70	1.949153	4
55	1.866290	5
71	1.847458	6
6	1.519774	7
40	1.512241	8
54	1.489642	9
22	1.395480	10
42	1.391714	11
43	1.384181	12
52	1.323917	13
68	1.312618	14
44	1.293785	15
24	1.259887	16
27	1.248588	17
72	1.210923	18
5	1.203390	19
18	1.188324	20
37	1.139360	21
31	0.996234	22
73	0.954802	23
21	0.883239	24
28	0.879473	25
25	0.819209	26
13	0.789077	27
38	0.781544	28
14	0.698682	29
12	0.694915	30
41	0.694915	31
61	0.691149	32
74	0.691149	33
67	0.687382	34
15	0.672316	35
17	0.653484	36
7	0.649718	37
56	0.645951	38
62	0.645951	39
66	0.645951	40
16	0.615819	41
4	0.608286	42
63	0.566855	43
36	0.544256	44
3	0.536723	45
58	0.532957	46
65	0.532957	47
20	0.525424	48
1	0.510358	49
53	0.502825	50
49	0.483992	51
45	0.461394	52
2	0.438795	53
11	0.438795	54
75	0.419962	55
35	0.416196	56
8	0.386064	57
30	0.382298	58
48	0.363465	59
19	0.355932	60
64	0.340866	61
23	0.318267	62
57	0.291902	63
34	0.276836	64
47	0.242938	65
60	0.239171	66
32	0.197740	67
10	0.175141	68
9	0.148776	69
29	0.148776	70
33	0.145009	71
26	0.141243	72
39	0.141243	73
46	0.141243	74
76	0.141243	75
59	0.141243	76
