residue	score	rank
69	2.690367	1
42	2.566514	2
22	2.465596	3
38	2.172018	4
43	2.130734	5
51	2.016055	6
50	2.006881	7
41	1.841743	8
18	1.768349	9
21	1.690367	10
55	1.594037	11
70	1.584862	12
68	1.566514	13
27	1.548165	14
37	1.511468	15
72	1.474771	16
24	1.410550	17
71	1.410550	18
6	1.337156	19
67	1.268349	20
52	1.236239	21
66	1.231651	22
73	1.162844	23
44	1.149083	24
2	1.094037	25
25	1.057339	26
54	1.034404	27
39	1.011468	28
65	1.011468	29
31	0.993119	30
7	0.961009	31
40	0.919725	32
1	0.873853	33
12	0.841743	34
74	0.841743	35
17	0.832569	36
16	0.786697	37
13	0.763761	38
5	0.740826	39
64	0.736239	40
4	0.731651	41
36	0.699541	42
3	0.676606	43
14	0.672018	44
15	0.672018	45
23	0.626147	46
28	0.612385	47
56	0.594037	48
61	0.594037	49
45	0.589450	50
57	0.575688	51
62	0.575688	52
49	0.538991	53
30	0.538991	54
75	0.511468	55
8	0.493119	56
19	0.470183	57
63	0.447248	58
26	0.442661	59
48	0.419725	60
58	0.383028	61
34	0.346330	62
11	0.318807	63
29	0.314220	64
20	0.309633	65
60	0.263761	66
10	0.227064	67
53	0.217890	68
32	0.194954	69
33	0.176606	70
9	0.172018	71
35	0.172018	72
46	0.172018	73
47	0.172018	74
76	0.172018	75
59	0.172018	76
