0.000000 3.841000 6.629500 9.528000 12.894500 15.124000 18.048500 16.621000 15.762000 19.251500 20.924500 19.552500 20.725500 24.029000 24.431500 23.824500 26.329500 28.797500 28.376500 28.597000 29.475500 28.495000 29.080000 27.025000 24.036500 21.542000 17.833000 17.913500 19.737000 17.524000 14.519500 16.911000 18.082500 14.831500 14.001500 10.780000 10.257500 11.746000 9.488500 6.980500 10.263000 11.626500 9.435500 10.779500 14.092500 15.852000 18.877000 21.169500 23.590500 21.289500 20.391500 24.098500 24.948500 22.687500 24.229500 27.646000 27.405500 26.420000 29.448000 31.645000 30.445000 31.261500 34.643500 35.991000 38.811500 40.870000 42.939500 45.904500 48.753500 50.680000 53.911000 54.595500 55.357500 55.210500 53.325500 53.780500 52.028000 49.126500 48.709000 48.984500 46.361500 43.970500 44.505500 44.036500 40.851000 39.512500 40.489000 38.724000 35.528500 35.738500 36.669500 33.919500 31.625000 32.348000 32.630500 32.207000 35.064000 33.620500 30.338000 32.525500 34.605000 31.832000 30.300500 32.068500 33.326000 31.410500 32.798000 33.452000 35.368500 37.388500 38.293000 39.392500 41.348000 43.012500 44.027000 45.524000 47.258000 48.679000 49.916000 51.753500 53.212500 54.502500 56.146000 58.032000 56.216500 56.026000 52.580500 52.537500 53.944000 51.479000 48.559500 50.191500 50.745500 47.109000 46.098500 48.564500 47.220000 43.633000 44.533500 46.534500 43.859000 41.128500 43.488000 44.678500 41.237500 40.220500 43.346000 42.992000 39.429000 40.463500 43.524500 41.592000 39.465500 42.640500 44.325500 41.765000 41.519000 44.837500 47.292500 50.055000 51.289500 53.286500 55.598500 58.153000 58.280000 58.636000 62.034000 63.581500 63.227000 59.658500 58.958500 60.252500 58.277500 55.023500 55.759500 56.383000 53.200500 51.246500 52.929500 52.561500 49.173500 47.925500 48.247000 52.045000 51.829000 49.213000 51.364500 54.504500 52.926000 51.579000 55.116500 56.538000 54.305500 55.192500 58.887500 58.763000 57.087000 59.825000 62.425500 60.713000 60.549500 64.159000 64.768000 64.930000 66.183000 67.841500 69.218500
3.841000 0.000000 3.825000 6.575500 9.904500 12.611000 15.189500 13.567000 13.226000 16.808000 18.122000 16.927500 18.533500 21.616500 21.884000 21.682000 24.300500 26.504500 26.223000 26.830000 27.762000 27.067000 27.987000 25.778000 22.700000 20.639500 17.082000 17.316500 18.519500 15.922000 13.173000 15.413000 15.953000 12.399500 11.966500 9.221500 9.978500 11.913500 10.576000 7.121000 9.560500 11.891500 9.965000 10.039000 13.411000 15.864000 18.719500 20.560500 22.972000 20.522000 19.138500 22.764500 23.641500 21.008000 22.273500 25.801000 25.436000 24.083000 27.109000 29.398500 28.000000 28.590500 32.062000 33.523500 36.446500 38.478500 40.652000 43.667500 46.504000 48.463000 51.652000 52.283500 52.990500 52.872000 51.133500 51.551500 49.636000 46.809500 46.534000 46.670500 43.926000 41.699000 42.308500 41.639500 38.410500 37.294000 38.234000 36.252000 33.158500 33.579500 34.345000 31.413000 29.250000 30.209000 30.795500 30.235500 33.275000 32.124500 28.794500 30.931000 33.294500 30.783000 29.155500 31.066500 32.084000 30.079000 31.456500 31.760500 33.709500 35.953500 36.672500 37.560000 39.705000 41.457000 42.227000 43.682000 45.632000 47.014000 48.042000 49.963000 51.578000 52.721000 54.267500 56.317500 54.611000 54.628500 51.277500 51.334000 52.553500 49.951500 47.167000 48.810500 49.130500 45.443500 44.611000 46.984500 45.415000 41.913000 42.982500 44.803500 41.952500 39.388000 41.849000 42.810000 39.278500 38.504000 41.625000 41.023000 37.491500 38.766500 41.697500 39.579000 37.641500 40.957500 42.444500 39.874500 39.873000 43.258000 45.704500 48.395500 49.596500 51.655500 53.906500 56.522000 56.774000 57.055000 60.443000 61.825500 61.424500 57.909000 57.124500 58.262000 56.305500 53.084000 53.672000 54.190000 51.066000 49.067000 50.580500 50.168500 46.855000 45.703000 45.875500 49.690500 49.665000 47.045500 49.072500 52.312500 50.905000 49.487500 52.963000 54.556000 52.411500 53.163000 56.870500 56.930500 55.248000 57.870500 60.587500 59.017500 58.769000 62.342000 63.033000 63.206000 64.432000 66.106000 67.476500
6.629500 3.825000 0.000000 3.827000 6.739000 9.444500 12.185000 11.133000 10.998000 14.318500 15.844500 15.268000 16.793000 19.618000 20.305500 20.474000 22.779500 24.990500 25.183000 25.936500 26.495500 25.688000 27.021000 25.054500 21.715000 20.009000 16.592000 17.527500 18.441000 15.331000 13.281000 15.879500 15.723500 12.048500 12.689500 10.284500 11.598500 12.905500 11.692500 7.969500 9.234000 11.549500 9.316000 8.204500 11.720000 14.540500 17.414500 19.133500 21.172500 18.389000 17.009500 20.601500 21.126000 18.265500 19.709000 23.138500 22.466500 21.136500 24.328500 26.421500 24.873000 25.622500 29.117000 30.419500 33.317500 35.289500 37.387500 40.389000 43.200500 45.135500 48.329000 49.003000 49.766000 49.716000 47.997000 48.522000 46.609000 43.714500 43.532500 43.770000 40.968000 38.716000 39.487000 38.883500 35.556500 34.502500 35.646000 33.658000 30.485500 31.119500 32.060500 29.068500 27.158000 28.428500 28.991000 28.071500 31.064500 30.153000 26.667500 28.525000 31.063500 28.705000 26.788000 28.552000 29.303500 27.119500 28.350500 28.553500 30.623500 32.865000 33.447000 34.360500 36.602000 38.280500 38.974500 40.512500 42.500000 43.789500 44.806000 46.809000 48.401000 49.468500 51.060000 53.150000 51.525500 51.588500 48.258500 48.441500 49.647000 46.956000 44.252500 46.016000 46.270000 42.547500 41.867500 44.316000 42.683500 39.222000 40.480000 42.331500 39.429500 36.989000 39.634000 40.585000 37.082000 36.505500 39.754000 39.123500 35.704000 37.206500 40.160000 38.082000 36.381000 39.798000 41.289500 38.910000 39.103500 42.492000 45.060500 47.596000 48.631500 50.653500 52.781500 55.493000 55.724000 55.800500 59.100500 60.402500 59.816500 56.327000 55.663000 56.658500 54.561500 51.452000 52.090500 52.405000 49.226500 47.385000 48.838500 48.210000 44.891500 43.599500 43.587500 47.375000 47.393000 44.635500 46.535500 49.825500 48.412500 46.835500 50.268000 51.920500 49.694500 50.321000 54.061000 54.144500 52.350500 54.915000 57.685500 56.099500 55.742500 59.314500 60.037000 60.202500 61.412000 63.106500 64.488000
9.528000 6.575500 3.827000 0.000000 3.825000 6.386000 8.826000 7.481000 7.297500 10.677000 12.102000 11.609500 13.208000 15.908500 16.645500 16.996000 19.232000 21.353500 21.722000 22.625500 23.096000 22.442000 24.026000 22.053000 18.659000 17.388000 14.289000 15.544000 15.904500 12.479000 11.109500 13.725500 12.921500 9.337500 10.956000 9.197000 11.257500 12.244500 11.982000 8.318000 7.974000 10.832500 9.530500 7.186000 9.938500 13.274000 15.662000 16.770000 18.825500 16.147500 14.219000 17.623500 18.365000 15.333500 16.368000 19.912500 19.413500 17.821000 20.868000 23.170000 21.732500 22.270500 25.743500 27.253500 30.220500 32.317000 34.583000 37.642000 40.514500 42.532500 45.699500 46.228000 46.848500 46.670000 44.966000 45.331500 43.369500 40.578500 40.332500 40.417500 37.640500 35.457000 36.108500 35.394000 32.128000 31.094000 32.100000 30.058500 26.947500 27.558500 28.388500 25.374500 23.447500 24.780500 25.467000 24.521500 27.617000 26.849500 23.398000 25.306500 27.984000 25.831000 23.994000 26.005000 26.719500 24.693500 26.167500 26.106000 27.954500 30.451500 31.091000 31.700500 33.941000 35.852500 36.445000 37.764000 39.883500 41.319000 42.155000 44.062500 45.844000 46.929500 48.334000 50.485000 48.824500 49.034500 45.792000 45.902000 46.915000 44.209000 41.547500 43.180000 43.287500 39.569000 38.898000 41.199000 39.451500 36.028500 37.287500 38.990000 36.010500 33.620500 36.253500 37.072000 33.522500 33.034500 36.254000 35.515000 32.110000 33.718500 36.609500 34.479000 32.884000 36.360000 37.786000 35.468500 35.794000 39.190000 41.794500 44.241500 45.210500 47.242000 49.316000 52.067000 52.336500 52.347000 55.628500 56.859000 56.244000 52.777500 52.092500 53.029000 50.931500 47.837500 48.441500 48.719500 45.554000 43.711000 45.136500 44.495000 41.185000 39.922500 39.910500 43.709000 43.763000 41.045000 42.958000 46.257000 44.913000 43.387500 46.819500 48.512000 46.387000 47.034000 50.753000 50.922000 49.225500 51.774000 54.561000 53.095000 52.802000 56.346000 57.100000 57.304000 58.532500 60.228500 61.611500
12.894500 9.904500 6.739000 3.825000 0.000000 3.846000 5.640500 5.455500 6.551000 8.980500 10.203000 10.905500 12.625000 14.564500 15.672000 16.766000 18.598000 20.426500 21.388500 22.661500 22.773500 22.210000 24.331000 22.591500 19.091500 18.490500 15.876000 17.633000 17.441500 13.730500 13.311500 15.749000 14.095000 10.799000 13.224000 12.226500 14.646500 15.370000 15.318500 11.832000 10.776000 13.332000 12.064000 8.910500 11.033500 14.490500 16.587500 17.279000 18.779500 15.829000 13.770500 16.811000 17.084500 13.640000 14.627500 17.983000 16.976000 15.123500 18.345500 20.418000 18.608000 19.156500 22.724500 24.097000 27.087000 29.048000 31.289500 34.342000 37.161000 39.166500 42.301000 42.859000 43.518000 43.455500 41.880000 42.358000 40.294500 37.478000 37.447500 37.564500 34.641500 32.556000 33.457000 32.685500 29.288500 28.506000 29.724000 27.536000 24.444000 25.468500 26.371500 23.198500 21.721000 23.555500 24.408000 22.984000 26.074500 25.783500 22.230000 23.716500 26.707000 24.936000 22.767500 24.619000 24.848000 22.580000 23.809500 23.386000 25.402500 27.996000 28.322000 28.833500 31.304500 33.145500 33.484500 34.887000 37.169500 38.445500 39.142500 41.203500 43.029500 43.926000 45.334500 47.621000 46.133000 46.504000 43.353000 43.670500 44.569000 41.698000 39.227000 41.000000 40.901000 37.137000 36.757000 39.074500 37.136000 33.842500 35.408000 37.023500 33.906000 31.790500 34.657000 35.315000 31.783000 31.673500 34.978000 34.065500 30.851500 32.817500 35.604500 33.430500 32.217500 35.814500 37.101500 34.994500 35.638500 39.017500 41.683500 43.915500 44.707000 46.720500 48.627000 51.479000 51.796500 51.581000 54.753000 55.810500 54.998500 51.607500 50.993000 51.695000 49.486500 46.543500 47.100000 47.111500 43.951000 42.250000 43.493500 42.609000 39.369500 38.038000 37.724000 41.479000 41.708000 38.857500 40.533000 43.936000 42.702000 40.962000 44.287500 46.146000 43.991500 44.408000 48.157500 48.461500 46.637000 49.039500 51.946500 50.545500 50.074500 53.585000 54.417000 54.608000 55.789500 57.507500 58.889000
15.124000 12.611000 9.444500 6.386000 3.846000 0.000000 3.841000 5.494000 5.225500 6.340000 8.657500 9.982500 10.674000 12.400500 14.339500 15.342500 16.480500 18.608500 20.044500 21.034500 20.569000 19.631000 22.002000 20.742500 17.091500 16.764000 14.519500 16.974000 16.764000 12.963500 13.431000 16.205000 14.389000 11.742500 14.770000 13.774500 15.843000 15.690000 15.748000 12.796000 10.790000 12.661000 11.796500 8.096500 9.100500 12.448000 14.135500 14.549500 15.578500 12.525000 10.522500 13.392000 13.385000 9.908000 11.166000 14.390000 13.369500 11.864000 15.199500 17.134500 15.623000 16.554000 19.969000 21.210500 24.093500 26.190000 28.404500 31.448500 34.340000 36.381000 39.559000 40.080000 40.716000 40.536000 38.774500 39.239500 37.357500 34.463000 34.243500 34.503000 31.723000 29.421500 30.253500 29.732500 26.351000 25.300000 26.657500 24.742000 21.447500 22.359000 23.612000 20.652500 19.248500 21.127500 21.614000 19.935500 22.816500 22.532500 18.876000 20.162500 23.137000 21.394500 19.076500 20.860000 21.077500 18.883000 20.286500 19.955500 21.816500 24.415000 24.946000 25.450500 27.765500 29.695000 30.200000 31.508000 33.685000 35.101000 35.886000 37.814500 39.622000 40.676000 42.065000 44.240500 42.635000 42.929500 39.748500 39.980500 40.911500 38.103000 35.555000 37.303000 37.297000 33.543000 33.080000 35.461500 33.634000 30.278000 31.820500 33.570500 30.548500 28.367000 31.296000 32.130000 28.696000 28.548500 31.976000 31.268500 28.144500 30.125000 33.049000 31.127000 30.007500 33.561000 35.050000 33.215500 33.849500 37.136500 39.957000 42.039000 42.651000 44.558000 46.367000 49.265000 49.440000 49.062500 52.144500 53.267000 52.313000 48.899000 48.490000 49.202000 46.833500 43.974000 44.743000 44.663500 41.383000 39.900500 41.288000 40.240000 36.907000 35.326000 35.033500 38.749000 38.791000 35.838000 37.578500 40.906000 39.496500 37.739500 41.122000 42.848500 40.589500 41.094500 44.851000 45.017000 43.186000 45.685000 48.514500 47.026500 46.630500 50.175000 50.960000 51.165500 52.389500 54.115000 55.519000
18.048500 15.189500 12.185000 8.826000 5.640500 3.841000 0.000000 3.835500 5.490500 5.183500 6.034000 8.492500 9.783000 10.446000 12.206500 14.071000 15.111000 16.582500 18.350000 19.913500 19.473000 19.082500 21.843000 20.482500 17.043000 17.508500 15.904500 18.227000 17.215000 13.465000 14.574500 16.688000 14.099500 11.904000 15.312000 15.242000 17.874500 17.993000 18.660000 15.704000 13.447000 15.683000 15.302000 11.605500 12.034000 15.360500 16.458500 16.086500 16.975000 14.263500 11.693500 13.750000 13.865000 10.147500 10.337000 13.462500 12.337000 9.914500 13.009500 15.165500 13.347500 13.653000 17.209500 18.759000 21.830000 23.923000 26.360000 29.462000 32.339000 34.444000 37.523000 37.896500 38.390000 38.194000 36.657000 36.993500 34.866000 32.147000 32.108500 32.089500 29.154500 27.160500 28.041000 27.160500 23.765000 23.107000 24.322000 22.046500 19.000000 20.268000 21.174000 17.939000 16.854500 19.154000 20.160500 18.292000 21.394000 21.650500 18.154000 19.287000 22.605000 21.430500 19.186000 21.164500 21.008000 18.900500 20.300500 19.300500 21.017000 23.969500 24.226000 24.246000 26.782500 28.888500 28.984500 30.108000 32.608500 34.007000 34.414500 36.392000 38.462500 39.316500 40.482500 42.877000 41.414000 42.028000 39.049000 39.367500 39.969500 37.023500 34.714000 36.383500 36.008500 32.250000 32.039000 34.181000 32.023000 28.867000 30.609000 32.005000 28.749500 26.880500 29.875500 30.308000 26.786500 27.038500 30.360500 29.270000 26.269000 28.583500 31.232500 29.073500 28.289000 31.960500 33.130500 31.347000 32.328000 35.622500 38.373500 40.310500 40.861000 42.818000 44.521000 47.469500 47.811500 47.344000 50.387000 51.280500 50.283000 46.969000 46.439000 46.938500 44.622500 41.826500 42.380500 42.162000 38.992500 37.455500 38.596000 37.496500 34.291500 32.876000 32.375000 36.097000 36.418000 33.509000 35.067500 38.517000 37.383500 35.573500 38.846500 40.809500 38.734500 39.065500 42.802500 43.245500 41.469500 43.791500 46.756500 45.513500 45.044000 48.504000 49.401500 49.636500 50.824500 52.552500 53.939500
16.621000 13.567000 11.133000 7.481000 5.455500 5.494000 3.835500 0.000000 3.843500 5.517000 5.115500 6.029000 8.487500 9.813500 10.475500 12.129500 14.062000 15.383000 16.441500 18.168500 18.437500 18.504500 20.891000 18.937500 15.702500 16.009500 14.289500 15.959000 14.667500 11.012500 11.786500 13.437000 10.735000 8.372000 11.753500 12.165000 15.192000 15.807000 16.997500 13.984500 11.823000 14.750500 14.837000 11.505000 12.087000 15.617500 16.674500 16.173500 17.835000 15.580500 12.532500 14.768000 15.767500 12.332500 11.873500 15.400000 15.041000 12.398500 14.923500 17.657000 16.179000 15.877500 19.349500 21.372500 24.538500 26.765000 29.392500 32.532000 35.435500 37.587500 40.613000 40.836500 41.163000 40.820000 39.336500 39.406000 37.186500 34.685500 34.525500 34.191500 31.327000 29.510000 30.062000 28.904500 25.725000 25.069500 25.783500 23.366000 20.577500 21.483500 21.865500 18.577500 16.944500 18.801500 20.147000 18.929500 22.334000 22.308000 19.051500 20.805500 23.975500 22.663000 20.943500 23.362500 23.635000 21.883000 23.604000 22.652000 24.078000 27.152500 27.606000 27.427500 29.834000 32.151000 32.258500 33.147500 35.688500 37.262500 37.550500 39.379000 41.597500 42.516500 43.503000 45.907000 44.348500 45.014500 42.074000 42.193000 42.683500 39.842000 37.469000 38.884500 38.481500 34.784000 34.373000 36.282500 34.103000 30.932500 32.393500 33.593000 30.316500 28.304000 31.000500 31.284500 27.617000 27.646500 30.743500 29.511500 26.272000 28.370500 30.919000 28.514500 27.427500 31.102000 32.140500 30.001500 30.869000 34.267000 36.870000 39.027000 39.816500 41.889500 43.766000 46.627000 47.091000 46.891500 50.088500 51.005000 50.275000 46.937500 46.146500 46.784500 44.707000 41.720000 42.095000 42.159000 39.103000 37.242000 38.394500 37.651000 34.470500 33.373000 33.143500 36.948500 37.304500 34.660500 36.401000 39.817500 38.806000 37.275500 40.592000 42.546000 40.700500 41.196500 44.863500 45.382000 43.839000 46.195500 49.117000 48.011000 47.713000 51.136000 52.028500 52.301000 53.512000 55.210000 56.576000
15.762000 13.226000 10.998000 7.297500 6.551000 5.225500 5.490500 3.843500 0.000000 3.848500 5.592500 5.204500 6.154500 8.687000 9.948000 10.464000 12.204500 14.372500 15.266500 16.241000 16.284500 15.813500 17.941000 16.169500 12.696000 12.593500 10.711000 12.799500 11.934000 8.129500 9.218500 11.582000 9.446000 7.454000 10.985500 10.773000 13.175500 13.012000 14.300500 11.796500 8.944000 11.526500 12.187000 8.916000 8.719000 12.179000 13.003500 12.487000 14.412500 12.385000 9.244000 11.823000 13.253500 10.249500 9.988500 13.743500 14.025000 12.060000 14.484000 17.335500 16.563500 16.678500 19.872500 21.860000 24.868500 27.329000 29.914000 33.034500 36.039500 38.216500 41.316000 41.506000 41.799000 41.254500 39.464000 39.434500 37.506500 34.941500 34.388500 34.186000 31.613500 29.475000 29.710000 28.882000 25.854000 24.650500 25.286500 23.320000 20.289000 20.593500 21.273500 18.391000 16.257500 17.554500 18.309500 17.386500 20.631500 20.038500 16.728000 18.838000 21.668000 19.929000 18.437000 21.018500 21.819500 20.398000 22.520000 22.050000 23.175500 26.128000 27.080500 27.033000 29.055500 31.497000 32.023000 32.769500 35.029000 36.872000 37.403500 38.967500 41.098000 42.345000 43.336000 45.492000 43.659000 44.077500 41.010000 40.849500 41.503500 38.888500 36.245500 37.507500 37.417000 33.773500 32.977500 34.947000 33.084500 29.703500 30.816500 32.260000 29.223000 26.824000 29.343500 29.996500 26.390000 25.942500 29.107000 28.282000 24.886500 26.611000 29.459500 27.355000 25.913000 29.453500 30.882000 28.781500 29.286500 32.642500 35.376500 37.622500 38.419000 40.415000 42.379000 45.194500 45.458500 45.328500 48.561000 49.733500 49.056000 45.603000 44.950500 45.847500 43.713000 40.641500 41.292500 41.543000 38.345000 36.555000 38.060000 37.399500 34.035000 32.743000 32.860500 36.675500 36.651000 34.032000 36.090500 39.325500 38.010500 36.679500 40.164000 41.813000 39.880500 40.696500 44.342000 44.580000 43.146500 45.744500 48.469000 47.199000 47.141500 50.631500 51.399500 51.692500 52.985500 54.671000 56.059500
19.251500 16.808000 14.318500 10.677000 8.980500 6.340000 5.183500 5.517000 3.848500 0.000000 3.849000 5.448500 4.987500 6.136500 8.619500 9.701000 10.318500 12.415000 14.193500 15.229500 14.528500 13.950500 16.701500 15.498000 12.034000 12.853500 11.919500 14.561000 13.295500 9.762000 11.948000 14.063500 11.516000 10.493000 14.235500 14.357500 16.601000 15.960500 17.307500 15.158000 11.972500 13.859500 14.682000 11.193500 10.054500 13.070000 13.182000 11.923500 13.063000 11.171500 7.823000 9.438000 10.627000 7.494000 6.529500 10.204000 10.534500 8.408500 10.694500 13.593500 13.061500 13.208000 16.248000 18.258500 21.229000 23.791500 26.430000 29.543000 32.576500 34.795500 37.867500 37.972000 38.193500 37.563500 35.731000 35.656000 33.770500 31.212000 30.600000 30.409500 27.880500 25.695000 25.915500 25.151500 22.114500 20.855500 21.583500 19.691500 16.557500 16.959000 17.852000 15.013500 13.157500 14.845000 15.507000 14.080500 17.273500 17.066500 13.673000 15.449500 18.533000 17.202500 15.549500 18.158000 18.687000 17.395000 19.643000 18.894000 19.772000 22.896500 23.864000 23.558000 25.552000 28.135500 28.583000 29.164500 31.492000 33.416000 33.835000 35.324500 37.553500 38.811000 39.690500 41.864000 40.029000 40.547000 37.563500 37.408500 37.926500 35.277500 32.711000 33.940500 33.729500 30.084000 29.378000 31.302000 29.350500 26.016000 27.260500 28.655000 25.558000 23.279000 25.954000 26.560000 22.987500 22.771000 26.051500 25.207000 21.983500 23.979500 26.824500 24.846500 23.750000 27.336500 28.784500 27.030500 27.765500 31.022500 33.880000 35.863000 36.420500 38.332500 40.119500 43.025500 43.241000 42.866000 45.975000 47.069000 46.191000 42.773000 42.276500 43.033000 40.741500 37.806500 38.552500 38.592000 35.323500 33.747500 35.239000 34.341500 30.951500 29.470000 29.450000 33.232500 33.192000 30.456000 32.453500 35.703000 34.363500 32.945000 36.420000 38.089000 36.129500 36.905000 40.558500 40.819000 39.373000 41.952500 44.691500 43.459500 43.397500 46.873500 47.664000 47.978000 49.282500 50.979000 52.380000
20.924500 18.122000 15.844500 12.102000 10.203000 8.657500 6.034000 5.115500 5.592500 3.849000 0.000000 3.843000 5.421000 5.050500 6.230000 8.617000 9.773500 10.732500 12.483000 14.421000 14.270000 14.690000 17.538500 15.863500 12.908000 14.349500 13.858000 15.823500 13.736500 10.504000 12.793500 13.939500 10.654500 10.054000 13.834000 14.912000 17.741500 17.719000 19.538500 17.194500 14.234500 16.703500 17.644500 14.266000 13.471500 16.579500 16.578000 14.974000 16.302000 14.786000 11.272500 12.254000 13.684000 10.658500 8.733000 12.026000 12.391000 9.351000 10.907000 14.166000 13.357500 12.471500 15.575500 18.090000 21.252000 23.765500 26.641500 29.788000 32.763500 35.024500 37.958000 37.894500 37.939500 37.291000 35.760000 35.485500 33.285000 31.012500 30.605500 29.992000 27.307000 25.583000 25.762500 24.453000 21.513000 20.774500 21.104000 18.689500 16.059000 16.743500 16.873500 13.628000 11.877000 13.864000 15.444500 14.202000 17.750000 18.035000 15.073500 16.880500 20.157000 19.365000 18.018500 20.800500 21.072500 19.894500 22.044500 20.743500 21.500000 24.883500 25.554000 24.798000 26.989000 29.704000 29.727500 30.115500 32.759500 34.639000 34.655500 36.186000 38.679500 39.709500 40.343000 42.744000 41.065500 41.909000 39.146000 39.054500 39.234500 36.484500 34.171000 35.264000 34.671500 31.072500 30.590000 32.177000 29.881000 26.804500 28.152500 29.069500 25.732000 23.785000 26.367500 26.436000 22.720000 22.871000 25.874500 24.498500 21.310500 23.575500 26.014000 23.598500 22.732500 26.454500 27.434500 25.512000 26.592000 29.922500 32.599000 34.555000 35.188500 37.225500 38.992000 41.904000 42.377500 42.053500 45.197500 46.046000 45.261000 41.948500 41.175000 41.758000 39.655500 36.696000 37.087000 37.112500 34.039500 32.219000 33.409000 32.640500 29.424500 28.323500 28.179000 32.003500 32.326500 29.777000 31.620500 34.993500 34.040000 32.675500 36.016000 37.951500 36.292000 36.913500 40.503000 41.098500 39.784000 42.157500 45.025500 44.098500 43.989000 47.348000 48.252500 48.597000 49.852000 51.532500 52.897000
19.552500 16.927500 15.268000 11.609500 10.905500 9.982500 8.492500 6.029000 5.204500 5.448500 3.843000 0.000000 3.831500 5.459000 5.066000 6.157500 8.601000 9.928000 10.533500 12.215500 12.856000 13.507500 15.721500 13.431000 10.625000 11.721500 11.172500 12.536000 10.190500 7.119000 9.455500 10.209000 6.899500 6.898500 10.631000 12.027000 14.817500 14.889000 17.228500 15.202000 12.201500 14.951000 16.476500 13.609500 12.701500 15.741500 15.618500 13.969500 16.096000 15.082000 11.374500 12.677000 14.936000 12.405000 10.467000 13.997000 15.086500 12.474500 13.680500 17.164500 16.821500 15.901500 18.754000 21.426500 24.514000 27.148000 30.064500 33.201500 36.214000 38.491000 41.422500 41.276000 41.221000 40.408500 38.782500 38.299000 36.191000 34.045500 33.384000 32.633000 30.164000 28.426000 28.229500 26.908000 24.250000 23.255000 23.163000 20.938000 18.464500 18.499500 18.331000 15.404000 12.881500 13.907000 15.444500 15.119000 18.735500 18.385500 15.697000 18.205000 21.065000 19.887500 19.111000 22.220000 23.080000 22.243000 24.699000 23.738500 24.269500 27.586000 28.593000 27.873500 29.797000 32.638000 32.890500 33.117000 35.615000 37.698000 37.790500 39.113500 41.620500 42.841500 43.390500 45.664000 43.798000 44.527000 41.718500 41.361000 41.577500 39.029500 36.537500 37.386000 36.963000 33.460000 32.631000 34.085000 31.978500 28.806000 29.727500 30.627000 27.456000 25.196500 27.382500 27.539000 23.787500 23.438500 26.225500 24.972500 21.495000 23.271500 25.766000 23.291500 21.876500 25.500000 26.569000 24.276500 25.001500 28.424500 31.017000 33.265500 34.159000 36.269000 38.262000 41.051000 41.531500 41.519500 44.827000 45.841500 45.347000 41.960000 41.013500 41.875500 39.981500 36.805500 37.172500 37.578500 34.558000 32.472000 33.860000 33.490000 30.231500 29.339000 29.634500 33.492000 33.638500 31.362500 33.505500 36.721000 35.714500 34.693000 38.124500 39.877000 38.357000 39.263000 42.766000 43.263500 42.178000 44.687500 47.408000 46.490500 46.617500 49.973500 50.804500 51.178500 52.481500 54.126500 55.478500
20.725500 18.533500 16.793000 13.208000 12.625000 10.674000 9.783000 8.487500 6.154500 4.987500 5.421000 3.831500 0.000000 3.851500 5.410000 4.958000 6.082500 8.664500 9.732500 10.410000 10.179000 10.104500 12.509000 10.794500 7.589000 9.039500 9.152000 11.328000 9.260500 6.432000 9.724000 11.072000 8.525500 9.182000 12.745000 13.516500 15.546500 14.665500 16.967000 15.571500 12.045500 13.956000 15.938000 13.160500 11.234000 13.748500 12.930500 10.721000 12.681500 12.181000 8.396500 9.189000 11.894000 10.039500 7.819000 11.260000 13.056000 11.142500 12.012000 15.491000 15.894500 15.406500 17.853500 20.401500 23.265000 26.091500 28.936000 32.014000 35.094500 37.385500 40.356500 40.167500 40.075500 39.074500 37.162000 36.602500 34.798500 32.590500 31.564500 30.974500 28.807000 26.756000 26.282500 25.336500 22.833000 21.303500 21.201000 19.498500 16.771000 16.232500 16.502000 14.094500 11.221500 11.779000 12.546000 12.315000 15.731000 14.964000 12.207500 14.975500 17.583500 16.213000 15.673500 18.950500 20.170000 19.745000 22.550500 21.893500 22.033500 25.259500 26.682000 25.979500 27.527500 30.499500 31.076500 31.119000 33.372000 35.697000 35.962000 37.023500 39.467000 40.966000 41.486000 43.535500 41.444000 41.990000 39.118000 38.528500 38.836000 36.482500 33.800000 34.501000 34.312000 30.876500 29.745500 31.235500 29.397000 26.066500 26.718000 27.834500 24.882000 22.311500 24.400500 24.913500 21.254000 20.531500 23.471500 22.643500 19.100000 20.639500 23.476500 21.413500 19.828000 23.346000 24.861000 22.845000 23.320500 26.635500 29.453500 31.627500 32.373000 34.349500 36.321000 39.124500 39.367000 39.268000 42.535000 43.757000 43.181500 39.699000 38.997500 40.025500 37.967500 34.799500 35.509000 35.956500 32.750500 30.884500 32.610500 32.159000 28.711500 27.498000 28.040000 31.866500 31.632000 29.303500 31.698500 34.740000 33.422000 32.527000 36.096000 37.567500 35.936000 37.102000 40.584000 40.824500 39.815000 42.524000 45.068000 44.008000 44.332500 47.735000 48.462000 48.859000 50.235000 51.871500 53.249000
24.029000 21.616500 19.618000 15.908500 14.564500 12.400500 10.446000 9.813500 8.687000 6.136500 5.050500 5.459000 3.851500 0.000000 3.838000 5.430500 5.011500 6.371000 8.764500 10.232500 9.448500 10.046000 13.170500 11.891500 9.355500 11.843500 12.685000 14.797000 12.301000 9.987000 13.358500 14.176500 11.136500 12.077000 15.703500 16.931500 19.223000 18.484000 20.772500 19.239500 15.766500 17.618500 19.397500 16.349500 14.418500 16.822000 15.757500 13.156500 14.330500 13.954000 10.314000 9.907000 12.191500 10.366000 7.144000 9.894500 11.711000 9.264000 9.257000 12.964500 13.503500 12.434500 14.625000 17.476500 20.365500 23.224000 26.216500 29.279500 32.326000 34.659000 37.515000 37.172500 36.931500 35.863000 34.099000 33.402000 31.449500 29.412500 28.470000 27.645500 25.423000 23.611000 23.104500 21.882000 19.438000 18.175000 17.893500 15.927000 13.426500 13.129500 13.081000 10.423000 7.753500 9.073500 10.505500 9.773000 13.441000 13.516000 11.022000 13.354500 16.348500 15.806500 15.247000 18.514500 19.243500 18.956500 21.704500 20.503000 20.381000 23.854000 25.067000 23.903000 25.544000 28.667500 28.915000 28.722500 31.213500 33.543500 33.481000 34.520000 37.182000 38.533000 38.834000 41.033500 39.058500 39.881500 37.217500 36.709000 36.706000 34.248000 31.809000 32.431000 31.894500 28.485000 27.607000 28.861500 26.716500 23.602000 24.476500 25.246000 22.063000 19.842500 22.059000 22.165000 18.419000 18.221500 21.125500 19.901000 16.546500 18.624500 21.190500 18.952000 17.935000 21.616000 22.833500 21.090500 22.068000 25.317500 28.141500 30.014500 30.554000 32.524500 34.295000 37.204500 37.562000 37.232000 40.394000 41.377500 40.641500 37.255000 36.544000 37.308500 35.191000 32.146000 32.731000 32.933000 29.761000 27.961500 29.480000 28.844500 25.459500 24.274000 24.581000 28.425000 28.410000 26.053500 28.289000 31.441500 30.336000 29.364000 32.843500 34.511000 33.020000 34.032000 37.493500 37.960500 36.992500 39.549500 42.196000 41.342500 41.606500 44.927000 45.746500 46.173500 47.521500 49.161000 50.527000
24.431500 21.884000 20.305500 16.645500 15.672000 14.339500 12.206500 10.475500 9.948000 8.619500 6.230000 5.066000 5.410000 3.838000 0.000000 3.841500 5.447000 5.183500 6.366500 8.909500 9.542000 11.325000 13.847500 11.691500 9.916000 12.445000 13.399500 14.565500 11.397500 9.673000 12.833000 12.615500 9.211500 10.880500 14.158500 16.165500 18.764500 18.570000 21.322000 19.762500 16.552000 18.919500 20.896000 18.104000 16.528000 19.088000 18.138500 15.589000 17.341000 17.164000 13.415000 13.299000 15.878000 14.031000 10.935000 13.626000 15.407000 12.664500 12.425000 16.179000 16.496500 14.814000 16.956500 20.112500 23.068000 25.844500 28.968000 32.028500 35.015000 37.357000 40.102000 39.630000 39.238000 38.123000 36.580500 35.665500 33.512000 31.769500 30.916500 29.713000 27.476000 26.063500 25.397000 23.737000 21.549500 20.654000 19.864000 17.584500 15.722500 15.383000 14.441000 11.722500 8.867500 9.612000 11.926500 12.079000 15.824000 15.883000 13.989500 16.568500 19.350500 18.906000 18.757000 22.146500 22.960500 22.740500 25.447000 24.106500 23.974000 27.508000 28.609000 27.270000 28.967000 32.145000 32.200000 31.882000 34.506000 36.832000 36.546000 37.559000 40.372000 41.615500 41.736000 44.041000 42.123500 43.109500 40.576500 40.020500 39.825500 37.395000 35.070500 35.511500 34.797000 31.495000 30.639000 31.590000 29.312500 26.397500 27.129500 27.516500 24.296500 22.232500 24.095000 23.796000 20.000000 19.819500 22.249000 20.629500 17.190500 19.123000 21.271500 18.558000 17.372500 21.082000 21.863000 19.649500 20.722000 24.115500 26.681500 28.747500 29.556000 31.701000 33.609000 36.428500 37.037500 36.975500 40.270000 41.133500 40.681000 37.360000 36.273000 37.057000 35.271000 32.075000 32.291000 32.736500 29.814000 27.600000 28.937500 28.708000 25.502500 24.853000 25.311000 29.162000 29.386500 27.396500 29.624500 32.763000 31.981000 31.247500 34.615000 36.396500 35.234000 36.244000 39.581500 40.265000 39.506500 41.943000 44.607000 43.991000 44.313000 47.526000 48.393500 48.845500 50.164500 51.765500 53.086500
23.824500 21.682000 20.474000 16.996000 16.766000 15.342500 14.071000 12.129500 10.464000 9.701000 8.617000 6.157500 4.958000 5.430500 3.841500 0.000000 3.845500 5.382000 4.992000 6.084500 7.212000 8.829500 10.668500 8.096500 6.465000 9.019500 10.508000 11.422500 8.147000 7.253500 10.785000 10.495500 7.864000 10.350000 13.236000 14.986000 16.999000 16.344500 19.379500 18.443000 15.095000 17.116000 19.650000 17.356000 15.340500 17.465000 16.132000 13.399500 15.628500 16.076500 12.423000 12.335000 15.546000 14.350500 11.468000 14.204000 16.604000 14.540500 14.290000 18.005500 18.837500 17.595000 19.512500 22.528500 25.305500 28.220000 31.264000 34.282500 37.329000 39.669500 42.467000 41.978000 41.563000 40.279500 38.483000 37.457000 35.585000 33.826500 32.609500 31.505000 29.591000 27.923000 26.912000 25.571500 23.624500 22.210000 21.250000 19.518500 17.539500 16.438000 15.715500 13.698000 10.251000 9.649000 11.150500 12.230000 15.716500 14.884000 13.231500 16.431000 18.634500 17.697000 18.101500 21.704000 23.137500 23.287500 26.307500 25.439500 25.069000 28.427000 29.965500 28.792000 30.115500 33.371000 33.812000 33.380000 35.713000 38.270500 38.215000 38.974500 41.687500 43.228500 43.350500 45.409500 43.232500 43.972000 41.331000 40.472000 40.430000 38.266500 35.679500 35.909000 35.523000 32.329000 31.038000 31.978500 30.070000 26.975000 27.219500 27.804500 24.914000 22.401500 23.879500 23.962500 20.275000 19.373500 21.711000 20.577500 16.879000 18.097000 20.564500 18.164500 16.259000 19.749000 20.989000 18.606500 19.060000 22.475500 25.131000 27.454500 28.416000 30.526000 32.639000 35.344000 35.773500 35.944000 39.351000 40.525000 40.269500 36.820500 35.773500 36.929500 35.207500 31.846500 32.302500 33.105500 30.109000 27.854500 29.601500 29.642000 26.299500 25.577000 26.540000 30.346500 30.152500 28.329000 30.923000 33.802000 32.741500 32.322000 35.830000 37.266000 36.090000 37.461000 40.724500 41.131500 40.546000 43.210500 45.646500 44.898500 45.489000 48.741000 49.477500 49.952000 51.344500 52.915500 54.244000
26.329500 24.300500 22.779500 19.232000 18.598000 16.480500 15.111000 14.062000 12.204500 10.318500 9.773500 8.601000 6.082500 5.011500 5.447000 3.845500 0.000000 3.837000 5.488500 5.613500 4.534500 5.967000 8.779500 7.499500 6.086000 9.559500 11.804500 13.450500 10.642500 9.877500 13.665500 13.885500 11.539000 13.747000 16.804000 18.178500 19.896500 18.701500 21.479500 20.759500 17.150000 18.560500 21.109500 18.669500 16.110000 17.804000 15.920500 12.656000 14.124500 15.036500 11.641500 10.413500 13.600000 13.073000 9.750500 11.694000 14.597000 12.994000 12.010000 15.595000 17.074000 15.962500 17.325500 20.275000 22.800500 25.827500 28.828000 31.750500 34.801500 37.148000 39.903000 39.320000 38.817000 37.365000 35.414500 34.277500 32.606000 30.882500 29.413000 28.350000 26.687500 24.885000 23.624000 22.500000 20.760000 19.023000 17.945000 16.621500 14.613000 13.032500 12.535500 11.070000 7.417500 6.378000 7.397500 8.555000 11.946500 11.168000 9.782000 12.989500 15.093500 14.527500 15.203000 18.874000 20.316500 20.893000 24.087500 23.201500 22.383500 25.727500 27.464500 26.090500 27.130500 30.527000 31.057500 30.365500 32.593500 35.322500 35.246500 35.781000 38.529500 40.206500 40.204500 42.147500 39.862000 40.589500 38.017500 37.024000 36.897500 34.846000 32.247500 32.316000 31.945000 28.840000 27.435500 28.276500 26.447000 23.350000 23.467500 24.054000 21.248000 18.644000 20.090000 20.284500 16.630500 15.642500 18.145000 17.207000 13.515000 14.852000 17.569500 15.504000 13.805000 17.337500 18.888500 17.040000 17.592500 20.831000 23.745000 25.761500 26.409500 28.372500 30.319000 33.127000 33.383000 33.288000 36.583500 37.807000 37.338500 33.847500 33.059500 34.194000 32.242500 28.975500 29.710000 30.366000 27.188500 25.221000 27.169500 26.975500 23.482000 22.430000 23.478000 27.253500 26.822500 24.913500 27.638500 30.419000 29.181500 28.817000 32.390000 33.682000 32.467500 33.970000 37.203000 37.502000 36.986500 39.731000 42.071500 41.301500 42.009500 45.252500 45.950500 46.457000 47.890500 49.457000 50.800000
28.797500 26.504500 24.990500 21.353500 20.426500 18.608500 16.582500 15.383000 14.372500 12.415000 10.732500 9.928000 8.664500 6.371000 5.183500 5.382000 3.837000 0.000000 3.847500 6.019500 5.883500 8.731000 11.308000 9.855500 9.454000 12.962500 15.193500 16.346500 13.073000 12.534000 16.124000 15.641000 12.840000 15.285500 18.237000 20.219000 22.336500 21.602000 24.551000 23.583500 20.132000 21.914500 24.337000 21.748000 19.489000 21.412500 19.667500 16.438500 17.757000 18.535500 15.098000 13.732500 16.568000 15.777500 12.165000 13.720500 16.332000 14.189500 12.614500 16.222000 17.541500 15.676000 16.767000 20.070000 22.619500 25.555000 28.717000 31.604000 34.561000 36.927500 39.508500 38.736000 38.029000 36.517000 34.860500 33.489000 31.553500 30.178000 28.876000 27.366500 25.647000 24.349000 22.990500 21.316000 19.833500 18.639000 17.060000 15.281000 14.029000 12.709500 11.155500 9.515000 6.011500 5.117000 7.917500 9.156500 12.614500 12.726500 12.001000 14.707000 16.966500 17.126500 17.841000 21.412500 22.440500 23.022000 26.046000 24.680500 23.765000 27.285500 28.724000 26.939500 28.125500 31.605500 31.733500 30.826000 33.325500 35.998500 35.523500 36.055500 39.050000 40.505500 40.232000 42.371000 40.252500 41.311000 38.997500 38.084500 37.595000 35.463500 33.171000 33.098500 32.314000 29.317000 28.189500 28.642500 26.462000 23.735500 23.989000 23.993000 20.976500 18.880500 20.180000 19.666000 15.942500 15.542000 17.574000 15.895500 12.370000 14.164000 16.189000 13.502000 12.297500 16.034500 16.887500 14.928500 16.124000 19.405000 22.112500 23.978000 24.632500 26.726500 28.582500 31.428500 31.989000 31.874000 35.165500 36.071500 35.659000 32.309500 31.228000 32.123000 30.362000 27.095500 27.423000 28.029500 25.069000 22.833000 24.448000 24.392000 21.085500 20.489000 21.430000 25.224000 25.187500 23.535000 26.085000 28.952500 28.158500 27.882500 31.270000 32.824000 31.964000 33.299000 36.420000 37.071000 36.715000 39.224000 41.667000 41.231500 41.898000 44.989500 45.799500 46.337500 47.715500 49.255500 50.554000
28.376500 26.223000 25.183000 21.722000 21.388500 20.044500 18.350000 16.441500 15.266500 14.193500 12.483000 10.533500 9.732500 8.764500 6.366500 4.992000 5.488500 3.847500 0.000000 3.847000 6.198000 9.555500 10.926500 8.464500 8.964000 12.116000 14.467500 14.737000 11.149000 11.557500 14.846000 13.596500 11.204500 14.329500 16.666500 18.962000 20.929000 20.391500 23.703500 23.013000 19.776500 21.719500 24.449000 22.280500 20.143500 22.005000 20.293000 17.195000 19.156000 20.165000 16.679500 15.793500 19.028500 18.274500 14.933000 16.883500 19.583500 17.471500 16.241000 19.898000 21.105500 19.261500 20.509500 23.822000 26.398000 29.315500 32.487500 35.381500 38.339000 40.700500 43.277000 42.480000 41.733500 40.177000 38.536500 37.059500 35.140000 33.872500 32.508000 30.900500 29.280000 28.055500 26.560000 24.843500 23.528000 22.320500 20.557500 18.866000 17.780500 16.276000 14.558000 13.154500 9.708000 8.025500 10.365500 12.426000 15.639000 15.125000 14.655000 17.769000 19.625500 19.383000 20.447500 24.142000 25.536000 26.164500 29.278500 28.124500 27.269000 30.720500 32.279000 30.611500 31.725500 35.206000 35.443500 34.534500 36.953000 39.683500 39.260500 39.723000 42.700000 44.226500 43.926000 46.004500 43.806500 44.791500 42.451000 41.393000 40.944000 38.947500 36.562000 36.349500 35.685000 32.780000 31.454000 31.809000 29.788000 27.062000 27.006500 26.970000 24.162500 21.921500 22.807000 22.327000 18.749000 17.907500 19.505500 17.940500 14.335500 15.366500 17.200500 14.411000 12.463000 15.923500 16.682500 14.060500 14.795500 18.255000 20.746000 23.034500 24.089500 26.316500 28.452500 31.107000 31.763000 32.073000 35.542500 36.562500 36.535500 33.180500 31.812000 32.977000 31.561000 28.093000 28.257000 29.311000 26.559500 23.974500 25.669000 26.136000 22.969000 22.765500 24.069500 27.767000 27.669500 26.375500 29.059500 31.749000 31.013500 31.032500 34.390000 35.820500 35.129000 36.624000 39.628500 40.247000 40.070000 42.617000 44.951500 44.557500 45.366000 48.422000 49.187000 49.736000 51.124000 52.624000 53.896000
28.597000 26.830000 25.936500 22.625500 22.661500 21.034500 19.913500 18.168500 16.241000 15.229500 14.421000 12.215500 10.410000 10.232500 8.909500 6.084500 5.613500 6.019500 3.847000 0.000000 3.864000 7.005000 7.427500 4.985000 6.631500 9.853000 12.900500 13.167000 9.992500 11.209500 14.583500 13.632000 12.136000 15.400000 17.505000 19.298500 20.616500 19.485500 22.808500 22.711000 19.366500 20.739000 23.827500 22.042500 19.468000 20.769500 18.621500 15.349500 17.376000 19.013500 15.871000 14.755500 18.294000 18.224500 15.121500 16.853500 20.004500 18.542000 17.297000 20.797500 22.473500 21.100000 22.143500 25.232000 27.596000 30.627000 33.673500 36.499000 39.503000 41.849500 44.477000 43.687000 42.948000 41.242500 39.314500 37.784000 36.204500 34.867000 33.140500 31.729500 30.444500 28.904500 27.128500 25.849500 24.722500 22.978000 21.195000 20.140500 18.839500 16.689500 15.449500 14.756000 11.082000 8.422500 9.389500 12.204500 14.909500 13.531500 13.441000 16.928000 18.136000 17.528500 19.137000 22.906500 24.805500 25.817000 29.170500 28.439500 27.328000 30.563000 32.524000 31.012500 31.736000 35.259000 35.876000 34.859000 36.956500 39.897500 39.720000 39.923500 42.767000 44.591500 44.311500 46.117000 43.667500 44.388500 41.956500 40.610500 40.323500 38.604500 35.980000 35.572000 35.253500 32.476500 30.740000 31.111000 29.502000 26.615500 26.093000 26.310500 23.896000 21.228000 21.749500 21.759500 18.399500 16.804500 18.362500 17.490000 13.740500 13.930000 16.246500 14.107000 11.410000 14.508000 16.029500 13.550500 13.454500 16.809500 19.539000 21.981000 23.051500 25.142500 27.419500 29.982500 30.332500 30.765500 34.285500 35.671000 35.730500 32.233500 31.068000 32.606500 31.133000 27.581500 28.154000 29.467500 26.569500 24.151000 26.329000 26.893500 23.564500 23.088000 24.831500 28.423500 27.821500 26.603500 29.620500 32.022500 30.920500 31.193500 34.685500 35.727500 34.951000 36.792500 39.728500 40.017000 39.970500 42.751000 44.841000 44.272000 45.332000 48.428500 49.053500 49.621500 51.084000 52.558000 53.844000
29.475500 27.762000 26.495500 23.096000 22.773500 20.569000 19.473000 18.437500 16.284500 14.528500 14.270000 12.856000 10.179000 9.448500 9.542000 7.212000 4.534500 5.883500 6.198000 3.864000 0.000000 3.823000 5.668000 5.332000 6.250500 9.958000 13.226000 14.466000 11.855500 12.395500 16.084500 15.963000 14.354500 17.109000 19.681500 21.014000 22.204500 20.614500 23.564500 23.487000 19.881000 20.783000 23.751500 21.756000 18.800000 19.817000 17.328000 13.735000 15.044000 16.940500 14.095000 12.203000 15.584500 16.041500 12.858000 13.945000 17.370000 16.407000 14.818500 18.056000 20.181500 19.125000 19.809500 22.681000 24.817500 27.910500 30.842000 33.583500 36.594500 38.924500 41.562500 40.780000 40.062500 38.286500 36.172000 34.678000 33.318500 31.877500 29.956000 28.747000 27.637500 25.851500 23.975500 23.042500 21.967500 19.861500 18.193500 17.589500 16.073500 13.549000 12.831000 12.643000 9.016000 6.030500 5.821500 8.812000 11.240000 9.698000 9.813500 13.277000 14.338500 13.937500 15.706000 19.456000 21.368000 22.664500 26.107500 25.454000 24.061000 27.205500 29.332500 27.786500 28.278500 31.842500 32.599000 31.474500 33.428000 36.466500 36.377000 36.448500 39.234500 41.185000 40.913500 42.595500 40.058000 40.693000 38.248500 36.837000 36.586500 34.933500 32.249500 31.811000 31.592500 28.834500 26.994500 27.431500 25.950000 22.968000 22.380500 22.785000 20.460000 17.609000 18.231500 18.550500 15.211000 13.431000 15.409500 14.922000 11.121500 11.467000 14.357500 12.755000 10.366000 13.554000 15.601500 13.908500 13.941000 17.010000 20.074000 22.113500 22.758000 24.635000 26.687500 29.399000 29.486500 29.543500 32.910000 34.381500 34.105500 30.531000 29.766000 31.249000 29.405000 26.001500 26.973000 28.009000 24.829500 22.846500 25.235500 25.383000 21.842500 20.838000 22.557000 26.140000 25.261000 23.786000 26.903000 29.257500 27.870000 28.063000 31.658000 32.555500 31.587500 33.518000 36.498000 36.613500 36.507000 39.395000 41.421500 40.722000 41.823500 44.966000 45.545500 46.121500 47.622000 49.113500 50.431000
28.495000 27.067000 25.688000 22.442000 22.210000 19.631000 19.082500 18.504500 15.813500 13.950500 14.690000 13.507500 10.104500 10.046000 11.325000 8.829500 5.967000 8.731000 9.555500 7.005000 3.823000 0.000000 3.845000 5.461500 5.232000 8.446000 11.736500 13.698500 11.972000 12.214500 15.837000 16.533000 15.357000 17.622000 20.282500 20.943500 21.693000 19.560500 22.119000 22.317000 18.613500 18.882500 21.848500 20.002500 16.689500 17.203000 14.388500 10.668500 11.617500 13.934500 11.593000 9.385000 12.834500 13.957500 11.293000 12.122000 15.754000 15.555000 14.300500 17.191500 19.566000 19.205000 19.897000 22.340500 24.308000 27.432000 30.146500 32.843500 35.896000 38.182000 40.937000 40.313000 39.772000 38.035000 35.636000 34.366500 33.309000 31.568500 29.470500 28.717500 27.723500 25.483500 23.694500 23.344500 22.102000 19.509000 18.354500 18.255500 16.169000 13.466000 13.799500 13.828500 10.465500 8.049500 6.059500 8.410500 10.242500 7.709500 7.378000 11.137000 11.772500 10.682000 12.625500 16.377000 18.697500 20.161500 23.736000 23.548500 22.106000 24.984000 27.419000 26.213500 26.456500 29.922500 31.066500 30.078000 31.718500 34.817500 35.090500 35.106500 37.641500 39.811500 39.766000 41.226000 38.532000 38.849500 36.199500 34.696500 34.775500 33.234500 30.290500 29.960500 30.145500 27.342500 25.240500 26.041500 24.942500 21.662000 20.937500 21.940000 19.891500 16.620500 17.413500 18.488500 15.367500 13.137500 15.639500 15.948500 12.328000 12.405500 15.857000 15.012000 12.702500 15.483500 18.073000 16.814000 16.481500 19.254000 22.447000 24.388500 24.843500 26.485500 28.463000 31.154000 30.901500 30.810000 34.052500 35.777500 35.309500 31.653000 31.300500 32.896000 30.777500 27.516500 28.920000 29.830000 26.442000 24.885000 27.497500 27.346000 23.675000 22.146500 23.826000 27.327500 26.086000 24.308000 27.509500 29.762000 27.932500 27.989500 31.719000 32.349500 31.013000 33.079000 36.145000 35.903500 35.630000 38.727000 40.634000 39.607000 40.745500 44.011500 44.478500 45.024000 46.575500 48.088500 49.449000
29.080000 27.987000 27.021000 24.026000 24.331000 22.002000 21.843000 20.891000 17.941000 16.701500 17.538500 15.721500 12.509000 13.170500 13.847500 10.668500 8.779500 11.308000 10.926500 7.427500 5.668000 3.845000 0.000000 3.842000 5.598500 7.786500 11.516500 12.763500 11.446500 12.769500 15.986500 16.394000 16.019000 18.608000 20.693500 21.240000 21.462500 19.109500 21.835500 22.624000 19.122000 19.096500 22.432000 21.178500 17.819500 17.870000 14.871500 11.384500 12.844500 15.649000 13.677500 11.960500 15.514500 16.883500 14.630500 15.592000 19.213500 19.164000 18.075500 20.911500 23.296500 22.984000 23.680500 26.098000 27.988500 31.108000 33.770000 36.413500 39.454500 41.716000 44.456000 43.800500 43.214000 41.374500 38.892000 37.504000 36.605000 34.962000 32.688000 31.913500 31.144500 28.907500 26.910500 26.649500 25.645000 22.957500 21.616500 21.725500 19.826500 16.928500 17.087000 17.362500 13.934500 11.060500 9.122500 11.978500 13.291500 10.260500 10.559000 14.248000 14.115000 12.601500 15.063500 18.678500 21.431500 23.082000 26.715000 26.842000 25.345500 28.005000 30.649500 29.577000 29.583500 33.016000 34.371500 33.313500 34.732000 37.938000 38.329500 38.155000 40.602000 42.942000 42.856500 44.128500 41.279500 41.421000 38.760500 37.004000 37.169500 35.908500 32.840500 32.277000 32.705500 30.112000 27.708000 28.376000 27.614500 24.385500 23.198000 24.212500 22.572000 19.171000 19.373000 20.625500 17.847500 15.095500 17.032500 17.732500 14.206000 13.290000 16.656000 16.129500 13.151000 15.302500 18.184000 16.727000 15.638000 18.242000 21.333000 23.561500 24.250500 25.843500 28.051000 30.513500 30.125500 30.399000 33.748500 35.756500 35.609500 31.912000 31.490000 33.460500 31.575000 28.182000 29.676000 31.005500 27.740000 26.059000 28.913500 29.153500 25.557500 24.221500 26.312000 29.657000 28.175000 26.742000 30.134000 32.096500 30.185000 30.597500 34.305000 34.655500 33.450500 35.776000 38.674000 38.261500 38.213500 41.411000 43.093500 42.039500 43.412000 46.630000 46.988500 47.551000 49.133500 50.587000 51.922500
27.025000 25.778000 25.054500 22.053000 22.591500 20.742500 20.482500 18.937500 16.169500 15.498000 15.863500 13.431000 10.794500 11.891500 11.691500 8.096500 7.499500 9.855500 8.464500 4.985000 5.332000 5.461500 3.842000 0.000000 3.818000 6.194500 9.842500 10.320500 8.277500 10.066500 13.215000 13.057000 12.700500 15.626500 17.470000 18.388000 18.852000 16.953500 20.076500 20.664000 17.300000 17.894500 21.296500 20.057000 17.097000 17.689000 15.180000 11.985000 14.276500 16.471500 13.893000 12.987500 16.737000 17.311500 14.922000 16.663000 20.017000 19.320500 18.549000 21.790500 23.694500 23.053000 24.185500 26.880000 29.099000 32.191500 35.020500 37.813500 40.880500 43.184000 45.955000 45.330000 44.766500 43.061500 40.793000 39.445000 38.226000 36.598000 34.612000 33.650500 32.550000 30.523500 28.742000 28.066500 26.831500 24.529000 23.153000 22.656000 20.801500 18.335000 18.010500 17.614500 13.935000 11.286000 10.586500 13.341500 15.471000 12.992000 12.695500 16.486500 17.034500 15.524500 17.431000 21.137500 23.650000 24.832000 28.342500 28.250500 27.133000 30.018500 32.381000 31.314500 31.719000 35.123500 36.242000 35.370000 37.061500 40.107500 40.376500 40.463500 43.006500 45.137000 45.097500 46.598000 43.911500 44.211500 41.537500 39.989000 40.104000 38.614000 35.647500 35.264500 35.477000 32.719500 30.578000 31.273500 30.187000 26.990000 26.130500 26.950500 24.952000 21.771500 22.203500 23.026000 19.936000 17.623000 19.467500 19.533000 15.810500 15.286000 18.251500 16.992000 13.912000 16.409500 18.749500 16.617500 15.671000 18.665500 21.524000 24.074500 25.101000 26.943000 29.306000 31.740000 31.665000 32.171500 35.658000 37.477500 37.525000 33.891000 33.095500 34.974000 33.328500 29.808500 30.886000 32.305500 29.212000 27.136000 29.711000 30.164500 26.672500 25.731000 27.665500 31.165500 30.068500 28.685500 31.922500 34.118000 32.516500 32.817500 36.473500 37.124000 36.024500 38.135000 41.105500 40.949000 40.828000 43.885000 45.761500 44.832000 46.036000 49.255500 49.712000 50.253500 51.783500 53.257000 54.578000
24.036500 22.700000 21.715000 18.659000 19.091500 17.091500 17.043000 15.702500 12.696000 12.034000 12.908000 10.625000 7.589000 9.355500 9.916000 6.465000 6.086000 9.454000 8.964000 6.631500 6.250500 5.232000 5.598500 3.818000 0.000000 3.836000 7.072500 8.657500 6.891000 7.357000 10.815000 11.549500 10.894000 13.172500 15.481000 16.009500 16.635000 14.646500 17.491000 17.734500 14.172500 14.818000 18.016500 16.500500 13.523000 14.398500 12.108500 8.943500 11.456500 13.147500 10.312500 9.893000 13.660000 13.893500 11.780000 13.989000 17.090000 16.400000 16.188000 19.432000 21.048000 20.718500 22.229500 24.756000 27.122000 30.174500 32.941500 35.821000 38.925500 41.216000 44.109000 43.681000 43.330500 41.847500 39.565000 38.539000 37.245500 35.314000 33.538000 32.853000 31.458500 29.233500 27.861500 27.303000 25.608000 23.322000 22.486000 21.783500 19.430000 17.399500 17.578000 16.639500 13.058500 11.307500 10.620500 12.389500 14.886500 12.575000 11.178500 14.922500 16.005500 14.133500 15.319500 18.979000 21.349500 22.112000 25.513500 25.490000 24.733000 27.625500 29.862500 29.061500 29.714000 32.962500 34.096000 33.562500 35.303500 38.167000 38.596000 38.963500 41.379000 43.416500 43.648500 45.232500 42.655000 42.893000 40.051000 38.757000 39.082000 37.361000 34.350500 34.357500 34.615500 31.604000 29.653500 30.758500 29.573500 26.180000 25.740500 26.894000 24.659500 21.467500 22.515000 23.507500 20.226500 18.245500 20.682500 20.685000 16.940000 17.074500 20.252500 18.884500 16.259500 19.122500 21.382500 19.370000 18.827000 21.910500 24.834000 27.252500 28.137000 29.965000 32.193500 34.761000 34.677500 34.939500 38.333500 40.057500 39.839000 36.201000 35.568500 37.222000 35.336000 31.942000 33.051500 34.128000 30.890000 28.988500 31.396000 31.467000 27.889500 26.674000 28.184000 31.815500 30.857000 29.049000 32.093000 34.544500 32.860500 32.737500 36.450000 37.266000 35.851500 37.733500 40.916500 40.746500 40.280000 43.328000 45.375500 44.268500 45.217000 48.557500 49.052000 49.534500 51.042000 52.578000 53.937500
21.542000 20.639500 20.009000 17.388000 18.490500 16.764000 17.508500 16.009500 12.593500 12.853500 14.349500 11.721500 9.039500 11.843500 12.445000 9.019500 9.559500 12.962500 12.116000 9.853000 9.958000 8.446000 7.786500 6.194500 3.836000 0.000000 3.837500 5.516500 5.432000 6.270500 8.788500 10.169500 10.678500 12.465000 14.206500 14.000000 13.894500 11.441500 14.208500 14.982000 11.618000 11.825000 15.316000 14.461000 11.541500 12.020000 9.912500 7.545500 10.866000 12.443000 10.099000 10.769500 14.364500 14.599000 13.384000 15.891000 18.688500 18.266000 18.680000 21.757000 23.140500 23.184000 24.976500 27.277000 29.665000 32.660500 35.297000 38.191500 41.314500 43.559000 46.556000 46.292000 46.103500 44.732000 42.349500 41.513000 40.309000 38.187000 36.429500 35.984500 34.544000 32.131500 30.926000 30.570000 28.702500 26.319500 25.779000 25.131500 22.531500 20.637000 21.116500 20.051000 16.568000 15.037500 14.152500 15.670000 17.965000 15.351000 13.655000 17.274000 18.127000 15.615000 16.582500 19.981500 22.619000 23.162500 26.475000 26.869500 26.404500 29.048500 31.371500 30.979500 31.619000 34.665500 36.036000 35.764000 37.319000 40.107500 40.818500 41.267500 43.462000 45.581500 46.045500 47.518000 44.890000 44.885000 41.863000 40.568000 41.194500 39.527000 36.352000 36.510500 37.055000 34.004500 31.944000 33.312000 32.354500 28.823500 28.340500 29.812000 27.730500 24.396500 25.476500 26.774000 23.610000 21.458000 23.944500 24.214000 20.511500 20.404500 23.664500 22.460500 19.659000 22.284000 24.672500 22.552000 21.675500 24.679500 27.494500 30.087500 31.101000 32.876500 35.206500 37.656000 37.459500 37.874500 41.283500 43.178000 43.043000 39.374500 38.800000 40.604000 38.739000 35.331500 36.531000 37.703500 34.457500 32.581500 35.060000 35.168500 31.582500 30.303000 31.824000 35.435000 34.375000 32.502000 35.559000 37.975500 36.136000 35.959000 39.710000 40.414000 38.830000 40.750000 43.975000 43.625000 43.047500 46.188000 48.179500 46.871500 47.804500 51.217500 51.637500 52.082000 53.598000 55.137000 56.507500
17.833000 17.082000 16.592000 14.289000 15.876000 14.519500 15.904500 14.289500 10.711000 11.919500 13.858000 11.172500 9.152000 12.685000 13.399500 10.508000 11.804500 15.193500 14.467500 12.900500 13.226000 11.736500 11.516500 9.842500 7.072500 3.837500 0.000000 3.840000 5.508500 4.949500 6.160000 8.721000 9.757000 10.479000 11.991500 10.990000 10.596500 7.955000 10.526000 11.210500 7.898000 8.194500 11.709500 11.132500 8.639500 9.434000 8.311000 7.356500 11.038500 11.621000 9.440500 11.406500 14.519000 14.166000 13.731000 16.711500 18.909000 18.424000 19.572500 22.545000 23.422000 23.727500 25.952000 28.068500 30.596000 33.470000 36.016000 38.973500 42.094500 44.299000 47.395500 47.335500 47.354000 46.216500 43.872500 43.320500 42.027000 39.681000 38.160500 37.917500 36.217000 33.717500 32.888000 32.563000 30.346000 28.099500 27.960500 27.079000 24.210000 22.777500 23.470500 21.956500 18.668000 17.749000 17.106000 18.038500 20.508000 18.109500 15.822000 19.147000 20.315000 17.544000 17.812500 20.897000 23.368500 23.366500 26.406000 26.958500 26.998500 29.536500 31.670500 31.639500 32.538500 35.335500 36.720000 36.830500 38.399000 40.955500 41.838500 42.566500 44.598000 46.609000 47.345000 48.880000 46.367500 46.274000 43.103000 42.037500 42.887500 41.056500 37.859000 38.354000 38.966500 35.750000 33.860500 35.541000 34.538500 30.915000 30.734500 32.416500 30.207000 26.936000 28.359500 29.716500 26.473500 24.553000 27.259000 27.437500 23.744500 23.917500 27.183000 25.835000 23.178000 25.938500 28.203500 25.976000 25.219500 28.301000 31.046500 33.693000 34.756500 36.568500 38.900000 41.367500 41.208500 41.608500 45.008500 46.861500 46.669000 43.008500 42.442000 44.156000 42.241000 38.867500 40.006000 41.058000 37.793000 35.922000 38.258500 38.241000 34.660000 33.333000 34.592000 38.271500 37.355500 35.272000 38.164000 40.746000 38.904000 38.454500 42.204000 43.034000 41.256500 42.988500 46.344500 45.993000 45.161000 48.268500 50.379500 48.936000 49.658000 53.149000 53.591000 53.977000 55.457000 57.031500 58.416500
17.913500 17.316500 17.527500 15.544000 17.633000 16.974000 18.227000 15.959000 12.799500 14.561000 15.823500 12.536000 11.328000 14.797000 14.565500 11.422500 13.450500 16.346500 14.737000 13.167000 14.466000 13.698500 12.763500 10.320500 8.657500 5.516500 3.840000 0.000000 3.838000 5.449000 5.204500 6.497000 8.823500 10.120500 10.491000 9.828000 9.042500 6.909000 10.339500 11.437500 8.952000 9.795000 13.356500 13.393500 11.637500 12.428500 11.660000 10.956000 14.673000 15.381500 13.177000 15.030000 18.253500 17.763500 17.061500 20.127000 22.374000 21.559000 22.565000 25.747500 26.534500 26.503000 28.773000 31.116000 33.736000 36.622000 39.281000 42.272500 45.394500 47.623500 50.684500 50.548500 50.477000 49.287500 47.037000 46.334500 44.936500 42.744500 41.231500 40.764000 39.065000 36.749000 35.787000 35.225500 33.136500 31.030000 30.587000 29.552000 26.941500 25.436000 25.688500 24.146000 20.682500 19.447000 19.173000 20.595500 23.186500 20.758000 18.856000 22.361000 23.434000 20.784000 21.361500 24.540000 27.054500 27.105500 30.143500 30.594000 30.620000 33.236000 35.329500 35.189000 36.122000 38.986000 40.284500 40.313000 41.957500 44.549000 45.321500 46.017000 48.143500 50.130500 50.762500 52.341000 49.820000 49.794000 46.679000 45.537500 46.289000 44.505000 41.334000 41.684000 42.226000 39.070500 37.137000 38.623500 37.572500 34.029000 33.705500 35.168500 32.957500 29.715000 30.875000 32.031000 28.759500 26.752500 29.131000 29.159500 25.392500 25.312500 28.340000 26.805500 23.883000 26.484500 28.561500 25.989000 25.020500 28.113000 30.598000 33.485000 34.823500 36.720500 39.221000 41.536500 41.500500 42.210000 45.728000 47.595500 47.691000 44.058500 43.231500 45.076000 43.434000 39.925000 40.868000 42.191000 39.098000 36.948500 39.255500 39.576000 36.096500 35.093500 36.535000 40.216500 39.372500 37.544500 40.501000 43.041000 41.352000 41.102500 44.822000 45.672000 44.098500 45.893000 49.173500 48.915000 48.245000 51.324000 53.417000 52.100500 52.906500 56.348000 56.799000 57.207500 58.684000 60.232000 61.591000
19.737000 18.519500 18.441000 15.904500 17.441500 16.764000 17.215000 14.667500 11.934000 13.295500 13.736500 10.190500 9.260500 12.301000 11.397500 8.147000 10.642500 13.073000 11.149000 9.992500 11.855500 11.972000 11.446500 8.277500 6.891000 5.432000 5.508500 3.838000 0.000000 3.837000 5.420000 5.092500 6.224000 8.731000 9.687500 10.384000 10.890500 9.759500 13.353000 13.615500 10.845000 12.498500 15.781000 15.012000 13.234500 14.650500 13.648500 12.071000 15.575000 16.304000 13.416000 14.735500 18.184000 17.424000 15.966000 19.063000 21.440500 20.141000 20.761000 24.203000 24.986000 24.479500 26.672000 29.308500 32.018000 34.929500 37.762500 40.785500 43.893500 46.172500 49.141500 48.856500 48.632000 47.383000 45.308000 44.430500 42.846000 40.855500 39.424000 38.662000 36.907500 34.859500 33.811000 32.922000 30.938500 29.076500 28.344500 27.062500 24.738500 23.285000 23.086500 21.435500 17.903000 16.629000 16.917000 18.516500 21.409500 19.349500 17.644500 21.234500 22.605000 20.458000 21.139500 24.581000 26.833000 26.952500 30.043000 30.047000 29.932500 32.840000 34.772000 34.258000 35.323000 38.364000 39.369500 39.209500 41.107500 43.722500 44.187500 44.882500 47.247000 49.093000 49.513000 51.264500 48.837500 49.087500 46.139000 45.043000 45.495000 43.607500 40.616000 40.858000 41.080500 37.929000 36.157500 37.391500 36.057000 32.665500 32.437500 33.545500 31.128500 28.087000 29.219500 29.980500 26.567500 24.806500 27.035000 26.668500 22.866500 23.009500 25.790500 23.918000 21.110500 23.913000 25.675500 22.957000 22.281500 25.528000 27.974000 30.832000 32.200500 34.219000 36.693000 39.070000 39.241500 39.930500 43.485000 45.144500 45.267500 41.695000 40.670500 42.370500 40.832500 37.293000 37.997500 39.300500 36.314500 33.995500 36.130500 36.537500 33.146500 32.379000 33.779500 37.494000 36.869500 35.165000 38.053500 40.670000 39.237000 39.035500 42.683000 43.716000 42.359000 44.061500 47.305000 47.293500 46.727500 49.673000 51.865000 50.785500 51.569000 54.933500 55.478000 55.918500 57.370000 58.915000 60.255500
17.524000 15.922000 15.331000 12.479000 13.730500 12.963500 13.465000 11.012500 8.129500 9.762000 10.504000 7.119000 6.432000 9.987000 9.673000 7.253500 9.877500 12.534000 11.557500 11.209500 12.395500 12.214500 12.769500 10.066500 7.357000 6.270500 4.949500 5.449000 3.837000 0.000000 3.839000 5.419500 5.014500 6.225500 8.416500 8.780000 10.063000 9.138500 12.235000 11.598000 8.413000 10.616500 13.418000 11.977500 10.434000 12.567500 12.088000 10.769000 14.088000 14.018500 10.852000 12.713000 15.808000 14.464500 13.270500 16.702500 18.622000 17.165500 18.274000 21.639000 22.046000 21.720000 24.217000 26.701500 29.519500 32.335500 35.110500 38.180000 41.278000 43.535000 46.560000 46.421500 46.356500 45.311500 43.296000 42.676000 40.990000 38.802500 37.610500 37.027000 35.017500 32.902500 32.223500 31.362500 29.037500 27.318000 26.998000 25.502000 22.897000 21.916000 22.013500 19.938500 16.680500 16.189500 16.619000 17.439500 20.550000 18.868000 16.526500 19.811500 21.669500 19.540500 19.554500 22.832000 24.736500 24.425000 27.301000 27.212000 27.439500 30.376500 32.070500 31.707000 33.041500 35.928500 36.827000 36.937000 38.936500 41.345000 41.853500 42.806500 45.100500 46.790000 47.394500 49.263500 46.994500 47.277500 44.263500 43.438500 43.975500 41.861000 38.936500 39.497500 39.648500 36.317000 34.809000 36.301500 34.807500 31.362000 31.540000 32.794500 30.159000 27.248000 28.851500 29.618000 26.082000 24.696000 27.304000 26.799000 23.044000 23.734500 26.619000 24.643500 22.253500 25.383500 27.075500 24.541500 24.282000 27.613500 30.202500 32.866500 34.041000 36.064000 38.380000 40.925000 41.117000 41.525500 44.991000 46.507000 46.356500 42.795500 41.902500 43.350500 41.592500 38.181000 38.888000 39.850500 36.755500 34.598000 36.556500 36.610000 33.179500 32.213500 33.223000 37.015000 36.561500 34.535500 37.201500 40.034500 38.607500 38.047000 41.683500 42.905500 41.342500 42.792500 46.186000 46.235000 45.391000 48.258000 50.620000 49.459500 49.992500 53.417500 54.026000 54.421000 55.832500 57.427000 58.789000
14.519500 13.173000 13.281000 11.109500 13.311500 13.431000 14.574500 11.786500 9.218500 11.948000 12.793500 9.455500 9.724000 13.358500 12.833000 10.785000 13.665500 16.124000 14.846000 14.583500 16.084500 15.837000 15.986500 13.215000 10.815000 8.788500 6.160000 5.204500 5.420000 3.839000 0.000000 3.842000 5.488000 5.237500 5.884000 5.299000 6.292500 6.065500 9.367500 8.686000 6.358500 9.141000 11.742500 11.073500 10.533000 12.671500 13.033000 12.747000 16.249000 15.797500 13.089500 15.598500 18.376000 16.826500 16.245000 19.811000 21.361000 19.922000 21.460000 24.704500 24.774000 24.589000 27.333500 29.693500 32.575500 35.288500 37.990000 41.082000 44.163500 46.382000 49.461500 49.450500 49.509500 48.599500 46.610500 46.133000 44.407000 42.119500 41.045500 40.556000 38.433000 36.293000 35.781000 34.932500 32.471500 30.827500 30.660000 29.071500 26.397000 25.592000 25.734000 23.509000 20.351000 19.968500 20.425500 21.189500 24.270000 22.506000 20.057000 23.254000 25.066000 22.684500 22.516000 25.577000 27.504000 26.915000 29.589500 29.684500 30.232000 33.028000 34.632500 34.542500 35.987500 38.694500 39.643500 39.989500 41.947000 44.221000 44.864500 45.959000 48.127500 49.777500 50.550000 52.421500 50.193000 50.376000 47.261500 46.515500 47.218500 45.073000 42.100000 42.803500 43.058500 39.676500 38.187000 39.824500 38.382500 34.888000 35.109500 36.482000 33.861500 30.930500 32.570000 33.406500 29.881500 28.464500 31.063000 30.587500 26.824500 27.421000 30.279000 28.269500 25.776000 28.809500 30.454000 27.750000 27.344500 30.662500 33.096500 35.912500 37.240000 39.286500 41.696000 44.155500 44.367000 44.928500 48.439000 50.002000 49.957000 46.395500 45.435000 46.944500 45.267500 41.817000 42.466000 43.507000 40.463000 38.224000 40.141000 40.275500 36.885000 35.988500 36.967000 40.768500 40.358000 38.318500 40.944000 43.810500 42.380500 41.763000 45.397000 46.636000 45.007000 46.412000 49.844000 49.863000 48.928500 51.798500 54.185000 52.942500 53.403000 56.865500 57.462500 57.823000 59.216500 60.816000 62.176500
16.911000 15.413000 15.879500 13.725500 15.749000 16.205000 16.688000 13.437000 11.582000 14.063500 13.939500 10.209000 11.072000 14.176500 12.615500 10.495500 13.885500 15.641000 13.596500 13.632000 15.963000 16.533000 16.394000 13.057000 11.549500 10.169500 8.721000 6.497000 5.092500 5.419500 3.842000 0.000000 3.850500 5.517000 4.915500 6.481500 7.940000 8.705000 12.323500 11.774000 10.038000 12.832000 15.412500 14.777500 14.277500 16.360000 16.403000 15.630500 19.160500 19.055000 16.076500 18.097000 21.144500 19.595500 18.419500 21.922500 23.679000 21.866500 22.985500 26.470500 26.577500 25.895500 28.535000 31.204000 34.150500 36.891500 39.760000 42.870500 45.938500 48.199500 51.186000 51.015000 50.901500 49.890500 48.050500 47.339000 45.467000 43.429000 42.364000 41.548000 39.447000 37.586000 36.885500 35.715500 33.462000 32.018500 31.450000 29.681000 27.386500 26.498000 26.097000 23.883000 20.607500 19.943500 20.874500 22.084500 25.310500 23.667000 21.634500 25.003000 26.809500 24.729000 24.910000 28.197500 30.101500 29.691500 32.454500 32.274500 32.646000 35.631500 37.184500 36.790000 38.261000 41.135500 41.896000 42.031000 44.147000 46.497500 46.894500 47.915000 50.284000 51.871500 52.424500 54.395000 52.185000 52.554500 49.579000 48.759500 49.224500 47.094000 44.223500 44.723000 44.777000 41.470500 39.994500 41.338000 39.746500 36.398000 36.518000 37.549500 34.865500 32.050000 33.443500 33.951000 30.379000 29.003000 31.259000 30.505000 26.723000 27.219500 29.747000 27.472000 24.886500 27.844500 29.162000 26.172000 25.776500 29.122500 31.300500 34.243000 35.777000 37.929500 40.427500 42.785000 43.192500 43.969500 47.564000 49.024000 49.213000 45.722500 44.474000 46.002000 44.597000 41.052000 41.430500 42.667000 39.829500 37.314000 39.111000 39.556000 36.315500 35.788500 36.899000 40.685000 40.423000 38.665000 41.309000 44.148000 42.959000 42.545500 46.109500 47.430000 46.079000 47.509000 50.842000 51.044000 50.314000 53.100500 55.498500 54.480500 55.023000 58.397000 59.039500 59.438000 60.821000 62.393000 63.722500
18.082500 15.953000 15.723500 12.921500 14.095000 14.389000 14.099500 10.735000 9.446000 11.516000 10.654500 6.899500 8.525500 11.136500 9.211500 7.864000 11.539000 12.840000 11.204500 12.136000 14.354500 15.357000 16.019000 12.700500 10.894000 10.678500 9.757000 8.823500 6.224000 5.014500 5.488000 3.850500 0.000000 3.835500 5.535500 8.023000 10.595500 11.393000 14.659500 13.342500 11.102000 14.210500 16.442500 14.914000 14.348500 16.935000 16.887500 15.649500 18.821500 18.460500 15.058500 16.787000 19.710500 17.790500 16.190000 19.716000 21.310500 19.087500 20.089000 23.659500 23.590000 22.618000 25.296000 28.088000 31.113500 33.805500 36.753500 39.881500 42.916000 45.192500 48.120000 47.902500 47.747500 46.786000 45.105500 44.392500 42.354000 40.382000 39.492000 38.558500 36.314500 34.631000 34.051500 32.672000 30.352000 29.177500 28.610000 26.574000 24.392000 23.804500 23.226000 20.740000 17.649000 17.426500 18.833500 19.722500 23.185500 22.041000 19.909000 23.082000 25.283500 23.613000 23.568000 26.897500 28.426000 27.902000 30.576500 30.018500 30.411500 33.588500 34.906000 34.292000 35.957000 38.872000 39.362000 39.467000 41.796000 44.060000 44.245000 45.368500 47.866000 49.275500 49.749000 51.885000 49.824500 50.408500 47.546000 46.885000 47.167500 44.873000 42.185500 42.749500 42.539000 39.180000 37.959000 39.233500 37.377000 34.149000 34.534500 35.377500 32.469500 29.903000 31.500000 31.729000 28.044000 27.066500 29.390500 28.301000 24.587500 25.541000 27.925000 25.400500 23.196500 26.441000 27.503000 24.596500 24.677000 28.128000 30.378500 33.127000 34.516500 36.726500 39.078500 41.578500 42.118500 42.681000 46.218000 47.448500 47.472500 44.044500 42.768500 44.037500 42.563500 39.102000 39.337000 40.338000 37.519000 35.016500 36.589500 36.869000 33.683500 33.200500 34.055500 37.876500 37.855000 36.020000 38.478000 41.463500 40.458500 39.894500 43.377500 44.911500 43.614000 44.844500 48.206500 48.609000 47.818500 50.458000 52.995500 52.110500 52.514500 55.847000 56.584000 56.985000 58.328000 59.917500 61.242000
14.831500 12.399500 12.048500 9.337500 10.799000 11.742500 11.904000 8.372000 7.454000 10.493000 10.054000 6.898500 9.182000 12.077000 10.880500 10.350000 13.747000 15.285500 14.329500 15.400000 17.109000 17.622000 18.608000 15.626500 13.172500 12.465000 10.479000 10.120500 8.731000 6.225500 5.237500 5.517000 3.835500 0.000000 3.851000 5.600500 8.934500 10.329500 12.911500 10.771500 8.981000 12.582000 14.074000 12.400500 12.705000 15.701500 16.422500 15.895500 18.936000 17.850500 14.658500 17.053000 19.454500 17.056500 16.123000 19.861500 20.849500 18.616500 20.288500 23.619000 23.059500 22.410000 25.446500 27.956500 31.055500 33.588500 36.400000 39.551500 42.557000 44.777000 47.782000 47.774500 47.838500 47.122500 45.474500 45.070500 42.983000 40.775000 40.119500 39.437000 36.965500 35.173500 34.982500 33.716000 31.062500 29.992500 29.880000 27.724500 25.256000 25.098000 24.882000 22.092500 19.336000 19.699500 20.998500 21.294000 24.770000 23.765000 21.150000 24.014500 26.451000 24.609500 24.009000 27.036500 28.333500 27.338000 29.699500 29.220000 30.066000 33.124000 34.217000 33.921500 35.822500 38.479000 38.951000 39.417500 41.751000 43.770500 44.106000 45.497500 47.827500 49.111500 49.849000 52.040000 50.114000 50.626500 47.647500 47.228500 47.704000 45.248000 42.570500 43.460000 43.303000 39.799000 38.762000 40.338000 38.453000 35.150500 35.831500 36.905500 33.906500 31.397000 33.341000 33.699500 29.990500 29.199500 31.812000 30.756000 27.099500 28.307500 30.826500 28.341500 26.338500 29.694500 30.806000 28.025500 28.216500 31.673000 33.991000 36.672000 37.969500 40.155000 42.440500 45.013000 45.514500 45.940000 49.422000 50.623500 50.482000 47.047000 45.895500 47.046000 45.415500 42.045000 42.329000 43.116500 40.214500 37.856500 39.331500 39.354500 36.146000 35.480500 36.041500 39.893000 39.959000 37.857000 40.135500 43.265500 42.207000 41.339000 44.813500 46.451500 44.926000 45.958000 49.448000 49.830000 48.767000 51.365500 54.018000 52.987500 53.167500 56.569500 57.333000 57.676500 58.981000 60.608000 61.950000
14.001500 11.966500 12.689500 10.956000 13.224000 14.770000 15.312000 11.753500 10.985500 14.235500 13.834000 10.631000 12.745000 15.703500 14.158500 13.236000 16.804000 18.237000 16.666500 17.505000 19.681500 20.282500 20.693500 17.470000 15.481000 14.206500 11.991500 10.491000 9.687500 8.416500 5.884000 4.915500 5.535500 3.851000 0.000000 3.813000 7.083500 9.583500 12.293000 10.492000 9.848000 13.412000 14.897000 14.109000 14.836500 17.500500 18.432500 18.276500 21.594000 20.661000 17.731500 20.277500 22.779500 20.541500 19.774500 23.505000 24.556500 22.409500 24.079000 27.417500 26.851500 26.181500 29.219500 31.750000 34.854000 37.371500 40.180500 43.334000 46.333000 48.542500 51.551000 51.552000 51.614000 50.894000 49.256500 48.812500 46.716500 44.549000 43.870000 43.136000 40.692500 38.935000 38.672500 37.365000 34.783000 33.703500 33.471500 31.328000 28.950000 28.666000 28.315500 25.610500 22.737000 22.792000 24.073500 24.700000 28.127500 26.892500 24.441500 27.468500 29.701500 27.681000 27.269500 30.304500 31.793000 30.829000 33.190000 32.856000 33.738000 36.723500 37.869500 37.661000 39.523000 42.155500 42.692500 43.181500 45.466000 47.498000 47.882000 49.256500 51.559000 52.876500 53.628500 55.791500 53.826000 54.280000 51.264000 50.777000 51.306500 48.914500 46.175500 47.010000 46.932000 43.459000 42.316000 43.861500 42.051500 38.730500 39.263000 40.328500 37.405000 34.812500 36.580000 36.955000 33.270000 32.298000 34.744500 33.727500 30.017500 30.951000 33.393000 30.883000 28.635500 31.810000 32.869000 29.862000 29.810500 33.228500 35.337500 38.211000 39.723000 41.942000 44.365000 46.797000 47.341500 48.015500 51.579000 52.849500 52.925000 49.493000 48.195000 49.486500 48.039500 44.573000 44.770500 45.775500 42.979000 40.455500 41.951000 42.218000 39.068500 38.575500 39.294000 43.130500 43.177500 41.223500 43.577500 46.649000 45.612500 44.875000 48.356000 49.945500 48.487500 49.600000 53.053500 53.415500 52.425500 55.054500 57.664500 56.636500 56.880000 60.279500 61.016500 61.359000 62.668000 64.278000 65.607500
10.780000 9.221500 10.284500 9.197000 12.226500 13.774500 15.242000 12.165000 10.773000 14.357500 14.912000 12.027000 13.516500 16.931500 16.165500 14.986000 18.178500 20.219000 18.962000 19.298500 21.014000 20.943500 21.240000 18.388000 16.009500 14.000000 10.990000 9.828000 10.384000 8.780000 5.299000 6.481500 8.023000 5.600500 3.813000 0.000000 3.822500 6.633500 8.742000 6.816500 6.882500 10.355500 11.567000 11.381000 12.545500 14.995000 16.416000 16.970500 20.283000 19.115000 16.692500 19.698000 21.938500 19.823500 19.727500 23.458500 24.350000 22.649000 24.699500 27.795500 27.230500 27.064500 30.176500 32.404000 35.424500 37.919500 40.551000 43.678000 46.690500 48.851000 51.957000 52.120000 52.348500 51.705500 49.894500 49.649000 47.729500 45.335500 44.595000 44.168000 41.755000 39.716000 39.567000 38.584000 35.864000 34.540500 34.618500 32.704500 30.003500 29.681500 29.788500 27.170500 24.311000 24.396000 25.187000 25.619000 28.846000 27.348500 24.650500 27.587000 29.666000 27.277000 26.667500 29.452500 31.073000 29.973000 32.239000 32.286000 33.341000 36.071000 37.321000 37.472000 39.251000 41.699500 42.489500 43.186500 45.254500 47.234000 47.909000 49.319000 51.393000 52.818000 53.796000 55.813500 53.786000 53.997000 50.823500 50.348000 51.152500 48.812000 45.927000 46.912000 47.100000 43.591500 42.349500 44.157000 42.569500 39.096500 39.610000 41.009500 38.224000 35.458000 37.327500 38.053500 34.448000 33.296500 35.958500 35.271500 31.544000 32.369000 35.101000 32.867500 30.524000 33.645000 35.038000 32.181500 31.927500 35.296000 37.558500 40.435000 41.866500 43.991500 46.418500 48.867000 49.214000 49.827000 53.358000 54.802000 54.778000 51.265000 50.186500 51.573500 49.956500 46.519500 46.971500 47.934000 44.975000 42.641000 44.317000 44.426500 41.140000 40.360000 41.083000 44.921500 44.764500 42.629000 45.040000 48.078000 46.787000 45.950000 49.513500 50.958500 49.262500 50.427000 53.947000 54.086500 52.954000 55.701500 58.248000 56.986000 57.209000 60.694500 61.357000 61.663500 62.991500 64.615000 65.968500
10.257500 9.978500 11.598500 11.257500 14.646500 15.843000 17.874500 15.192000 13.175500 16.601000 17.741500 14.817500 15.546500 19.223000 18.764500 16.999000 19.896500 22.336500 20.929000 20.616500 22.204500 21.693000 21.462500 18.852000 16.635000 13.894500 10.596500 9.042500 10.890500 10.063000 6.292500 7.940000 10.595500 8.934500 7.083500 3.822500 0.000000 3.842000 5.853000 5.484500 6.465500 8.865000 10.417000 11.438000 12.442500 14.095500 15.580000 16.634000 20.067000 19.178000 17.303000 20.408500 22.684000 21.046500 21.293000 24.881500 25.966500 24.731500 26.787000 29.771000 29.476500 29.607500 32.600500 34.695000 37.592000 40.149500 42.680500 45.765500 48.808500 50.947000 54.108000 54.312000 54.579500 53.866500 51.860500 51.623500 49.914000 47.442000 46.494500 46.220000 43.981000 41.732000 41.454500 40.728000 38.081500 36.456000 36.557000 34.948000 32.118000 31.494000 31.823500 29.485000 26.461000 26.199000 26.529500 27.168500 30.133500 28.219000 25.612000 28.649000 30.339000 27.606000 27.184000 29.860500 31.826000 30.889000 33.242000 33.686000 34.652500 37.154500 38.669500 39.029000 40.559000 42.960000 44.049000 44.747500 46.565000 48.641500 49.547000 50.820000 52.743000 54.371500 55.427500 57.244500 55.055500 55.029000 51.750500 51.109500 52.109500 49.954000 46.890000 47.813000 48.282500 44.845000 43.352000 45.241500 43.939500 40.356500 40.620500 42.232000 39.685000 36.689000 38.395000 39.421500 35.946000 34.447500 37.096000 36.758000 32.997500 33.464000 36.371000 34.421500 31.812000 34.706000 36.388000 33.571500 32.955000 36.206000 38.484500 41.450000 42.919000 44.951000 47.457500 49.811000 49.980500 50.701500 54.242500 55.913500 55.962500 52.383500 51.417500 53.025000 51.393000 47.916500 48.576000 49.690500 46.660500 44.396000 46.312500 46.488000 43.110500 42.201000 43.140500 46.945000 46.521500 44.410000 46.999000 49.889000 48.376000 47.659000 51.306500 52.517500 50.732500 52.096000 55.589000 55.497000 54.407500 57.311000 59.701000 58.280000 58.643500 62.171500 62.726500 63.030000 64.402000 66.008000 67.371500
11.746000 11.913500 12.905500 12.244500 15.370000 15.690000 17.993000 15.807000 13.012000 15.960500 17.719000 14.889000 14.665500 18.484000 18.570000 16.344500 18.701500 21.602000 20.391500 19.485500 20.614500 19.560500 19.109500 16.953500 14.646500 11.441500 7.955000 6.909000 9.759500 9.138500 6.065500 8.705000 11.393000 10.329500 9.583500 6.633500 3.842000 0.000000 3.897500 5.447000 5.105500 6.103000 8.716000 10.124000 10.216000 11.164000 12.348000 13.580500 17.036500 16.491000 15.007000 18.038000 20.370000 19.260500 19.698000 23.062500 24.412000 23.660000 25.605500 28.460000 28.547500 28.965500 31.742500 33.704500 36.431500 39.077000 41.519000 44.541500 47.615000 49.747000 52.935500 53.130000 53.394500 52.566500 50.353500 50.097500 48.628500 46.099500 44.914000 44.795000 42.771000 40.307000 39.881000 39.444500 36.899000 34.950000 35.095000 33.841500 30.877000 29.954000 30.578500 28.562000 25.447500 24.942500 24.759500 25.460500 28.127000 25.901000 23.352500 26.413000 27.771500 24.809000 24.544500 27.157500 29.406000 28.720500 31.239000 31.980500 32.730500 35.064500 36.866000 37.312000 38.557500 40.978000 42.330000 42.938500 44.526000 46.743500 47.814000 48.901000 50.722000 52.557500 53.623000 55.243500 52.895000 52.687500 49.356500 48.548500 49.666500 47.686500 44.486000 45.321500 46.014500 42.661000 40.951500 42.894500 41.847500 38.186000 38.244000 40.046500 37.724500 34.547500 36.150000 37.465500 34.139500 32.380000 35.084500 35.093500 31.361000 31.603500 34.722500 33.107000 30.389000 33.142500 35.154500 32.553500 31.730500 34.873000 37.313500 40.216000 41.564000 43.472500 45.951500 48.303000 48.264000 48.914000 52.399500 54.245000 54.222000 50.583500 49.833000 51.566500 49.805500 46.363000 47.292000 48.423000 45.267500 43.192500 45.343500 45.441000 41.950500 40.809500 41.897500 45.646500 44.947500 42.804000 45.537000 48.277500 46.530500 45.894000 49.609500 50.592000 48.709000 50.249500 53.707500 53.396000 52.347000 55.388500 57.623000 56.069500 56.571000 60.122500 60.583000 60.896500 62.316500 63.907500 65.284500
9.488500 10.576000 11.692500 11.982000 15.318500 15.748000 18.660000 16.997500 14.300500 17.307500 19.538500 17.228500 16.967000 20.772500 21.322000 19.379500 21.479500 24.551000 23.703500 22.808500 23.564500 22.119000 21.835500 20.076500 17.491000 14.208500 10.526000 10.339500 13.353000 12.235000 9.367500 12.323500 14.659500 12.911500 12.293000 8.742000 5.853000 3.897500 0.000000 3.849500 5.405000 4.915000 6.201000 8.852500 9.798500 10.303500 12.373500 14.542500 17.578000 16.540500 15.777500 19.149500 20.902000 19.784500 20.918500 24.168000 25.109000 24.683500 27.015000 29.533000 29.431000 30.253500 33.128500 34.760000 37.407500 39.924000 42.153000 45.121500 48.149000 50.200500 53.450500 53.836000 54.296500 53.629000 51.347000 51.348500 49.975500 47.240500 46.135000 46.304500 44.224000 41.588000 41.401000 41.196000 38.474000 36.472000 36.972500 35.804500 32.619500 31.876500 32.855500 30.793000 27.885500 27.644500 27.240000 27.577500 30.078000 27.855000 25.055000 27.806500 29.135500 25.977500 25.332000 27.522000 29.690000 28.720500 30.953500 31.997500 33.041000 35.082500 36.823500 37.649000 38.914000 41.051000 42.548000 43.442000 44.864500 46.907500 48.226500 49.441500 51.016000 52.848000 54.168000 55.703500 53.397500 52.999500 49.544000 48.865000 50.243000 48.245000 44.995000 46.067500 46.944500 43.548000 41.887000 44.102000 43.187500 39.461000 39.643500 41.714500 39.460500 36.272000 38.062000 39.596000 36.348000 34.622500 37.521500 37.692000 34.030000 34.352000 37.614000 36.140000 33.517000 36.285500 38.427000 35.963000 35.148000 38.258000 40.782500 43.627000 44.880000 46.723500 49.149500 51.538000 51.393000 51.931000 55.352000 57.255000 57.095000 53.431500 52.854000 54.562500 52.649000 49.284000 50.350000 51.349000 48.094000 46.185000 48.359500 48.264500 44.720000 43.372000 44.318500 48.053000 47.300500 44.962000 47.616500 50.382500 48.491000 47.668000 51.389500 52.331000 50.225000 51.688500 55.213500 54.766000 53.514500 56.582000 58.813000 57.062000 57.444000 61.052000 61.474500 61.737000 63.142500 64.747500 66.138500
6.980500 7.121000 7.969500 8.318000 11.832000 12.796000 15.704000 13.984500 11.796500 15.158000 17.194500 15.202000 15.571500 19.239500 19.762500 18.443000 20.759500 23.583500 23.013000 22.711000 23.487000 22.317000 22.624000 20.664000 17.734500 14.982000 11.210500 11.437500 13.615500 11.598000 8.686000 11.774000 13.342500 10.771500 10.492000 6.816500 5.484500 5.447000 3.849500 0.000000 3.828500 5.539000 5.365500 6.861500 8.951500 10.668500 13.146000 15.108000 17.976000 16.299500 15.119000 18.704000 20.198500 18.433500 19.589000 23.041500 23.556500 22.764500 25.360000 27.864500 27.340500 28.074000 31.175000 32.792500 35.570500 37.968500 40.219000 43.232500 46.222000 48.266500 51.504500 51.947000 52.470000 51.967000 49.867500 49.990000 48.413500 45.647000 44.818000 44.955000 42.632500 40.130500 40.209500 39.825500 36.909500 35.204000 35.855500 34.382000 31.196000 30.866000 31.779000 29.374500 26.702500 26.931000 26.907500 26.875000 29.631500 27.830500 24.766000 27.324000 29.112000 26.211500 25.161500 27.330500 29.072500 27.731500 29.736000 30.472500 31.807000 33.999000 35.401000 36.193500 37.785500 39.849000 41.075000 42.131000 43.781000 45.627500 46.812500 48.268000 49.904000 51.500000 52.868000 54.609000 52.505500 52.291500 48.878000 48.456500 49.740000 47.500500 44.415500 45.685000 46.326500 42.800500 41.443500 43.707500 42.518000 38.855000 39.382500 41.349500 38.838000 35.870000 37.942500 39.249500 35.860500 34.507000 37.528000 37.388000 33.751000 34.482000 37.643500 35.910500 33.564500 36.595000 38.499500 36.010000 35.546500 38.794500 41.337500 44.106500 45.310000 47.242500 49.589500 52.095500 52.104500 52.506000 55.914000 57.604500 57.325000 53.709000 53.063500 54.538500 52.582500 49.270500 50.166500 50.963000 47.733000 45.799500 47.736500 47.499000 44.015000 42.716000 43.373500 47.159000 46.672500 44.211500 46.649000 49.606000 47.891000 46.843500 50.493500 51.687500 49.569500 50.778000 54.383000 54.136000 52.734500 55.647500 58.069500 56.401500 56.562000 60.165500 60.696500 60.937500 62.287500 63.927000 65.318000
10.263000 9.560500 9.234000 7.974000 10.776000 10.790000 13.447000 11.823000 8.944000 11.972500 14.234500 12.201500 12.045500 15.766500 16.552000 15.095000 17.150000 20.132000 19.776500 19.366500 19.881000 18.613500 19.122000 17.300000 14.172500 11.618000 7.898000 8.952000 10.845000 8.413000 6.358500 10.038000 11.102000 8.981000 9.848000 6.882500 6.465500 5.105500 5.405000 3.828500 0.000000 3.856500 5.465000 5.351000 6.069000 8.301000 10.238500 11.681000 14.653000 13.149000 11.579500 15.059000 16.811000 15.155000 16.049000 19.505500 20.307500 19.550000 21.935500 24.543500 24.294000 24.979000 27.931000 29.646000 32.390000 34.904500 37.237500 40.259500 43.294500 45.390500 48.606000 48.933000 49.346000 48.711500 46.561000 46.558500 45.028000 42.327000 41.372500 41.448000 39.224500 36.706000 36.641500 36.278000 33.456500 31.647000 32.206500 30.832000 27.650500 27.176000 28.118000 25.834500 23.102500 23.270000 23.144500 23.112500 25.851500 24.052500 21.002000 23.633000 25.436500 22.616500 21.668500 24.043000 25.850500 24.727000 26.985500 27.617000 28.690000 31.025000 32.564000 33.144000 34.635000 36.885500 38.110500 38.964500 40.643000 42.643000 43.734500 45.057500 46.808500 48.473500 49.698000 51.428500 49.257500 49.113500 45.758500 45.240500 46.400000 44.193500 41.107500 42.253000 42.838000 39.340000 37.930000 40.098000 38.891500 35.233500 35.706500 37.618500 35.113500 32.123500 34.169500 35.467500 32.085500 30.720000 33.759000 33.644000 30.023000 30.786000 33.984000 32.317000 30.031000 33.093500 35.057500 32.701000 32.304500 35.541500 38.194000 40.855500 41.950000 43.854500 46.137500 48.696500 48.674000 48.970500 52.343000 54.016000 53.663500 50.046500 49.462500 50.910000 48.895500 45.614500 46.572500 47.323500 44.055000 42.193500 44.181500 43.889000 40.372000 39.007000 39.705000 43.477500 42.931000 40.480000 42.967000 45.884500 44.148000 43.156500 46.824000 47.982000 45.907000 47.178000 50.756000 50.512500 49.192000 52.128500 54.520500 52.908000 53.151000 56.737500 57.271000 57.544000 58.920000 60.558500 61.954500
11.626500 11.891500 11.549500 10.832500 13.332000 12.661000 15.683000 14.750500 11.526500 13.859500 16.703500 14.951000 13.956000 17.618500 18.919500 17.116000 18.560500 21.914500 21.719500 20.739000 20.783000 18.882500 19.096500 17.894500 14.818000 11.825000 8.194500 9.795000 12.498500 10.616500 9.141000 12.832000 14.210500 12.582000 13.412000 10.355500 8.865000 6.103000 4.915000 5.539000 3.856500 0.000000 3.835500 5.404500 5.108000 5.610500 7.907000 10.283000 13.007000 11.700500 11.183000 14.642500 16.140500 15.197500 16.630500 19.683000 20.595000 20.533500 22.896000 25.189500 25.266500 26.380000 29.106500 30.544000 33.055500 35.583500 37.721500 40.639500 43.669500 45.713000 48.970000 49.364500 49.849500 49.163500 46.786500 46.857000 45.611500 42.795000 41.630000 41.964000 39.955000 37.176500 37.038000 37.051000 34.303500 32.158500 32.867000 31.898500 28.558000 27.827000 29.154000 27.222500 24.493500 24.445000 23.729000 23.694000 26.002500 23.852500 20.848000 23.358000 24.719500 21.550000 20.649500 22.724500 24.845500 23.890000 26.184500 27.311500 28.275000 30.262000 32.090500 32.943500 34.120000 36.251000 37.828000 38.707500 40.055500 42.125000 43.501500 44.675000 46.205000 48.087000 49.426000 50.906500 48.584000 48.156000 44.692000 44.037000 45.441500 43.434500 40.178000 41.314500 42.228500 38.822000 37.186000 39.507500 38.645000 34.894500 35.165500 37.374000 35.163500 31.986000 33.942500 35.618000 32.452500 30.806500 33.910500 34.215000 30.672500 31.169500 34.578500 33.298500 30.908000 33.760500 36.057000 33.918000 33.271000 36.352500 39.111000 41.724500 42.716000 44.474500 46.736000 49.256000 49.003000 49.252500 52.553000 54.430500 54.014500 50.345000 50.001000 51.593000 49.451500 46.224000 47.467500 48.239000 44.854500 43.206500 45.423000 45.050000 41.439000 39.823000 40.649000 44.336500 43.495500 40.987500 43.593000 46.343500 44.330000 43.382000 47.106500 48.000500 45.762000 47.197500 50.745500 50.220000 48.882000 51.968500 54.184000 52.360000 52.711000 56.335000 56.749000 57.009500 58.426500 60.046500 61.456500
9.435500 9.965000 9.316000 9.530500 12.064000 11.796500 15.302000 14.837000 12.187000 14.682000 17.644500 16.476500 15.938000 19.397500 20.896000 19.650000 21.109500 24.337000 24.449000 23.827500 23.751500 21.848500 22.432000 21.296500 18.016500 15.316000 11.709500 13.356500 15.781000 13.418000 11.742500 15.412500 16.442500 14.074000 14.897000 11.567000 10.417000 8.716000 6.201000 5.365500 5.465000 3.835500 0.000000 3.843000 5.906500 6.781000 10.015000 12.824500 14.907000 12.777500 12.695000 16.395000 17.146000 15.778500 17.801500 20.803500 21.046000 21.030000 23.847500 25.813000 25.443000 26.826500 29.750500 30.888500 33.396500 35.714500 37.668000 40.553000 43.504000 45.463500 48.755500 49.349500 50.039000 49.595500 47.287000 47.647000 46.356000 43.366000 42.449500 42.993500 40.797500 37.985000 38.209500 38.288500 35.301500 33.326000 34.397000 33.306000 29.837500 29.515000 31.032500 28.872500 26.467000 26.870000 26.264500 25.775000 28.087000 26.227500 22.949500 25.050500 26.645000 23.544500 22.100500 23.739000 25.468000 24.009500 25.842000 27.044000 28.469000 30.263500 31.796000 32.972000 34.371000 36.182000 37.705500 38.940000 40.280500 42.057500 43.562000 44.995000 46.342000 48.063500 49.650000 51.181000 49.031500 48.555000 45.023500 44.646000 46.209500 44.047500 40.870500 42.325000 43.243000 39.743000 38.349500 40.905500 39.988000 36.257000 36.834500 39.168500 36.873500 33.853000 36.095500 37.777500 34.612000 33.224500 36.494500 36.721500 33.267000 34.034000 37.443000 36.102500 33.926500 36.907500 39.127000 37.037500 36.573000 39.700000 42.486500 45.040000 45.966500 47.731500 49.921000 52.513000 52.283000 52.405500 55.652500 57.448000 56.888000 53.241000 52.963500 54.409500 52.160000 49.020500 50.244500 50.820500 47.404000 45.847000 47.929500 47.358500 43.767500 42.060000 42.611000 46.299500 45.586500 42.884500 45.285000 48.155000 46.153500 44.935500 48.599500 49.611500 47.205500 48.416500 52.049500 51.540500 49.954000 52.953500 55.274000 53.347000 53.461500 57.117000 57.563500 57.765500 59.129000 60.775500 62.190500
10.779500 10.039000 8.204500 7.186000 8.910500 8.096500 11.605500 11.505000 8.916000 11.193500 14.266000 13.609500 13.160500 16.349500 18.104000 17.356000 18.669500 21.748000 22.280500 22.042500 21.756000 20.002500 21.178500 20.057000 16.500500 14.461000 11.132500 13.393500 15.012000 11.977500 11.073500 14.777500 14.914000 12.400500 14.109000 11.381000 11.438000 10.124000 8.852500 6.861500 5.351000 5.404500 3.843000 0.000000 3.847000 6.533500 9.498000 11.649000 13.462500 10.812000 10.167000 13.941000 14.497500 12.577000 14.583000 17.703500 17.693000 17.443500 20.396500 22.357000 21.800500 23.143000 26.149500 27.301500 29.884500 32.178000 34.198000 37.128000 40.085000 42.077000 45.349500 45.914500 46.583500 46.187000 43.988500 44.369500 42.950500 39.970000 39.197500 39.688000 37.363000 34.638000 35.000000 34.966000 31.877500 30.074500 31.239000 29.983500 26.508000 26.454000 27.973500 25.639000 23.453000 24.227500 23.833500 22.993000 25.452500 23.974500 20.502000 22.414000 24.400500 21.605000 19.855000 21.576000 22.947500 21.289500 23.092500 23.953500 25.467000 27.489500 28.824000 29.834000 31.446000 33.322000 34.619000 35.857000 37.408000 39.126500 40.458000 42.002500 43.479500 45.054500 46.584500 48.277000 46.247500 45.972000 42.516500 42.288000 43.686000 41.347000 38.309000 39.845000 40.529000 36.942500 35.772500 38.306500 37.156000 33.488000 34.322000 36.536000 34.046500 31.209000 33.666500 35.161000 31.913000 30.835500 34.202500 34.209000 30.825500 31.935500 35.266000 33.793500 31.904500 35.072000 37.137000 35.147000 34.994000 38.180500 41.027000 43.433500 44.243000 46.043000 48.118500 50.820500 50.685500 50.634000 53.832500 55.449500 54.749500 51.152000 50.868500 52.111500 49.794000 46.733500 47.868500 48.249500 44.838000 43.328500 45.252000 44.524000 40.973000 39.252500 39.588000 43.291000 42.747500 39.952500 42.199500 45.188500 43.312000 41.944500 45.555500 46.742500 44.353500 45.394500 49.072000 48.725000 47.068500 49.957000 52.410000 50.587500 50.576500 54.216000 54.753500 54.960500 56.298000 57.971000 59.390500
14.092500 13.411000 11.720000 9.938500 11.033500 9.100500 12.034000 12.087000 8.719000 10.054500 13.471500 12.701500 11.234000 14.418500 16.528000 15.340500 16.110000 19.489000 20.143500 19.468000 18.800000 16.689500 17.819500 17.097000 13.523000 11.541500 8.639500 11.637500 13.234500 10.434000 10.533000 14.277500 14.348500 12.705000 14.836500 12.545500 12.442500 10.216000 9.798500 8.951500 6.069000 5.108000 5.906500 3.847000 0.000000 3.829000 6.009500 7.895500 9.788500 7.517500 6.881000 10.597000 11.539500 10.284000 12.130000 15.076500 15.678500 15.812500 18.360000 20.397000 20.438000 21.813500 24.493000 25.726500 28.177500 30.662000 32.742000 35.645000 38.669000 40.714000 43.970000 44.387000 44.914500 44.290500 41.926500 42.117500 40.873000 37.968000 36.897000 37.361500 35.285500 32.445500 32.505500 32.624500 29.744000 27.631500 28.639500 27.694500 24.204000 23.743000 25.387000 23.406000 21.051500 21.505500 20.719000 20.033500 22.279500 20.536000 17.166500 19.240500 20.967000 18.035500 16.560000 18.515000 20.267000 19.088000 21.347500 22.329000 23.364500 25.434500 27.152500 27.974000 29.265000 31.383000 32.864500 33.798500 35.232000 37.232000 38.562000 39.827500 41.379000 43.172500 44.536000 46.094500 43.871000 43.546000 40.110500 39.628000 40.972500 38.804500 35.649000 36.955000 37.738500 34.242000 32.824000 35.261500 34.266500 30.540000 31.120500 33.378000 31.048500 28.038000 30.332000 31.984000 28.830000 27.519500 30.871000 31.105000 27.736500 28.657500 32.098500 30.863000 28.903000 31.948500 34.211000 32.393500 32.122000 35.205000 38.144000 40.472000 41.188500 42.904500 44.950500 47.638500 47.384500 47.293000 50.456500 52.173000 51.459000 47.832000 47.660000 48.999500 46.637500 43.586000 44.886500 45.324000 41.854500 40.447000 42.552500 41.838000 38.219500 36.385500 36.919500 40.577000 39.812500 37.080500 39.504500 42.345000 40.329000 39.134000 42.813500 43.815000 41.455500 42.712000 46.325500 45.855500 44.356000 47.368000 49.683000 47.854000 48.052500 51.687500 52.164500 52.414500 53.813500 55.468500 56.897500
15.852000 15.864000 14.540500 13.274000 14.490500 12.448000 15.360500 15.617500 12.179000 13.070000 16.579500 15.741500 13.748500 16.822000 19.088000 17.465000 17.804000 21.412500 22.005000 20.769500 19.817000 17.203000 17.870000 17.689000 14.398500 12.020000 9.434000 12.428500 14.650500 12.567500 12.671500 16.360000 16.935000 15.701500 17.500500 14.995000 14.095500 11.164000 10.303500 10.668500 8.301000 5.610500 6.781000 6.533500 3.829000 0.000000 3.829000 7.076500 8.588000 6.935500 7.831000 11.079000 11.854500 11.682500 13.807500 16.181500 17.047000 17.855000 20.166500 21.921000 22.371500 24.032500 26.406000 27.423500 29.613500 32.111500 34.017000 36.790000 39.791500 41.789000 45.052000 45.496000 46.048000 45.330000 42.745000 42.942000 41.993500 39.040000 37.713500 38.378000 36.572500 33.520000 33.417000 33.881500 31.170000 28.722000 29.761000 29.245500 25.707000 24.892000 26.806500 25.246000 22.834000 22.928500 21.589000 21.076000 22.841000 20.676500 17.528500 19.534500 20.661500 17.358500 16.114500 17.770500 19.969500 19.128000 21.481000 22.993500 23.792000 25.479000 27.555000 28.597000 29.485500 31.517500 33.371500 34.251500 35.324500 37.443000 39.036000 40.084000 41.432000 43.474500 44.899000 46.181500 43.773500 43.160500 39.636500 38.947000 40.517000 38.606500 35.267500 36.484500 37.614500 34.261500 32.553500 35.080000 34.467000 30.673500 30.953500 33.469000 31.487000 28.274500 30.368000 32.383000 29.478500 27.825000 31.149000 31.808500 28.523000 29.085000 32.686500 31.831500 29.714500 32.491000 35.053500 33.405500 32.843000 35.752500 38.746000 41.053000 41.707500 43.285000 45.333500 47.942500 47.471500 47.388500 50.493000 52.424000 51.704000 48.035000 48.061000 49.579500 47.149000 44.130500 45.688500 46.211500 42.667000 41.426500 43.766000 43.053500 39.369500 37.354500 38.086000 41.638000 40.567000 37.859500 40.434500 43.063500 40.789000 39.720000 43.445500 44.151000 41.684000 43.154500 46.696500 45.942000 44.491500 47.661500 49.763500 47.750500 48.112500 51.764000 52.107000 52.348500 53.790500 55.414500 56.847500
18.877000 18.719500 17.414500 15.662000 16.587500 14.135500 16.458500 16.674500 13.003500 13.182000 16.578000 15.618500 12.930500 15.757500 18.138500 16.132000 15.920500 19.667500 20.293000 18.621500 17.328000 14.388500 14.871500 15.180000 12.108500 9.912500 8.311000 11.660000 13.648500 12.088000 13.033000 16.403000 16.887500 16.422500 18.432500 16.416000 15.580000 12.348000 12.373500 13.146000 10.238500 7.907000 10.015000 9.498000 6.009500 3.829000 0.000000 3.841000 5.613500 5.523500 6.512000 8.928000 10.325500 11.086000 12.664000 14.667000 16.227500 17.288000 19.024000 20.857000 21.877000 23.424000 25.427500 26.567500 28.620500 31.283500 33.261000 35.989000 39.025500 41.065000 44.273000 44.547500 44.928500 43.974000 41.271000 41.235000 40.435500 37.620000 36.009000 36.581000 35.039000 31.950000 31.502500 32.063000 29.624500 26.922500 27.710500 27.497500 24.058500 22.797000 24.733500 23.575500 21.014000 20.701000 18.973500 18.750500 20.241500 17.749000 14.883000 17.114000 17.844500 14.397500 13.696500 15.687000 18.339000 18.136500 20.929500 22.444500 22.690000 24.441000 26.858000 27.620500 28.175500 30.471000 32.441500 32.964500 33.946500 36.346000 37.869500 38.620500 40.078000 42.309500 43.518000 44.684000 42.096500 41.476000 38.019000 37.051000 38.509000 36.790500 33.365000 34.283500 35.477500 32.254500 30.283500 32.633500 32.169000 28.360000 28.322000 30.819000 29.018500 25.641500 27.484000 29.625000 26.837500 24.914500 28.152500 29.037500 25.784500 26.095000 29.768500 29.154000 26.953000 29.557500 32.294500 30.812000 30.115000 32.897000 35.947500 38.181000 38.765000 40.258500 42.284500 44.856000 44.280000 44.185500 47.264500 49.288000 48.588000 44.899500 45.003500 46.626000 44.191500 41.173500 42.865500 43.475000 39.908500 38.741000 41.245000 40.594000 36.876500 34.805000 35.762000 39.249000 37.973000 35.387500 38.141000 40.602000 38.227000 37.380000 41.151500 41.675500 39.296500 40.991500 44.440000 43.593500 42.347500 45.619000 47.577500 45.606000 46.195000 49.816000 50.102000 50.393000 51.891500 53.488500 54.922500
21.169500 20.560500 19.133500 16.770000 17.279000 14.549500 16.086500 16.173500 12.487000 11.923500 14.974000 13.969500 10.721000 13.156500 15.589000 13.399500 12.656000 16.438500 17.195000 15.349500 13.735000 10.668500 11.384500 11.985000 8.943500 7.545500 7.356500 10.956000 12.071000 10.769000 12.747000 15.630500 15.649500 15.895500 18.276500 16.970500 16.634000 13.580500 14.542500 15.108000 11.681000 10.283000 12.824500 11.649000 7.895500 7.076500 3.841000 0.000000 3.847000 5.508000 5.057500 6.217000 8.745500 9.933000 10.466000 12.324000 14.607500 15.513000 16.623500 18.739500 20.186500 21.386500 23.113500 24.540500 26.594500 29.425000 31.596500 34.345500 37.424000 39.543000 42.672000 42.730000 42.898000 41.742500 39.062500 38.751000 37.915500 35.301500 33.540000 33.858000 32.440000 29.464000 28.717500 29.145000 26.922500 24.152000 24.603500 24.460000 21.184000 19.604000 21.378500 20.444000 17.730000 17.142000 15.285500 15.309000 16.829000 14.225500 11.521500 14.159500 14.885000 11.596500 11.453000 14.136500 16.923500 17.229500 20.414500 21.536000 21.297000 23.388000 25.915500 26.190000 26.644000 29.292500 31.117500 31.263000 32.398000 35.023500 36.273500 36.837000 38.564500 40.824000 41.740000 42.970000 40.319000 39.906500 36.603500 35.479500 36.631500 34.943500 31.569500 32.205000 33.202500 30.030500 27.977500 30.040500 29.457000 25.682500 25.494000 27.763000 25.910500 22.480500 24.176500 26.192000 23.345000 21.345000 24.522500 25.359000 22.069000 22.355500 26.020500 25.418000 23.236500 25.856500 28.594500 27.202500 26.573500 29.337500 32.439000 34.589000 35.118500 36.615500 38.609000 41.213000 40.678000 40.549500 43.643000 45.613000 44.928000 41.243000 41.295000 42.905000 40.501500 37.455500 39.125000 39.766500 36.215000 35.016500 37.553000 36.960500 33.240000 31.219500 32.305500 35.796000 34.497000 32.031500 34.891500 37.312000 35.005000 34.326500 38.122000 38.652000 36.455500 38.254000 41.645000 40.904000 39.858500 43.128000 45.077500 43.292500 44.019500 47.587000 47.909000 48.262500 49.790000 51.378500 52.809500
23.590500 22.972000 21.172500 18.825500 18.779500 15.578500 16.975000 17.835000 14.412500 13.063000 16.302000 16.096000 12.681500 14.330500 17.341000 15.628500 14.124500 17.757000 19.156000 17.376000 15.044000 11.617500 12.844500 14.276500 11.456500 10.866000 11.038500 14.673000 15.575000 14.088000 16.249000 19.160500 18.821500 18.936000 21.594000 20.283000 20.067000 17.036500 17.578000 17.976000 14.653000 13.007000 14.907000 13.462500 9.788500 8.588000 5.613500 3.847000 0.000000 3.838500 5.392500 5.075000 6.294000 8.730500 9.845000 10.611000 12.775000 14.554000 15.546500 16.994000 18.754000 20.439500 21.803000 22.783500 24.500000 27.261000 29.184500 31.790500 34.825500 36.877000 40.006500 40.125500 40.373500 39.223500 36.383000 36.220000 35.635500 32.889000 31.024500 31.664000 30.407500 27.200500 26.539500 27.390500 25.190500 22.188000 23.009000 23.277500 19.863500 18.302000 20.647500 20.046000 17.822000 17.512500 15.177000 14.572500 15.426000 12.954500 10.118500 11.958000 12.418500 8.958000 8.282000 10.550500 13.497500 14.033500 17.284500 18.724000 18.283000 20.079500 22.824500 23.258000 23.444500 25.994500 28.050500 28.212000 29.104000 31.753500 33.191000 33.670000 35.231000 37.607500 38.616500 39.691000 36.987000 36.420000 33.055500 31.929500 33.235000 31.603000 28.156000 28.902000 30.090000 26.944500 24.849000 27.145000 26.781000 22.964000 22.836500 25.426000 23.781000 20.362500 22.253000 24.585000 22.024500 20.117500 23.501000 24.634500 21.687000 22.109000 25.851000 25.618000 23.806000 26.319000 29.180500 28.234500 27.750500 30.318500 33.536000 35.387500 35.624000 36.955500 38.731000 41.397500 40.702000 40.269500 43.161500 45.133000 44.169000 40.517500 40.889500 42.384000 39.735500 36.915000 38.819000 39.199000 35.541500 34.722500 37.292500 36.377500 32.644500 30.280000 31.206500 34.548000 33.087000 30.417000 33.189500 35.517500 32.992000 32.152500 35.929000 36.318500 33.891000 35.679500 39.081000 38.149000 36.963500 40.292000 42.167500 40.206000 40.907000 44.508000 44.777500 45.110500 46.655000 48.256000 49.712000
21.289500 20.522000 18.389000 16.147500 15.829000 12.525000 14.263500 15.580500 12.385000 11.171500 14.786000 15.082000 12.181000 13.954000 17.164000 16.076500 15.036500 18.535500 20.165000 19.013500 16.940500 13.934500 15.649000 16.471500 13.147500 12.443000 11.621000 15.381500 16.304000 14.018500 15.797500 19.055000 18.460500 17.850500 20.661000 19.115000 19.178000 16.491000 16.540500 16.299500 13.149000 11.700500 12.777500 10.812000 7.517500 6.935500 5.523500 5.508000 3.838500 0.000000 3.836000 5.484500 5.188500 6.374500 8.754000 10.056000 11.163000 12.864000 14.724500 15.983500 17.060000 19.056500 20.876000 21.635000 23.530500 26.116000 27.962500 30.653500 33.672500 35.695500 38.912500 39.241500 39.705000 38.853500 36.155500 36.318500 35.534000 32.572000 31.094000 31.890500 30.260000 27.058500 26.916500 27.672500 25.051000 22.372000 23.644500 23.512500 19.876000 19.018500 21.455000 20.290000 18.377500 18.787500 16.990500 15.750000 17.013000 15.210000 11.813500 13.137000 14.413000 11.375000 9.488500 11.172500 13.295000 12.789500 15.608500 17.019000 17.316500 19.139500 21.460500 22.229000 22.910500 25.171500 27.056500 27.684500 28.755500 31.054000 32.555500 33.449000 34.909500 37.028000 38.306500 39.573500 37.121000 36.619000 33.169000 32.462500 33.875500 31.916000 28.607000 29.811500 30.848500 27.475500 25.817500 28.390000 27.755000 23.959500 24.399500 27.010500 25.056000 21.935000 24.296500 26.415500 23.689000 22.289000 25.851000 26.628500 23.691000 24.598500 28.231000 27.674500 26.103500 28.906000 31.515500 30.441500 30.244500 32.988500 36.179000 38.043500 38.301000 39.733000 41.470000 44.226500 43.673000 43.156500 46.039000 47.830000 46.755000 43.150500 43.463000 44.738500 42.038000 39.274500 41.008000 41.172500 37.526500 36.681000 38.997000 37.900500 34.211500 31.859500 32.392000 35.813500 34.654500 31.752500 34.229000 36.813500 34.431500 33.215500 36.920500 37.593500 35.019500 36.452500 40.005000 39.223500 37.723000 40.898000 43.002500 40.998000 41.358000 45.009500 45.374500 45.642500 47.115000 48.766500 50.232000
20.391500 19.138500 17.009500 14.219000 13.770500 10.522500 11.693500 12.532500 9.244000 7.823000 11.272500 11.374500 8.396500 10.314000 13.415000 12.423000 11.641500 15.098000 16.679500 15.871000 14.095000 11.593000 13.677500 13.893000 10.312500 10.099000 9.440500 13.177000 13.416000 10.852000 13.089500 16.076500 15.058500 14.658500 17.731500 16.692500 17.303000 15.007000 15.777500 15.119000 11.579500 11.183000 12.695000 10.167000 6.881000 7.831000 6.512000 5.057500 5.392500 3.836000 0.000000 3.850000 5.499500 5.157000 6.228000 8.718500 10.265000 10.898000 12.660500 14.710500 15.634500 17.001000 19.086000 20.406500 22.672500 25.402000 27.612000 30.477000 33.561500 35.699500 38.871000 39.037000 39.331000 38.426000 35.951000 35.890000 34.772000 32.002000 30.651000 31.025500 29.196000 26.288000 26.047000 26.298500 23.642500 21.238000 22.143500 21.548500 18.032500 17.242000 19.183500 17.649000 15.449500 15.931000 14.683500 13.609000 15.603000 14.030000 10.497500 12.480000 14.380500 11.789500 10.300500 12.848500 14.660000 14.149000 17.081500 17.716000 17.971500 20.400500 22.436500 22.689000 23.707500 26.271500 27.720000 28.161000 29.666000 32.001500 33.096500 34.063500 35.876500 37.800000 38.839000 40.384000 38.036000 37.892500 34.612500 33.948500 34.987000 32.862500 29.733000 30.784500 31.407500 27.953500 26.456500 28.708500 27.651000 23.925500 24.462000 26.636000 24.306500 21.277500 23.636500 25.301000 22.217000 20.991500 24.477000 24.797500 21.621500 22.747000 26.236000 25.256500 23.667000 26.719500 29.067500 27.739000 27.727000 30.657000 33.782000 35.741000 36.134500 37.731000 39.544500 42.338500 42.014000 41.609000 44.624000 46.252500 45.311500 41.718500 41.737000 42.942000 40.403500 37.502500 38.955500 39.192500 35.638500 34.500000 36.666500 35.731000 32.072000 30.006000 30.537000 34.120500 33.224000 30.443500 32.925500 35.685500 33.601000 32.458500 36.168500 37.105500 34.797500 36.155000 39.726000 39.269500 37.907000 40.958000 43.228000 41.517000 41.861500 45.460500 45.949500 46.264500 47.716000 49.375500 50.822500
24.098500 22.764500 20.601500 17.623500 16.811000 13.392000 13.750000 14.768000 11.823000 9.438000 12.254000 12.677000 9.189000 9.907000 13.299000 12.335000 10.413500 13.732500 15.793500 14.755500 12.203000 9.385000 11.960500 12.987500 9.893000 10.769500 11.406500 15.030000 14.735500 12.713000 15.598500 18.097000 16.787000 17.053000 20.277500 19.698000 20.408500 18.038000 19.149500 18.704000 15.059000 14.642500 16.395000 13.941000 10.597000 11.079000 8.928000 6.217000 5.075000 5.484500 3.850000 0.000000 3.843500 5.411500 5.023000 6.153500 8.832500 9.986500 10.698000 12.631500 14.398500 15.679500 17.120500 18.478000 20.489000 23.376500 25.626500 28.405500 31.504000 33.676500 36.763000 36.741500 36.857000 35.720000 33.134500 32.855500 31.893500 29.256000 27.626000 27.936500 26.382500 23.418000 22.850500 23.258000 20.882000 18.175500 18.917000 18.727000 15.279000 14.031500 16.218000 15.234500 13.158000 13.443500 11.650000 10.393000 11.975500 10.374500 6.794500 8.797000 10.644500 8.305000 7.093500 10.215500 12.211500 12.496500 15.862500 16.313500 15.833000 18.402500 20.729000 20.562500 21.237000 24.109500 25.594500 25.617500 27.084000 29.692000 30.648500 31.323500 33.288000 35.354000 36.147500 37.616500 35.137000 35.067000 31.905500 31.036000 31.878500 29.871000 26.729500 27.517500 28.093000 24.732500 23.074500 25.154500 24.143000 20.408000 20.775000 22.917000 20.680000 17.551500 19.858000 21.616000 18.645500 17.350500 20.900500 21.399000 18.391000 19.530500 23.067500 22.376500 21.002500 23.943500 26.400000 25.447000 25.522000 28.269000 31.488500 33.199500 33.373000 34.854000 36.521000 39.354500 38.945000 38.359500 41.272000 42.894000 41.830500 38.250000 38.419500 39.592500 36.947500 34.141000 35.746000 35.900000 32.287500 31.351500 33.620500 32.577000 28.886500 26.644500 27.267500 30.766500 29.694000 26.924500 29.514500 32.150000 29.964500 28.937500 32.685000 33.497500 31.236000 32.745000 36.253500 35.748000 34.534000 37.650500 39.829000 38.181500 38.692000 42.257000 42.729000 43.094000 44.591000 46.239500 47.695000
24.948500 23.641500 21.126000 18.365000 17.084500 13.385000 13.865000 15.767500 13.253500 10.627000 13.684000 14.936000 11.894000 12.191500 15.878000 15.546000 13.600000 16.568000 19.028500 18.294000 15.584500 12.834500 15.514500 16.737000 13.660000 14.364500 14.519000 18.253500 18.184000 15.808000 18.376000 21.144500 19.710500 19.454500 22.779500 21.938500 22.684000 20.370000 20.902000 20.198500 16.811000 16.140500 17.146000 14.497500 11.539500 11.854500 10.325500 8.745500 6.294000 5.188500 5.499500 3.843500 0.000000 3.843000 5.516000 5.225000 6.605000 8.984500 10.260500 11.107000 12.716000 14.825000 16.181000 16.834000 18.593000 21.280500 23.211000 25.906500 28.961500 31.053500 34.213500 34.401500 34.751000 33.822000 31.157000 31.257500 30.429500 27.499500 26.025000 26.793500 25.159500 21.948000 21.848500 22.654500 20.020000 17.310000 18.787500 18.771000 15.079000 14.416500 17.201500 16.215000 14.926000 15.862500 14.053500 11.934500 12.947000 11.992000 8.341500 8.700500 10.740000 8.696000 5.898000 7.892000 9.273500 8.974000 12.216000 12.969000 12.792000 15.115500 17.404000 17.652000 18.402000 20.987000 22.615500 22.991000 24.325500 26.729000 27.941500 28.814000 30.533500 32.560500 33.641000 35.073000 32.695500 32.497000 29.203000 28.607500 29.693000 27.529500 24.395000 25.613500 26.301000 22.816000 21.414500 23.931000 22.990500 19.245000 20.060500 22.543500 20.366500 17.502500 20.253500 22.184000 19.482500 18.601000 22.335000 22.925000 20.320000 21.751500 25.221500 24.710500 23.749000 26.650500 29.066500 28.395500 28.658000 31.295500 34.544500 36.042000 36.008500 37.388000 38.858500 41.750000 41.265500 40.411500 43.129500 44.674000 43.330000 39.825500 40.247500 41.218000 38.355000 35.800000 37.515000 37.337500 33.673000 33.069500 35.215000 33.800500 30.168500 27.644500 27.878500 31.238000 30.192500 27.114000 29.409500 32.085500 29.778000 28.360000 32.023500 32.857000 30.272000 31.542500 35.148500 34.533000 32.975000 36.055500 38.295500 36.432000 36.700000 40.334000 40.809500 41.108500 42.574500 44.265500 45.751000
22.687500 21.008000 18.265500 15.333500 13.640000 9.908000 10.147500 12.332500 10.249500 7.494000 10.658500 12.405000 10.039500 10.366000 14.031000 14.350500 13.073000 15.777500 18.274500 18.224500 16.041500 13.957500 16.883500 17.311500 13.893500 14.599000 14.166000 17.763500 17.424000 14.464500 16.826500 19.595500 17.790500 17.056500 20.541500 19.823500 21.046500 19.260500 19.784500 18.433500 15.155000 15.197500 15.778500 12.577000 10.284000 11.682500 11.086000 9.933000 8.730500 6.374500 5.157000 5.411500 3.843000 0.000000 3.847500 5.516500 5.485500 6.609500 9.063500 10.373000 10.915500 12.879000 15.011500 15.881000 18.129500 20.712000 22.828500 25.718500 28.783500 30.913000 34.108500 34.382500 34.814500 34.131500 31.776000 32.010000 30.772000 27.811000 26.803000 27.394500 25.287500 22.350000 22.656500 22.976500 19.956500 17.838000 19.402000 18.643000 14.913500 15.009000 17.381500 15.592000 14.405500 15.969500 15.037000 12.721000 14.574500 14.186000 10.372500 10.919500 13.686500 12.091500 9.381000 11.220500 11.707500 10.389000 12.976000 13.060000 13.709500 16.384500 17.954500 18.177000 19.645000 22.083500 23.217500 23.913000 25.675000 27.739000 28.729000 30.017500 31.848500 33.498500 34.657500 36.420000 34.344500 34.411000 31.187000 30.954500 31.901500 29.414500 26.553000 28.010000 28.325500 24.678000 23.748000 26.212500 24.817000 21.227000 22.484500 24.640000 22.030000 19.519000 22.490500 23.930500 20.905500 20.484500 24.187000 24.216500 21.465500 23.297000 26.560000 25.527000 24.670000 27.888000 29.948000 28.972500 29.500500 32.370000 35.521000 37.130500 37.241000 38.799500 40.322500 43.268500 43.027500 42.240500 45.048000 46.382000 45.089000 41.633000 41.798000 42.592500 39.839500 37.225000 38.612000 38.362000 34.800500 33.952000 35.798500 34.397000 30.848500 28.583500 28.522000 32.033500 31.416000 28.294000 30.339500 33.313000 31.347000 29.716500 33.285000 34.507500 32.020000 32.949000 36.650500 36.368500 34.672500 37.520000 40.027000 38.329000 38.315500 41.927000 42.548000 42.822500 44.204500 45.925500 47.393500
24.229500 22.273500 19.709000 16.368000 14.627500 11.166000 10.337000 11.873500 9.988500 6.529500 8.733000 10.467000 7.819000 7.144000 10.935000 11.468000 9.750500 12.165000 14.933000 15.121500 12.858000 11.293000 14.630500 14.922000 11.780000 13.384000 13.731000 17.061500 15.966000 13.270500 16.245000 18.419500 16.190000 16.123000 19.774500 19.727500 21.293000 19.698000 20.918500 19.589000 16.049000 16.630500 17.801500 14.583000 12.130000 13.807500 12.664000 10.466000 9.845000 8.754000 6.228000 5.023000 5.516000 3.847500 0.000000 3.835500 5.566000 5.242000 6.495500 8.969000 10.044500 11.016500 12.985000 14.618000 17.083500 19.934500 22.439500 25.406000 28.518500 30.760500 33.833000 33.815000 33.947000 33.030000 30.806500 30.642500 29.206500 26.560500 25.452500 25.553000 23.468000 20.813000 20.736500 20.619000 17.787000 15.751500 16.740500 15.731000 12.172500 12.028000 13.972500 12.077000 10.636000 12.257000 11.683500 9.382000 11.817000 11.751000 8.072000 9.175500 12.361500 11.392000 9.480000 12.160500 12.692500 12.101500 14.966500 14.346500 14.356000 17.524000 19.065500 18.527500 19.975500 22.853500 23.653000 23.847500 25.912500 28.202000 28.744000 29.846500 32.066000 33.667500 34.427500 36.338500 34.242500 34.627000 31.641000 31.245500 31.762000 29.288500 26.569000 27.649000 27.612000 24.023000 23.077500 25.080000 23.379000 19.888000 21.036500 22.726000 19.862500 17.388500 20.230000 21.273000 17.984000 17.684500 21.275000 20.968500 18.092500 20.112500 23.225500 21.960000 21.203000 24.546000 26.417000 25.414000 26.134000 29.041000 32.156000 33.721500 33.846500 35.477000 36.998500 39.972000 39.875000 39.123500 41.994500 43.208000 42.005500 38.567000 38.542000 39.292000 36.655000 33.953000 35.172500 34.986500 31.486000 30.460500 32.249500 30.977500 27.433000 25.360500 25.401000 29.024500 28.529000 25.575500 27.729500 30.765000 29.016500 27.590000 31.187500 32.539000 30.365500 31.368500 35.012000 34.973000 33.552000 36.341500 38.892500 37.501000 37.633000 41.155500 41.848500 42.198500 43.594000 45.297000 46.744000
27.646000 25.801000 23.138500 19.912500 17.983000 14.390000 13.462500 15.400000 13.743500 10.204000 12.026000 13.997000 11.260000 9.894500 13.626000 14.204000 11.694000 13.720500 16.883500 16.853500 13.945000 12.122000 15.592000 16.663000 13.989000 15.891000 16.711500 20.127000 19.063000 16.702500 19.811000 21.922500 19.716000 19.861500 23.505000 23.458500 24.881500 23.062500 24.168000 23.041500 19.505500 19.683000 20.803500 17.703500 15.076500 16.181500 14.667000 12.324000 10.611000 10.056000 8.718500 6.153500 5.225000 5.516500 3.835500 0.000000 3.845000 5.475000 5.300500 6.551000 8.821000 10.323000 11.306000 12.457500 14.449500 17.394000 19.743000 22.576000 25.689000 27.919500 30.958500 30.876500 30.970000 29.926500 27.510500 27.350000 26.171500 23.460500 22.123500 22.457000 20.619000 17.693000 17.550000 17.895000 15.181500 12.722000 14.078000 13.700500 9.987000 9.721500 12.473000 11.331000 10.688000 12.381000 11.178000 8.126000 9.547000 10.043000 6.553000 6.138000 9.587000 9.380000 7.077500 9.420000 9.487000 9.418500 12.523000 11.788000 11.106500 14.336500 16.126500 15.339000 16.474000 19.528000 20.442500 20.393500 22.351500 24.811500 25.368000 26.280000 28.513000 30.249500 30.935000 32.738500 30.555500 30.929000 27.984000 27.538000 27.998500 25.552500 22.825500 23.888000 23.861500 20.276500 19.330500 21.416500 19.786500 16.254500 17.543000 19.406000 16.653500 14.250500 17.351500 18.603500 15.625500 15.538500 19.281000 19.250000 16.850500 18.997000 22.092000 21.283500 20.955000 24.074000 26.049500 25.579000 26.405500 29.029500 32.219500 33.443500 33.258000 34.695500 35.972000 38.985500 38.738000 37.684000 40.337500 41.530500 40.061500 36.679000 36.962000 37.592500 34.727000 32.271500 33.729000 33.285000 29.696000 29.089000 30.931500 29.338000 25.799000 23.353500 23.259500 26.703000 26.012000 22.865500 24.966500 27.894500 25.940000 24.386000 27.995000 29.220500 26.880000 27.910000 31.563500 31.391500 29.912500 32.769000 35.260500 33.789000 33.955000 37.497000 38.166000 38.531500 39.960500 41.678500 43.155000
27.405500 25.436000 22.466500 19.413500 16.976000 13.369500 12.337000 15.041000 14.025000 10.534500 12.391000 15.086500 13.056000 11.711000 15.407000 16.604000 14.597000 16.332000 19.583500 20.004500 17.370000 15.754000 19.213500 20.017000 17.090000 18.688500 18.909000 22.374000 21.440500 18.622000 21.361000 23.679000 21.310500 20.849500 24.556500 24.350000 25.966500 24.412000 25.109000 23.556500 20.307500 20.595000 21.046000 17.693000 15.678500 17.047000 16.227500 14.607500 12.775000 11.163000 10.265000 8.832500 6.605000 5.485500 5.566000 3.845000 0.000000 3.848500 5.496000 5.212500 6.208500 8.829000 10.291500 10.686500 12.775000 15.407000 17.564500 20.472500 23.555500 25.739000 28.879500 29.064000 29.448000 28.784500 26.515000 26.830500 25.510000 22.493500 21.669000 22.346000 20.108000 17.161500 17.832000 18.236000 15.027000 13.119500 15.268000 14.554500 10.786000 11.732000 14.526000 12.916500 13.031500 15.389500 14.661000 11.333500 12.646500 13.628000 10.275000 9.123000 12.508500 12.424000 9.381000 10.528500 9.413000 7.973500 10.240500 9.055500 9.398500 12.659000 13.781500 13.358500 15.160500 17.787500 18.448000 18.998500 21.133500 23.130000 23.770500 25.173500 27.235000 28.663500 29.679000 31.666500 29.796500 30.222500 27.222000 27.278500 27.875500 25.093500 22.594500 24.209500 24.054000 20.301000 19.946000 22.367000 20.559500 17.231000 19.165000 21.092500 18.236500 16.393500 19.838500 20.937500 18.123000 18.569500 22.296000 22.061500 19.937000 22.370500 25.270500 24.335000 24.289000 27.484500 29.248000 28.784000 29.815000 32.473500 35.609500 36.766000 36.531000 37.979000 39.151000 42.206000 42.026500 40.836000 43.380000 44.407500 42.769000 39.495000 39.830000 40.216000 37.272000 34.999500 36.349000 35.619000 32.093000 31.612500 33.166000 31.307500 27.924500 25.454500 24.851500 28.196500 27.801000 24.422500 26.052000 29.153000 27.329500 25.310500 28.721000 30.192500 27.644000 28.213500 31.981500 31.917000 30.040000 32.686500 35.387500 33.828500 33.583500 37.156500 37.916500 38.203500 39.542000 41.309500 42.795000
26.420000 24.083000 21.136500 17.821000 15.123500 11.864000 9.914500 12.398500 12.060000 8.408500 9.351000 12.474500 11.142500 9.264000 12.664500 14.540500 12.994000 14.189500 17.471500 18.542000 16.407000 15.555000 19.164000 19.320500 16.400000 18.266000 18.424000 21.559000 20.141000 17.165500 19.922000 21.866500 19.087500 18.616500 22.409500 22.649000 24.731500 23.660000 24.683500 22.764500 19.550000 20.533500 21.030000 17.443500 15.812500 17.855000 17.288000 15.513000 14.554000 12.864000 10.898000 9.986500 8.984500 6.609500 5.242000 5.475000 3.848500 0.000000 3.842000 5.462500 5.068000 6.358500 8.894500 10.274000 13.067000 15.700000 18.282500 21.351500 24.417500 26.674000 29.725500 29.794000 30.043500 29.442000 27.556500 27.697500 25.901000 23.134000 22.654500 22.801500 20.190500 17.788500 18.498000 18.108500 14.746000 13.565000 15.235000 13.606000 10.073000 11.564000 13.503000 11.028500 11.158000 14.028500 14.251000 11.069500 13.314000 14.613500 11.365000 10.987000 14.688000 14.769000 12.276500 14.011500 13.050000 11.628000 13.544000 11.767000 12.364500 15.839500 16.417000 15.583500 17.810500 20.473500 20.563000 21.044000 23.606000 25.445000 25.642000 27.216000 29.550500 30.657000 31.477500 33.769000 32.115000 32.882500 30.088000 30.250500 30.530000 27.613500 25.390000 26.876500 26.308000 22.571500 22.458000 24.499500 22.258000 19.167000 21.177500 22.560500 19.315500 17.728000 21.078500 21.580500 18.390500 19.145000 22.684500 21.843500 19.515000 22.243000 24.876500 23.391000 23.415500 26.871000 28.247000 27.481000 28.770000 31.614500 34.621500 35.880500 35.804500 37.436000 38.682000 41.762000 41.850500 40.794000 43.466500 44.292000 42.805500 39.576000 39.567500 39.836000 37.097000 34.698000 35.671000 34.983500 31.608500 30.776000 32.056000 30.355500 27.065500 24.997500 24.269000 27.799500 27.829500 24.606500 26.119500 29.461500 28.068500 26.094000 29.418000 31.243000 29.021500 29.409000 33.160500 33.492000 31.737000 34.157000 37.045000 35.809500 35.478500 38.945500 39.836500 40.147000 41.422500 43.180500 44.624500
29.448000 27.109000 24.328500 20.868000 18.345500 15.199500 13.009500 14.923500 14.484000 10.694500 10.907000 13.680500 12.012000 9.257000 12.425000 14.290000 12.010000 12.614500 16.241000 17.297000 14.818500 14.300500 18.075500 18.549000 16.188000 18.680000 19.572500 22.565000 20.761000 18.274000 21.460000 22.985500 20.089000 20.288500 24.079000 24.699500 26.787000 25.605500 27.015000 25.360000 21.935500 22.896000 23.847500 20.396500 18.360000 20.166500 19.024000 16.623500 15.546500 14.724500 12.660500 10.698000 10.260500 9.063500 6.495500 5.300500 5.496000 3.842000 0.000000 3.839000 5.523500 5.455500 6.624500 8.781000 11.444000 14.435500 17.273000 20.269000 23.353500 25.684000 28.576000 28.310500 28.229500 27.284500 25.383000 25.104500 23.300000 20.832000 20.065000 19.836000 17.427500 15.158000 15.377000 14.779500 11.681000 10.344500 11.593000 9.994000 6.430000 7.894500 9.833000 7.674000 8.375000 11.404000 11.683500 8.192000 10.294000 12.287000 9.695000 8.987500 12.780000 13.704000 11.842500 13.857500 12.900500 12.418000 14.655500 12.559500 12.112500 15.814500 16.591500 14.975500 16.854500 19.958500 19.882000 19.700000 22.391500 24.552000 24.377000 25.595500 28.257000 29.443500 29.838000 32.144000 30.388000 31.386000 28.836000 28.770500 28.659000 25.845500 23.742500 24.826500 23.981000 20.370500 20.212500 21.823500 19.370000 16.417000 18.357500 19.349000 15.947000 14.530000 17.829000 18.024000 14.794500 15.861500 19.292500 18.278500 16.180000 19.135000 21.563500 20.157000 20.544000 23.918500 25.182000 24.723000 26.213000 28.886000 31.880500 32.901000 32.662000 34.224000 35.331000 38.437500 38.548000 37.364500 39.961500 40.691500 39.146000 35.965000 35.972500 36.153500 33.391000 31.056000 32.031500 31.266500 27.891000 27.148000 28.427000 26.657000 23.360500 21.241500 20.532000 24.078500 24.095000 20.923500 22.527000 25.861000 24.547500 22.719000 26.085000 27.932500 25.926500 26.433000 30.115500 30.571000 29.072500 31.494500 34.348000 33.339000 33.204500 36.591000 37.509000 37.902500 39.216500 40.955000 42.393000
31.645000 29.398500 26.421500 23.170000 20.418000 17.134500 15.165500 17.657000 17.335500 13.593500 14.166000 17.164500 15.491000 12.964500 16.179000 18.005500 15.595000 16.222000 19.898000 20.797500 18.056000 17.191500 20.911500 21.790500 19.432000 21.757000 22.545000 25.747500 24.203000 21.639000 24.704500 26.470500 23.659500 23.619000 27.417500 27.795500 29.771000 28.460000 29.533000 27.864500 24.543500 25.189500 25.813000 22.357000 20.397000 21.921000 20.857000 18.739500 16.994000 15.983500 14.710500 12.631500 11.107000 10.373000 8.969000 6.551000 5.212500 5.462500 3.839000 0.000000 3.847000 5.568500 5.482500 6.064000 8.318500 11.318000 13.888000 16.846500 19.947000 22.243500 25.201500 25.062500 25.158500 24.351000 22.328500 22.408500 20.774500 17.969500 17.337000 17.641000 15.182500 12.541500 13.373500 13.385500 9.999500 8.639500 11.041000 10.042000 6.519500 8.682000 11.356500 9.953000 11.474500 14.418500 14.239000 10.464000 11.418500 13.763500 11.398500 9.412500 12.972000 14.309000 11.922500 12.941000 11.025000 10.296000 11.982500 9.413000 8.882000 12.598500 13.062000 11.311000 13.392000 16.376000 16.182500 16.153000 18.897000 20.906000 20.790500 22.170000 24.731500 25.847500 26.404500 28.728500 27.090000 28.097500 25.548000 25.762000 25.704000 22.700500 20.754000 22.189500 21.283000 17.569000 17.836500 19.753000 17.280500 14.467000 16.965000 18.186000 14.917000 13.984500 17.638500 18.004000 15.312500 16.753000 20.221000 19.462500 17.963000 20.965000 23.301500 22.296500 23.037000 26.183000 27.491000 27.427000 28.969000 31.423500 34.438500 35.195000 34.708000 36.092000 36.963500 40.086000 40.070500 38.594000 40.937000 41.601000 39.750500 36.684500 37.013000 36.994500 34.003000 32.002500 33.155500 32.036000 28.641500 28.364000 29.551500 27.372000 24.212500 21.747000 20.624000 23.863000 23.841000 20.362000 21.584500 24.884000 23.427500 21.164000 24.398500 26.255000 23.926000 24.150500 27.925000 28.293500 26.460000 28.821500 31.749000 30.580000 30.207000 33.646000 34.593000 34.952000 36.246500 38.032000 39.507500
30.445000 28.000000 24.873000 21.732500 18.608000 15.623000 13.347500 16.179000 16.563500 13.061500 13.357500 16.821500 15.894500 13.503500 16.496500 18.837500 17.074000 17.541500 21.105500 22.473500 20.181500 19.566000 23.296500 23.694500 21.048000 23.140500 23.422000 26.534500 24.986000 22.046000 24.774000 26.577500 23.590000 23.059500 26.851500 27.230500 29.476500 28.547500 29.431000 27.340500 24.294000 25.266500 25.443000 21.800500 20.438000 22.371500 21.877000 20.186500 18.754000 17.060000 15.634500 14.398500 12.716000 10.915500 10.044500 8.821000 6.208500 5.068000 5.523500 3.847000 0.000000 3.844000 5.658000 5.835500 8.734000 11.097000 13.649500 16.743000 19.745000 22.001500 25.004500 25.116500 25.459000 25.104500 23.466500 23.924000 21.933500 19.026000 19.108500 19.447000 16.475500 14.264500 15.809500 15.431000 11.717500 11.411500 13.877000 12.146500 9.085000 11.856500 13.908500 11.705500 13.304000 16.638000 17.034000 13.405500 14.894500 17.119000 14.447500 12.881000 16.513000 17.471500 14.776500 15.616500 13.475500 11.791500 12.649000 9.733500 10.513500 13.993500 13.594000 12.260500 15.087000 17.500000 16.852500 17.477000 20.447500 21.876500 21.700000 23.626000 26.054000 26.727500 27.546500 30.129500 28.874500 29.994000 27.462500 28.107000 28.124000 24.873500 23.194500 24.995500 23.946500 20.206500 20.903500 22.925500 20.307000 17.757000 20.498000 21.617000 18.269000 17.620000 21.275500 21.407500 18.641500 20.245500 23.628000 22.557000 20.961500 24.099500 26.305000 24.935000 25.675000 29.005000 30.069000 29.735000 31.411500 34.033000 36.961500 37.830500 37.465000 38.976500 39.886000 43.022500 43.171500 41.755000 44.136000 44.649500 42.827000 39.832000 39.994500 39.828000 36.934000 34.941000 35.831000 34.629000 31.376000 30.934500 31.816000 29.633500 26.646000 24.453500 23.017000 26.247500 26.631500 23.172500 24.013500 27.488000 26.340000 23.847500 26.832500 28.985000 26.682000 26.491500 30.282500 30.879500 28.814000 30.883000 34.015000 32.898500 32.161000 35.549500 36.601500 36.891000 38.066000 39.867000 41.314000
31.261500 28.590500 25.622500 22.270500 19.156500 16.554000 13.653000 15.877500 16.678500 13.208000 12.471500 15.901500 15.406500 12.434500 14.814000 17.595000 15.962500 15.676000 19.261500 21.100000 19.125000 19.205000 22.984000 23.053000 20.718500 23.184000 23.727500 26.503000 24.479500 21.720000 24.589000 25.895500 22.618000 22.410000 26.181500 27.064500 29.607500 28.965500 30.253500 28.074000 24.979000 26.380000 26.826500 23.143000 21.813500 24.032500 23.424000 21.386500 20.439500 19.056500 17.001000 15.679500 14.825000 12.879000 11.016500 10.323000 8.829000 6.358500 5.455500 5.568500 3.844000 0.000000 3.834500 6.086500 9.373500 11.751000 14.756000 17.814000 20.728500 23.041000 25.818000 25.626000 25.639000 25.137000 23.856000 23.897000 21.496000 19.067000 19.285000 18.904500 15.755000 14.251000 15.491500 14.231000 10.642500 11.094500 12.766000 10.176500 7.777500 10.931500 12.022000 9.313500 11.330000 14.968500 16.119000 12.730000 14.678500 17.249500 14.974500 13.868500 17.595000 18.857000 16.721500 18.118500 16.296500 15.082500 16.196500 13.195500 13.520000 17.117500 16.685500 14.804000 17.527000 20.157500 19.123000 19.291500 22.531000 24.029000 23.339000 25.136000 27.907500 28.399000 28.810500 31.591500 30.433000 31.891000 29.641500 30.183500 29.794000 26.573500 25.125500 26.569500 25.133500 21.545500 22.303000 23.797000 20.821000 18.558000 21.194000 21.705000 18.072500 17.701000 21.133000 20.656500 17.662000 19.598000 22.683500 21.061500 19.477500 22.865500 24.700000 22.938500 23.911000 27.341500 28.005500 27.578500 29.544000 32.195000 34.974000 35.802000 35.492500 37.107500 38.004000 41.148500 41.526000 40.176500 42.614000 42.914500 41.209000 38.293500 38.171500 37.866000 35.162500 33.109000 33.665500 32.470000 29.385000 28.686500 29.301500 27.238000 24.379500 22.566500 21.022500 24.378500 25.146000 21.914000 22.672500 26.312000 25.600500 23.275500 26.165500 28.599500 26.721500 26.468500 30.157500 31.134000 29.348500 31.226000 34.449500 33.721000 33.055000 36.286000 37.436000 37.784500 38.927000 40.692500 42.092500
34.643500 32.062000 29.117000 25.743500 22.724500 19.969000 17.209500 19.349500 19.872500 16.248000 15.575500 18.754000 17.853500 14.625000 16.956500 19.512500 17.325500 16.767000 20.509500 22.143500 19.809500 19.897000 23.680500 24.185500 22.229500 24.976500 25.952000 28.773000 26.672000 24.217000 27.333500 28.535000 25.296000 25.446500 29.219500 30.176500 32.600500 31.742500 33.128500 31.175000 27.931000 29.106500 29.750500 26.149500 24.493000 26.406000 25.427500 23.113500 21.803000 20.876000 19.086000 17.120500 16.181000 15.011500 12.985000 11.306000 10.291500 8.894500 6.624500 5.482500 5.658000 3.834500 0.000000 3.835500 6.704500 9.404000 12.529500 15.442000 18.348000 20.705500 23.334500 22.863500 22.629500 21.861000 20.535000 20.352000 17.972000 15.679000 15.770500 15.241500 12.152000 10.733000 11.943000 10.642000 7.019000 7.889500 9.755000 7.405000 5.617500 9.209500 10.451000 8.685500 11.533000 15.000500 15.897500 12.377000 13.530500 16.647500 15.029000 13.273500 16.714000 18.665000 16.807500 17.948000 15.853500 15.234000 16.324000 13.097500 12.584000 16.125500 15.700500 13.121500 15.551500 18.400500 17.125500 16.728000 20.093000 21.758000 20.715500 22.255000 25.268000 25.769000 25.846500 28.653000 27.489500 29.171500 27.180500 27.669000 26.947000 23.749500 22.556500 23.799000 22.055000 18.608500 19.604000 20.798000 17.611500 15.715500 18.549500 18.742500 15.096000 15.296500 18.740500 18.019500 15.394500 17.807500 20.703000 19.071500 18.089000 21.606000 23.167500 21.726000 23.173500 26.348500 26.940000 26.992500 29.105500 31.465500 34.222000 34.707500 34.128000 35.571000 36.217000 39.372000 39.694000 38.086000 40.306000 40.487000 38.567500 35.775500 35.846000 35.351500 32.511500 30.721500 31.372000 29.902500 26.831500 26.491000 27.035000 24.664500 21.917500 19.883000 18.056000 21.218000 22.000000 18.659500 19.200500 22.835500 22.175000 19.720000 22.527000 25.030000 23.208500 22.859000 26.522000 27.602000 25.879000 27.686000 30.926000 30.344500 29.720000 32.886000 34.082000 34.497500 35.667000 37.436000 38.845500
35.991000 33.523500 30.419500 27.253500 24.097000 21.210500 18.759000 21.372500 21.860000 18.258500 18.090000 21.426500 20.401500 17.476500 20.112500 22.528500 20.275000 20.070000 23.822000 25.232000 22.681000 22.340500 26.098000 26.880000 24.756000 27.277000 28.068500 31.116000 29.308500 26.701500 29.693500 31.204000 28.088000 27.956500 31.750000 32.404000 34.695000 33.704500 34.760000 32.792500 29.646000 30.544000 30.888500 27.301500 25.726500 27.423500 26.567500 24.540500 22.783500 21.635000 20.406500 18.478000 16.834000 15.881000 14.618000 12.457500 10.686500 10.274000 8.781000 6.064000 5.835500 6.086500 3.835500 0.000000 3.841500 6.489500 9.303500 12.242500 15.210000 17.538500 20.306000 20.080000 20.155000 19.659500 18.215500 18.598000 16.422500 13.612000 14.035500 14.282500 11.106500 9.247500 11.415500 10.989500 7.264000 8.123500 11.062000 9.659500 7.893000 11.299500 13.222500 11.992000 14.782500 18.088000 18.492000 14.777500 15.302000 18.371500 16.673500 14.268000 17.470500 19.472500 17.192500 17.570000 14.845500 13.927500 14.312000 10.805000 10.468500 13.676500 12.705000 10.081500 12.856500 15.346500 13.815000 13.767500 17.207500 18.552500 17.594500 19.452000 22.282000 22.634500 22.995000 25.844000 24.864500 26.516000 24.503500 25.350500 24.764000 21.361500 20.365000 22.043500 20.306500 16.795000 18.254500 19.815000 16.740000 15.031500 18.299500 18.818000 15.473000 15.977000 19.629000 19.228000 17.106500 19.552500 22.525000 21.263000 20.606500 24.009000 25.645000 24.564500 26.079500 29.093000 29.843000 30.115500 32.140500 34.379500 37.188500 37.545500 36.813500 38.114500 38.617500 41.766000 41.941000 40.133000 42.154000 42.343500 40.188500 37.480500 37.848000 37.251000 34.225500 32.706000 33.557000 31.849500 28.765500 28.816000 29.351000 26.693500 24.074500 21.744000 19.671000 22.459500 23.120500 19.548500 19.720000 23.221000 22.367000 19.493000 22.107000 24.558500 22.362500 21.686000 25.428500 26.368500 24.234500 25.957000 29.270500 28.464500 27.531000 30.765000 31.993500 32.359500 33.488500 35.310000 36.756500
38.811500 36.446500 33.317500 30.220500 27.087000 24.093500 21.830000 24.538500 24.868500 21.229000 21.252000 24.514000 23.265000 20.365500 23.068000 25.305500 22.800500 22.619500 26.398000 27.596000 24.817500 24.308000 27.988500 29.099000 27.122000 29.665000 30.596000 33.736000 32.018000 29.519500 32.575500 34.150500 31.113500 31.055500 34.854000 35.424500 37.592000 36.431500 37.407500 35.570500 32.390000 33.055500 33.396500 29.884500 28.177500 29.613500 28.620500 26.594500 24.500000 23.530500 22.672500 20.489000 18.593000 18.129500 17.083500 14.449500 12.775000 13.067000 11.444000 8.318500 8.734000 9.373500 6.704500 3.841500 0.000000 3.832000 6.512000 9.261000 12.354500 14.725000 17.477000 17.177000 17.254000 16.726000 15.131500 15.727500 13.790000 10.735000 11.258000 12.007500 9.018500 6.920500 9.713000 10.018500 6.836000 7.748500 11.099000 10.615000 9.473000 12.481500 14.630000 14.156500 17.077000 20.122000 20.183500 16.487000 16.297500 19.485000 18.176500 15.282000 18.010000 20.350500 18.145000 17.995500 14.940500 14.341000 14.331000 10.847500 9.969000 12.625500 11.389500 8.235500 10.779000 13.127000 11.225000 10.854000 14.430000 15.703500 14.493500 16.326000 19.236000 19.520000 19.786000 22.669000 21.788000 23.587000 21.773000 22.789500 22.035000 18.546000 17.898500 19.676000 17.727000 14.350000 16.289000 17.819500 14.747000 13.529500 17.084500 17.565000 14.557000 15.605000 19.213500 18.863500 17.342500 19.970500 22.777500 21.751500 21.603500 24.918500 26.413000 25.715000 27.471000 30.220500 31.010000 31.642500 33.669500 35.672000 38.483500 38.584500 37.612000 38.745000 39.025500 42.154000 42.205500 40.159500 41.929500 42.059500 39.666000 37.096500 37.742500 36.994000 33.812500 32.614500 33.629500 31.663000 28.619000 29.095000 29.594000 26.659500 24.217000 21.650500 19.360500 21.723000 22.280000 18.607000 18.418000 21.728500 20.788000 17.629000 20.010500 22.419000 20.043000 19.099000 22.840000 23.740000 21.400000 23.020500 26.371500 25.522500 24.436500 27.665500 28.932500 29.315500 30.438500 32.302500 33.780500
40.870000 38.478500 35.289500 32.317000 29.048000 26.190000 23.923000 26.765000 27.329000 23.791500 23.765500 27.148000 26.091500 23.224000 25.844500 28.220000 25.827500 25.555000 29.315500 30.627000 27.910500 27.432000 31.108000 32.191500 30.174500 32.660500 33.470000 36.622000 34.929500 32.335500 35.288500 36.891500 33.805500 33.588500 37.371500 37.919500 40.149500 39.077000 39.924000 37.968500 34.904500 35.583500 35.714500 32.178000 30.662000 32.111500 31.283500 29.425000 27.261000 26.116000 25.402000 23.376500 21.280500 20.712000 19.934500 17.394000 15.407000 15.700000 14.435500 11.318000 11.097000 11.751000 9.404000 6.489500 3.832000 0.000000 3.833500 6.625000 9.620500 12.156000 14.842000 14.667000 14.931500 14.845000 13.632000 14.789000 12.740500 9.554000 11.019000 12.129000 9.063500 7.688000 11.129500 11.514000 8.837000 10.350500 13.592500 13.124500 12.449000 15.514000 17.470000 16.987500 20.038000 23.143500 23.286000 19.611000 19.347500 22.551500 21.268500 18.293500 20.883500 23.230500 20.910500 20.430000 17.121500 16.264000 15.588500 12.059000 11.598500 13.603000 11.609000 8.619000 11.337000 12.905500 10.279500 10.272000 13.963500 14.535000 12.967500 15.267000 18.058500 17.792500 18.162000 21.299500 20.911000 22.937500 21.392500 22.872500 22.026000 18.376500 18.284500 20.333000 18.163500 15.063500 17.558000 19.058000 16.025000 15.377000 19.082000 19.448000 16.705000 18.151000 21.656000 21.197000 19.988000 22.765500 25.410500 24.340500 24.437500 27.778000 29.095500 28.422000 30.345500 33.030000 33.681500 34.407000 36.541500 38.467500 41.212000 41.187000 40.124500 41.218500 41.361000 44.466000 44.544500 42.370000 43.970500 43.936500 41.399000 39.011000 39.731500 38.759000 35.567000 34.621500 35.552500 33.348000 30.478000 31.133500 31.376500 28.267500 26.121000 23.630500 21.019000 23.010000 23.797000 20.180000 19.443500 22.647000 21.937000 18.514000 20.401500 22.966000 20.580000 19.087500 22.707000 23.780500 21.156500 22.353000 25.852500 25.071000 23.553500 26.643500 27.982500 28.283000 29.290500 31.174000 32.647500
42.939500 40.652000 37.387500 34.583000 31.289500 28.404500 26.360000 29.392500 29.914000 26.430000 26.641500 30.064500 28.936000 26.216500 28.968000 31.264000 28.828000 28.717000 32.487500 33.673500 30.842000 30.146500 33.770000 35.020500 32.941500 35.297000 36.016000 39.281000 37.762500 35.110500 37.990000 39.760000 36.753500 36.400000 40.180500 40.551000 42.680500 41.519000 42.153000 40.219000 37.237500 37.721500 37.668000 34.198000 32.742000 34.017000 33.261000 31.596500 29.184500 27.962500 27.612000 25.626500 23.211000 22.828500 22.439500 19.743000 17.564500 18.282500 17.273000 13.888000 13.649500 14.756000 12.529500 9.303500 6.512000 3.833500 0.000000 3.838000 6.681500 9.029000 11.973500 12.206000 12.989500 13.383500 12.149000 14.085000 12.539000 9.121000 10.974000 12.889000 10.377500 9.054500 12.675500 13.681000 11.501500 12.762000 16.124000 16.092000 15.441000 18.293000 20.452500 20.165500 23.176000 26.192500 26.101000 22.403500 21.831500 24.922000 23.669000 20.454500 22.741000 25.065000 22.608500 21.599500 18.039500 17.099000 15.805500 12.512500 12.193000 13.296500 10.711500 8.003500 10.569500 11.210500 7.960000 8.479000 12.063500 11.921500 10.278000 13.084000 15.548500 14.924500 15.648000 18.846500 18.813500 20.849000 19.439000 21.378000 20.633500 16.870500 17.212000 19.642000 17.512500 14.682500 17.605500 19.293000 16.594000 16.322500 20.105500 20.657500 18.370000 19.987500 23.422000 23.175500 22.357000 25.075000 27.672500 26.852500 27.154000 30.374500 31.702500 31.262500 33.222500 35.776000 36.515500 37.391000 39.464500 41.293500 44.057000 43.928000 42.758500 43.729500 43.748500 46.824500 46.793000 44.476000 45.891000 45.848500 43.142500 40.866000 41.812000 40.759500 37.469000 36.758500 37.822000 35.465000 32.643500 33.574500 33.805000 30.549000 28.539500 25.919500 23.237500 24.864000 25.534000 21.917500 20.907000 23.809000 22.990000 19.387000 20.913500 23.306000 20.687500 18.867000 22.353500 23.263000 20.273000 21.249000 24.734000 23.754500 21.859000 24.922500 26.294500 26.581000 27.522500 29.436500 30.934500
45.904500 43.667500 40.389000 37.642000 34.342000 31.448500 29.462000 32.532000 33.034500 29.543000 29.788000 33.201500 32.014000 29.279500 32.028500 34.282500 31.750500 31.604000 35.381500 36.499000 33.583500 32.843500 36.413500 37.813500 35.821000 38.191500 38.973500 42.272500 40.785500 38.180000 41.082000 42.870500 39.881500 39.551500 43.334000 43.678000 45.765500 44.541500 45.121500 43.232500 40.259500 40.639500 40.553000 37.128000 35.645000 36.790000 35.989000 34.345500 31.790500 30.653500 30.477000 28.405500 25.906500 25.718500 25.406000 22.576000 20.472500 21.351500 20.269000 16.846500 16.743000 17.814000 15.442000 12.242500 9.261000 6.625000 3.838000 0.000000 3.873000 6.298500 9.008500 9.215000 10.321500 11.078500 9.972000 12.571000 11.485000 8.176500 10.504500 12.896000 11.013500 10.158000 13.744000 15.075000 13.538500 14.847500 18.069500 18.392000 18.067000 20.735500 22.873500 22.879500 25.964500 28.867500 28.658000 25.021000 24.149000 27.257500 26.229500 22.861500 24.844000 27.304500 24.942000 23.653500 20.026000 19.272500 17.704500 14.729500 14.250500 14.651000 11.951000 9.554000 11.334500 11.206500 7.550500 7.875000 11.078000 10.233000 7.992500 11.045000 13.355000 12.199500 12.896500 16.254000 16.694000 18.976500 18.014500 20.313500 19.374500 15.623500 16.646000 19.146500 16.839000 14.551000 17.891000 19.405000 16.934500 17.280500 21.030500 21.466000 19.611500 21.576500 24.801000 24.541000 24.163000 26.950500 29.340500 28.640500 29.271500 32.412000 33.582500 33.356000 35.476500 37.843500 38.549500 39.642000 41.737000 43.395000 46.110000 45.798500 44.475500 45.314000 45.153000 48.177000 48.097000 45.602500 46.781500 46.642000 43.758000 41.666000 42.805500 41.591500 38.243000 37.833000 38.955500 36.395000 33.704000 34.933000 35.059500 31.642000 29.880000 27.218500 24.404500 25.584500 26.238000 22.730000 21.335000 23.910000 23.155000 19.432000 20.455000 22.757000 20.110000 17.870500 21.107500 22.024000 18.801000 19.382500 22.874000 21.912500 19.646000 22.555500 24.041000 24.282000 25.100000 27.031500 28.512500
48.753500 46.504000 43.200500 40.514500 37.161000 34.340000 32.339000 35.435500 36.039500 32.576500 32.763500 36.214000 35.094500 32.326000 35.015000 37.329000 34.801500 34.561000 38.339000 39.503000 36.594500 35.896000 39.454500 40.880500 38.925500 41.314500 42.094500 45.394500 43.893500 41.278000 44.163500 45.938500 42.916000 42.557000 46.333000 46.690500 48.808500 47.615000 48.149000 46.222000 43.294500 43.669500 43.504000 40.085000 38.669000 39.791500 39.025500 37.424000 34.825500 33.672500 33.561500 31.504000 28.961500 28.783500 28.518500 25.689000 23.555500 24.417500 23.353500 19.947000 19.745000 20.728500 18.348000 15.210000 12.354500 9.620500 6.681500 3.873000 0.000000 3.839000 6.028500 6.795000 8.302000 9.794500 9.418000 12.507000 11.666000 8.992000 11.749000 14.143000 12.670500 12.446500 15.893500 17.194000 16.072500 17.585000 20.620500 21.007500 20.967000 23.613000 25.616000 25.715500 28.893000 31.781500 31.606500 28.012000 27.044500 30.190000 29.270500 25.860500 27.714000 30.235500 27.907000 26.477000 22.823000 22.098500 20.338000 17.550000 17.123500 17.132500 14.332000 12.286000 13.658000 12.922000 9.245500 9.601000 12.135000 10.490500 7.880000 10.999000 12.887000 10.918500 11.595500 15.101000 16.224500 18.735000 18.288500 20.923000 19.822500 16.219500 17.845500 20.327000 17.897000 16.162000 19.721000 21.016000 18.711000 19.524000 23.194000 23.456500 21.872000 24.094000 27.144000 26.776500 26.667000 29.551000 31.751500 31.042500 31.902500 35.028000 36.025000 35.871500 38.142000 40.405000 41.006500 42.226000 44.390000 45.961500 48.616500 48.154500 46.739500 47.497500 47.181000 50.152000 50.063000 47.444500 48.432000 48.146500 45.139500 43.244500 44.473000 43.074000 39.738500 39.582500 40.655500 37.912500 35.402500 36.812500 36.755500 33.231500 31.735500 29.146000 26.174500 26.982000 27.757000 24.411500 22.635000 24.956500 24.411000 20.652000 21.138500 23.435000 20.926000 18.276000 21.140500 22.187500 18.849500 18.869000 22.342500 21.529000 18.852500 21.424000 22.900000 23.043500 23.694500 25.594500 27.045000
50.680000 48.463000 45.135500 42.532500 39.166500 36.381000 34.444000 37.587500 38.216500 34.795500 35.024500 38.491000 37.385500 34.659000 37.357000 39.669500 37.148000 36.927500 40.700500 41.849500 38.924500 38.182000 41.716000 43.184000 41.216000 43.559000 44.299000 47.623500 46.172500 43.535000 46.382000 48.199500 45.192500 44.777000 48.542500 48.851000 50.947000 49.747000 50.200500 48.266500 45.390500 45.713000 45.463500 42.077000 40.714000 41.789000 41.065000 39.543000 36.877000 35.695500 35.699500 33.676500 31.053500 30.913000 30.760500 27.919500 25.739000 26.674000 25.684000 22.243500 22.001500 23.041000 20.705500 17.538500 14.725000 12.156000 9.029000 6.298500 3.839000 0.000000 3.834000 5.977500 8.064500 10.082500 10.004000 13.395000 12.927000 10.614000 13.342500 15.843000 14.661500 14.569500 17.922500 19.306500 18.351500 19.846000 22.842000 23.303000 23.310000 25.917000 27.926000 28.061500 31.251500 34.124500 33.912500 30.328500 29.281000 32.389000 31.499000 28.043500 29.781000 32.285000 29.941500 28.350500 24.680500 23.934000 21.983000 19.360000 19.030500 18.723500 15.849000 14.115000 15.252000 14.057500 10.499500 10.975000 12.946000 10.719500 8.094500 11.230500 12.580500 10.018500 10.921500 14.388500 16.005000 18.534500 18.394000 21.291500 20.207500 16.757000 18.727000 21.262000 18.898500 17.526000 21.152500 22.406500 20.329500 21.347000 24.931500 25.199000 23.832500 26.121500 29.073500 28.738500 28.789000 31.658000 33.782000 33.133000 34.094000 37.172500 38.121500 38.040500 40.349000 42.543500 43.133500 44.414500 46.574000 48.092500 50.730000 50.211000 48.775000 49.447500 49.043500 51.966000 51.843000 49.168500 50.041500 49.711500 46.635000 44.848000 46.161500 44.691000 41.360000 41.349000 42.434500 39.615000 37.197000 38.719500 38.603000 35.033000 33.676000 31.097500 28.088000 28.685500 29.458000 26.203000 24.270000 26.383500 25.880000 22.137500 22.329500 24.504500 22.021000 19.204000 21.791500 22.784000 19.351000 19.060000 22.416500 21.584500 18.625500 20.990500 22.538000 22.732500 23.200500 25.057500 26.457000
53.911000 51.652000 48.329000 45.699500 42.301000 39.559000 37.523000 40.613000 41.316000 37.867500 37.958000 41.422500 40.356500 37.515000 40.102000 42.467000 39.903000 39.508500 43.277000 44.477000 41.562500 40.937000 44.456000 45.955000 44.109000 46.556000 47.395500 50.684500 49.141500 46.560000 49.461500 51.186000 48.120000 47.782000 51.551000 51.957000 54.108000 52.935500 53.450500 51.504500 48.606000 48.970000 48.755500 45.349500 43.970000 45.052000 44.273000 42.672000 40.006500 38.912500 38.871000 36.763000 34.213500 34.108500 33.833000 30.958500 28.879500 29.725500 28.576000 25.201500 25.004500 25.818000 23.334500 20.306000 17.477000 14.842000 11.973500 9.008500 6.028500 3.834000 0.000000 3.849500 6.425000 9.103000 9.961000 13.379500 13.142500 11.676000 14.573500 16.839500 16.068000 16.551000 19.697000 20.967500 20.457000 22.167000 24.904000 25.432000 25.799500 28.360500 30.167000 30.458000 33.766500 36.590500 36.446000 32.946000 31.793500 34.996500 34.311000 30.838000 32.463500 35.121000 32.920000 31.338500 27.708000 27.113500 25.189500 22.604500 22.142000 21.760000 18.981500 17.197500 18.051500 16.806000 13.371000 13.427000 15.039000 12.704500 9.791500 12.247500 13.375000 10.183500 10.447500 13.926000 16.211000 19.053000 19.571000 22.533000 21.114500 17.963500 20.443000 22.706000 20.131500 19.306500 23.046500 23.918500 21.911000 23.391000 26.860000 26.826000 25.678000 28.257500 30.987500 30.452000 30.770000 33.769500 35.642000 34.932000 36.162500 39.230500 39.935500 39.925500 42.426500 44.480000 44.914500 46.356500 48.610500 49.978000 52.510000 51.808000 50.254500 50.846000 50.267000 53.127000 53.042500 50.238500 50.897000 50.381000 47.194000 45.642500 47.020500 45.337500 42.054500 42.322000 43.322000 40.317500 38.126500 39.832500 39.503000 35.849000 34.806500 32.353000 29.205000 29.404000 30.321000 27.301500 25.002000 26.833000 26.616000 22.929000 22.562500 24.743500 22.551000 19.382500 21.489000 22.707500 19.355500 18.412500 21.690000 21.204500 17.943000 19.795000 21.477000 21.656500 21.936500 23.720000 25.027500
54.595500 52.283500 49.003000 46.228000 42.859000 40.080000 37.896500 40.836500 41.506000 37.972000 37.894500 41.276000 40.167500 37.172500 39.630000 41.978000 39.320000 38.736000 42.480000 43.687000 40.780000 40.313000 43.800500 45.330000 43.681000 46.292000 47.335500 50.548500 48.856500 46.421500 49.450500 51.015000 47.902500 47.774500 51.552000 52.120000 54.312000 53.130000 53.836000 51.947000 48.933000 49.364500 49.349500 45.914500 44.387000 45.496000 44.547500 42.730000 40.125500 39.241500 39.037000 36.741500 34.401500 34.382500 33.815000 30.876500 29.064000 29.794000 28.310500 25.062500 25.116500 25.626000 22.863500 20.080000 17.177000 14.667000 12.206000 9.215000 6.795000 5.977500 3.849500 0.000000 3.812000 6.543500 7.977500 11.120000 10.819000 9.929000 12.933500 14.876500 14.396500 15.340500 18.256000 19.387000 19.301500 21.171500 23.611500 24.235000 24.969500 27.426000 29.015000 29.521500 32.922000 35.638000 35.558500 32.184500 30.931500 34.253000 33.834000 30.391000 31.940500 34.810500 32.853000 31.468500 27.951500 27.647000 26.036500 23.328000 22.513000 22.397500 19.884000 17.644000 18.324000 17.568500 14.131000 13.467000 15.293500 13.532500 10.113000 11.965000 13.718000 10.833500 10.048000 13.688000 15.840000 19.037000 19.813000 22.456500 20.608000 17.570500 20.188000 22.049500 19.144500 18.534000 22.301000 22.758000 20.594000 22.392500 25.777000 25.390500 24.296000 27.124500 29.663500 28.886500 29.373000 32.499000 34.143000 33.340000 34.787000 37.846500 38.331500 38.371000 41.030000 42.955500 43.256500 44.836500 47.167000 48.384500 50.811500 49.981500 48.345500 48.886000 48.200500 51.028500 51.001500 48.141500 48.706000 48.070000 44.857500 43.423500 44.788500 42.992500 39.758500 40.156500 41.087500 37.998500 35.938500 37.735500 37.297500 33.608000 32.742000 30.375000 27.160500 27.135000 28.150000 25.288000 22.785500 24.507000 24.512000 20.877000 20.250500 22.559000 20.637000 17.297000 19.262000 20.791500 17.647500 16.459000 19.863000 19.778500 16.630500 18.344000 20.246000 20.651500 20.975000 22.747000 24.035500
55.357500 52.990500 49.766000 46.848500 43.518000 40.716000 38.390000 41.163000 41.799000 38.193500 37.939500 41.221000 40.075500 36.931500 39.238000 41.563000 38.817000 38.029000 41.733500 42.948000 40.062500 39.772000 43.214000 44.766500 43.330500 46.103500 47.354000 50.477000 48.632000 46.356500 49.509500 50.901500 47.747500 47.838500 51.614000 52.348500 54.579500 53.394500 54.296500 52.470000 49.346000 49.849500 50.039000 46.583500 44.914500 46.048000 44.928500 42.898000 40.373500 39.705000 39.331000 36.857000 34.751000 34.814500 33.947000 30.970000 29.448000 30.043500 28.229500 25.158500 25.459000 25.639000 22.629500 20.155000 17.254000 14.931500 12.989500 10.321500 8.302000 8.064500 6.425000 3.812000 0.000000 3.847500 6.406500 8.922500 8.490000 8.560500 11.565000 12.994000 12.915500 14.434000 16.982500 17.913000 18.347000 20.380000 22.433000 23.157500 24.312000 26.626500 27.948500 28.697000 32.173500 34.759000 34.753000 31.535000 30.186500 33.618000 33.485500 30.104500 31.566500 34.641500 32.956500 31.794000 28.427500 28.421500 27.160000 24.370000 23.206000 23.364500 21.163500 18.528500 19.005500 18.754000 15.435500 14.088500 16.033500 14.879500 11.199000 12.293500 14.569500 12.081000 10.358500 13.952500 15.883000 19.371000 20.398000 22.669000 20.390500 17.545500 20.253000 21.639000 18.411000 18.058000 21.786500 21.762000 19.438500 21.584500 24.831000 24.037500 23.012000 26.104500 28.405500 27.351000 28.030000 31.286000 32.656000 31.747500 33.437500 36.473500 36.706500 36.800000 39.627000 41.405000 41.555000 43.279000 45.679500 46.757000 49.085000 48.106000 46.400500 46.874500 46.074000 48.845500 48.875000 45.956000 46.417000 45.649500 42.411000 41.105500 42.455000 40.534000 37.354500 37.898000 38.750000 35.568500 33.657000 35.554500 34.994000 31.270000 30.609500 28.348000 25.060500 24.766500 25.899000 23.234500 20.488000 22.076000 22.358500 18.806000 17.855500 20.326000 18.755500 15.231000 17.005500 18.921500 16.074500 14.599500 18.128000 18.525000 15.579000 17.092500 19.047000 19.543000 19.955500 21.732500 23.036500
55.210500 52.872000 49.716000 46.670000 43.455500 40.536000 38.194000 40.820000 41.254500 37.563500 37.291000 40.408500 39.074500 35.863000 38.123000 40.279500 37.365000 36.517000 40.177000 41.242500 38.286500 38.035000 41.374500 43.061500 41.847500 44.732000 46.216500 49.287500 47.383000 45.311500 48.599500 49.890500 46.786000 47.122500 50.894000 51.705500 53.866500 52.566500 53.629000 51.967000 48.711500 49.163500 49.595500 46.187000 44.290500 45.330000 43.974000 41.742500 39.223500 38.853500 38.426000 35.720000 33.822000 34.131500 33.030000 29.926500 28.784500 29.442000 27.284500 24.351000 25.104500 25.137000 21.861000 19.659500 16.726000 14.845000 13.383500 11.078500 9.794500 10.082500 9.103000 6.543500 3.847500 0.000000 3.829000 5.519000 5.621000 6.604000 9.035500 10.245000 10.977000 12.666500 14.658000 15.739000 16.766000 18.611000 20.324500 21.418000 22.841000 24.817500 26.050000 27.183000 30.623000 32.962000 32.841000 29.802000 28.209500 31.656000 31.855000 28.487000 29.715500 32.979000 31.605000 30.582500 27.422500 27.837000 26.962500 24.241500 22.598000 22.907000 21.179000 18.207000 18.251000 18.517000 15.506500 13.375500 15.281500 14.888500 11.100000 11.299000 14.150500 12.385000 9.916500 13.312000 14.660500 18.315000 19.442500 21.238500 18.583500 15.938500 18.642000 19.531500 16.045000 15.971000 19.600500 19.134000 16.771000 19.265000 22.311500 21.225000 20.412000 23.702500 25.738000 24.574000 25.538000 28.803500 29.941500 29.112500 31.041000 33.952000 34.043000 34.332000 37.241500 38.823500 38.976000 40.880500 43.243500 44.162000 46.458000 45.353500 43.567500 43.942000 43.059500 45.793500 45.771000 42.789500 43.172000 42.413000 39.134000 37.857000 39.293500 37.376500 34.157000 34.795000 35.743000 32.538500 30.634000 32.697500 32.218000 28.463000 27.856500 25.530500 22.318500 21.799000 22.781500 20.219000 17.400000 18.786500 19.070000 15.567500 14.449000 16.933500 15.502000 11.891000 13.690000 15.801000 13.177000 11.751500 15.439000 16.109000 13.568500 15.198000 17.166500 17.816500 18.425000 20.241500 21.621000
53.325500 51.133500 47.997000 44.966000 41.880000 38.774500 36.657000 39.336500 39.464000 35.731000 35.760000 38.782500 37.162000 34.099000 36.580500 38.483000 35.414500 34.860500 38.536500 39.314500 36.172000 35.636000 38.892000 40.793000 39.565000 42.349500 43.872500 47.037000 45.308000 43.296000 46.610500 48.050500 45.105500 45.474500 49.256500 49.894500 51.860500 50.353500 51.347000 49.867500 46.561000 46.786500 47.287000 43.988500 41.926500 42.745000 41.271000 39.062500 36.383000 36.155500 35.951000 33.134500 31.157000 31.776000 30.806500 27.510500 26.515000 27.556500 25.383000 22.328500 23.466500 23.856000 20.535000 18.215500 15.131500 13.632000 12.149000 9.972000 9.418000 10.004000 9.961000 7.977500 6.406500 3.829000 0.000000 3.839000 5.550500 5.100000 6.349500 8.722000 9.945500 10.604500 12.422000 14.317500 15.298500 16.457500 18.405000 19.990500 21.053500 22.712500 24.350500 25.704500 28.947000 31.111500 30.618500 27.567000 25.693500 28.969000 29.213500 25.710000 26.682500 29.922500 28.592500 27.389000 24.291500 24.960500 24.195500 21.746000 19.775000 19.866500 18.505500 15.532500 15.051000 15.456000 12.847000 10.214000 11.873000 12.020000 8.386000 7.984500 11.246500 10.302000 7.848500 11.081000 11.684500 15.207500 16.054500 17.664500 15.065000 12.290500 14.894500 15.820000 12.395500 12.287500 15.962500 15.698000 13.568500 16.027500 19.065000 18.332000 17.769500 20.896500 22.976000 22.234000 23.318500 26.338000 27.645500 27.203000 29.056000 31.795500 32.169500 32.707500 35.417000 36.953500 37.433500 39.367500 41.515500 42.441500 44.881000 43.865000 42.078000 42.412500 41.630000 44.389000 44.165500 41.204000 41.669500 41.219500 37.941500 36.433000 38.055500 36.437000 33.039500 33.517500 34.813500 31.799500 29.580500 31.705500 31.657000 27.945000 26.952000 24.249500 21.361000 21.080000 21.490000 18.639500 16.325500 17.666000 17.222000 13.610000 13.093000 15.120000 12.994500 9.726500 12.156500 13.573000 10.533500 10.045000 13.749500 13.734500 11.458000 13.862000 15.690000 16.394000 17.328500 19.311500 20.877500
53.780500 51.551500 48.522000 45.331500 42.358000 39.239500 36.993500 39.406000 39.434500 35.656000 35.485500 38.299000 36.602500 33.402000 35.665500 37.457000 34.277500 33.489000 37.059500 37.784000 34.678000 34.366500 37.504000 39.445000 38.539000 41.513000 43.320500 46.334500 44.430500 42.676000 46.133000 47.339000 44.392500 45.070500 48.812500 49.649000 51.623500 50.097500 51.348500 49.990000 46.558500 46.857000 47.647000 44.369500 42.117500 42.942000 41.235000 38.751000 36.220000 36.318500 35.890000 32.855500 31.257500 32.010000 30.642500 27.350000 26.830500 27.697500 25.104500 22.408500 23.924000 23.897000 20.352000 18.598000 15.727500 14.789000 14.085000 12.571000 12.507000 13.395000 13.379500 11.120000 8.922500 5.519000 3.839000 0.000000 3.837000 5.455000 5.270500 6.298000 8.725000 10.006000 10.754000 12.409500 14.279000 15.427500 16.645000 18.484500 20.086500 21.374500 22.630500 24.386000 27.615000 29.500000 29.057500 26.307000 24.283000 27.636500 28.320000 24.987000 25.777000 29.254000 28.369000 27.535500 24.775000 25.858500 25.625000 23.158500 20.794000 21.302000 20.446500 17.140000 16.445000 17.576500 15.336500 12.190000 13.885000 14.852500 11.483500 10.342000 13.840000 13.543000 10.683500 13.302500 13.259000 16.755000 17.692500 18.570500 15.531000 13.247000 15.565000 15.623000 11.863500 12.101500 15.370000 14.264000 11.874500 14.824000 17.493000 16.086000 15.671500 19.137500 20.784000 19.648000 21.046500 24.181500 25.075500 24.538500 26.728500 29.372500 29.419000 30.081000 32.975000 34.281000 34.606000 36.740000 38.938000 39.665000 41.986500 40.791000 38.907000 39.159000 38.245000 40.955000 40.771500 37.748000 38.123500 37.562500 34.266000 32.852000 34.464000 32.752500 29.386000 30.000000 31.261000 28.178000 26.075500 28.346500 28.247500 24.516000 23.710000 21.083000 18.210000 17.577000 17.990500 15.393500 12.837500 13.960500 13.788000 10.280500 9.395500 11.733000 10.138000 6.664000 9.173000 11.235500 8.976500 8.557000 12.329500 13.019500 11.611500 13.786500 15.561000 16.445000 17.537000 19.409500 20.930500
52.028000 49.636000 46.609000 43.369500 40.294500 37.357500 34.866000 37.186500 37.506500 33.770500 33.285000 36.191000 34.798500 31.449500 33.512000 35.585000 32.606000 31.553500 35.140000 36.204500 33.318500 33.309000 36.605000 38.226000 37.245500 40.309000 42.027000 44.936500 42.846000 40.990000 44.407000 45.467000 42.354000 42.983000 46.716500 47.729500 49.914000 48.628500 49.975500 48.413500 45.028000 45.611500 46.356000 42.950500 40.873000 41.993500 40.435500 37.915500 35.635500 35.534000 34.772000 31.893500 30.429500 30.772000 29.206500 26.171500 25.510000 25.901000 23.300000 20.774500 21.933500 21.496000 17.972000 16.422500 13.790000 12.740500 12.539000 11.485000 11.666000 12.927000 13.142500 10.819000 8.490000 5.621000 5.550500 3.837000 0.000000 3.837500 5.459000 4.971000 6.076000 8.533500 9.844000 10.436500 12.063000 14.052500 15.205000 16.343500 18.208000 19.980000 20.874500 22.246500 25.688000 27.868000 27.881500 25.042000 23.498000 27.077000 27.534500 24.401000 25.700000 29.130500 28.106500 27.626500 24.805000 25.550500 25.372000 22.501000 20.455000 21.525500 20.372500 16.858000 16.965500 18.365000 15.699000 12.973500 15.508000 16.325500 12.843500 12.705500 16.311500 15.645500 13.296500 16.384000 16.521500 19.929500 20.452000 21.467500 18.705500 16.046000 17.907500 18.243500 14.545500 13.932000 17.114500 16.227000 13.174500 15.568000 18.530000 16.960500 15.701500 19.144500 21.095000 19.538500 20.360500 23.792000 24.806000 23.731500 25.700000 28.677500 28.641000 28.831500 31.810500 33.399500 33.460000 35.355000 37.771500 38.697500 40.972500 39.903000 38.172000 38.636000 37.847500 40.653000 40.730000 37.863000 38.482500 37.766500 34.646500 33.157000 34.371000 32.560000 29.350000 29.709500 30.591000 27.504500 25.441500 27.324000 26.927500 23.206000 22.409500 20.081000 16.824000 16.592000 17.692500 14.985000 12.235500 14.213000 14.640500 11.063000 10.594500 13.719500 12.552500 9.451000 12.071500 14.525500 12.599500 12.236000 15.978000 16.809000 15.373500 17.441500 19.212500 19.951000 20.867500 22.635500 24.028500
49.126500 46.809500 43.714500 40.578500 37.478000 34.463000 32.147000 34.685500 34.941500 31.212000 31.012500 34.045500 32.590500 29.412500 31.769500 33.826500 30.882500 30.178000 33.872500 34.867000 31.877500 31.568500 34.962000 36.598000 35.314000 38.187000 39.681000 42.744500 40.855500 38.802500 42.119500 43.429000 40.382000 40.775000 44.549000 45.335500 47.442000 46.099500 47.240500 45.647000 42.327000 42.795000 43.366000 39.970000 37.968000 39.040000 37.620000 35.301500 32.889000 32.572000 32.002000 29.256000 27.499500 27.811000 26.560500 23.460500 22.493500 23.134000 20.832000 17.969500 19.026000 19.067000 15.679000 13.612000 10.735000 9.554000 9.121000 8.176500 8.992000 10.614000 11.676000 9.929000 8.560500 6.604000 5.100000 5.455000 3.837500 0.000000 3.844500 5.454500 5.138500 6.120000 8.610000 9.892500 10.434500 12.112000 14.145500 15.248000 16.369500 18.383000 19.847000 20.911500 24.266000 26.647000 26.474000 23.329500 21.867500 25.345500 25.390000 22.085000 23.559000 26.780500 25.391500 24.679000 21.636500 22.131500 21.734000 18.858000 16.960000 17.941500 16.617000 13.148000 13.483000 14.818000 12.050500 9.541500 12.476000 13.275500 10.011000 10.545000 14.171000 13.681000 12.129000 15.369500 15.289500 18.369500 18.297500 19.565000 17.319500 14.160500 15.656500 16.645000 13.266500 11.864500 15.237500 15.185000 12.136000 13.852000 17.248500 16.418500 14.878500 17.890500 20.380000 19.351500 19.772000 23.004500 24.572500 23.714500 25.225000 28.261000 28.726000 28.846500 31.510000 33.367000 33.749500 35.397000 37.660000 38.841000 41.322000 40.539000 38.956500 39.540000 39.006000 41.907500 41.876000 39.149500 40.019500 39.609500 36.587500 34.782500 36.009500 34.517500 31.194500 31.191500 32.272000 29.444000 27.017500 28.670000 28.618500 25.007000 23.686500 21.063000 18.032500 18.496500 19.239500 16.027000 14.006500 16.330500 16.020500 12.246000 12.774500 15.486500 13.468000 10.869500 14.096000 15.768000 13.239000 13.623500 17.336500 17.338000 15.742500 18.390000 20.042000 20.661500 21.668000 23.560500 25.054500
48.709000 46.534000 43.532500 40.332500 37.447500 34.243500 32.108500 34.525500 34.388500 30.600000 30.605500 33.384000 31.564500 28.470000 30.916500 32.609500 29.413000 28.876000 32.508000 33.140500 29.956000 29.470500 32.688000 34.612000 33.538000 36.429500 38.160500 41.231500 39.424000 37.610500 41.045500 42.364000 39.492000 40.119500 43.870000 44.595000 46.494500 44.914000 46.135000 44.818000 41.372500 41.630000 42.449500 39.197500 36.897000 37.713500 36.009000 33.540000 31.024500 31.094000 30.651000 27.626000 26.025000 26.803000 25.452500 22.123500 21.669000 22.654500 20.065000 17.337000 19.108500 19.285000 15.770500 14.035500 11.258000 11.019000 10.974000 10.504500 11.749000 13.342500 14.573500 12.933500 11.565000 9.035500 6.349500 5.270500 5.459000 3.844500 0.000000 3.845000 5.512000 5.116500 6.136000 8.583000 9.837500 10.448500 12.204500 14.191000 15.266500 16.557000 18.243500 19.891000 22.983500 24.943500 24.357000 21.414000 19.461500 22.804000 23.240000 19.863500 20.865500 24.258500 23.240500 22.539000 19.804500 20.910500 20.977000 18.483500 15.937500 16.873000 16.353500 12.804000 12.249500 14.174000 12.260500 8.963500 11.381500 13.195500 10.476500 9.884000 13.685500 14.197500 12.434500 15.004500 14.035000 16.845500 16.629000 17.226000 14.818500 11.968500 13.090000 13.497500 10.034000 8.718000 11.845500 11.443500 8.366500 10.442000 13.641000 12.762500 11.626500 14.751500 17.004000 16.215500 17.050000 20.085000 21.553500 21.101000 22.796500 25.558000 26.102000 26.618500 29.201500 30.822000 31.453500 33.298000 35.360500 36.388000 38.932000 38.091500 36.422500 36.882000 36.336000 39.206500 38.979000 36.213000 37.061500 36.876500 33.831500 31.898500 33.338500 32.073000 28.608000 28.577000 30.001500 27.317000 24.686500 26.533500 26.885000 23.328000 21.773000 18.800500 16.188000 16.629500 16.707500 13.367500 11.851500 13.906500 12.924500 9.157000 10.317000 12.557000 10.141500 8.221500 11.877000 13.060000 10.771000 12.057000 15.486500 15.251500 14.402500 17.340500 18.787500 19.515500 20.803500 22.707500 24.280500
48.984500 46.670500 43.770000 40.417500 37.564500 34.503000 32.089500 34.191500 34.186000 30.409500 29.992000 32.633000 30.974500 27.645500 29.713000 31.505000 28.350000 27.366500 30.900500 31.729500 28.747000 28.717500 31.913500 33.650500 32.853000 35.984500 37.917500 40.764000 38.662000 37.027000 40.556000 41.548000 38.558500 39.437000 43.136000 44.168000 46.220000 44.795000 46.304500 44.955000 41.448000 41.964000 42.993500 39.688000 37.361500 38.378000 36.581000 33.858000 31.664000 31.890500 31.025500 27.936500 26.793500 27.394500 25.553000 22.457000 22.346000 22.801500 19.836000 17.641000 19.447000 18.904500 15.241500 14.282500 12.007500 12.129000 12.889000 12.896000 14.143000 15.843000 16.839500 14.876500 12.994000 10.245000 8.722000 6.298000 4.971000 5.454500 3.845000 0.000000 3.843500 5.530000 5.233000 6.166000 8.577500 9.914000 10.592500 12.327000 14.292500 15.526500 16.454500 18.274000 21.522000 23.399000 23.215500 20.550500 18.804500 22.374000 23.111000 20.100000 21.250500 24.801000 24.134500 24.007500 21.586500 22.781500 23.262000 20.557500 18.027500 19.557000 19.167500 15.443500 15.261500 17.575000 15.628000 12.509000 15.095500 16.961500 14.150000 13.590000 17.404000 17.752500 15.687000 18.281500 17.383500 20.290000 20.210500 20.486000 17.869000 15.369000 16.287500 16.133500 12.612500 11.475000 13.953500 12.828000 9.302500 11.424500 14.220500 12.433000 10.847500 14.338500 16.254000 14.647500 15.431000 18.845000 19.900500 18.923500 20.873000 23.783000 23.879000 24.197000 27.074500 28.640500 28.901000 30.814500 33.101000 34.047000 36.431000 35.464500 33.780500 34.287000 33.662000 36.542500 36.535000 33.785000 34.668000 34.235500 31.266000 29.418000 30.593000 29.128000 25.799000 25.775000 26.892500 24.096500 21.627000 23.387500 23.454000 19.844500 18.506000 15.809000 12.855000 13.211000 13.822000 10.642000 8.644000 11.203500 11.021500 7.378500 8.498500 11.548000 10.181000 8.424500 11.780000 13.742000 12.376500 13.332000 16.696000 17.187500 16.712500 19.229500 20.703500 21.490000 22.698500 24.447500 25.886000
46.361500 43.926000 40.968000 37.640500 34.641500 31.723000 29.154500 31.327000 31.613500 27.880500 27.307000 30.164000 28.807000 25.423000 27.476000 29.591000 26.687500 25.647000 29.280000 30.444500 27.637500 27.723500 31.144500 32.550000 31.458500 34.544000 36.217000 39.065000 36.907500 35.017500 38.433000 39.447000 36.314500 36.965500 40.692500 41.755000 43.981000 42.771000 44.224000 42.632500 39.224500 39.955000 40.797500 37.363000 35.285500 36.572500 35.039000 32.440000 30.407500 30.260000 29.196000 26.382500 25.159500 25.287500 23.468000 20.619000 20.108000 20.190500 17.427500 15.182500 16.475500 15.755000 12.152000 11.106500 9.018500 9.063500 10.377500 11.013500 12.670500 14.661500 16.068000 14.396500 12.915500 10.977000 9.945500 8.725000 6.076000 5.138500 5.512000 3.843500 0.000000 3.841500 5.523000 5.130500 6.027500 8.500000 9.820500 10.478500 12.233000 14.310500 15.210500 16.294000 19.765500 22.148000 22.357000 19.378000 18.261500 21.960500 22.142500 19.244000 21.041000 24.347000 23.270500 23.305500 20.676500 21.317500 21.654000 18.572500 16.546000 18.505000 17.684000 13.928500 14.674500 17.003500 14.676000 12.253000 15.504500 17.024500 14.286500 14.720000 18.450500 18.453500 16.995500 19.997000 19.357500 22.154000 21.651500 22.300000 20.132500 17.163500 17.770500 18.265000 15.029000 13.069000 15.589500 15.223000 11.530000 12.608000 15.825500 14.506000 12.068000 15.039500 17.559000 15.968000 15.835500 19.339500 20.863000 19.494500 20.860000 24.124000 24.451500 24.220500 26.959000 28.975500 29.155000 30.651500 33.056500 34.352000 36.792000 36.118500 34.677000 35.444000 35.071000 38.056000 38.226500 35.706500 36.893500 36.465500 33.710000 31.702000 32.532500 31.133500 27.947500 27.545500 28.383000 25.745500 23.205500 24.432000 24.360000 20.892000 19.330500 16.878000 13.755000 14.903500 15.988500 12.661000 11.025500 14.193000 14.192500 10.746500 12.165000 15.296000 13.843500 12.152000 15.530500 17.439000 15.749500 16.633500 20.149000 20.416500 19.553500 22.189500 23.701000 24.350500 25.440500 27.209500 28.621000
43.970500 41.699000 38.716000 35.457000 32.556000 29.421500 27.160500 29.510000 29.475000 25.695000 25.583000 28.426000 26.756000 23.611000 26.063500 27.923000 24.885000 24.349000 28.055500 28.904500 25.851500 25.483500 28.907500 30.523500 29.233500 32.131500 33.717500 36.749000 34.859500 32.902500 36.293000 37.586000 34.631000 35.173500 38.935000 39.716000 41.732000 40.307000 41.588000 40.130500 36.706000 37.176500 37.985000 34.638000 32.445500 33.520000 31.950000 29.464000 27.200500 27.058500 26.288000 23.418000 21.948000 22.350000 20.813000 17.693000 17.161500 17.788500 15.158000 12.541500 14.264500 14.251000 10.733000 9.247500 6.920500 7.688000 9.054500 10.158000 12.446500 14.569500 16.551000 15.340500 14.434000 12.666500 10.604500 10.006000 8.533500 6.120000 5.116500 5.530000 3.841500 0.000000 3.840500 5.507500 5.092000 6.030500 8.530000 9.822000 10.477000 12.353500 14.149000 15.267000 18.434000 20.757000 20.466500 17.251000 15.891500 19.405500 19.364000 16.179500 17.910000 21.114000 19.847000 19.640500 16.934000 17.688000 18.106500 15.231000 12.915000 14.854000 14.383500 10.613500 11.152500 13.837000 12.015500 9.569000 12.806500 14.791500 12.718000 13.167000 16.754500 17.346000 16.428000 19.130000 17.987000 20.295000 19.235500 19.748000 18.040000 14.932500 14.915000 15.705500 12.930000 10.276000 12.609500 12.950000 9.401000 9.667500 13.217000 12.715000 10.210500 12.663500 15.647000 14.818500 14.508500 17.620500 19.667500 18.823000 19.811500 22.926500 23.819000 23.793000 26.135500 28.247500 28.906500 30.287500 32.394500 33.824500 36.487500 36.036000 34.674500 35.452500 35.284500 38.305000 38.246000 35.821500 37.168000 37.128500 34.432000 32.131500 33.130500 32.129000 28.788000 28.114500 29.339000 27.011500 24.102500 25.272000 25.739500 22.443500 20.356000 17.471500 14.943000 16.535000 16.859500 13.166500 12.496000 15.501500 14.547000 11.136000 13.369500 15.816000 13.600000 12.580000 16.319000 17.429000 15.446000 17.075000 20.387000 19.968000 19.284000 22.354500 23.671500 24.267000 25.517000 27.364000 28.874500
44.505500 42.308500 39.487000 36.108500 33.457000 30.253500 28.041000 30.062000 29.710000 25.915500 25.762500 28.229500 26.282500 23.104500 25.397000 26.912000 23.624000 22.990500 26.560000 27.128500 23.975500 23.694500 26.910500 28.742000 27.861500 30.926000 32.888000 35.787000 33.811000 32.223500 35.781000 36.885500 34.051500 34.982500 38.672500 39.567000 41.454500 39.881000 41.401000 40.209500 36.641500 37.038000 38.209500 35.000000 32.505500 33.417000 31.502500 28.717500 26.539500 26.916500 26.047000 22.850500 21.848500 22.656500 20.736500 17.550000 17.832000 18.498000 15.377000 13.373500 15.809500 15.491500 11.943000 11.415500 9.713000 11.129500 12.675500 13.744000 15.893500 17.922500 19.697000 18.256000 16.982500 14.658000 12.422000 10.754000 9.844000 8.610000 6.136000 5.233000 5.523000 3.840500 0.000000 3.840000 5.497000 5.094500 6.122500 8.634500 9.882000 10.660500 12.221000 14.217000 17.145500 18.900500 18.373000 15.583500 13.721000 17.261500 17.913500 14.896500 16.131000 19.652500 19.062500 19.219000 17.105000 18.565000 19.637500 17.152500 14.306500 16.347000 16.680000 13.006500 12.778500 15.903000 14.763500 11.846500 14.461000 17.062500 15.193000 14.780500 18.415500 19.524000 18.188500 20.439000 18.792000 20.957500 19.986000 19.781000 17.827500 15.299000 14.946000 14.833000 12.095000 9.811500 11.287000 10.795000 7.002000 7.469500 10.470500 9.299000 6.685500 9.640000 12.211500 11.119000 11.222000 14.425000 16.145000 15.438000 16.812000 19.739500 20.461500 20.769000 23.219500 25.043500 25.761000 27.412500 29.444500 30.658000 33.302500 32.706000 31.235500 31.906500 31.678500 34.675000 34.535000 32.071500 33.411000 33.460500 30.785500 28.407000 29.476500 28.600000 25.200000 24.489500 25.903500 23.678500 20.643500 21.954500 22.699500 19.462500 17.223000 14.088000 11.911500 13.536000 13.383000 9.603500 9.564000 12.499500 11.220500 8.197000 11.121000 13.294500 11.361000 11.240500 14.886000 15.870500 14.618500 16.660500 19.610000 19.371000 19.407500 22.397000 23.560500 24.270500 25.662000 27.421000 28.910000
44.036500 41.639500 38.883500 35.394000 32.685500 29.732500 27.160500 28.904500 28.882000 25.151500 24.453000 26.908000 25.336500 21.882000 23.737000 25.571500 22.500000 21.316000 24.843500 25.849500 23.042500 23.344500 26.649500 28.066500 27.303000 30.570000 32.563000 35.225500 32.922000 31.362500 34.932500 35.715500 32.672000 33.716000 37.365000 38.584000 40.728000 39.444500 41.196000 39.825500 36.278000 37.051000 38.288500 34.966000 32.624500 33.881500 32.063000 29.145000 27.390500 27.672500 26.298500 23.258000 22.654500 22.976500 20.619000 17.895000 18.236000 18.108500 14.779500 13.385500 15.431000 14.231000 10.642000 10.989500 10.018500 11.514000 13.681000 15.075000 17.194000 19.306500 20.967500 19.387000 17.913000 15.739000 14.317500 12.409500 10.436500 9.892500 8.583000 6.166000 5.130500 5.507500 3.840000 0.000000 3.845000 5.488500 5.077500 6.221500 8.712000 10.024500 10.472000 12.193000 15.493500 17.493000 17.720500 15.088500 13.952000 17.732500 18.342000 15.873000 17.607000 21.024000 20.526500 21.251500 19.302500 20.437500 21.643500 18.820000 16.413000 18.959000 19.013000 15.310000 15.797500 18.901500 17.388000 14.852000 17.833500 20.116000 17.967000 17.944500 21.658500 22.349000 20.921000 23.483500 22.161000 24.541000 23.670000 23.580000 21.550500 18.989500 18.743000 18.615500 15.802500 13.622500 14.975500 14.273500 10.482500 10.760500 13.330000 11.632000 8.475000 11.200500 13.548000 11.564000 10.975000 14.614500 16.082000 14.486500 15.778000 19.093500 19.419000 19.136000 21.854000 23.888500 24.122500 25.602500 27.968000 29.293000 31.786000 31.212000 29.858500 30.722000 30.536500 33.586000 33.778000 31.452500 32.950500 32.725000 30.236500 27.913500 28.523000 27.451500 24.302500 23.423500 24.325000 22.065000 19.203000 20.092000 20.417500 17.210500 15.077500 12.454500 9.749500 11.861000 12.629000 9.128500 8.816500 12.424000 12.157000 9.569000 12.135000 14.918500 13.829500 13.463000 16.794000 18.399500 17.482500 19.052500 22.127000 22.364500 22.302000 25.025000 26.299500 26.998000 28.252000 29.929000 31.311000
40.851000 38.410500 35.556500 32.128000 29.288500 26.351000 23.765000 25.725000 25.854000 22.114500 21.513000 24.250000 22.833000 19.438000 21.549500 23.624500 20.760000 19.833500 23.528000 24.722500 21.967500 22.102000 25.645000 26.831500 25.608000 28.702500 30.346000 33.136500 30.938500 29.037500 32.471500 33.462000 30.352000 31.062500 34.783000 35.864000 38.081500 36.899000 38.474000 36.909500 33.456500 34.303500 35.301500 31.877500 29.744000 31.170000 29.624500 26.922500 25.190500 25.051000 23.642500 20.882000 20.020000 19.956500 17.787000 15.181500 15.027000 14.746000 11.681000 9.999500 11.717500 10.642500 7.019000 7.264000 6.836000 8.837000 11.501500 13.538500 16.072500 18.351500 20.457000 19.301500 18.347000 16.766000 15.298500 14.279000 12.063000 10.434500 9.837500 8.577500 6.027500 5.092000 5.497000 3.845000 0.000000 3.834500 5.427500 5.061500 6.255000 8.792500 9.860000 10.512500 13.930000 16.538000 16.904500 13.745500 13.244500 16.978500 16.790000 14.288000 16.681500 19.719500 18.646000 19.370000 17.172500 17.748500 18.822500 15.762500 13.817000 16.720000 16.518000 12.966000 14.205500 17.297500 15.734500 13.908500 17.218500 19.278000 17.476000 18.155000 21.666500 22.260500 21.455500 24.191000 22.955000 25.102500 23.774000 23.997500 22.479500 19.534500 18.949500 19.494000 17.047000 14.189000 15.589000 15.807500 12.160000 11.445500 14.441000 13.664500 10.174000 11.933500 14.998500 13.634000 12.174000 15.462500 17.642500 16.084000 16.512000 19.999500 20.873500 20.190500 22.478000 24.973500 25.395500 26.385000 28.667500 30.383500 33.021500 32.830500 31.738500 32.810500 32.922000 36.030000 36.242000 34.147000 35.898500 35.841500 33.521500 31.015000 31.478500 30.617500 27.538500 26.334500 27.186000 25.188000 22.210500 22.671000 23.089500 20.138500 17.733500 15.250000 12.847000 15.407000 16.154500 12.622500 12.637500 16.227000 15.698000 13.005000 15.656000 18.311500 16.736000 16.262500 19.828500 21.173000 19.754500 21.429500 24.642000 24.469000 24.079500 27.044000 28.310000 28.892500 30.112500 31.858500 33.276500
39.512500 37.294000 34.502500 31.094000 28.506000 25.300000 23.107000 25.069500 24.650500 20.855500 20.774500 23.255000 21.303500 18.175000 20.654000 22.210000 19.023000 18.639000 22.320500 22.978000 19.861500 19.509000 22.957500 24.529000 23.322000 26.319500 28.099500 31.030000 29.076500 27.318000 30.827500 32.018500 29.177500 29.992500 33.703500 34.540500 36.456000 34.950000 36.472000 35.204000 31.647000 32.158500 33.326000 30.074500 27.631500 28.722000 26.922500 24.152000 22.188000 22.372000 21.238000 18.175500 17.310000 17.838000 15.751500 12.722000 13.119500 13.565000 10.344500 8.639500 11.411500 11.094500 7.889500 8.123500 7.748500 10.350500 12.762000 14.847500 17.585000 19.846000 22.167000 21.171500 20.380000 18.611000 16.457500 15.427500 14.052500 12.112000 10.448500 9.914000 8.500000 6.030500 5.094500 5.488500 3.834500 0.000000 3.842500 5.441500 5.086500 6.369000 8.671500 9.994000 12.767500 14.907500 14.492000 11.246000 10.095500 13.713500 13.664500 10.853000 12.976000 16.132500 15.236500 15.957500 14.050500 15.191500 16.764500 14.214000 11.670000 14.593000 15.212000 11.860000 12.443000 15.958500 15.231500 13.253500 16.078000 18.701000 17.517000 17.791000 21.112500 22.341000 21.721000 24.003500 22.225000 23.899000 22.211000 21.991000 20.787000 18.090000 16.851000 17.220500 15.323000 12.213000 12.850500 13.375000 10.089000 8.418000 11.236500 11.083000 7.532000 8.553500 11.977000 11.373000 9.831000 12.650000 15.270500 14.391500 14.589500 17.778500 19.173000 18.923500 20.830000 23.235500 24.191000 25.230500 27.145000 28.850000 31.687000 31.614000 30.528500 31.526500 31.777000 34.876500 34.814500 32.779500 34.627500 34.958500 32.689500 29.932500 30.615000 30.160500 26.936000 25.532000 26.840500 25.160500 21.861000 22.390500 23.423000 20.671500 17.829500 14.886000 13.295500 16.013500 15.874500 12.188500 13.164000 16.380500 15.009000 12.655000 15.910500 17.878500 15.910000 16.214000 19.870000 20.566500 19.242500 21.525500 24.402000 23.806500 23.827000 27.016500 28.061500 28.653500 30.036500 31.790000 33.266000
40.489000 38.234000 35.646000 32.100000 29.724000 26.657500 24.322000 25.783500 25.286500 21.583500 21.104000 23.163000 21.201000 17.893500 19.864000 21.250000 17.945000 17.060000 20.557500 21.195000 18.193500 18.354500 21.616500 23.153000 22.486000 25.779000 27.960500 30.587000 28.344500 26.998000 30.660000 31.450000 28.610000 29.880000 33.471500 34.618500 36.557000 35.095000 36.972500 35.855500 32.206500 32.867000 34.397000 31.239000 28.639500 29.761000 27.710500 24.603500 23.009000 23.644500 22.143500 18.917000 18.787500 19.402000 16.740500 14.078000 15.268000 15.235000 11.593000 11.041000 13.877000 12.766000 9.755000 11.062000 11.099000 13.592500 16.124000 18.069500 20.620500 22.842000 24.904000 23.611500 22.433000 20.324500 18.405000 16.645000 15.205000 14.145500 12.204500 10.592500 9.820500 8.530000 6.122500 5.077500 5.427500 3.842500 0.000000 3.841500 5.453500 5.228500 6.134500 8.599000 11.299000 12.887500 12.734000 10.187500 8.958000 12.758000 13.548000 11.449000 13.206000 16.553500 16.475500 17.811000 16.579000 18.098500 20.083500 17.720000 15.112500 18.054000 18.943000 15.622500 15.916500 19.508500 18.854500 16.562500 19.197500 21.992000 20.600000 20.456500 23.922500 25.216500 24.165500 26.342500 24.450000 26.228500 24.791500 24.171500 22.651000 20.362000 19.162500 18.837000 16.843500 14.263500 14.389000 14.032000 10.763500 9.477000 11.277500 10.136000 6.322500 7.507000 10.153000 8.608000 6.766000 10.133500 12.251000 10.866000 11.401500 14.732500 15.706500 15.421000 17.650500 19.912500 20.637500 21.868000 23.934500 25.490000 28.231500 28.018500 26.888000 27.899000 28.117500 31.230500 31.285000 29.291000 31.223000 31.478000 29.344500 26.553000 27.030500 26.595000 23.478000 21.919000 23.115500 21.554000 18.229500 18.603000 19.707000 17.100500 14.113500 11.228000 9.939000 13.022500 12.872500 9.464000 11.060500 14.315000 13.230500 11.642500 15.023000 16.973500 15.715000 16.460000 19.789000 20.704000 20.061500 22.309500 24.982500 24.792500 25.226500 28.186500 29.199000 29.878500 31.276500 32.923500 34.325000
38.724000 36.252000 33.658000 30.058500 27.536000 24.742000 22.046500 23.366000 23.320000 19.691500 18.689500 20.938000 19.498500 15.927000 17.584500 19.518500 16.621500 15.281000 18.866000 20.140500 17.589500 18.255500 21.725500 22.656000 21.783500 25.131500 27.079000 29.552000 27.062500 25.502000 29.071500 29.681000 26.574000 27.724500 31.328000 32.704500 34.948000 33.841500 35.804500 34.382000 30.832000 31.898500 33.306000 29.983500 27.694500 29.245500 27.497500 24.460000 23.277500 23.512500 21.548500 18.727000 18.771000 18.643000 15.731000 13.700500 14.554500 13.606000 9.994000 10.042000 12.146500 10.176500 7.405000 9.659500 10.615000 13.124500 16.092000 18.392000 21.007500 23.303000 25.432000 24.235000 23.157500 21.418000 19.990500 18.484500 16.343500 15.248000 14.191000 12.327000 10.478500 9.822000 8.634500 6.221500 5.061500 5.441500 3.841500 0.000000 3.843500 5.519500 5.079000 6.010000 9.448500 11.877500 12.770500 10.096000 10.297000 14.028500 14.147500 12.631000 15.161000 18.035500 17.612000 19.285000 17.967000 18.822500 20.690500 17.966000 16.037500 19.361500 19.795500 16.571500 17.670500 21.106000 20.073500 18.298000 21.343500 23.752000 22.234000 22.652500 26.131500 27.032000 26.160500 28.683000 27.118500 29.038500 27.535500 27.254500 25.832000 23.247500 22.152000 22.211500 20.130500 17.341500 17.781500 17.701000 14.318000 12.979500 14.978500 13.953500 10.142500 10.915500 13.534000 11.780000 9.238000 12.403500 14.527500 12.399000 12.238500 15.935500 16.798000 15.624500 17.802000 20.539000 20.856000 21.568000 23.912500 25.807000 28.447000 28.478500 27.618500 28.911000 29.308500 32.456000 32.824000 31.071000 33.203000 33.268500 31.361000 28.611500 28.637000 28.091000 25.270500 23.501000 24.165500 22.685000 19.581000 19.353500 20.024500 17.626000 14.756500 12.634000 11.017500 14.439500 15.110000 12.067000 13.176500 16.762000 16.327500 14.652500 17.669500 20.066000 19.013500 19.298500 22.621000 23.898000 23.096000 25.020000 27.941500 27.895000 28.001500 30.908500 32.044500 32.661500 33.940500 35.587500 36.944000
35.528500 33.158500 30.485500 26.947500 24.444000 21.447500 19.000000 20.577500 20.289000 16.557500 16.059000 18.464500 16.771000 13.426500 15.722500 17.539500 14.613000 14.029000 17.780500 18.839500 16.073500 16.169000 19.826500 20.801500 19.430000 22.531500 24.210000 26.941500 24.738500 22.897000 26.397000 27.386500 24.392000 25.256000 28.950000 30.003500 32.118000 30.877000 32.619500 31.196000 27.650500 28.558000 29.837500 26.508000 24.204000 25.707000 24.058500 21.184000 19.863500 19.876000 18.032500 15.279000 15.079000 14.913500 12.172500 9.987000 10.786000 10.073000 6.430000 6.519500 9.085000 7.777500 5.617500 7.893000 9.473000 12.449000 15.441000 18.067000 20.967000 23.310000 25.799500 24.969500 24.312000 22.841000 21.053500 20.086500 18.208000 16.369500 15.266500 14.292500 12.233000 10.477000 9.882000 8.712000 6.255000 5.086500 5.453500 3.843500 0.000000 3.841000 5.547000 5.315000 8.158000 10.954500 11.360500 7.962000 8.583500 12.057500 11.331000 9.681000 12.753500 15.222500 14.329000 16.047000 14.755000 15.374000 17.425000 14.879000 13.155500 16.691000 17.357000 14.551000 15.851000 19.324000 18.713000 17.436500 20.358500 22.799000 21.841000 22.518000 25.706000 26.820500 26.458500 28.857500 27.129000 28.653500 26.695500 26.451500 25.553000 22.860000 21.288500 21.750000 20.189500 16.958500 17.114000 17.802500 14.777500 12.563500 14.666000 14.624000 10.872000 10.582500 13.782000 13.040000 10.127000 12.457500 15.366500 13.883500 12.896000 16.362000 18.022500 16.911500 18.375500 21.366000 22.211500 22.556000 24.521000 26.695500 29.554500 29.948000 29.279500 30.636500 31.297500 34.444000 34.629500 33.046500 35.340500 35.739500 33.919500 30.959500 31.092500 30.885500 28.002000 26.022000 26.957000 25.762000 22.462500 22.134500 23.182500 20.997500 17.875000 15.557000 14.427000 17.855000 18.044500 14.814500 16.236000 19.655000 18.640000 16.832000 20.111000 22.180000 20.575500 21.027000 24.574000 25.399000 24.258000 26.494000 29.373000 28.846000 28.888500 32.055500 33.088000 33.630500 34.961000 36.664000 38.080000
35.738500 33.579500 31.119500 27.558500 25.468500 22.359000 20.268000 21.483500 20.593500 16.959000 16.743500 18.499500 16.232500 13.129500 15.383000 16.438000 13.032500 12.709500 16.276000 16.689500 13.549000 13.466000 16.928500 18.335000 17.399500 20.637000 22.777500 25.436000 23.285000 21.916000 25.592000 26.498000 23.804500 25.098000 28.666000 29.681500 31.494000 29.954000 31.876500 30.866000 27.176000 27.827000 29.515000 26.454000 23.743000 24.892000 22.797000 19.604000 18.302000 19.018500 17.242000 14.031500 14.416500 15.009000 12.028000 9.721500 11.732000 11.564000 7.894500 8.682000 11.856500 10.931500 9.209500 11.299500 12.481500 15.514000 18.293000 20.735500 23.613000 25.917000 28.360500 27.426000 26.626500 24.817500 22.712500 21.374500 19.980000 18.383000 16.557000 15.526500 14.310500 12.353500 10.660500 10.024500 8.792500 6.369000 5.228500 5.519500 3.841000 0.000000 3.847500 5.621000 7.092500 8.682000 8.235500 5.139000 4.979000 8.636500 8.778000 7.476000 9.976500 12.691000 12.677500 14.835500 14.352500 15.773000 18.401500 16.478500 14.228000 17.559500 18.960000 16.308500 16.859000 20.565500 20.525500 18.892500 21.340000 24.223000 23.504000 23.645500 26.776500 28.337000 27.819000 29.844000 27.709500 28.971000 26.958500 26.176000 25.316000 23.070000 21.133000 21.062500 19.868500 16.871500 16.217500 16.632000 14.063000 11.500000 12.670500 12.677000 9.160000 7.889000 10.726000 10.315500 7.024500 8.790000 11.926000 10.869000 9.613500 12.839500 14.844500 14.137500 15.346000 18.168000 19.419500 19.928000 21.605000 23.667500 26.658000 27.071500 26.380500 27.665500 28.429000 31.548500 31.549000 30.054500 32.457000 33.142500 31.454000 28.302500 28.512500 28.666500 25.762500 23.562000 24.817500 23.978000 20.473500 20.121500 21.717500 19.827500 16.383000 13.853500 13.627500 17.129000 16.645000 13.663500 15.909000 18.928000 17.502000 16.358500 19.937000 21.478000 19.991500 21.129500 24.507500 24.989500 24.267500 26.845000 29.364500 28.768000 29.301000 32.468000 33.325000 33.925500 35.370000 37.014000 38.426000
36.669500 34.345000 32.060500 28.388500 26.371500 23.612000 21.174000 21.865500 21.273500 17.852000 16.873500 18.331000 16.502000 13.081000 14.441000 15.715500 12.535500 11.155500 14.558000 15.449500 12.831000 13.799500 17.087000 18.010500 17.578000 21.116500 23.470500 25.688500 23.086500 22.013500 25.734000 26.097000 23.226000 24.882000 28.315500 29.788500 31.823500 30.578500 32.855500 31.779000 28.118000 29.154000 31.032500 27.973500 25.387000 26.806500 24.733500 21.378500 20.647500 21.455000 19.183500 16.218000 17.201500 17.381500 13.972500 12.473000 14.526000 13.503000 9.833000 11.356500 13.908500 12.022000 10.451000 13.222500 14.630000 17.470000 20.452500 22.873500 25.616000 27.926000 30.167000 29.015000 27.948500 26.050000 24.350500 22.630500 20.874500 19.847000 18.243500 16.454500 15.210500 14.149000 12.221000 10.472000 9.860000 8.671500 6.134500 5.079000 5.547000 3.847500 0.000000 3.854000 5.656500 7.083000 8.062500 6.284000 7.117500 10.400000 11.043000 10.746000 12.987000 15.522000 15.932000 18.410000 18.109000 19.391500 21.974000 19.854500 17.821500 21.222500 22.380000 19.561000 20.287000 23.955500 23.580500 21.817500 24.457000 27.244500 26.154000 26.267000 29.602500 30.943500 30.124500 32.309000 30.325000 31.862000 30.111500 29.307500 28.130000 25.948500 24.287500 23.948500 22.433500 19.722000 19.199000 19.044000 16.264000 14.285000 15.164000 14.337000 10.829000 10.117000 12.034000 10.560000 6.978000 9.125500 11.390000 9.209000 7.861500 11.558000 12.876500 11.452000 13.096000 16.084000 16.740000 17.150000 19.254000 21.352500 24.154000 24.522000 23.920000 25.379000 26.167500 29.312500 29.631000 28.274500 30.804500 31.244000 29.774000 26.691000 26.459000 26.498500 23.884500 21.498500 22.293500 21.572000 18.250000 17.406500 18.763500 17.154500 13.734500 11.845500 11.758500 15.539000 15.539000 13.119500 15.371000 18.479000 17.696000 16.972000 20.314500 22.114500 21.255000 22.327000 25.459000 26.353500 25.992000 28.302000 30.846000 30.676000 31.275000 34.222000 35.159500 35.800000 37.180000 38.756000 40.090500
33.919500 31.413000 29.068500 25.374500 23.198500 20.652500 17.939000 18.577500 18.391000 15.013500 13.628000 15.404000 14.094500 10.423000 11.722500 13.698000 11.070000 9.515000 13.154500 14.756000 12.643000 13.828500 17.362500 17.614500 16.639500 20.051000 21.956500 24.146000 21.435500 19.938500 23.509000 23.883000 20.740000 22.092500 25.610500 27.170500 29.485000 28.562000 30.793000 29.374500 25.834500 27.222500 28.872500 25.639000 23.406000 25.246000 23.575500 20.444000 20.046000 20.290000 17.649000 15.234500 16.215000 15.592000 12.077000 11.331000 12.916500 11.028500 7.674000 9.953000 11.705500 9.313500 8.685500 11.992000 14.156500 16.987500 20.165500 22.879500 25.715500 28.061500 30.458000 29.521500 28.697000 27.183000 25.704500 24.386000 22.246500 20.911500 19.891000 18.274000 16.294000 15.267000 14.217000 12.193000 10.512500 9.994000 8.599000 6.010000 5.315000 5.621000 3.854000 0.000000 3.830000 7.043500 9.046500 6.863000 9.183500 12.013500 11.487000 11.584500 14.576000 16.479500 16.267000 18.869000 18.404500 18.980500 21.399500 19.085500 17.736000 21.378500 22.183500 19.620000 20.986500 24.473000 23.915500 22.696000 25.596500 28.063000 27.045500 27.671500 30.921500 32.007500 31.503000 33.927000 32.167500 33.712000 31.778500 31.311500 30.357500 27.861000 26.188500 26.326500 24.829000 21.797000 21.561000 21.871000 18.969500 16.795000 18.125000 17.672000 14.022000 13.231000 15.549500 14.325500 10.736000 12.520500 14.972000 12.737000 10.832500 14.379000 15.834000 13.781500 14.956500 18.357000 18.828000 18.557500 20.700500 23.196500 25.932000 26.654500 26.360500 28.035000 29.022500 32.148500 32.644500 31.505500 34.164500 34.536500 33.206500 30.155000 29.683000 29.679500 27.248500 24.774500 25.246000 24.581500 21.444500 20.252000 21.271500 19.813500 16.598000 15.159000 14.687500 18.495000 18.948500 16.473000 18.284500 21.644500 21.068500 19.972000 23.184500 25.270000 24.246500 24.948000 28.239500 29.261000 28.566000 30.736000 33.513500 33.262500 33.528500 36.552000 37.572500 38.139000 39.446500 41.064500 42.401500
31.625000 29.250000 27.158000 23.447500 21.721000 19.248500 16.854500 16.944500 16.257500 13.157500 11.877000 12.881500 11.221500 7.753500 8.867500 10.251000 7.417500 6.011500 9.708000 11.082000 9.016000 10.465500 13.934500 13.935000 13.058500 16.568000 18.668000 20.682500 17.903000 16.680500 20.351000 20.607500 17.649000 19.336000 22.737000 24.311000 26.461000 25.447500 27.885500 26.702500 23.102500 24.493500 26.467000 23.453000 21.051500 22.834000 21.014000 17.730000 17.822000 18.377500 15.449500 13.158000 14.926000 14.405500 10.636000 10.688000 13.031500 11.158000 8.375000 11.474500 13.304000 11.330000 11.533000 14.782500 17.077000 20.038000 23.176000 25.964500 28.893000 31.251500 33.766500 32.922000 32.173500 30.623000 28.947000 27.615000 25.688000 24.266000 22.983500 21.522000 19.765500 18.434000 17.145500 15.493500 13.930000 12.767500 11.299000 9.448500 8.158000 7.092500 5.656500 3.830000 0.000000 3.831500 6.391000 5.281000 8.607000 10.369500 9.726500 11.043500 13.818500 15.064000 15.294000 18.417000 18.678000 19.384000 22.197500 20.376500 19.104000 22.707000 23.932000 21.741500 22.925000 26.464500 26.335000 25.227500 27.871000 30.509000 29.820000 30.341000 33.444500 34.791000 34.415000 36.640500 34.642500 35.899500 33.748500 33.021500 32.322500 30.027500 27.989000 28.010500 26.921000 23.881500 23.126500 23.553500 21.056000 18.496000 19.261500 19.132500 15.781500 14.163000 16.088500 15.340000 11.531000 12.193500 14.724500 12.843000 9.980000 12.978500 14.944000 12.728500 12.968500 16.604000 17.442500 16.652500 18.402500 21.185500 24.041000 25.179500 25.186000 26.994500 28.330000 31.390500 31.819500 31.040000 33.967000 34.645500 33.640500 30.391000 29.771500 30.205000 27.947500 25.112000 25.682500 25.555000 22.356000 20.798000 22.239000 21.322000 17.914500 16.652500 16.944500 20.790000 20.846500 18.660000 20.952500 24.050000 23.214500 22.510500 25.895500 27.640500 26.605000 27.692500 30.932500 31.681500 31.132500 33.544000 36.126500 35.716000 36.211500 39.304500 40.202000 40.765500 42.132000 43.722500 45.056500
32.348000 30.209000 28.428500 24.780500 23.555500 21.127500 19.154000 18.801500 17.554500 14.845000 13.864000 13.907000 11.779000 9.073500 9.612000 9.649000 6.378000 5.117000 8.025500 8.422500 6.030500 8.049500 11.060500 11.286000 11.307500 15.037500 17.749000 19.447000 16.629000 16.189500 19.968500 19.943500 17.426500 19.699500 22.792000 24.396000 26.199000 24.942500 27.644500 26.931000 23.270000 24.445000 26.870000 24.227500 21.505500 22.928500 20.701000 17.142000 17.512500 18.787500 15.931000 13.443500 15.862500 15.969500 12.257000 12.381000 15.389500 14.028500 11.404000 14.418500 16.638000 14.968500 15.000500 18.088000 20.122000 23.143500 26.192500 28.867500 31.781500 34.124500 36.590500 35.638000 34.759000 32.962000 31.111500 29.500000 27.868000 26.647000 24.943500 23.399000 22.148000 20.757000 18.900500 17.493000 16.538000 14.907500 12.887500 11.877500 10.954500 8.682000 7.083000 7.043500 3.831500 0.000000 3.845500 5.384500 8.222000 8.950000 9.320000 11.470000 13.365000 14.408000 15.554000 18.968500 19.894000 21.116500 24.253500 22.846000 21.249000 24.662500 26.326000 24.198500 24.918000 28.575500 28.777000 27.416500 29.758500 32.671500 32.099500 32.252000 35.325500 36.957000 36.435500 38.405000 36.142500 37.228500 35.086500 33.965500 33.272500 31.339000 29.103000 28.712500 27.877000 25.095000 23.828000 23.983500 21.879000 19.280500 19.296500 19.107500 16.214500 14.115500 15.230500 14.671000 10.962000 10.598000 12.748500 11.187500 7.688000 9.980500 12.237000 10.120500 9.613000 13.267000 14.496500 13.595500 14.986500 17.796000 20.774000 22.077000 22.207500 24.040000 25.583500 28.569500 28.895500 28.361500 31.461000 32.403000 31.669500 28.278500 27.574000 28.408000 26.306000 23.198000 23.935500 24.299500 21.067000 19.296500 21.219000 20.793000 17.251500 16.136500 17.268000 21.011000 20.606500 18.883500 21.671500 24.365000 23.354000 23.237000 26.702000 28.048500 27.219000 28.766000 31.797500 32.333500 32.150500 34.749000 37.038000 36.635000 37.502000 40.543500 41.311000 41.919500 43.355000 44.880000 46.193000
32.630500 30.795500 28.991000 25.467000 24.408000 21.614000 20.160500 20.147000 18.309500 15.507000 15.444500 15.444500 12.546000 10.505500 11.926500 11.150500 7.397500 7.917500 10.365500 9.389500 5.821500 6.059500 9.122500 10.586500 10.620500 14.152500 17.106000 19.173000 16.917000 16.619000 20.425500 20.874500 18.833500 20.998500 24.073500 25.187000 26.529500 24.759500 27.240000 26.907500 23.144500 23.729000 26.264500 23.833500 20.719000 21.589000 18.973500 15.285500 15.177000 16.990500 14.683500 11.650000 14.053500 15.037000 11.683500 11.178000 14.661000 14.251000 11.683500 14.239000 17.034000 16.119000 15.897500 18.492000 20.183500 23.286000 26.101000 28.658000 31.606500 33.912500 36.446000 35.558500 34.753000 32.841000 30.618500 29.057500 27.881500 26.474000 24.357000 23.215500 22.357000 20.466500 18.373000 17.720500 16.904500 14.492000 12.734000 12.770500 11.360500 8.235500 8.062500 9.046500 6.391000 3.845500 0.000000 3.864500 5.635500 5.289000 6.418000 8.852500 10.030500 11.009000 12.723000 16.171000 17.550000 19.268500 22.644500 21.706500 19.764000 22.895500 25.020000 23.092000 23.325500 27.013500 27.671500 26.218500 28.162000 31.299000 31.052000 30.936000 33.816000 35.785000 35.349000 37.001500 34.467000 35.235500 32.958500 31.565000 31.091500 29.419000 26.892000 26.360500 25.944500 23.244000 21.513000 21.814500 20.202500 17.305500 16.850500 17.152000 14.703500 11.925000 12.869500 13.182000 9.729000 8.306500 11.006500 10.618500 7.114000 8.622000 11.784500 10.832500 9.924500 13.050000 15.153500 14.739500 15.483500 17.987000 21.202500 22.428500 22.371500 23.942500 25.465000 28.407000 28.324500 27.687500 30.711000 32.011000 31.156000 27.622000 27.350000 28.459500 26.104500 23.064000 24.383000 24.798000 21.323500 20.014500 22.413500 21.837500 18.131000 16.417500 17.871500 21.423000 20.372000 18.504500 21.617000 24.004000 22.427000 22.434000 26.089000 26.980500 25.880500 27.783500 30.808500 30.908500 30.748000 33.636500 35.682000 34.995500 36.078500 39.210000 39.822500 40.433500 41.954000 43.475500 44.825500
32.207000 30.235500 28.071500 24.521500 22.984000 19.935500 18.292000 18.929500 17.386500 14.080500 14.202000 15.119000 12.315000 9.773000 12.079000 12.230000 8.555000 9.156500 12.426000 12.204500 8.812000 8.410500 11.978500 13.341500 12.389500 15.670000 18.038500 20.595500 18.516500 17.439500 21.189500 22.084500 19.722500 21.294000 24.700000 25.619000 27.168500 25.460500 27.577500 26.875000 23.112500 23.694000 25.775000 22.993000 20.033500 21.076000 18.750500 15.309000 14.572500 15.750000 13.609000 10.393000 11.934500 12.721000 9.382000 8.126000 11.333500 11.069500 8.192000 10.464000 13.405500 12.730000 12.377000 14.777500 16.487000 19.611000 22.403500 25.021000 28.012000 30.328500 32.946000 32.184500 31.535000 29.802000 27.567000 26.307000 25.042000 23.329500 21.414000 20.550500 19.378000 17.251000 15.583500 15.088500 13.745500 11.246000 10.187500 10.096000 7.962000 5.139000 6.284000 6.863000 5.281000 5.384500 3.864500 0.000000 3.806500 5.378500 5.028500 6.217000 8.611000 10.089000 10.763000 13.919500 14.642000 16.095500 19.295500 18.082000 16.202000 19.486500 21.393500 19.416000 19.896500 23.550000 24.065000 22.788500 24.903500 27.889000 27.648000 27.788500 30.653000 32.480000 32.218500 34.018500 31.638500 32.480500 30.134000 29.060500 28.644500 26.653000 24.209000 24.081500 23.522500 20.523000 19.171000 19.854000 17.946500 14.894500 15.181500 15.755500 12.858500 10.308000 12.348000 12.720000 9.143000 8.833000 12.188000 11.651500 8.875500 11.270000 14.152000 13.236000 13.143500 16.265000 18.077500 17.901000 18.994000 21.433500 24.593500 25.590000 25.323000 26.803500 28.065000 31.098000 31.016000 30.041500 32.833500 33.934500 32.712500 29.293000 29.260500 29.997500 27.365000 24.649500 25.975500 25.855000 22.307000 21.381500 23.447500 22.283500 18.616500 16.493000 17.189500 20.799500 19.976000 17.500500 20.243500 22.959500 21.328000 20.717000 24.402500 25.553000 24.093000 25.649000 28.925500 29.084000 28.520000 31.344500 33.625000 32.814000 33.583500 36.823000 37.519500 38.087000 39.578000 41.178500 42.576000
35.064000 33.275000 31.064500 27.617000 26.074500 22.816500 21.394000 22.334000 20.631500 17.273500 17.750000 18.735500 15.731000 13.441000 15.824000 15.716500 11.946500 12.614500 15.639000 14.909500 11.240000 10.242500 13.291500 15.471000 14.886500 17.965000 20.508000 23.186500 21.409500 20.550000 24.270000 25.310500 23.185500 24.770000 28.127500 28.846000 30.133500 28.127000 30.078000 29.631500 25.851500 26.002500 28.087000 25.452500 22.279500 22.841000 20.241500 16.829000 15.426000 17.013000 15.603000 11.975500 12.947000 14.574500 11.817000 9.547000 12.646500 13.314000 10.294000 11.418500 14.894500 14.678500 13.530500 15.302000 16.297500 19.347500 21.831500 24.149000 27.044500 29.281000 31.793500 30.931500 30.186500 28.209500 25.693500 24.283000 23.498000 21.867500 19.461500 18.804500 18.261500 15.891500 13.721000 13.952000 13.244500 10.095500 8.958000 10.297000 8.583500 4.979000 7.117500 9.183500 8.607000 8.222000 5.635500 3.806500 0.000000 3.845000 5.420500 4.983500 6.102500 8.758500 10.001500 12.659000 13.408500 15.621500 18.837500 17.851000 15.302000 18.207500 20.455000 18.333000 18.137000 21.884000 22.654500 20.965500 22.722500 25.978500 25.800000 25.499000 28.320000 30.421500 29.995500 31.510000 28.907000 29.631500 27.379000 26.011000 25.516500 23.819000 21.299000 20.821500 20.420000 17.666000 15.947000 16.444000 14.880500 11.777500 11.583000 12.323000 9.842500 6.800500 8.790500 9.795000 6.745500 6.047500 9.795000 10.164000 8.252000 10.276000 13.236000 13.326000 13.584500 16.061500 18.187500 18.719500 19.655500 21.614000 24.818000 25.434500 24.815500 25.982500 26.989000 29.994500 29.621000 28.347000 30.900000 32.128000 30.655000 27.236000 27.644000 28.409500 25.508500 23.045000 24.824000 24.546000 20.859000 20.510500 22.839000 21.416000 17.737500 15.066000 15.953000 19.232000 17.852500 15.284500 18.260000 20.616500 18.544000 18.099000 21.882000 22.631000 21.051500 22.937500 26.115500 25.974000 25.554000 28.569500 30.610000 29.698500 30.720000 33.947000 34.538000 35.153500 36.721000 38.303000 39.723500
33.620500 32.124500 30.153000 26.849500 25.783500 22.532500 21.650500 22.308000 20.038500 17.066500 18.035000 18.385500 14.964000 13.516000 15.883000 14.884000 11.168000 12.726500 15.125000 13.531500 9.698000 7.709500 10.260500 12.992000 12.575000 15.351000 18.109500 20.758000 19.349500 18.868000 22.506000 23.667000 22.041000 23.765000 26.892500 27.348500 28.219000 25.901000 27.855000 27.830500 24.052500 23.852500 26.227500 23.974500 20.536000 20.676500 17.749000 14.225500 12.954500 15.210000 14.030000 10.374500 11.992000 14.186000 11.751000 10.043000 13.628000 14.613500 12.287000 13.763500 17.119000 17.249500 16.647500 18.371500 19.485000 22.551500 24.922000 27.257500 30.190000 32.389000 34.996500 34.253000 33.618000 31.656000 28.969000 27.636500 27.077000 25.345500 22.804000 22.374000 21.960500 19.405500 17.261500 17.732500 16.978500 13.713500 12.758000 14.028500 12.057500 8.636500 10.400000 12.013500 10.369500 8.950000 5.289000 5.378500 3.845000 0.000000 3.852500 5.408000 5.011500 6.341000 8.752000 11.891000 13.708500 16.133500 19.662500 19.347000 16.942500 19.553500 22.227500 20.613500 20.178000 23.802500 25.052500 23.554000 24.924500 28.272000 28.490500 28.084000 30.634000 32.999000 32.752500 33.992500 31.165000 31.496000 29.022500 27.369000 27.250000 25.860000 22.971000 22.400000 22.578000 19.947000 17.686000 18.390500 17.490000 14.182500 13.281000 14.548500 12.793500 9.234500 10.340500 12.121000 9.522000 7.262000 10.727000 11.910500 9.451000 10.176500 13.758500 14.146000 13.393500 15.648500 18.367000 18.607000 18.867500 20.869000 24.178500 25.134500 24.734500 25.893500 27.190500 30.053000 29.463500 28.514500 31.237500 32.861500 31.665500 28.089500 28.508500 29.735500 26.976000 24.286000 26.275000 26.465500 22.778000 22.255000 24.950500 23.942500 20.211500 17.706500 19.122000 22.298000 20.578000 18.337000 21.556500 23.591500 21.273000 21.168500 24.973500 25.324000 23.695000 25.902500 28.961500 28.467500 28.157500 31.379500 33.156000 32.017000 33.257500 36.523500 36.949500 37.545000 39.160000 40.697500 42.110000
30.338000 28.794500 26.667500 23.398000 22.230000 18.876000 18.154000 19.051500 16.728000 13.673000 15.073500 15.697000 12.207500 11.022000 13.989500 13.231500 9.782000 12.001000 14.655000 13.441000 9.813500 7.378000 10.559000 12.695500 11.178500 13.655000 15.822000 18.856000 17.644500 16.526500 20.057000 21.634500 19.909000 21.150000 24.441500 24.650500 25.612000 23.352500 25.055000 24.766000 21.002000 20.848000 22.949500 20.502000 17.166500 17.528500 14.883000 11.521500 10.118500 11.813500 10.497500 6.794500 8.341500 10.372500 8.072000 6.553000 10.275000 11.365000 9.695000 11.398500 14.447500 14.974500 15.029000 16.673500 18.176500 21.268500 23.669000 26.229500 29.270500 31.499000 34.311000 33.834000 33.485500 31.855000 29.213500 28.320000 27.534500 25.390000 23.240000 23.111000 22.142500 19.364000 17.913500 18.342000 16.790000 13.664500 13.548000 14.147500 11.331000 8.778000 11.043000 11.487000 9.726500 9.320000 6.418000 5.028500 5.420500 3.852500 0.000000 3.845500 5.508500 5.425500 6.369000 9.950000 11.700500 13.485500 17.066500 16.824500 14.973000 17.781500 20.318500 19.094000 19.155000 22.616000 23.881500 22.935000 24.466000 27.550500 27.989000 28.057500 30.458500 32.669000 32.815500 34.228000 31.570000 31.826500 29.081000 27.807500 28.014500 26.257000 23.286500 23.339000 23.570500 20.516500 18.600000 19.949000 18.839500 15.262500 15.144500 16.813000 14.639000 11.316000 13.321000 14.992500 12.098000 10.644000 14.265500 14.944000 12.254000 13.499000 16.999000 16.789000 15.945500 18.647500 21.153000 20.919000 21.269000 23.631000 26.925000 28.137500 27.928500 29.243500 30.635500 33.534500 33.069500 32.190500 34.956000 36.486500 35.269000 31.725000 32.042500 33.132500 30.376000 27.689500 29.466500 29.519000 25.852000 25.188500 27.613000 26.472000 22.751000 20.304500 21.215500 24.582500 23.232500 20.635500 23.512500 25.913000 23.686500 23.049500 26.852000 27.503500 25.563000 27.391500 30.709500 30.279500 29.523500 32.680500 34.708000 33.382000 34.258000 37.671500 38.159000 38.665000 40.229500 41.836500 43.280000
32.525500 30.931000 28.525000 25.306500 23.716500 20.162500 19.287000 20.805500 18.838000 15.449500 16.880500 18.205000 14.975500 13.354500 16.568500 16.431000 12.989500 14.707000 17.769000 16.928000 13.277000 11.137000 14.248000 16.486500 14.922500 17.274000 19.147000 22.361000 21.234500 19.811500 23.254000 25.003000 23.082000 24.014500 27.468500 27.587000 28.649000 26.413000 27.806500 27.324000 23.633000 23.358000 25.050500 22.414000 19.240500 19.534500 17.114000 14.159500 11.958000 13.137000 12.480000 8.797000 8.700500 10.919500 9.175500 6.138000 9.123000 10.987000 8.987500 9.412500 12.881000 13.868500 13.273500 14.268000 15.282000 18.293500 20.454500 22.861500 25.860500 28.043500 30.838000 30.391000 30.104500 28.487000 25.710000 24.987000 24.401000 22.085000 19.863500 20.100000 19.244000 16.179500 14.896500 15.873000 14.288000 10.853000 11.449000 12.631000 9.681000 7.476000 10.746000 11.584500 11.043500 11.470000 8.852500 6.217000 4.983500 5.408000 3.845500 0.000000 3.844000 5.608500 5.338500 7.923500 8.803000 10.973500 14.407000 13.995000 11.654500 14.401500 16.980000 15.579000 15.423000 18.946500 20.231500 19.179500 20.655500 23.775500 24.234500 24.266500 26.641000 28.873500 29.053500 30.440000 27.805000 28.088500 25.357000 24.211000 24.395000 22.511000 19.588000 19.820000 19.997000 16.823500 15.074000 16.695000 15.546500 11.859500 12.220500 14.223000 12.040500 8.938000 11.689000 13.572000 11.122500 10.414500 14.223000 15.024000 13.141000 14.810000 18.022500 18.139000 17.998000 20.515000 22.871000 23.119000 23.755500 25.871000 29.140500 29.979000 29.455500 30.586000 31.656500 34.609000 34.063000 32.795000 35.266000 36.650000 35.060500 31.647000 32.295000 33.091500 30.060500 27.744500 29.666500 29.271000 25.557500 25.390500 27.656500 26.029500 22.413500 19.559000 20.009000 23.159000 21.773000 18.792000 21.392000 23.802500 21.396500 20.367000 24.143000 24.795500 22.545500 24.218500 27.640000 27.125500 26.120500 29.285000 31.370000 29.920500 30.660000 34.128000 34.637500 35.135000 36.709500 38.364000 39.851000
34.605000 33.294500 31.063500 27.984000 26.707000 23.137000 22.605000 23.975500 21.668000 18.533000 20.157000 21.065000 17.583500 16.348500 19.350500 18.634500 15.093500 16.966500 19.625500 18.136000 14.338500 11.772500 14.115000 17.034500 16.005500 18.127000 20.315000 23.434000 22.605000 21.669500 25.066000 26.809500 25.283500 26.451000 29.701500 29.666000 30.339000 27.771500 29.135500 29.112000 25.436500 24.719500 26.645000 24.400500 20.967000 20.661500 17.844500 14.885000 12.418500 14.413000 14.380500 10.644500 10.740000 13.686500 12.361500 9.587000 12.508500 14.688000 12.780000 12.972000 16.513000 17.595000 16.714000 17.470500 18.010000 20.883500 22.741000 24.844000 27.714000 29.781000 32.463500 31.940500 31.566500 29.715500 26.682500 25.777000 25.700000 23.559000 20.865500 21.250500 21.041000 17.910000 16.131000 17.607000 16.681500 12.976000 13.206000 15.161000 12.753500 9.976500 12.987000 14.576000 13.818500 13.365000 10.030500 8.611000 6.102500 5.011500 5.508500 3.844000 0.000000 3.839500 5.649000 7.693500 9.525500 12.572000 16.025500 16.229500 13.470000 15.493000 18.565500 17.319500 16.344500 19.797000 21.547000 20.170000 21.042500 24.448500 25.130000 24.634000 26.814500 29.434500 29.490000 30.438000 27.470500 27.422500 24.707500 23.035500 23.337000 22.009500 18.821500 18.540500 19.243500 16.520500 14.013500 15.471000 15.145000 11.472500 10.717000 13.148000 11.947500 8.334500 10.187500 12.937500 11.278500 9.599000 13.153500 14.905000 13.366000 14.161000 17.527000 18.398500 18.042000 19.970500 22.736500 23.320500 23.552500 25.313000 28.604000 29.317500 28.659500 29.549500 30.570500 33.389000 32.527000 31.231000 33.591000 35.272000 33.682000 30.219500 31.174000 32.244500 29.151000 26.910000 29.231000 29.012500 25.260000 25.372000 27.999000 26.484500 22.875000 19.839000 20.779500 23.600500 21.638000 18.924500 21.837000 23.715000 20.897500 20.327000 24.117500 24.177000 21.915500 24.091000 27.264000 26.308000 25.597000 29.012500 30.682000 29.073000 30.223500 33.645000 33.953500 34.494000 36.158000 37.744500 39.228000
31.832000 30.783000 28.705000 25.831000 24.936000 21.394500 21.430500 22.663000 19.929000 17.202500 19.365000 19.887500 16.213000 15.806500 18.906000 17.697000 14.527500 17.126500 19.383000 17.528500 13.937500 10.682000 12.601500 15.524500 14.133500 15.615000 17.544000 20.784000 20.458000 19.540500 22.684500 24.729000 23.613000 24.609500 27.681000 27.277000 27.606000 24.809000 25.977500 26.211500 22.616500 21.550000 23.544500 21.605000 18.035500 17.358500 14.397500 11.596500 8.958000 11.375000 11.789500 8.305000 8.696000 12.091500 11.392000 9.380000 12.424000 14.769000 13.704000 14.309000 17.471500 18.857000 18.665000 19.472500 20.350500 23.230500 25.065000 27.304500 30.235500 32.285000 35.121000 34.810500 34.641500 32.979000 29.922500 29.254000 29.130500 26.780500 24.258500 24.801000 24.347000 21.114000 19.652500 21.024000 19.719500 16.132500 16.553500 18.035500 15.222500 12.691000 15.522000 16.479500 15.064000 14.408000 11.009000 10.089000 8.758500 6.341000 5.425500 5.608500 3.839500 0.000000 3.856000 6.663500 9.709000 12.374000 16.020000 16.859000 14.689500 16.517000 19.744500 19.144000 18.360500 21.522000 23.575500 22.679500 23.386000 26.632500 27.686000 27.402000 29.295000 31.967500 32.351000 33.210500 30.222500 29.859500 26.871500 25.230000 25.986500 24.705500 21.297000 21.292500 22.380500 19.598000 17.033500 18.837500 18.745500 15.009500 14.257000 16.875500 15.747500 12.123500 13.730500 16.511000 14.637000 12.562500 15.996000 17.773500 15.682000 16.070500 19.722000 20.396000 19.386500 21.399500 24.392000 24.523500 24.364000 26.327500 29.645500 30.740500 30.358000 31.348500 32.641000 35.374500 34.461000 33.477000 36.008500 37.904500 36.549000 32.992500 33.828000 35.153500 32.204500 29.757500 32.055500 32.121000 28.381000 28.216500 30.949500 29.689500 26.010000 23.169000 24.249500 27.198500 25.265500 22.642500 25.588500 27.496000 24.677500 24.125000 27.911000 27.923500 25.588500 27.753000 30.941500 29.854000 29.037500 32.500000 34.119000 32.313500 33.417000 36.900500 37.131500 37.605500 39.254500 40.827500 42.301500
30.300500 29.155500 26.788000 23.994000 22.767500 19.076500 19.186000 20.943500 18.437000 15.549500 18.018500 19.111000 15.673500 15.247000 18.757000 18.101500 15.203000 17.841000 20.447500 19.137000 15.706000 12.625500 15.063500 17.431000 15.319500 16.582500 17.812500 21.361500 21.139500 19.554500 22.516000 24.910000 23.568000 24.009000 27.269500 26.667500 27.184000 24.544500 25.332000 25.161500 21.668500 20.649500 22.100500 19.855000 16.560000 16.114500 13.696500 11.453000 8.282000 9.488500 10.300500 7.093500 5.898000 9.381000 9.480000 7.077500 9.381000 12.276500 11.842500 11.922500 14.776500 16.721500 16.807500 17.192500 18.145000 20.910500 22.608500 24.942000 27.907000 29.941500 32.920000 32.853000 32.956500 31.605000 28.592500 28.369000 28.106500 25.391500 23.240500 24.134500 23.270500 19.847000 19.062500 20.526500 18.646000 15.236500 16.475500 17.612000 14.329000 12.677500 15.932000 16.267000 15.294000 15.554000 12.723000 10.763000 10.001500 8.752000 6.369000 5.338500 5.649000 3.856000 0.000000 3.826500 6.584500 8.739000 12.420500 13.383000 11.623500 13.513500 16.612500 16.390000 16.005000 18.957000 21.009000 20.620500 21.455500 24.409500 25.650000 25.808000 27.550500 30.035000 30.777000 31.807000 29.041000 28.674000 25.487000 24.323500 25.316500 23.620500 20.251500 20.924000 21.937000 18.780000 16.731000 19.111500 18.741000 14.912000 15.068500 17.895000 16.382000 13.188500 15.615000 18.161500 16.124000 14.836000 18.512500 19.848500 17.807000 18.834500 22.351500 22.660500 21.936500 24.294000 27.022000 27.024500 27.160000 29.321000 32.634500 33.741000 33.359000 34.434000 35.660000 38.491500 37.707500 36.597000 39.069000 40.767000 39.238000 35.759000 36.589500 37.645000 34.594500 32.269500 34.410500 34.175500 30.431500 30.312000 32.754000 31.206500 27.573500 24.662500 25.197500 28.218500 26.614000 23.616500 26.165500 28.378500 25.655500 24.543000 28.262500 28.580500 25.943000 27.669000 31.083500 30.093500 28.811000 32.149500 34.030000 32.076000 32.767500 36.364000 36.686000 37.075500 38.665000 40.311500 41.816500
32.068500 31.066500 28.552000 26.005000 24.619000 20.860000 21.164500 23.362500 21.018500 18.158000 20.800500 22.220000 18.950500 18.514500 22.146500 21.704000 18.874000 21.412500 24.142000 22.906500 19.456000 16.377000 18.678500 21.137500 18.979000 19.981500 20.897000 24.540000 24.581000 22.832000 25.577000 28.197500 26.897500 27.036500 30.304500 29.452500 29.860500 27.157500 27.522000 27.330500 24.043000 22.724500 23.739000 21.576000 18.515000 17.770500 15.687000 14.136500 10.550500 11.172500 12.848500 10.215500 7.892000 11.220500 12.160500 9.420000 10.528500 14.011500 13.857500 12.941000 15.616500 18.118500 17.948000 17.570000 17.995500 20.430000 21.599500 23.653500 26.477000 28.350500 31.338500 31.468500 31.794000 30.582500 27.389000 27.535500 27.626500 24.679000 22.539000 24.007500 23.305500 19.640500 19.219000 21.251500 19.370000 15.957500 17.811000 19.285000 16.047000 14.835500 18.410000 18.869000 18.417000 18.968500 16.171000 13.919500 12.659000 11.891000 9.950000 7.923500 7.693500 6.663500 3.826500 0.000000 3.891000 6.665000 10.039500 11.735500 9.860000 10.829000 14.269000 14.595500 13.767000 16.317000 18.828000 18.684000 19.024500 21.881500 23.553500 23.695500 25.032500 27.664000 28.697000 29.478000 26.684000 25.986000 22.609000 21.552500 22.957000 21.308500 17.806500 18.869000 20.279000 17.173500 15.188500 18.102000 18.148500 14.430500 14.836000 18.122500 17.031500 14.219000 16.783500 19.581000 18.080500 17.077500 20.669000 22.222500 20.638500 21.700500 25.090000 25.666000 25.199000 27.381500 30.119000 30.373500 30.545500 32.544000 35.854000 36.775500 36.209500 37.128000 38.169500 40.984000 40.060000 38.726000 40.960500 42.656000 40.884000 37.507500 38.644000 39.578000 36.348500 34.309500 36.620500 36.135500 32.387500 32.633000 35.019000 33.187500 29.666000 26.513500 26.782500 29.526000 27.825000 24.646000 26.916500 28.975500 26.044500 24.652500 28.218000 28.356000 25.366500 26.962000 30.365500 29.087500 27.502500 30.875500 32.654000 30.376500 30.934500 34.586000 34.827000 35.149500 36.740500 38.404500 39.941000
33.326000 32.084000 29.303500 26.719500 24.848000 21.077500 21.008000 23.635000 21.819500 18.687000 21.072500 23.080000 20.170000 19.243500 22.960500 23.137500 20.316500 22.440500 25.536000 24.805500 21.368000 18.697500 21.431500 23.650000 21.349500 22.619000 23.368500 27.054500 26.833000 24.736500 27.504000 30.101500 28.426000 28.333500 31.793000 31.073000 31.826000 29.406000 29.690000 29.072500 25.850500 24.845500 25.468000 22.947500 20.267000 19.969500 18.339000 16.923500 13.497500 13.295000 14.660000 12.211500 9.273500 11.707500 12.692500 9.487000 9.413000 13.050000 12.900500 11.025000 13.475500 16.296500 15.853500 14.845500 14.940500 17.121500 18.039500 20.026000 22.823000 24.680500 27.708000 27.951500 28.427500 27.422500 24.291500 24.775000 24.805000 21.636500 19.804500 21.586500 20.676500 16.934000 17.105000 19.302500 17.172500 14.050500 16.579000 17.967000 14.755000 14.352500 18.109000 18.404500 18.678000 19.894000 17.550000 14.642000 13.408500 13.708500 11.700500 8.803000 9.525500 9.709000 6.584500 3.891000 0.000000 3.837500 6.914000 8.269500 6.131500 7.137500 10.505000 10.855500 10.244000 12.750000 15.127000 15.242000 15.786000 18.433000 20.090000 20.556500 21.898500 24.307500 25.504000 26.499500 23.961500 23.469500 20.090000 19.560500 20.893000 18.782500 15.536000 17.179500 18.246000 14.865000 13.615500 16.842000 16.515500 13.005500 14.339500 17.521500 16.174500 14.074000 17.172500 19.600000 18.202500 17.995500 21.609500 22.791000 21.552000 23.150500 26.253000 26.670500 26.695000 29.024500 31.453000 31.845500 32.397000 34.407000 37.680500 38.408500 37.701500 38.625500 39.472000 42.379000 41.579500 40.005000 42.085000 43.503500 41.490500 38.263500 39.448500 40.033000 36.690000 34.888500 37.065000 36.204000 32.513000 32.943500 35.014000 32.846500 29.479500 26.246000 25.979500 28.611500 27.206500 23.759000 25.564000 27.802000 25.023500 23.135000 26.523500 26.948500 23.770500 24.898500 28.438000 27.334500 25.369500 28.542000 30.573500 28.287500 28.453500 32.147000 32.526500 32.803000 34.329500 36.067500 37.632000
31.410500 30.079000 27.119500 24.693500 22.580000 18.883000 18.900500 21.883000 20.398000 17.395000 19.894500 22.243000 19.745000 18.956500 22.740500 23.287500 20.893000 23.022000 26.164500 25.817000 22.664500 20.161500 23.082000 24.832000 22.112000 23.162500 23.366500 27.105500 26.952500 24.425000 26.915000 29.691500 27.902000 27.338000 30.829000 29.973000 30.889000 28.720500 28.720500 27.731500 24.727000 23.890000 24.009500 21.289500 19.088000 19.128000 18.136500 17.229500 14.033500 12.789500 14.149000 12.496500 8.974000 10.389000 12.101500 9.418500 7.973500 11.628000 12.418000 10.296000 11.791500 15.082500 15.234000 13.927500 14.341000 16.264000 17.099000 19.272500 22.098500 23.934000 27.113500 27.647000 28.421500 27.837000 24.960500 25.858500 25.550500 22.131500 20.910500 22.781500 21.317500 17.688000 18.565000 20.437500 17.748500 15.191500 18.098500 18.822500 15.374000 15.773000 19.391500 18.980500 19.384000 21.116500 19.268500 16.095500 15.621500 16.133500 13.485500 10.973500 12.572000 12.374000 8.739000 6.665000 3.837500 0.000000 3.843000 5.553000 5.333500 6.528000 8.992000 10.142500 10.683500 12.565000 14.607000 15.592500 16.484000 18.490500 20.232500 21.369500 22.556000 24.539500 26.124000 27.407000 25.266000 24.879000 21.443000 21.525000 22.969000 20.467000 17.554500 19.738000 20.531500 16.973500 16.405500 19.719500 18.995500 15.682500 17.543000 20.483500 18.728000 16.934500 20.294000 22.363000 20.635500 20.754500 24.463000 25.232000 23.784000 25.693500 28.763500 28.772000 28.800000 31.429500 33.671000 33.789500 34.488000 36.727500 39.981000 40.851000 40.265500 41.341000 42.258500 45.229000 44.589500 43.071000 45.231500 46.517000 44.516500 41.310000 42.327000 42.778000 39.481000 37.632500 39.581000 38.631000 34.985000 35.241000 37.078500 34.858000 31.531000 28.450500 27.860000 30.626500 29.600500 26.026500 27.533000 30.065500 27.556500 25.346500 28.608000 29.395500 26.188500 26.871000 30.531500 29.676000 27.405000 30.316000 32.613500 30.346000 30.085000 33.789000 34.292500 34.490500 35.898000 37.671000 39.218000
32.798000 31.456500 28.350500 26.167500 23.809500 20.286500 20.300500 23.604000 22.520000 19.643000 22.044500 24.699000 22.550500 21.704500 25.447000 26.307500 24.087500 26.046000 29.278500 29.170500 26.107500 23.736000 26.715000 28.342500 25.513500 26.475000 26.406000 30.143500 30.043000 27.301000 29.589500 32.454500 30.576500 29.699500 33.190000 32.239000 33.242000 31.239000 30.953500 29.736000 26.985500 26.184500 25.842000 23.092500 21.347500 21.481000 20.929500 20.414500 17.284500 15.608500 17.081500 15.862500 12.216000 12.976000 14.966500 12.523000 10.240500 13.544000 14.655500 11.982500 12.649000 16.196500 16.324000 14.312000 14.331000 15.588500 15.805500 17.704500 20.338000 21.983000 25.189500 26.036500 27.160000 26.962500 24.195500 25.625000 25.372000 21.734000 20.977000 23.262000 21.654000 18.106500 19.637500 21.643500 18.822500 16.764500 20.083500 20.690500 17.425000 18.401500 21.974000 21.399500 22.197500 24.253500 22.644500 19.295500 18.837500 19.662500 17.066500 14.407000 16.025500 16.020000 12.420500 10.039500 6.914000 3.843000 0.000000 3.843000 5.433500 5.096000 6.443000 8.832500 9.834500 10.629000 12.625000 14.448000 15.203500 16.526500 18.575000 20.180000 20.957500 22.648000 24.676000 26.003500 24.215500 23.772000 20.308000 21.002500 22.652500 19.910000 17.363000 20.127500 20.849500 17.360000 17.437500 20.946500 20.199500 17.310000 19.599500 22.484000 20.797000 19.519000 22.987500 24.903500 23.374000 23.848000 27.487500 28.133000 26.908000 29.001000 31.921000 31.888500 32.133000 34.791000 36.898000 37.077500 37.926500 40.151000 43.370000 44.152000 43.490500 44.544500 45.348500 48.343000 47.730000 46.071000 48.097500 49.252500 47.087000 44.000000 45.107500 45.357000 41.987000 40.337500 42.234500 41.042500 37.466500 37.881000 39.510000 37.069500 33.903000 30.793500 29.837000 32.422500 31.586500 27.892500 28.975500 31.529000 29.123000 26.565000 29.542000 30.449500 27.073500 27.322000 30.976000 30.146500 27.500500 30.165000 32.563500 30.166500 29.488500 33.170500 33.735500 33.837000 35.136000 36.933000 38.473500
33.452000 31.760500 28.553500 26.106000 23.386000 19.955500 19.300500 22.652000 22.050000 18.894000 20.743500 23.738500 21.893500 20.503000 24.106500 25.439500 23.201500 24.680500 28.124500 28.439500 25.454000 23.548500 26.842000 28.250500 25.490000 26.869500 26.958500 30.594000 30.047000 27.212000 29.684500 32.274500 30.018500 29.220000 32.856000 32.286000 33.686000 31.980500 31.997500 30.472500 27.617000 27.311500 27.044000 23.953500 22.329000 22.993500 22.444500 21.536000 18.724000 17.019000 17.716000 16.313500 12.969000 13.060000 14.346500 11.788000 9.055500 11.767000 12.559500 9.413000 9.733500 13.195500 13.097500 10.805000 10.847500 12.059000 12.512500 14.729500 17.550000 19.360000 22.604500 23.328000 24.370000 24.241500 21.746000 23.158500 22.501000 18.858000 18.483500 20.557500 18.572500 15.231000 17.152500 18.820000 15.762500 14.214000 17.720000 17.966000 14.879000 16.478500 19.854500 19.085500 20.376500 22.846000 21.706500 18.082000 17.851000 19.347000 16.824500 13.995000 16.229500 16.859000 13.383000 11.735500 8.269500 5.553000 3.843000 0.000000 3.841500 5.414500 5.149000 6.382500 8.674500 9.930000 10.820500 12.609500 14.265500 15.454500 16.822000 18.770000 20.057000 21.314000 23.103000 24.921000 23.426500 23.579000 20.442500 21.401000 22.475000 19.343500 17.260000 19.996500 20.014000 16.343500 17.013500 20.214000 18.821500 16.178000 18.972000 21.369000 19.239000 18.442500 22.136500 23.528500 21.863000 22.886000 26.459500 26.647500 25.567000 28.055000 30.697500 30.405500 30.991000 33.788000 35.569000 35.777000 36.949000 39.206500 42.353500 43.023000 42.324000 43.445500 44.156000 47.217500 46.801000 45.060500 47.070000 47.962000 45.743000 42.755500 43.713000 43.710000 40.379500 38.796000 40.449000 39.068500 35.594500 35.967000 37.307500 34.749000 31.717000 28.738000 27.441000 30.046000 29.577500 25.822500 26.612000 29.412000 27.346000 24.566000 27.435500 28.753500 25.540500 25.441000 29.189500 28.791500 26.101500 28.510000 31.221500 29.156500 28.263500 31.894500 32.668500 32.824000 34.071000 35.914000 37.452500
35.368500 33.709500 30.623500 27.954500 25.402500 21.816500 21.017000 24.078000 23.175500 19.772000 21.500000 24.269500 22.033500 20.381000 23.974000 25.069000 22.383500 23.765000 27.269000 27.328000 24.061000 22.106000 25.345500 27.133000 24.733000 26.404500 26.998500 30.620000 29.932500 27.439500 30.232000 32.646000 30.411500 30.066000 33.738000 33.341000 34.652500 32.730500 33.041000 31.807000 28.690000 28.275000 28.469000 25.467000 23.364500 23.792000 22.690000 21.297000 18.283000 17.316500 17.971500 15.833000 12.792000 13.709500 14.356000 11.106500 9.398500 12.364500 12.112500 8.882000 10.513500 13.520000 12.584000 10.468500 9.969000 11.598500 12.193000 14.250500 17.123500 19.030500 22.142000 22.513000 23.206000 22.598000 19.775000 20.794000 20.455000 16.960000 15.937500 18.027500 16.546000 12.915000 14.306500 16.413000 13.817000 11.670000 15.112500 16.037500 13.155500 14.228000 17.821500 17.736000 19.104000 21.249000 19.764000 16.202000 15.302000 16.942500 14.973000 11.654500 13.470000 14.689500 11.623500 9.860000 6.131500 5.333500 5.433500 3.841500 0.000000 3.840500 5.437000 5.077000 6.114000 8.603500 9.922000 10.617500 12.148500 14.168500 15.383000 16.676000 18.278000 19.985500 21.340000 22.969500 21.083000 21.264500 18.177000 18.678500 19.528500 16.553000 14.216000 16.625000 16.675500 12.959000 13.351000 16.529000 15.264000 12.498500 15.234500 17.728000 15.823500 15.037500 18.667000 20.214500 18.870500 19.866000 23.341000 23.777500 22.995500 25.354500 27.933500 27.980000 28.701000 31.254500 33.123000 33.634000 34.766000 36.810000 39.968000 40.448000 39.595500 40.576000 41.167500 44.194500 43.666500 41.813500 43.711500 44.650500 42.361500 39.391000 40.509500 40.541000 37.137000 35.653000 37.485000 36.091500 32.580000 33.167000 34.657500 32.057500 29.011000 25.850000 24.714500 27.180500 26.425000 22.691000 23.653500 26.250500 23.965000 21.327000 24.321000 25.398500 22.154000 22.361500 26.087000 25.525000 23.028000 25.680000 28.241000 26.181000 25.624500 29.296000 30.001500 30.242500 31.616500 33.462000 35.041500
37.388500 35.953500 32.865000 30.451500 27.996000 24.415000 23.969500 27.152500 26.128000 22.896500 24.883500 27.586000 25.259500 23.854000 27.508000 28.427000 25.727500 27.285500 30.720500 30.563000 27.205500 24.984000 28.005000 30.018500 27.625500 29.048500 29.536500 33.236000 32.840000 30.376500 33.028000 35.631500 33.588500 33.124000 36.723500 36.071000 37.154500 35.064500 35.082500 33.999000 31.025000 30.262000 30.263500 27.489500 25.434500 25.479000 24.441000 23.388000 20.079500 19.139500 20.400500 18.402500 15.115500 16.384500 17.524000 14.336500 12.659000 15.839500 15.814500 12.598500 13.993500 17.117500 16.125500 13.676500 12.625500 13.603000 13.296500 14.651000 17.132500 18.723500 21.760000 22.397500 23.364500 22.907000 19.866500 21.302000 21.525500 17.941500 16.873000 19.557000 18.505000 14.854000 16.347000 18.959000 16.720000 14.593000 18.054000 19.361500 16.691000 17.559500 21.222500 21.378500 22.707000 24.662500 22.895500 19.486500 18.207500 19.553500 17.781500 14.401500 15.493000 16.517000 13.513500 10.829000 7.137500 6.528000 5.096000 5.414500 3.840500 0.000000 3.846500 5.453500 5.002500 6.118000 8.657500 9.884000 10.301000 12.089000 14.153000 15.351000 16.222500 18.201500 20.008500 21.191000 19.253500 18.914500 15.555500 16.287500 17.715500 14.884000 12.460000 15.388500 16.001000 12.626000 13.084000 16.657000 16.075500 13.656000 16.213000 19.044000 17.790000 17.131500 20.507500 22.383500 21.522500 22.345000 25.700500 26.497500 25.942500 28.059500 30.666000 31.025000 31.728000 34.071500 36.093500 36.770500 37.768500 39.666500 42.839500 43.229000 42.264500 43.100000 43.593500 46.557000 45.851000 43.879000 45.591000 46.620000 44.188000 41.291000 42.686000 42.729500 39.217000 37.940500 39.982500 38.503500 35.003000 35.871000 37.434000 34.721000 31.763000 28.443500 27.314000 29.465000 28.490000 24.775500 25.592500 27.856500 25.340000 22.646000 25.405000 26.132000 22.610000 22.772000 26.334500 25.366500 22.616000 25.296000 27.611000 25.154000 24.487500 28.177500 28.743500 28.880000 30.244000 32.080500 33.678000
38.293000 36.672500 33.447000 31.091000 28.322000 24.946000 24.226000 27.606000 27.080500 23.864000 25.554000 28.593000 26.682000 25.067000 28.609000 29.965500 27.464500 28.724000 32.279000 32.524000 29.332500 27.419000 30.649500 32.381000 29.862500 31.371500 31.670500 35.329500 34.772000 32.070500 34.632500 37.184500 34.906000 34.217000 37.869500 37.321000 38.669500 36.866000 36.823500 35.401000 32.564000 32.090500 31.796000 28.824000 27.152500 27.555000 26.858000 25.915500 22.824500 21.460500 22.436500 20.729000 17.404000 17.954500 19.065500 16.126500 13.781500 16.417000 16.591500 13.062000 13.594000 16.685500 15.700500 12.705000 11.389500 11.609000 10.711500 11.951000 14.332000 15.849000 18.981500 19.884000 21.163500 21.179000 18.505500 20.446500 20.372500 16.617000 16.353500 19.167500 17.684000 14.383500 16.680000 19.013000 16.518000 15.212000 18.943000 19.795500 17.357000 18.960000 22.380000 22.183500 23.932000 26.326000 25.020000 21.393500 20.455000 22.227500 20.318500 16.980000 18.565500 19.744500 16.612500 14.269000 10.505000 8.992000 6.443000 5.149000 5.437000 3.846500 0.000000 3.849500 5.469000 5.129500 6.304500 8.769000 9.861500 10.554500 12.387500 14.464500 15.286000 16.526500 18.644500 20.281500 18.988000 19.069000 16.021000 17.546000 18.701500 15.428500 13.849500 17.115000 17.114000 13.803500 15.187000 18.512000 17.439000 15.555000 18.608500 20.990500 19.442500 19.349500 22.883500 24.289500 23.359500 24.671000 27.961000 28.347500 27.901500 30.357500 32.740000 32.830500 33.790500 36.290500 38.028000 38.665000 39.925000 41.893500 45.001500 45.334500 44.355000 45.256000 45.666500 48.685500 48.146000 46.089500 47.744000 48.524000 45.995000 43.232500 44.535500 44.302500 40.808500 39.662000 41.469000 39.748500 36.379000 37.249500 38.473500 35.587500 32.828000 29.645000 28.063500 30.129000 29.581500 25.792500 26.105500 28.566500 26.422500 23.362000 25.790000 26.925000 23.462000 22.998500 26.582000 25.986500 22.926000 25.144000 27.770000 25.483000 24.266000 27.860000 28.633500 28.716500 29.914500 31.789000 33.361000
39.392500 37.560000 34.360500 31.700500 28.833500 25.450500 24.246000 27.427500 27.033000 23.558000 24.798000 27.873500 25.979500 23.903000 27.270000 28.792000 26.090500 26.939500 30.611500 31.012500 27.786500 26.213500 29.577000 31.314500 29.061500 30.979500 31.639500 35.189000 34.258000 31.707000 34.542500 36.790000 34.292000 33.921500 37.661000 37.472000 39.029000 37.312000 37.649000 36.193500 33.144000 32.943500 32.972000 29.834000 27.974000 28.597000 27.620500 26.190000 23.258000 22.229000 22.689000 20.562500 17.652000 18.177000 18.527500 15.339000 13.358500 15.583500 14.975500 11.311000 12.260500 14.804000 13.121500 10.081500 8.235500 8.619000 8.003500 9.554000 12.286000 14.115000 17.197500 17.644000 18.528500 18.207000 15.532500 17.140000 16.858000 13.148000 12.804000 15.443500 13.928500 10.613500 13.006500 15.310000 12.966000 11.860000 15.622500 16.571500 14.551000 16.308500 19.561000 19.620000 21.741500 24.198500 23.092000 19.416000 18.333000 20.613500 19.094000 15.579000 17.319500 19.144000 16.390000 14.595500 10.855500 10.142500 8.832500 6.382500 5.077000 5.453500 3.849500 0.000000 3.836500 5.482000 5.184500 6.336000 8.650000 9.976500 10.721500 12.622000 14.349500 15.487500 16.923500 18.948500 17.629500 18.351500 15.719000 17.043500 17.437500 13.943500 12.672000 15.544500 14.841000 11.342000 13.140000 16.044500 14.415000 12.789500 16.191000 18.110500 16.328000 16.705500 20.285000 21.294000 20.455000 22.172000 25.284500 25.426000 25.263500 27.912500 30.011500 30.077000 31.350500 33.799500 35.317000 36.123500 37.587500 39.457000 42.493500 42.648000 41.575000 42.454500 42.739500 45.775500 45.338500 43.186500 44.780000 45.380500 42.802500 40.128000 41.372500 40.973000 37.495500 36.442500 38.136500 36.283500 32.991000 33.926000 35.003000 32.026500 29.380500 26.232000 24.475500 26.469000 26.072000 22.271000 22.429500 24.988500 23.029500 19.871500 22.290500 23.665000 20.359000 19.779000 23.460500 23.184500 20.248500 22.407500 25.245000 23.310500 22.166500 25.746500 26.665500 26.880500 28.134500 30.051500 31.648000
41.348000 39.705000 36.602000 33.941000 31.304500 27.765500 26.782500 29.834000 29.055500 25.552000 26.989000 29.797000 27.527500 25.544000 28.967000 30.115500 27.130500 28.125500 31.725500 31.736000 28.278500 26.456500 29.583500 31.719000 29.714000 31.619000 32.538500 36.122000 35.323000 33.041500 35.987500 38.261000 35.957000 35.822500 39.523000 39.251000 40.559000 38.557500 38.914000 37.785500 34.635000 34.120000 34.371000 31.446000 29.265000 29.485500 28.175500 26.644000 23.444500 22.910500 23.707500 21.237000 18.402000 19.645000 19.975500 16.474000 15.160500 17.810500 16.854500 13.392000 15.087000 17.527000 15.551500 12.856500 10.779000 11.337000 10.569500 11.334500 13.658000 15.252000 18.051500 18.324000 19.005500 18.251000 15.051000 16.445000 16.965500 13.483000 12.249500 15.261500 14.674500 11.152500 12.778500 15.797500 14.205500 12.443000 15.916500 17.670500 15.851000 16.859000 20.287000 20.986500 22.925000 24.918000 23.325500 19.896500 18.137000 20.178000 19.155000 15.423000 16.344500 18.360500 16.005000 13.767000 10.244000 10.683500 9.834500 8.674500 6.114000 5.002500 5.469000 3.836500 0.000000 3.847500 5.490000 5.172500 6.076000 8.558500 9.884500 10.734000 12.264000 14.250500 15.522000 16.925500 15.020500 15.338000 12.493000 13.429500 14.006500 10.743500 9.009000 11.976500 11.770500 8.396000 9.962000 13.186000 12.282000 10.766500 13.872500 16.159000 15.117500 15.464500 18.722000 20.154500 19.887000 21.318500 24.264500 24.908000 25.042500 27.339000 29.458500 30.003500 31.258000 33.370500 35.109500 36.203500 37.476000 39.102500 42.160500 42.161500 40.936000 41.615000 41.788000 44.736500 44.072500 41.803500 43.220000 43.976500 41.297500 38.649500 40.195500 39.910000 36.321000 35.431500 37.437500 35.607000 32.273500 33.517500 34.840000 31.844000 29.198500 25.814500 24.338500 26.039500 25.160500 21.446000 21.790000 23.885000 21.499000 18.535500 20.970000 21.780500 18.226500 18.044000 21.586500 20.780000 17.885500 20.418000 22.883000 20.615500 19.820500 23.499000 24.213000 24.443000 25.854000 27.769500 29.427500
43.012500 41.457000 38.280500 35.852500 33.145500 29.695000 28.888500 32.151000 31.497000 28.135500 29.704000 32.638000 30.499500 28.667500 32.145000 33.371000 30.527000 31.605500 35.206000 35.259000 31.842500 29.922500 33.016000 35.123500 32.962500 34.665500 35.335500 38.986000 38.364000 35.928500 38.694500 41.135500 38.872000 38.479000 42.155500 41.699500 42.960000 40.978000 41.051000 39.849000 36.885500 36.251000 36.182000 33.322000 31.383000 31.517500 30.471000 29.292500 25.994500 25.171500 26.271500 24.109500 20.987000 22.083500 22.853500 19.528000 17.787500 20.473500 19.958500 16.376000 17.500000 20.157500 18.400500 15.346500 13.127000 12.905500 11.210500 11.206500 12.922000 14.057500 16.806000 17.568500 18.754000 18.517000 15.456000 17.576500 18.365000 14.818000 14.174000 17.575000 17.003500 13.837000 15.903000 18.901500 17.297500 15.958500 19.508500 21.106000 19.324000 20.565500 23.955500 24.473000 26.464500 28.575500 27.013500 23.550000 21.884000 23.802500 22.616000 18.946500 19.797000 21.522000 18.957000 16.317000 12.750000 12.565000 10.629000 9.930000 8.603500 6.118000 5.129500 5.482000 3.847500 0.000000 3.843500 5.479000 5.023500 6.008000 8.495000 9.943500 10.388500 12.165500 14.272000 15.463500 14.005000 13.980000 11.035000 12.891500 13.979000 10.685000 9.604000 13.203000 13.249500 10.565000 12.493000 15.726500 15.190500 14.171500 17.150000 19.441000 18.671500 19.167500 22.307500 23.765500 23.643000 25.077500 27.975000 28.655500 28.842500 31.120500 33.229500 33.792000 35.056000 37.160500 38.899000 39.996500 41.267500 42.886000 45.937000 45.917000 44.656000 45.295000 45.406000 48.330500 47.625500 45.282500 46.569500 47.291500 44.502500 41.965000 43.629500 43.251000 39.628500 38.906500 40.925000 38.966500 35.712500 37.081000 38.297000 35.193000 32.688500 29.317500 27.672500 29.156000 28.362500 24.685500 24.700500 26.643000 24.331000 21.224500 23.240000 23.978500 20.326500 19.745000 23.057000 22.117500 18.856000 21.050000 23.423500 20.888000 19.608000 23.198000 23.891000 23.952500 25.216000 27.126500 28.768000
44.027000 42.227000 38.974500 36.445000 33.484500 30.200000 28.984500 32.258500 32.023000 28.583000 29.727500 32.890500 31.076500 28.915000 32.200000 33.812000 31.057500 31.733500 35.443500 35.876000 32.599000 31.066500 34.371500 36.242000 34.096000 36.036000 36.720000 40.284500 39.369500 36.827000 39.643500 41.896000 39.362000 38.951000 42.692500 42.489500 44.049000 42.330000 42.548000 41.075000 38.110500 37.828000 37.705500 34.619000 32.864500 33.371500 32.441500 31.117500 28.050500 27.056500 27.720000 25.594500 22.615500 23.217500 23.653000 20.442500 18.448000 20.563000 19.882000 16.182500 16.852500 19.123000 17.125500 13.815000 11.225000 10.279500 7.960000 7.550500 9.245500 10.499500 13.371000 14.131000 15.435500 15.506500 12.847000 15.336500 15.699000 12.050500 12.260500 15.628000 14.676000 12.015500 14.763500 17.388000 15.734500 15.231500 18.854500 20.073500 18.713000 20.525500 23.580500 23.915500 26.335000 28.777000 27.671500 24.065000 22.654500 25.052500 23.881500 20.231500 21.547000 23.575500 21.009000 18.828000 15.127000 14.607000 12.625000 10.820500 9.922000 8.657500 6.304500 5.184500 5.490000 3.843500 0.000000 3.838500 5.523000 5.196500 6.165000 8.785500 9.919500 10.580000 12.536500 14.585000 13.886500 14.801500 12.639000 14.923500 15.193500 11.499500 11.472500 14.810500 13.861500 11.238500 13.985000 16.650000 15.367500 14.892000 18.311500 19.967000 18.805000 19.889000 23.141000 24.012500 23.820000 25.777000 28.539500 28.751500 29.108000 31.724500 33.529000 33.830500 35.409500 37.626000 39.023000 40.133000 41.698000 43.341500 46.297000 46.172500 44.882000 45.581500 45.586500 48.558000 48.059500 45.636000 46.873500 47.298000 44.441000 42.055000 43.571500 42.892000 39.327500 38.732000 40.469000 38.272500 35.186000 36.544000 37.396500 34.142500 31.874000 28.687000 26.605500 27.981000 27.655500 23.963000 23.470000 25.632000 23.796500 20.373000 22.057000 23.321000 19.895000 18.662000 22.015000 21.667000 18.252000 19.905500 22.717500 20.634500 18.868500 22.311000 23.311500 23.421500 24.532500 26.494000 28.110000
45.524000 43.682000 40.512500 37.764000 34.887000 31.508000 30.108000 33.147500 32.769500 29.164500 30.115500 33.117000 31.119000 28.722500 31.882000 33.380000 30.365500 30.826000 34.534500 34.859000 31.474500 30.078000 33.313500 35.370000 33.562500 35.764000 36.830500 40.313000 39.209500 36.937000 39.989500 42.031000 39.467000 39.417500 43.181500 43.186500 44.747500 42.938500 43.442000 42.131000 38.964500 38.707500 38.940000 35.857000 33.798500 34.251500 32.964500 31.263000 28.212000 27.684500 28.161000 25.617500 22.991000 23.913000 23.847500 20.393500 18.998500 21.044000 19.700000 16.153000 17.477000 19.291500 16.728000 13.767500 10.854000 10.272000 8.479000 7.875000 9.601000 10.975000 13.427000 13.467000 14.088500 13.375500 10.214000 12.190000 12.973500 9.541500 8.963500 12.509000 12.253000 9.569000 11.846500 14.852000 13.908500 13.253500 16.562500 18.298000 17.436500 18.892500 21.817500 22.696000 25.227500 27.416500 26.218500 22.788500 20.965500 23.554000 22.935000 19.179500 20.170000 22.679500 20.620500 18.684000 15.242000 15.592500 14.448000 12.609500 10.617500 9.884000 8.769000 6.336000 5.172500 5.479000 3.838500 0.000000 3.844000 5.514500 5.112500 6.366500 8.706500 9.946500 10.801500 12.847500 11.658500 13.059000 11.292000 13.040500 12.554000 8.765000 9.033000 11.873000 10.366000 7.824000 11.003500 13.232000 11.843500 11.918500 15.350500 16.681000 15.797500 17.304000 20.301000 21.027500 21.256000 23.352000 25.817000 26.100500 26.846500 29.380500 30.946500 31.489500 33.279500 35.249500 36.586500 37.972500 39.572000 40.996500 43.888500 43.548500 42.113000 42.682500 42.531000 45.454000 44.914000 42.367000 43.459500 43.828500 40.891000 38.595000 40.223000 39.481500 35.883000 35.455500 37.270000 34.995000 31.963000 33.541500 34.417000 31.101500 28.941500 25.675000 23.629500 24.744500 24.262000 20.645000 20.104500 22.048000 20.134500 16.733000 18.384000 19.529000 16.088500 14.939000 18.338500 17.977000 14.670000 16.535500 19.363500 17.424000 15.969500 19.510000 20.534000 20.810000 22.100000 24.112000 25.799500
47.258000 45.632000 42.500000 39.883500 37.169500 33.685000 32.608500 35.688500 35.029000 31.492000 32.759500 35.615000 33.372000 31.213500 34.506000 35.713000 32.593500 33.325500 36.953000 36.956500 33.428000 31.718500 34.732000 37.061500 35.303500 37.319000 38.399000 41.957500 41.107500 38.936500 41.947000 44.147000 41.796000 41.751000 45.466000 45.254500 46.565000 44.526000 44.864500 43.781000 40.643000 40.055500 40.280500 37.408000 35.232000 35.324500 33.946500 32.398000 29.104000 28.755500 29.666000 27.084000 24.325500 25.675000 25.912500 22.351500 21.133500 23.606000 22.391500 18.897000 20.447500 22.531000 20.093000 17.207500 14.430000 13.963500 12.063500 11.078000 12.135000 12.946000 15.039000 15.293500 16.033500 15.281500 11.873000 13.885000 15.508000 12.476000 11.381500 15.095500 15.504500 12.806500 14.461000 17.833500 17.218500 16.078000 19.197500 21.343500 20.358500 21.340000 24.457000 25.596500 27.871000 29.758500 28.162000 24.903500 22.722500 24.924500 24.466000 20.655500 21.042500 23.386000 21.455500 19.024500 15.786000 16.484000 15.203500 14.265500 12.148500 10.301000 9.861500 8.650000 6.076000 5.023500 5.523000 3.844000 0.000000 3.833500 5.462000 5.280000 6.241000 8.714500 10.018500 10.963000 9.207000 9.767500 7.574000 9.597500 9.713500 6.096000 6.421000 9.838000 9.254500 7.553000 10.361500 12.892000 12.617000 12.827500 15.691000 17.451500 17.341500 18.608500 21.261500 22.465000 23.094500 24.796000 27.173000 27.935000 28.781000 30.966000 32.648000 33.555500 35.202500 36.935000 38.518500 40.049500 41.424500 42.698500 45.624500 45.228000 43.704500 44.114000 43.903000 46.730500 45.961500 43.346000 44.272500 44.826500 41.807500 39.546000 41.466500 40.862500 37.182500 36.897000 38.997000 36.780500 33.726000 35.536000 36.635000 33.345000 31.181500 27.755000 25.996500 26.867000 25.959500 22.491500 22.118500 23.556000 21.257000 18.130500 19.630000 20.093500 16.409500 15.600500 18.624500 17.538000 14.126000 16.240500 18.496000 15.939000 14.623000 18.234500 18.970000 19.121500 20.511000 22.511000 24.257000
48.679000 47.014000 43.789500 41.319000 38.445500 35.101000 34.007000 37.262500 36.872000 33.416000 34.639000 37.698000 35.697000 33.543500 36.832000 38.270500 35.322500 35.998500 39.683500 39.897500 36.466500 34.817500 37.938000 40.107500 38.167000 40.107500 40.955500 44.549000 43.722500 41.345000 44.221000 46.497500 44.060000 43.770500 47.498000 47.234000 48.641500 46.743500 46.907500 45.627500 42.643000 42.125000 42.057500 39.126500 37.232000 37.443000 36.346000 35.023500 31.753500 31.054000 32.001500 29.692000 26.729000 27.739000 28.202000 24.811500 23.130000 25.445000 24.552000 20.906000 21.876500 24.029000 21.758000 18.552500 15.703500 14.535000 11.921500 10.233000 10.490500 10.719500 12.704500 13.532500 14.879500 14.888500 12.020000 14.852500 16.325500 13.275500 13.195500 16.961500 17.024500 14.791500 17.062500 20.116000 19.278000 18.701000 21.992000 23.752000 22.799000 24.223000 27.244500 28.063000 30.509000 32.671500 31.299000 27.889000 25.978500 28.272000 27.550500 23.775500 24.448500 26.632500 24.409500 21.881500 18.433000 18.490500 16.526500 15.454500 14.168500 12.089000 10.554500 9.976500 8.558500 6.008000 5.196500 5.514500 3.833500 0.000000 3.837500 5.508500 5.023000 6.198500 8.739500 9.989000 9.503500 10.225000 8.612000 11.685000 11.941500 8.558500 9.770500 13.184500 12.445500 11.163000 14.146000 16.492500 16.026500 16.435500 19.433500 21.012000 20.720500 22.144500 24.899000 25.900000 26.415500 28.299500 30.702000 31.250000 32.070500 34.424500 36.046000 36.774000 38.501500 40.357500 41.810000 43.268500 44.764000 46.110500 49.011500 48.618000 47.103500 47.553500 47.303500 50.149000 49.463500 46.806000 47.673000 48.079500 44.993000 42.851000 44.735000 43.953500 40.301500 40.125500 42.074500 39.699000 36.762500 38.570000 39.433000 36.037000 34.036500 30.734000 28.681000 29.451500 28.865000 25.408000 24.633500 26.138500 24.168500 20.844500 21.915500 22.634000 19.103500 17.690000 20.480500 19.662500 15.994000 17.389000 19.754500 17.288500 15.217000 18.535000 19.416500 19.407500 20.489000 22.471500 24.149500
49.916000 48.042000 44.806000 42.155000 39.142500 35.886000 34.414500 37.550500 37.403500 33.835000 34.655500 37.790500 35.962000 33.481000 36.546000 38.215000 35.246500 35.523500 39.260500 39.720000 36.377000 35.090500 38.329500 40.376500 38.596000 40.818500 41.838500 45.321500 44.187500 41.853500 44.864500 46.894500 44.245000 44.106000 47.882000 47.909000 49.547000 47.814000 48.226500 46.812500 43.734500 43.501500 43.562000 40.458000 38.562000 39.036000 37.869500 36.273500 33.191000 32.555500 33.096500 30.648500 27.941500 28.729000 28.744000 25.368000 23.770500 25.642000 24.377000 20.790500 21.700000 23.339000 20.715500 17.594500 14.493500 12.967500 10.278000 7.992500 7.880000 8.094500 9.791500 10.113000 11.199000 11.100000 8.386000 11.483500 12.843500 10.011000 10.476500 14.150000 14.286500 12.718000 15.193000 17.967000 17.476000 17.517000 20.600000 22.234000 21.841000 23.504000 26.154000 27.045500 29.820000 32.099500 31.052000 27.648000 25.800000 28.490500 27.989000 24.234500 25.130000 27.686000 25.650000 23.553500 20.090000 20.232500 18.575000 16.822000 15.383000 14.153000 12.387500 10.721500 9.884500 8.495000 6.165000 5.112500 5.462000 3.837500 0.000000 3.845500 5.466500 5.131000 6.435500 8.981500 9.183500 11.250000 10.682000 13.445500 12.587000 9.033500 11.052000 13.810000 12.001500 10.926500 14.482000 16.113500 15.004000 16.043000 19.272000 20.176000 19.687500 21.686000 24.375000 24.829000 25.444000 27.757000 29.905500 30.096500 31.195000 33.757000 35.024000 35.630500 37.678500 39.511500 40.651000 42.220500 43.957000 45.227500 48.009000 47.446500 45.860000 46.308500 45.911000 48.762500 48.242000 45.487000 46.257500 46.385500 43.230500 41.264000 43.046500 41.990000 38.401000 38.399000 40.124500 37.534000 34.789500 36.663000 37.222500 33.704500 31.977000 28.840500 26.467000 27.001500 26.762000 23.393500 22.152500 23.711000 22.175500 18.652000 19.335000 20.477500 17.235500 15.227000 18.006500 17.798000 14.089500 14.961000 17.794500 15.935000 13.526500 16.711500 17.946500 18.120000 19.131500 21.188500 22.871500
51.753500 49.963000 46.809000 44.062500 41.203500 37.814500 36.392000 39.379000 38.967500 35.324500 36.186000 39.113500 37.023500 34.520000 37.559000 38.974500 35.781000 36.055500 39.723000 39.923500 36.448500 35.106500 38.155000 40.463500 38.963500 41.267500 42.566500 46.017000 44.882500 42.806500 45.959000 47.915000 45.368500 45.497500 49.256500 49.319000 50.820000 48.901000 49.441500 48.268000 45.057500 44.675000 44.995000 42.002500 39.827500 40.084000 38.620500 36.837000 33.670000 33.449000 34.063500 31.323500 28.814000 30.017500 29.846500 26.280000 25.173500 27.216000 25.595500 22.170000 23.626000 25.136000 22.255000 19.452000 16.326000 15.267000 13.084000 11.045000 10.999000 11.230500 12.247500 11.965000 12.293500 11.299000 7.984500 10.342000 12.705500 10.545000 9.884000 13.590000 14.720000 13.167000 14.780500 17.944500 18.155000 17.791000 20.456500 22.652500 22.518000 23.645500 26.267000 27.671500 30.341000 32.252000 30.936000 27.788500 25.499000 28.084000 28.057500 24.266500 24.634000 27.402000 25.808000 23.695500 20.556500 21.369500 20.180000 18.770000 16.676000 15.351000 14.464500 12.622000 10.734000 9.943500 8.785500 6.366500 5.280000 5.508500 3.845500 0.000000 3.844000 5.382000 5.039500 6.599000 5.790500 8.287500 8.365500 10.659000 9.128000 5.827000 8.701000 10.868500 8.930000 8.906500 12.419000 13.581500 13.058000 14.684000 17.465000 18.246000 18.438000 20.595500 22.823500 23.396000 24.549000 26.717000 28.549000 29.052500 30.485000 32.764500 33.899000 34.885000 36.991000 38.492000 39.716000 41.562500 43.186500 44.200000 46.938000 46.183500 44.444500 44.701000 44.150000 46.895000 46.215000 43.338000 43.893500 44.082500 40.829500 38.966000 40.997500 39.979000 36.335000 36.551000 38.494500 35.897500 33.201500 35.368500 36.080500 32.564000 30.929500 27.671500 25.536000 25.708500 25.082500 21.925500 20.761500 21.781500 19.974000 16.703500 17.196500 17.767500 14.412500 12.650500 15.152000 14.450500 10.706500 11.911000 14.402500 12.260000 10.158000 13.589000 14.704500 14.992500 16.297500 18.438000 20.262000
53.212500 51.578000 48.401000 45.844000 43.029500 39.622000 38.462500 41.597500 41.098000 37.553500 38.679500 41.620500 39.467000 37.182000 40.372000 41.687500 38.529500 39.050000 42.700000 42.767000 39.234500 37.641500 40.602000 43.006500 41.379000 43.462000 44.598000 48.143500 47.247000 45.100500 48.127500 50.284000 47.866000 47.827500 51.559000 51.393000 52.743000 50.722000 51.016000 49.904000 46.808500 46.205000 46.342000 43.479500 41.379000 41.432000 40.078000 38.564500 35.231000 34.909500 35.876500 33.288000 30.533500 31.848500 32.066000 28.513000 27.235000 29.550500 28.257000 24.731500 26.054000 27.907500 25.268000 22.282000 19.236000 18.058500 15.548500 13.355000 12.887000 12.580500 13.375000 13.718000 14.569500 14.150500 11.246500 13.840000 16.311500 14.171000 13.685500 17.404000 18.450500 16.754500 18.415500 21.658500 21.666500 21.112500 23.922500 26.131500 25.706000 26.776500 29.602500 30.921500 33.444500 35.325500 33.816000 30.653000 28.320000 30.634000 30.458500 26.641000 26.814500 29.295000 27.550500 25.032500 21.898500 22.556000 20.957500 20.057000 18.278000 16.222500 15.286000 14.349500 12.264000 10.388500 9.919500 8.706500 6.241000 5.023000 5.466500 3.844000 0.000000 3.845500 5.415000 5.215000 4.847500 6.140500 6.400000 9.665000 9.080500 6.568500 9.431500 12.007000 11.110500 11.459500 14.475500 16.006000 16.142000 17.510000 20.017500 21.200500 21.666500 23.516000 25.690000 26.602000 27.794500 29.700500 31.620500 32.370000 33.704000 35.832500 37.135500 38.239000 40.187000 41.655000 43.050500 44.879000 46.364000 47.376000 50.163000 49.451000 47.706000 47.906500 47.367000 50.065000 49.251000 46.365500 46.842000 47.155000 43.868000 42.025500 44.212000 43.283000 39.609000 39.875500 41.957000 39.406500 36.694000 38.923500 39.739000 36.246500 34.581000 31.262000 29.249000 29.385500 28.600000 25.498000 24.435000 25.252000 23.286500 20.193000 20.581000 20.774000 17.379000 15.815500 17.874000 16.695500 12.984500 14.008000 15.849500 13.180000 10.872000 14.011000 14.825500 14.780000 15.922000 17.985000 19.796000
54.502500 52.721000 49.468500 46.929500 43.926000 40.676000 39.316500 42.516500 42.345000 38.811000 39.709500 42.841500 40.966000 38.533000 41.615500 43.228500 40.206500 40.505500 44.226500 44.591500 41.185000 39.811500 42.942000 45.137000 43.416500 45.581500 46.609000 50.130500 49.093000 46.790000 49.777500 51.871500 49.275500 49.111500 52.876500 52.818000 54.371500 52.557500 52.848000 51.500000 48.473500 48.087000 48.063500 45.054500 43.172500 43.474500 42.309500 40.824000 37.607500 37.028000 37.800000 35.354000 32.560500 33.498500 33.667500 30.249500 28.663500 30.657000 29.443500 25.847500 26.727500 28.399000 25.769000 22.634500 19.520000 17.792500 14.924500 12.199500 10.918500 10.018500 10.183500 10.833500 12.081000 12.385000 10.302000 13.543000 15.645500 13.681000 14.197500 17.752500 18.453500 17.346000 19.524000 22.349000 22.260500 22.341000 25.216500 27.032000 26.820500 28.337000 30.943500 32.007500 34.791000 36.957000 35.785000 32.480000 30.421500 32.999000 32.669000 28.873500 29.434500 31.967500 30.035000 27.664000 24.307500 24.539500 22.648000 21.314000 19.985500 18.201500 16.526500 15.487500 14.250500 12.165500 10.580000 9.946500 8.714500 6.198500 5.131000 5.382000 3.845500 0.000000 3.847000 5.355000 7.275000 9.324000 10.128500 13.461500 12.587500 10.037500 12.998000 15.482000 14.005500 14.172000 17.545500 18.844500 18.400000 19.948000 22.771500 23.595000 23.689000 25.829000 28.157500 28.675500 29.714500 31.954000 33.850500 34.232000 35.602000 37.993500 39.123500 39.972500 42.108500 43.715000 44.859000 46.634500 48.335500 49.413500 52.135500 51.385000 49.648000 49.918000 49.318000 52.052500 51.415000 48.488000 48.932500 48.993500 45.661500 43.961500 46.006000 44.819000 41.219000 41.585500 43.405500 40.657500 38.112500 40.298500 40.782000 37.178500 35.735000 32.611500 30.233500 30.270500 29.937500 26.858500 25.332500 26.322500 24.849000 21.521500 21.503000 22.198000 19.122500 16.875500 18.790500 18.275500 14.504000 14.613000 16.843500 14.798500 11.741000 14.346500 15.534500 15.512500 16.211000 18.229500 19.905500
56.146000 54.267500 51.060000 48.334000 45.334500 42.065000 40.482500 43.503000 43.336000 39.690500 40.343000 43.390500 41.486000 38.834000 41.736000 43.350500 40.204500 40.232000 43.926000 44.311500 40.913500 39.766000 42.856500 45.097500 43.648500 46.045500 47.345000 50.762500 49.513000 47.394500 50.550000 52.424500 49.749000 49.849000 53.628500 53.796000 55.427500 53.623000 54.168000 52.868000 49.698000 49.426000 49.650000 46.584500 44.536000 44.899000 43.518000 41.740000 38.616500 38.306500 38.839000 36.147500 33.641000 34.657500 34.427500 30.935000 29.679000 31.477500 29.838000 26.404500 27.546500 28.810500 25.846500 22.995000 19.786000 18.162000 15.648000 12.896500 11.595500 10.921500 10.447500 10.048000 10.358500 9.916500 7.848500 10.683500 13.296500 12.129000 12.434500 15.687000 16.995500 16.428000 18.188500 20.921000 21.455500 21.721000 24.165500 26.160500 26.458500 27.819000 30.124500 31.503000 34.415000 36.435500 35.349000 32.218500 29.995500 32.752500 32.815500 29.053500 29.490000 32.351000 30.777000 28.697000 25.504000 26.124000 24.676000 23.103000 21.340000 20.008500 18.644500 16.923500 15.522000 14.272000 12.536500 10.801500 10.018500 8.739500 6.435500 5.039500 5.415000 3.847000 0.000000 3.840000 6.142500 9.438000 11.145000 13.771000 11.848500 9.646000 13.146500 14.793500 12.632500 13.463000 16.956000 17.482000 16.914000 19.110000 21.769000 22.034000 22.344000 24.899000 26.897000 27.081000 28.456000 30.878000 32.402500 32.694000 34.421500 36.778500 37.574500 38.537500 40.910000 42.306500 43.265000 45.259500 47.057500 47.932500 50.528500 49.555500 47.692500 47.854000 47.065500 49.727500 49.128500 46.081500 46.333000 46.218500 42.801000 41.304500 43.397000 42.033500 38.478000 39.097500 40.859000 37.969500 35.623000 38.004000 38.345500 34.688000 33.519000 30.494000 28.052500 27.692500 27.408500 24.585500 22.769500 23.444500 22.204000 18.969500 18.464500 19.139500 16.371000 13.797500 15.351500 15.105000 11.414500 11.006000 13.400500 11.844000 8.549500 11.073000 12.588500 12.882500 13.684000 15.844500 17.622000
58.032000 56.317500 53.150000 50.485000 47.621000 44.240500 42.877000 45.907000 45.492000 41.864000 42.744000 45.664000 43.535500 41.033500 44.041000 45.409500 42.147500 42.371000 46.004500 46.117000 42.595500 41.226000 44.128500 46.598000 45.232500 47.518000 48.880000 52.341000 51.264500 49.263500 52.421500 54.395000 51.885000 52.040000 55.791500 55.813500 57.244500 55.243500 55.703500 54.609000 51.428500 50.906500 51.181000 48.277000 46.094500 46.181500 44.684000 42.970000 39.691000 39.573500 40.384000 37.616500 35.073000 36.420000 36.338500 32.738500 31.666500 33.769000 32.144000 28.728500 30.129500 31.591500 28.653000 25.844000 22.669000 21.299500 18.846500 16.254000 15.101000 14.388500 13.926000 13.688000 13.952500 13.312000 11.081000 13.302500 16.384000 15.369500 15.004500 18.281500 19.997000 19.130000 20.439000 23.483500 24.191000 24.003500 26.342500 28.683000 28.857500 29.844000 32.309000 33.927000 36.640500 38.405000 37.001500 34.018500 31.510000 33.992500 34.228000 30.440000 30.438000 33.210500 31.807000 29.478000 26.499500 27.407000 26.003500 24.921000 22.969500 21.191000 20.281500 18.948500 16.925500 15.463500 14.585000 12.847500 10.963000 9.989000 8.981500 6.599000 5.215000 5.355000 3.840000 0.000000 3.814000 6.645000 9.329000 11.841000 10.056500 8.965500 12.651500 14.010000 12.558500 14.154000 17.169000 17.660500 17.907500 20.153500 22.331500 22.834000 23.719500 26.082000 27.768500 28.299500 29.989000 32.095000 33.508000 34.188500 36.007500 38.064500 38.930000 40.212000 42.469500 43.639000 44.799500 46.934500 48.536500 49.258500 51.869000 50.829000 48.881500 48.886000 48.032000 50.586500 49.777000 46.670500 46.746500 46.797500 43.321000 41.882000 44.241000 43.015500 39.412500 40.166000 42.185500 39.379000 37.025500 39.602500 40.165000 36.569000 35.381500 32.227000 30.088000 29.555500 28.860000 26.204000 24.632500 24.844500 23.256000 20.386000 19.826000 19.778000 16.928000 14.880000 15.900000 14.838000 11.329500 11.160000 12.519000 10.244500 7.126000 9.516000 10.603000 10.637500 11.548500 13.775500 15.737500
56.216500 54.611000 51.525500 48.824500 46.133000 42.635000 41.414000 44.348500 43.659000 40.029000 41.065500 43.798000 41.444000 39.058500 42.123500 43.232500 39.862000 40.252500 43.806500 43.667500 40.058000 38.532000 41.279500 43.911500 42.655000 44.890000 46.367500 49.820000 48.837500 46.994500 50.193000 52.185000 49.824500 50.114000 53.826000 53.786000 55.055500 52.895000 53.397500 52.505500 49.257500 48.584000 49.031500 46.247500 43.871000 43.773500 42.096500 40.319000 36.987000 37.121000 38.036000 35.137000 32.695500 34.344500 34.242500 30.555500 29.796500 32.115000 30.388000 27.090000 28.874500 30.433000 27.489500 24.864500 21.788000 20.911000 18.813500 16.694000 16.224500 16.005000 16.211000 15.840000 15.883000 14.660500 11.684500 13.259000 16.521500 15.289500 14.035000 17.383500 19.357500 17.987000 18.792000 22.161000 22.955000 22.225000 24.450000 27.118500 27.129000 27.709500 30.325000 32.167500 34.642500 36.142500 34.467000 31.638500 28.907000 31.165000 31.570000 27.805000 27.470500 30.222500 29.041000 26.684000 23.961500 25.266000 24.215500 23.426500 21.083000 19.253500 18.988000 17.629500 15.020500 14.005000 13.886500 11.658500 9.207000 9.503500 9.183500 5.790500 4.847500 7.275000 6.142500 3.814000 0.000000 3.832000 6.463000 8.310500 6.267000 5.577000 9.273500 10.352000 9.340500 11.283500 13.896500 14.457500 15.240500 17.358000 19.204500 19.979000 21.198000 23.307500 24.826000 25.686500 27.503500 29.315000 30.732500 31.725000 33.505500 35.329000 36.339500 37.831500 39.919500 40.970000 42.344500 44.513000 45.927000 46.598000 49.264000 48.271500 46.332500 46.291000 45.512000 48.046000 47.092000 44.042000 44.188000 44.478500 41.067000 39.459000 41.916000 40.945500 37.276500 37.892500 40.142000 37.540000 35.011500 37.592500 38.468000 34.993000 33.576000 30.250500 28.460500 28.068000 26.955500 24.267500 23.167500 23.267000 21.196500 18.558000 18.471000 17.962500 14.768000 13.476500 14.764000 13.012500 9.565000 10.634500 11.674000 8.648000 6.762500 9.970500 10.571500 10.658500 12.308500 14.500500 16.535000
56.026000 54.628500 51.588500 49.034500 46.504000 42.929500 42.028000 45.014500 44.077500 40.547000 41.909000 44.527000 41.990000 39.881500 43.109500 43.972000 40.589500 41.311000 44.791500 44.388500 40.693000 38.849500 41.421000 44.211500 42.893000 44.885000 46.274000 49.794000 49.087500 47.277500 50.376000 52.554500 50.408500 50.626500 54.280000 53.997000 55.029000 52.687500 52.999500 52.291500 49.113500 48.156000 48.555000 45.972000 43.546000 43.160500 41.476000 39.906500 36.420000 36.619000 37.892500 35.067000 32.497000 34.411000 34.627000 30.929000 30.222500 32.882500 31.386000 28.097500 29.994000 31.891000 29.171500 26.516000 23.587000 22.937500 20.849000 18.976500 18.735000 18.534500 19.053000 19.037000 19.371000 18.315000 15.207500 16.755000 19.929500 18.369500 16.845500 20.290000 22.154000 20.295000 20.957500 24.541000 25.102500 23.899000 26.228500 29.038500 28.653500 28.971000 31.862000 33.712000 35.899500 37.228500 35.235500 32.480500 29.631500 31.496000 31.826500 28.088500 27.422500 29.859500 28.674000 25.986000 23.469500 24.879000 23.772000 23.579000 21.264500 18.914500 19.069000 18.351500 15.338000 13.980000 14.801500 13.059000 9.767500 10.225000 11.250000 8.287500 6.140500 9.324000 9.438000 6.645000 3.832000 0.000000 3.846500 5.738500 5.335500 5.946000 8.628500 9.933500 10.374000 12.243000 14.088500 15.180500 16.684500 18.273000 19.732000 21.094500 22.585500 24.184000 25.629000 27.001500 28.803500 30.186500 31.748000 33.117000 34.700500 36.264500 37.560500 39.227500 41.030500 42.023000 43.691500 45.807500 46.973500 47.652000 50.405500 49.529000 47.631000 47.547000 46.876000 49.365500 48.218500 45.250500 45.433500 46.009500 42.667000 40.926500 43.519000 42.827000 39.116000 39.605500 42.089000 39.703500 37.025000 39.575000 40.744000 37.397000 35.756000 32.291000 30.821000 30.609000 29.156500 26.445000 25.780500 25.805500 23.341500 20.970000 21.256000 20.326000 16.963500 16.354500 17.619000 15.281000 12.217500 13.804000 14.176000 10.647500 9.645500 12.510500 12.448000 12.287000 13.931500 15.826000 17.758000
52.580500 51.277500 48.258500 45.792000 43.353000 39.748500 39.049000 42.074000 41.010000 37.563500 39.146000 41.718500 39.118000 37.217500 40.576500 41.331000 38.017500 38.997500 42.451000 41.956500 38.248500 36.199500 38.760500 41.537500 40.051000 41.863000 43.103000 46.679000 46.139000 44.263500 47.261500 49.579000 47.546000 47.647500 51.264000 50.823500 51.750500 49.356500 49.544000 48.878000 45.758500 44.692000 45.023500 42.516500 40.110500 39.636500 38.019000 36.603500 33.055500 33.169000 34.612500 31.905500 29.203000 31.187000 31.641000 27.984000 27.222000 30.088000 28.836000 25.548000 27.462500 29.641500 27.180500 24.503500 21.773000 21.392500 19.439000 18.014500 18.288500 18.394000 19.571000 19.813000 20.398000 19.442500 16.054500 17.692500 20.452000 18.297500 16.629000 20.210500 21.651500 19.235500 19.986000 23.670000 23.774000 22.211000 24.791500 27.535500 26.695500 26.958500 30.111500 31.778500 33.748500 35.086500 32.958500 30.134000 27.379000 29.022500 29.081000 25.357000 24.707500 26.871500 25.487000 22.609000 20.090000 21.443000 20.308000 20.442500 18.177000 15.555500 16.021000 15.719000 12.493000 11.035000 12.639000 11.292000 7.574000 8.612000 10.682000 8.365500 6.400000 10.128500 11.145000 9.329000 6.463000 3.846500 0.000000 3.843000 5.561500 5.130500 6.243000 8.642500 9.906500 10.768000 12.247500 14.224000 15.773500 16.583500 18.130500 20.081500 21.322000 22.427500 24.169500 25.892000 27.338500 28.479500 30.402500 31.877500 33.087500 34.637000 36.274000 37.843000 39.376000 40.554000 42.424000 44.317000 45.355000 46.229500 49.109000 48.479000 46.734500 46.783000 46.350500 48.927000 47.762500 44.975000 45.452500 46.240500 43.058000 41.023000 43.489500 43.039000 39.296500 39.423000 41.963500 39.795500 36.868000 39.158500 40.535000 37.300500 35.317000 31.750000 30.439000 30.695500 29.149000 26.171500 25.924000 26.336000 23.612500 21.175000 22.120000 21.346000 17.691000 17.469000 19.366000 17.050500 13.976500 16.167500 16.929500 13.417500 12.711000 15.921500 15.890500 15.811000 17.391500 19.205000 21.005500
52.537500 51.334000 48.441500 45.902000 43.670500 39.980500 39.367500 42.193000 40.849500 37.408500 39.054500 41.361000 38.528500 36.709000 40.020500 40.472000 37.024000 38.084500 41.393000 40.610500 36.837000 34.696500 37.004000 39.989000 38.757000 40.568000 42.037500 45.537500 45.043000 43.438500 46.515500 48.759500 46.885000 47.228500 50.777000 50.348000 51.109500 48.548500 48.865000 48.456500 45.240500 44.037000 44.646000 42.288000 39.628000 38.947000 37.051000 35.479500 31.929500 32.462500 33.948500 31.036000 28.607500 30.954500 31.245500 27.538000 27.278500 30.250500 28.770500 25.762000 28.107000 30.183500 27.669000 25.350500 22.789500 22.872500 21.378000 20.313500 20.923000 21.291500 22.533000 22.456500 22.669000 21.238500 17.664500 18.570500 21.467500 19.565000 17.226000 20.486000 22.300000 19.748000 19.781000 23.580000 23.997500 21.991000 24.171500 27.254500 26.451500 26.176000 29.307500 31.311500 33.021500 33.965500 31.565000 29.060500 26.011000 27.369000 27.807500 24.211000 23.035500 25.230000 24.323500 21.552500 19.560500 21.525000 21.002500 21.401000 18.678500 16.287500 17.546000 17.043500 13.429500 12.891500 14.923500 13.040500 9.597500 11.685000 13.445500 10.659000 9.665000 13.461500 13.771000 11.841000 8.310500 5.738500 3.843000 0.000000 3.843000 5.484000 5.197000 6.166000 8.616000 10.054500 10.432500 12.155000 14.502000 15.246500 16.043500 18.144500 19.927500 20.771500 22.052000 24.070500 25.800500 26.575000 28.296000 30.131000 31.427000 32.620500 34.273500 36.144500 37.548500 38.458500 40.495000 42.513500 43.349000 44.050000 46.911000 46.233000 44.446500 44.372500 43.932500 46.410500 45.079000 42.317000 42.746500 43.735500 40.612500 38.526500 41.136000 40.906000 37.165000 37.277000 40.036500 38.065000 35.097500 37.463000 39.104000 36.035000 33.977500 30.342500 29.444500 29.648000 27.686500 24.916000 25.085000 25.172500 22.109000 20.168000 21.338000 20.016500 16.398500 16.984500 18.713000 15.896500 13.446500 16.237000 16.478000 12.854500 13.254500 16.425500 16.072500 16.224000 18.052500 19.736000 21.526000
53.944000 52.553500 49.647000 46.915000 44.569000 40.911500 39.969500 42.683500 41.503500 37.926500 39.234500 41.577500 38.836000 36.706000 39.825500 40.430000 36.897500 37.595000 40.944000 40.323500 36.586500 34.775500 37.169500 40.104000 39.082000 41.194500 42.887500 46.289000 45.495000 43.975500 47.218500 49.224500 47.167500 47.704000 51.306500 51.152500 52.109500 49.666500 50.243000 49.740000 46.400000 45.441500 46.209500 43.686000 40.972500 40.517000 38.509000 36.631500 33.235000 33.875500 34.987000 31.878500 29.693000 31.901500 31.762000 27.998500 27.875500 30.530000 28.659000 25.704000 28.124000 29.794000 26.947000 24.764000 22.035000 22.026000 20.633500 19.374500 19.822500 20.207500 21.114500 20.608000 20.390500 18.583500 15.065000 15.531000 18.705500 17.319500 14.818500 17.869000 20.132500 18.040000 17.827500 21.550500 22.479500 20.787000 22.651000 25.832000 25.553000 25.316000 28.130000 30.357500 32.322500 33.272500 31.091500 28.644500 25.516500 27.250000 28.014500 24.395000 23.337000 25.986500 25.316500 22.957000 20.893000 22.969000 22.652500 22.475000 19.528500 17.715500 18.701500 17.437500 14.006500 13.979000 15.193500 12.554000 9.713500 11.941500 12.587000 9.128000 9.080500 12.587500 11.848500 10.056500 6.267000 5.335500 5.561500 3.843000 0.000000 3.835000 5.445500 4.980500 6.020500 8.623000 9.625500 10.274000 12.424000 14.065000 14.935000 16.303000 18.247000 19.708500 20.764000 22.309500 24.363000 25.504000 26.873000 28.492500 30.177500 31.483500 32.754000 34.651000 36.383500 37.167000 38.938000 41.160000 42.196000 42.742500 45.482500 44.574500 42.658500 42.515000 41.871500 44.328500 43.097000 40.174500 40.428500 41.171000 37.917500 36.029500 38.660500 38.181000 34.451000 34.821000 37.475000 35.295500 32.509000 35.066500 36.503500 33.325000 31.538500 27.987500 26.925000 26.770500 24.904500 22.303500 22.147500 21.987000 19.105500 17.157500 17.934500 16.549500 13.031000 13.451500 14.953500 12.141000 9.668000 12.503000 12.749000 9.228500 9.894000 13.171000 13.015500 13.434000 15.477500 17.308500 19.213000
51.479000 49.951500 46.956000 44.209000 41.698000 38.103000 37.023500 39.842000 38.888500 35.277500 36.484500 39.029500 36.482500 34.248000 37.395000 38.266500 34.846000 35.463500 38.947500 38.604500 34.933500 33.234500 35.908500 38.614000 37.361000 39.527000 41.056500 44.505000 43.607500 41.861000 45.073000 47.094000 44.873000 45.248000 48.914500 48.812000 49.954000 47.686500 48.245000 47.500500 44.193500 43.434500 44.047500 41.347000 38.804500 38.606500 36.790500 34.943500 31.603000 31.916000 32.862500 29.871000 27.529500 29.414500 29.288500 25.552500 25.093500 27.613500 25.845500 22.700500 24.873500 26.573500 23.749500 21.361500 18.546000 18.376500 16.870500 15.623500 16.219500 16.757000 17.963500 17.570500 17.545500 15.938500 12.290500 13.247000 16.046000 14.160500 11.968500 15.369000 17.163500 14.932500 15.299000 18.989500 19.534500 18.090000 20.362000 23.247500 22.860000 23.070000 25.948500 27.861000 30.027500 31.339000 29.419000 26.653000 23.819000 25.860000 26.257000 22.511000 22.009500 24.705500 23.620500 21.308500 18.782500 20.467000 19.910000 19.343500 16.553000 14.884000 15.428500 13.943500 10.743500 10.685000 11.499500 8.765000 6.096000 8.558500 9.033500 5.827000 6.568500 10.037500 9.646000 8.965500 5.577000 5.946000 5.130500 5.484000 3.835000 0.000000 3.842500 5.489500 5.117000 6.320500 8.576000 9.916000 11.001000 12.418500 14.213500 15.608500 16.787000 18.393500 20.079500 21.386000 22.984000 24.472500 26.185000 27.414500 28.886000 30.591500 31.942500 33.462000 35.262000 36.402500 38.040500 40.051500 41.282500 42.088500 44.888000 44.126500 42.329500 42.398000 41.882000 44.503000 43.489000 40.642500 41.145500 41.747000 38.546500 36.533000 38.876000 38.276500 34.544500 34.700000 37.111500 34.845500 31.965500 34.283500 35.539500 32.256000 30.365000 26.841500 25.431000 25.602000 24.138000 21.157000 20.815000 21.276500 18.633500 16.080500 17.106500 16.533000 12.813000 12.593000 14.872000 12.856500 9.714500 12.371500 13.713000 10.664000 10.297000 13.949500 14.338000 14.680000 16.499000 18.497000 20.386000
48.559500 47.167000 44.252500 41.547500 39.227000 35.555000 34.714000 37.469000 36.245500 32.711000 34.171000 36.537500 33.800000 31.809000 35.070500 35.679500 32.247500 33.171000 36.562000 35.980000 32.249500 30.290500 32.840500 35.647500 34.350500 36.352000 37.859000 41.334000 40.616000 38.936500 42.100000 44.223500 42.185500 42.570500 46.175500 45.927000 46.890000 44.486000 44.995000 44.415500 41.107500 40.178000 40.870500 38.309000 35.649000 35.267500 33.365000 31.569500 28.156000 28.607000 29.733000 26.729500 24.395000 26.553000 26.569000 22.825500 22.594500 25.390000 23.742500 20.754000 23.194500 25.125500 22.556500 20.365000 17.898500 18.284500 17.212000 16.646000 17.845500 18.727000 20.443000 20.188000 20.253000 18.642000 14.894500 15.565000 17.907500 15.656500 13.090000 16.287500 17.770500 14.915000 14.946000 18.743000 18.949500 16.851000 19.162500 22.152000 21.288500 21.133000 24.287500 26.188500 27.989000 29.103000 26.892000 24.209000 21.299000 22.971000 23.286500 19.588000 18.821500 21.297000 20.251500 17.806500 15.536000 17.554500 17.363000 17.260000 14.216000 12.460000 13.849500 12.672000 9.009000 9.604000 11.472500 9.033000 6.421000 9.770500 11.052000 8.701000 9.431500 12.998000 13.146500 12.651500 9.273500 8.628500 6.243000 5.197000 5.445500 3.842500 0.000000 3.837000 5.470500 5.233500 6.070000 8.592500 10.179000 10.491000 11.983500 14.187500 15.360500 16.236000 18.027500 19.884500 21.235500 22.267000 24.270000 25.798500 26.919000 28.429500 30.144500 31.716500 33.175000 34.371500 36.297500 38.146500 39.149000 40.064500 42.981500 42.437500 40.774000 40.911500 40.625500 43.275500 42.163000 39.510500 40.269500 41.169000 38.162000 35.856000 38.139000 37.884000 34.142500 33.937500 36.504500 34.560500 31.434500 33.520500 35.110000 32.041500 29.783000 26.142500 25.128000 25.747000 23.987500 20.880500 21.205000 21.874000 18.845000 16.568000 18.344000 17.644000 13.825500 14.434000 17.033500 14.862500 12.255000 15.413000 16.635500 13.610000 13.849500 17.470000 17.640000 17.983500 19.795500 21.650000 23.443500
50.191500 48.810500 46.016000 43.180000 41.000000 37.303000 36.383500 38.884500 37.507500 33.940500 35.264000 37.386000 34.501000 32.431000 35.511500 35.909000 32.316000 33.098500 36.349500 35.572000 31.811000 29.960500 32.277000 35.264500 34.357500 36.510500 38.354000 41.684000 40.858000 39.497500 42.803500 44.723000 42.749500 43.460000 47.010000 46.912000 47.813000 45.321500 46.067500 45.685000 42.253000 41.314500 42.325000 39.845000 36.955000 36.484500 34.283500 32.205000 28.902000 29.811500 30.784500 27.517500 25.613500 28.010000 27.649000 23.888000 24.209500 26.876500 24.826500 22.189500 24.995500 26.569500 23.799000 22.043500 19.676000 20.333000 19.642000 19.146500 20.327000 21.262000 22.706000 22.049500 21.639000 19.531500 15.820000 15.623000 18.243500 16.645000 13.497500 16.133500 18.265000 15.705500 14.833000 18.615500 19.494000 17.220500 18.837000 22.211500 21.750000 21.062500 23.948500 26.326500 28.010500 28.712500 26.360500 24.081500 20.821500 22.400000 23.339000 19.820000 18.540500 21.292500 20.924000 18.869000 17.179500 19.738000 20.127500 19.996500 16.625000 15.388500 17.115000 15.544500 11.976500 13.203000 14.810500 11.873000 9.838000 13.184500 13.810000 10.868500 12.007000 15.482000 14.793500 14.010000 10.352000 9.933500 8.642500 6.166000 4.980500 5.489500 3.837000 0.000000 3.845500 5.512500 4.933500 6.016500 8.731500 9.686000 10.153500 12.017000 14.038000 15.045000 16.086000 17.980000 19.910000 20.765000 22.287500 24.093000 25.581000 26.763500 28.242000 30.173500 31.709000 32.525500 34.463000 36.586500 37.500000 38.125000 40.945500 40.196500 38.394000 38.346500 37.911500 40.443000 39.205500 36.459000 37.036500 37.994500 34.947000 32.720500 35.195500 35.006500 31.262000 31.228500 33.975000 32.090500 29.044000 31.358000 33.090500 30.117000 27.972500 24.313500 23.636000 23.933000 21.781500 19.031500 19.585500 19.708000 16.417000 14.727000 16.463000 15.108000 11.429000 12.864000 15.063500 12.437500 10.618500 14.204000 14.873500 11.994500 13.251500 16.654500 16.638500 17.243000 19.222000 20.964000 22.739000
50.745500 49.130500 46.270000 43.287500 40.901000 37.297000 36.008500 38.481500 37.417000 33.729500 34.671500 36.963000 34.312000 31.894500 34.797000 35.523000 31.945000 32.314000 35.685000 35.253500 31.592500 30.145500 32.705500 35.477000 34.615500 37.055000 38.966500 42.226000 41.080500 39.648500 43.058500 44.777000 42.539000 43.303000 46.932000 47.100000 48.282500 46.014500 46.944500 46.326500 42.838000 42.228500 43.243000 40.529000 37.738500 37.614500 35.477500 33.202500 30.090000 30.848500 31.407500 28.093000 26.301000 28.325500 27.612000 23.861500 24.054000 26.308000 23.981000 21.283000 23.946500 25.133500 22.055000 20.306500 17.727000 18.163500 17.512500 16.839000 17.897000 18.898500 20.131500 19.144500 18.411000 16.045000 12.395500 11.863500 14.545500 13.266500 10.034000 12.612500 15.029000 12.930000 12.095000 15.802500 17.047000 15.323000 16.843500 20.130500 20.189500 19.868500 22.433500 24.829000 26.921000 27.877000 25.944500 23.522500 20.420000 22.578000 23.570500 19.997000 19.243500 22.380500 21.937000 20.279000 18.246000 20.531500 20.849500 20.014000 16.675500 16.001000 17.114000 14.841000 11.770500 13.249500 13.861500 10.366000 9.254500 12.445500 12.001500 8.930000 11.110500 14.005500 12.632500 12.558500 9.340500 10.374000 9.906500 8.616000 6.020500 5.117000 5.470500 3.845500 0.000000 3.840000 5.428000 5.152500 6.483500 8.679000 9.984000 10.794500 12.436500 14.346000 15.556000 16.674500 18.670500 20.191000 21.533500 22.817500 24.598500 26.166500 27.270500 28.978500 30.909000 31.818500 33.382500 35.584000 36.828000 37.453000 40.176000 39.276000 37.410500 37.416500 36.836000 39.439000 38.438000 35.567000 36.088500 36.688500 33.524500 31.455500 33.784000 33.235000 29.497500 29.632500 32.109000 29.920000 27.017000 29.407000 30.788500 27.600500 25.698500 22.138500 21.010500 21.094500 19.318000 16.480000 16.493000 16.742000 13.800500 11.604000 13.078000 12.206500 8.395500 9.254500 11.817500 9.780500 7.575500 11.124500 12.483000 10.201500 11.118500 14.608500 15.052500 15.821000 17.762000 19.635500 21.436500
47.109000 45.443500 42.547500 39.569000 37.137000 33.543000 32.250000 34.784000 33.773500 30.084000 31.072500 33.460000 30.876500 28.485000 31.495000 32.329000 28.840000 29.317000 32.780000 32.476500 28.834500 27.342500 30.112000 32.719500 31.604000 34.004500 35.750000 39.070500 37.929000 36.317000 39.676500 41.470500 39.180000 39.799000 43.459000 43.591500 44.845000 42.661000 43.548000 42.800500 39.340000 38.822000 39.743000 36.942500 34.242000 34.261500 32.254500 30.030500 26.944500 27.475500 27.953500 24.732500 22.816000 24.678000 24.023000 20.276500 20.301000 22.571500 20.370500 17.569000 20.206500 21.545500 18.608500 16.795000 14.350000 15.063500 14.682500 14.551000 16.162000 17.526000 19.306500 18.534000 18.058000 15.971000 12.287500 12.101500 13.932000 11.864500 8.718000 11.475000 13.069000 10.276000 9.811500 13.622500 14.189000 12.213000 14.263500 17.341500 16.958500 16.871500 19.722000 21.797000 23.881500 25.095000 23.244000 20.523000 17.666000 19.947000 20.516500 16.823500 16.520500 19.598000 18.780000 17.173500 14.865000 16.973500 17.360000 16.343500 12.959000 12.626000 13.803500 11.342000 8.396000 10.565000 11.238500 7.824000 7.553000 11.163000 10.926500 8.906500 11.459500 14.172000 13.463000 14.154000 11.283500 12.243000 10.768000 10.054500 8.623000 6.320500 5.233500 5.512500 3.840000 0.000000 3.832000 5.508000 5.378000 6.201500 8.642500 10.070000 10.667000 12.231000 14.275500 15.497000 16.778500 18.381000 20.294000 21.354500 22.663000 24.526500 25.956000 27.302500 29.077000 30.386500 32.002000 33.883000 35.174000 36.124500 38.975500 38.360500 36.701500 36.955000 36.644500 39.405500 38.548500 35.889000 36.792500 37.448000 34.480000 32.135000 34.139500 33.701500 29.992500 29.688000 32.009500 29.961500 26.831000 28.807000 30.218000 27.084500 24.837500 21.247500 20.024000 20.779000 19.257000 15.954500 16.247000 17.322000 14.476500 11.894500 14.116000 14.048000 10.313500 10.932500 14.190500 12.868500 10.555500 13.794000 15.763500 13.710500 14.042500 17.653000 18.255500 18.858500 20.622000 22.517500 24.261000
46.098500 44.611000 41.867500 38.898000 36.757000 33.080000 32.039000 34.373000 32.977500 29.378000 30.590000 32.631000 29.745500 27.607000 30.639000 31.038000 27.435500 28.189500 31.454000 30.740000 26.994500 25.240500 27.708000 30.578000 29.653500 31.944000 33.860500 37.137000 36.157500 34.809000 38.187000 39.994500 37.959000 38.762000 42.316000 42.349500 43.352000 40.951500 41.887000 41.443500 37.930000 37.186000 38.349500 35.772500 32.824000 32.553500 30.283500 27.977500 24.849000 25.817500 26.456500 23.074500 21.414500 23.748000 23.077500 19.330500 19.946000 22.458000 20.212500 17.836500 20.903500 22.303000 19.604000 18.254500 16.289000 17.558000 17.605500 17.891000 19.721000 21.152500 23.046500 22.301000 21.786500 19.600500 15.962500 15.370000 17.114500 15.237500 11.845500 13.953500 15.589500 12.609500 11.287000 14.975500 15.589000 12.850500 14.389000 17.781500 17.114000 16.217500 19.199000 21.561000 23.126500 23.828000 21.513000 19.171000 15.947000 17.686000 18.600000 15.074000 14.013500 17.033500 16.731000 15.188500 13.615500 16.405500 17.437500 17.013500 13.351000 13.084000 15.187000 13.140000 9.962000 12.493000 13.985000 11.003500 10.361500 14.146000 14.482000 12.419000 14.475500 17.545500 16.956000 17.169000 13.896500 14.088500 12.247500 10.432500 9.625500 8.576000 6.070000 4.933500 5.428000 3.832000 0.000000 3.836500 5.554500 5.003500 5.936500 8.427000 9.762500 10.374500 11.977500 13.988500 15.420500 16.298000 18.226500 19.878000 21.042500 22.428500 24.126000 25.806500 27.242500 28.341000 30.302500 32.204500 33.172000 34.036500 36.954000 36.427000 34.804500 34.989000 34.807000 37.503500 36.438500 33.906000 34.917000 35.919000 33.108500 30.552000 32.656000 32.613000 28.902000 28.377500 30.994000 29.314500 26.016000 27.924500 29.772000 26.935000 24.423000 20.724000 20.183000 21.123500 19.034000 15.939000 17.059500 17.865500 14.523500 12.773000 15.471000 14.767500 11.226500 12.975500 15.924000 14.111000 12.601500 16.218000 17.591000 15.418000 16.507000 19.990500 20.273000 20.906000 22.754000 24.501000 26.188500
48.564500 46.984500 44.316000 41.199000 39.074500 35.461500 34.181000 36.282500 34.947000 31.302000 32.177000 34.085000 31.235500 28.861500 31.590000 31.978500 28.276500 28.642500 31.809000 31.111000 27.431500 26.041500 28.376000 31.273500 30.758500 33.312000 35.541000 38.623500 37.391500 36.301500 39.824500 41.338000 39.233500 40.338000 43.861500 44.157000 45.241500 42.894500 44.102000 43.707500 40.098000 39.507500 40.905500 38.306500 35.261500 35.080000 32.633500 30.040500 27.145000 28.390000 28.708500 25.154500 23.931000 26.212500 25.080000 21.416500 22.367000 24.499500 21.823500 19.753000 22.925500 23.797000 20.798000 19.815000 17.819500 19.058000 19.293000 19.405000 21.016000 22.406500 23.918500 22.758000 21.762000 19.134000 15.698000 14.264000 16.227000 15.185000 11.443500 12.828000 15.223000 12.950000 10.795000 14.273500 15.807500 13.375000 14.032000 17.701000 17.802500 16.632000 19.044000 21.871000 23.553500 23.983500 21.814500 19.854000 16.444000 18.390500 19.949000 16.695000 15.471000 18.837500 19.111500 18.102000 16.842000 19.719500 20.946500 20.214000 16.529000 16.657000 18.512000 16.044500 13.186000 15.726500 16.650000 13.232000 12.892000 16.492500 16.113500 13.581500 16.006000 18.844500 17.482000 17.660500 14.457500 15.180500 14.224000 12.155000 10.274000 9.916000 8.592500 6.016500 5.152500 5.508000 3.836500 0.000000 3.845500 5.441500 5.218000 6.083000 8.503000 9.983500 10.617000 12.102500 14.348000 15.457500 16.646000 18.289000 20.087500 21.332000 22.505500 24.459000 26.230000 26.955500 28.695500 30.950500 32.021000 32.564500 35.316500 34.468000 32.645000 32.652000 32.209000 34.825000 33.757000 31.025500 31.794000 32.648000 29.700000 27.318000 29.570000 29.376000 25.639000 25.418500 28.091000 26.276000 23.139000 25.376000 27.170500 24.293000 22.059500 18.384500 17.957000 18.385000 16.038500 13.303500 14.401500 14.638500 11.127500 9.864000 12.438000 11.267500 7.952500 10.443000 13.048000 11.225500 10.564000 14.259500 15.378500 13.766500 15.447500 18.611500 18.927000 19.778500 21.667500 23.328000 24.966000
47.220000 45.415000 42.683500 39.451500 37.136000 33.634000 32.023000 34.103000 33.084500 29.350500 29.881000 31.978500 29.397000 26.716500 29.312500 30.070000 26.447000 26.462000 29.788000 29.502000 25.950000 24.942500 27.614500 30.187000 29.573500 32.354500 34.538500 37.572500 36.057000 34.807500 38.382500 39.746500 37.377000 38.453000 42.051500 42.569500 43.939500 41.847500 43.187500 42.518000 38.891500 38.645000 39.988000 37.156000 34.266500 34.467000 32.169000 29.457000 26.781000 27.755000 27.651000 24.143000 22.990500 24.817000 23.379000 19.786500 20.559500 22.258000 19.370000 17.280500 20.307000 20.821000 17.611500 16.740000 14.747000 16.025000 16.594000 16.934500 18.711000 20.329500 21.911000 20.594000 19.438500 16.771000 13.568500 11.874500 13.174500 12.136000 8.366500 9.302500 11.530000 9.401000 7.002000 10.482500 12.160000 10.089000 10.763500 14.318000 14.777500 14.063000 16.264000 18.969500 21.056000 21.879000 20.202500 17.946500 14.880500 17.490000 18.839500 15.546500 15.145000 18.745500 18.741000 18.148500 16.515500 18.995500 20.199500 18.821500 15.264000 16.075500 17.439000 14.415000 12.282000 15.190500 15.367500 11.843500 12.617000 16.026500 15.004000 13.058000 16.142000 18.400000 16.914000 17.907500 15.240500 16.684500 15.773500 14.502000 12.424000 11.001000 10.179000 8.731500 6.483500 5.378000 5.554500 3.845500 0.000000 3.846500 5.653000 5.239000 6.047500 8.586000 10.020500 10.546000 12.347000 14.295500 15.659000 16.542500 18.347000 20.195000 21.181500 22.654500 24.731500 25.807500 27.196500 29.321000 30.747500 31.496000 34.224000 33.413500 31.667000 31.887000 31.479000 34.255000 33.513000 30.817000 31.771500 32.311000 29.399000 27.010000 28.885000 28.411000 24.721000 24.370000 26.653000 24.631500 21.483500 23.510000 24.974000 21.906500 19.665500 16.043000 15.064000 15.774500 13.996500 10.752500 11.548500 12.595000 9.563000 7.406000 10.455000 10.478500 7.373000 9.074000 12.363500 11.671000 10.740500 13.967000 15.907500 14.897500 15.959000 19.131000 19.823500 20.657000 22.394000 24.127000 25.732500
43.633000 41.913000 39.222000 36.028500 33.842500 30.278000 28.867000 30.932500 29.703500 26.016000 26.804500 28.806000 26.066500 23.602000 26.397500 26.975000 23.350000 23.735500 27.062000 26.615500 22.968000 21.662000 24.385500 26.990000 26.180000 28.823500 30.915000 34.029000 32.665500 31.362000 34.888000 36.398000 34.149000 35.150500 38.730500 39.096500 40.356500 38.186000 39.461000 38.855000 35.233500 34.894500 36.257000 33.488000 30.540000 30.673500 28.360000 25.682500 22.964000 23.959500 23.925500 20.408000 19.245000 21.227000 19.888000 16.254500 17.231000 19.167000 16.417000 14.467000 17.757000 18.558000 15.715500 15.031500 13.529500 15.377000 16.322500 17.280500 19.524000 21.347000 23.391000 22.392500 21.584500 19.265000 16.027500 14.824000 15.568000 13.852000 10.442000 11.424500 12.608000 9.667500 7.469500 10.760500 11.445500 8.418000 9.477000 12.979500 12.563500 11.500000 14.285000 16.795000 18.496000 19.280500 17.305500 14.894500 11.777500 14.182500 15.262500 11.859500 11.472500 15.009500 14.912000 14.430500 13.005500 15.682500 17.310000 16.178000 12.498500 13.656000 15.555000 12.789500 10.766500 14.171500 14.892000 11.918500 12.827500 16.435500 16.043000 14.684000 17.510000 19.948000 19.110000 20.153500 17.358000 18.273000 16.583500 15.246500 14.065000 12.418500 10.491000 9.686000 8.679000 6.201500 5.003500 5.441500 3.846500 0.000000 3.825500 5.470500 5.136000 6.050000 8.488000 9.899500 10.788500 12.228500 14.386000 15.487000 16.558000 18.399000 20.009500 21.317000 22.936500 24.323000 26.048500 27.820000 29.047000 30.096000 33.016000 32.578000 31.078000 31.493500 31.448500 34.306500 33.537500 31.148000 32.498000 33.335500 30.716500 27.983500 29.638000 29.543000 25.925000 25.030500 27.351000 25.738000 22.311000 23.845000 25.620500 22.848000 20.108500 16.451000 15.874500 17.391000 15.572500 12.167500 13.717500 15.264500 12.236000 10.455000 13.887000 14.038000 11.127000 12.845500 16.191500 15.387500 14.314500 17.606000 19.536500 18.185500 19.132000 22.482500 23.061000 23.756000 25.468500 27.194500 28.787500
44.533500 42.982500 40.480000 37.287500 35.408000 31.820500 30.609000 32.393500 30.816500 27.260500 28.152500 29.727500 26.718000 24.476500 27.129500 27.219500 23.467500 23.989000 27.006500 26.093000 22.380500 20.937500 23.198000 26.130500 25.740500 28.340500 30.734500 33.705500 32.437500 31.540000 35.109500 36.518000 34.534500 35.831500 39.263000 39.610000 40.620500 38.244000 39.643500 39.382500 35.706500 35.165500 36.834500 34.322000 31.120500 30.953500 28.322000 25.494000 22.836500 24.399500 24.462000 20.775000 20.060500 22.484500 21.036500 17.543000 19.165000 21.177500 18.357500 16.965000 20.498000 21.194000 18.549500 18.299500 17.084500 19.082000 20.105500 21.030500 23.194000 24.931500 26.860000 25.777000 24.831000 22.311500 19.065000 17.493000 18.530000 17.248500 13.641000 14.220500 15.825500 13.217000 10.470500 13.330000 14.441000 11.236500 11.277500 14.978500 14.666000 12.670500 15.164000 18.125000 19.261500 19.296500 16.850500 15.181500 11.583000 13.281000 15.144500 12.220500 10.717000 14.257000 15.068500 14.836000 14.339500 17.543000 19.599500 18.972000 15.234500 16.213000 18.608500 16.191000 13.872500 17.150000 18.311500 15.350500 15.691000 19.433500 19.272000 17.465000 20.017500 22.771500 21.769000 22.331500 19.204500 19.732000 18.130500 16.043500 14.935000 14.213500 11.983500 10.153500 9.984000 8.642500 5.936500 5.218000 5.653000 3.825500 0.000000 3.825500 5.563500 5.273500 6.076000 8.515000 10.158000 10.629500 12.347500 14.282500 15.538500 16.644000 18.305000 20.201500 21.583000 22.488000 24.521000 26.516500 27.407000 28.171500 31.083500 30.566000 28.989000 29.216000 29.168500 31.903000 30.877500 28.513000 29.832500 30.983000 28.455000 25.600500 27.470000 27.731000 24.108000 23.157500 25.848500 24.567500 21.082000 22.733500 24.947000 22.492000 19.676000 15.976000 16.241000 17.574000 15.050000 12.232000 14.502500 15.359000 11.884000 11.271500 14.729000 14.045500 11.531500 14.192500 16.991000 15.716500 15.416500 18.948500 20.258000 18.909000 20.533000 23.692500 24.012500 24.781500 26.572000 28.156000 29.694500
46.534500 44.803500 42.331500 38.990000 37.023500 33.570500 32.005000 33.593000 32.260000 28.655000 29.069500 30.627000 27.834500 25.246000 27.516500 27.804500 24.054000 23.993000 26.970000 26.310500 22.785000 21.940000 24.212500 26.950500 26.894000 29.812000 32.416500 35.168500 33.545500 32.794500 36.482000 37.549500 35.377500 36.905500 40.328500 41.009500 42.232000 40.046500 41.714500 41.349500 37.618500 37.374000 39.168500 36.536000 33.378000 33.469000 30.819000 27.763000 25.426000 27.010500 26.636000 22.917000 22.543500 24.640000 22.726000 19.406000 21.092500 22.560500 19.349000 18.186000 21.617000 21.705000 18.742500 18.818000 17.565000 19.448000 20.657500 21.466000 23.456500 25.199000 26.826000 25.390500 24.037500 21.225000 18.332000 16.086000 16.960500 16.418500 12.762500 12.433000 14.506000 12.715000 9.299000 11.632000 13.664500 11.083000 10.136000 13.953500 14.624000 12.677000 14.337000 17.672000 19.132500 19.107500 17.152000 15.755500 12.323000 14.548500 16.813000 14.223000 13.148000 16.875500 17.895000 18.122500 17.521500 20.483500 22.484000 21.369000 17.728000 19.044000 20.990500 18.110500 16.159000 19.441000 19.967000 16.681000 17.451500 21.012000 20.176000 18.246000 21.200500 23.595000 22.034000 22.834000 19.979000 21.094500 20.081500 18.144500 16.303000 15.608500 14.187500 12.017000 10.794500 10.070000 8.427000 6.083000 5.239000 5.470500 3.825500 0.000000 3.846500 5.590500 5.252500 6.046000 8.688500 10.012000 10.800500 12.261000 14.331500 15.618000 16.522500 18.474500 20.419000 21.095000 22.677500 25.000000 26.202000 26.726000 29.446000 28.596000 26.834000 26.982000 26.666000 29.417500 28.563000 25.989500 27.160500 27.989000 25.324500 22.623000 24.453500 24.409500 20.750000 20.031000 22.605500 21.068000 17.695000 19.612500 21.633000 19.031500 16.465000 12.752000 12.964500 13.935500 11.298500 8.624000 11.019500 11.670000 8.237000 8.135000 11.680000 11.131000 9.361500 12.211500 14.779000 14.077500 14.406500 17.622500 18.998000 18.357500 20.114500 22.959000 23.441000 24.326000 26.055500 27.576000 29.038500
43.859000 41.952500 39.429500 36.010500 33.906000 30.548500 28.749500 30.316500 29.223000 25.558000 25.732000 27.456000 24.882000 22.063000 24.296500 24.914000 21.248000 20.976500 24.162500 23.896000 20.460000 19.891500 22.572000 24.952000 24.659500 27.730500 30.207000 32.957500 31.128500 30.159000 33.861500 34.865500 32.469500 33.906500 37.405000 38.224000 39.685000 37.724500 39.460500 38.838000 35.113500 35.163500 36.873500 34.046500 31.048500 31.487000 29.018500 25.910500 23.781000 25.056000 24.306500 20.680000 20.366500 22.030000 19.862500 16.653500 18.236500 19.315500 15.947000 14.917000 18.269000 18.072500 15.096000 15.473000 14.557000 16.705000 18.370000 19.611500 21.872000 23.832500 25.678000 24.296000 23.012000 20.412000 17.769500 15.671500 15.701500 14.878500 11.626500 10.847500 12.068000 10.210500 6.685500 8.475000 10.174000 7.532000 6.322500 10.142500 10.872000 9.160000 10.829000 14.022000 15.781500 16.214500 14.703500 12.858500 9.842500 12.793500 14.639000 12.040500 11.947500 15.747500 16.382000 17.031500 16.174500 18.728000 20.797000 19.239000 15.823500 17.790000 19.442500 16.328000 15.117500 18.671500 18.805000 15.797500 17.341500 20.720500 19.687500 18.438000 21.666500 23.689000 22.344000 23.719500 21.198000 22.585500 21.322000 19.927500 18.247000 16.787000 15.360500 14.038000 12.436500 10.667000 9.762500 8.503000 6.047500 5.136000 5.563500 3.846500 0.000000 3.828500 5.564500 5.247000 6.327500 8.694000 10.268000 10.747000 12.350500 14.457000 15.508500 16.724500 18.785500 20.084500 21.435500 23.389500 24.898000 25.835000 28.626500 28.033000 26.502500 26.993500 26.908500 29.845500 29.329000 26.976000 28.496500 29.129000 26.663500 23.861000 25.162000 24.991000 21.479000 20.365500 22.468500 20.912000 17.433500 18.793000 20.561000 17.898000 15.040000 11.387000 11.101500 12.962500 11.137000 7.772000 10.170500 12.036500 9.440500 8.508500 12.329500 12.939500 11.282000 13.242000 16.301500 16.299000 16.133000 19.027500 21.012000 20.515500 21.703500 24.671500 25.380500 26.178000 27.793000 29.389500 30.847000
41.128500 39.388000 36.989000 33.620500 31.790500 28.367000 26.880500 28.304000 26.824000 23.279000 23.785000 25.196500 22.311500 19.842500 22.232500 22.401500 18.644000 18.880500 21.921500 21.228000 17.609000 16.620500 19.171000 21.771500 21.467500 24.396500 26.936000 29.715000 28.087000 27.248000 30.930500 32.050000 29.903000 31.397000 34.812500 35.458000 36.689000 34.547500 36.272000 35.870000 32.123500 31.986000 33.853000 31.209000 28.038000 28.274500 25.641500 22.480500 20.362500 21.935000 21.277500 17.551500 17.502500 19.519000 17.388500 14.250500 16.393500 17.728000 14.530000 13.984500 17.620000 17.701000 15.296500 15.977000 15.605000 18.151000 19.987500 21.576500 24.094000 26.121500 28.257500 27.124500 26.104500 23.702500 20.896500 19.137500 19.144500 17.890500 14.751500 14.338500 15.039500 12.663500 9.640000 11.200500 11.933500 8.553500 7.507000 10.915500 10.582500 7.889000 10.117000 13.231000 14.163000 14.115500 11.925000 10.308000 6.800500 9.234500 11.316000 8.938000 8.334500 12.123500 13.188500 14.219000 14.074000 16.934500 19.519000 18.442500 15.037500 17.131500 19.349500 16.705500 15.464500 19.167500 19.889000 17.304000 18.608500 22.144500 21.686000 20.595500 23.516000 25.829000 24.899000 26.082000 23.307500 24.184000 22.427500 20.771500 19.708500 18.393500 16.236000 15.045000 14.346000 12.231000 10.374500 9.983500 8.586000 6.050000 5.273500 5.590500 3.828500 0.000000 3.844500 5.570000 5.412500 6.226000 8.832500 10.079000 10.716000 12.418500 14.320000 15.627000 16.981500 18.419500 20.326500 21.970500 23.076000 24.220500 27.222000 27.003000 25.711000 26.316000 26.609500 29.540000 28.870500 26.856000 28.719000 29.777500 27.642000 24.518000 25.711000 26.069500 22.680500 21.063000 23.347000 22.366500 18.693000 19.586000 21.831500 19.669500 16.402000 12.897500 13.423500 15.748500 13.689500 10.772000 13.661000 15.408500 12.674000 12.220500 16.034000 16.277500 14.497000 16.741500 19.755000 19.331500 19.123500 22.280500 24.057000 23.184500 24.503000 27.617500 28.150500 28.880000 30.536500 32.111500 33.571000
43.488000 41.849000 39.634000 36.253500 34.657000 31.296000 29.875500 31.000500 29.343500 25.954000 26.367500 27.382500 24.400500 22.059000 24.095000 23.879500 20.090000 20.180000 22.807000 21.749500 18.231500 17.413500 19.373000 22.203500 22.515000 25.476500 28.359500 30.875000 29.219500 28.851500 32.570000 33.443500 31.500000 33.341000 36.580000 37.327500 38.395000 36.150000 38.062000 37.942500 34.169500 33.942500 36.095500 33.666500 30.332000 30.368000 27.484000 24.176500 22.253000 24.296500 23.636500 19.858000 20.253500 22.490500 20.230000 17.351500 19.838500 21.078500 17.829000 17.638500 21.275500 21.133000 18.740500 19.629000 19.213500 21.656000 23.422000 24.801000 27.144000 29.073500 30.987500 29.663500 28.405500 25.738000 22.976000 20.784000 21.095000 20.380000 17.004000 16.254000 17.559000 15.647000 12.211500 13.548000 14.998500 11.977000 10.153000 13.534000 13.782000 10.726000 12.034000 15.549500 16.088500 15.230500 12.869500 12.348000 8.790500 10.340500 13.321000 11.689000 10.187500 13.730500 15.615000 16.783500 17.172500 20.294000 22.987500 22.136500 18.667000 20.507500 22.883500 20.285000 18.722000 22.307500 23.141000 20.301000 21.261500 24.899000 24.375000 22.823500 25.690000 28.157500 26.897000 27.768500 24.826000 25.629000 24.169500 22.052000 20.764000 20.079500 18.027500 16.086000 15.556000 14.275500 11.977500 10.617000 10.020500 8.488000 6.076000 5.252500 5.564500 3.844500 0.000000 3.815000 5.536000 5.147500 6.291000 8.612500 10.032500 10.762500 12.282500 14.419500 15.793000 16.476000 18.523000 20.629500 21.504000 22.172000 25.071000 24.573500 23.083000 23.428000 23.584000 26.397500 25.517500 23.420000 25.196000 26.448000 24.353500 21.159000 22.562000 23.175000 19.776500 18.185000 20.835000 20.112000 16.448000 17.596500 20.230000 18.367000 15.196500 11.728500 13.162500 15.015500 12.261000 10.224500 13.633000 14.572500 11.655500 12.364000 15.981500 15.584500 14.412500 17.271000 19.726500 19.120000 19.638500 22.831500 24.130000 23.482000 25.319500 28.170000 28.554500 29.373000 31.063000 32.501500 33.888500
44.678500 42.810000 40.585000 37.072000 35.315000 32.130000 30.308000 31.284500 29.996500 26.560000 26.436000 27.539000 24.913500 22.165000 23.796000 23.962500 20.284500 19.666000 22.327000 21.759500 18.550500 18.488500 20.625500 23.026000 23.507500 26.774000 29.716500 32.031000 29.980500 29.618000 33.406500 33.951000 31.729000 33.699500 36.955000 38.053500 39.421500 37.465500 39.596000 39.249500 35.467500 35.618000 37.777500 35.161000 31.984000 32.383000 29.625000 26.192000 24.585000 26.415500 25.301000 21.616000 22.184000 23.930500 21.273000 18.603500 20.937500 21.580500 18.024000 18.004000 21.407500 20.656500 18.019500 19.228000 18.863500 21.197000 23.175500 24.541000 26.776500 28.738500 30.452000 28.886500 27.351000 24.574000 22.234000 19.648000 19.538500 19.351500 16.215500 14.647500 15.968000 14.818500 11.119000 11.564000 13.634000 11.373000 8.608000 11.780000 13.040000 10.315500 10.560000 14.325500 15.340000 14.671000 13.182000 12.720000 9.795000 12.121000 14.992500 13.572000 12.937500 16.511000 18.161500 19.581000 19.600000 22.363000 24.903500 23.528500 20.214500 22.383500 24.289500 21.294000 20.154500 23.765500 24.012500 21.027500 22.465000 25.900000 24.829000 23.396000 26.602000 28.675500 27.081000 28.299500 25.686500 27.001500 25.892000 24.070500 22.309500 21.386000 19.884500 17.980000 16.674500 15.497000 13.988500 12.102500 10.546000 9.899500 8.515000 6.046000 5.247000 5.570000 3.815000 0.000000 3.835000 5.576500 5.469000 6.247000 8.737000 10.194000 10.679500 12.494000 14.686000 15.403500 16.742000 19.074500 20.486000 21.073500 23.773500 23.006000 21.404500 21.823500 21.767500 24.698500 24.183000 21.943500 23.700500 24.483000 22.325000 19.266000 20.358000 20.551000 17.173500 15.624000 17.909000 16.878500 13.225500 14.401500 16.741000 14.680500 11.558000 8.002500 9.433500 11.393000 8.874500 6.961500 10.615000 11.815500 9.597500 10.578500 14.067000 14.252500 13.810000 16.331000 18.666000 18.767500 19.531000 22.298000 23.838500 23.763500 25.456500 28.083000 28.669500 29.526500 31.116500 32.525500 33.845500
41.237500 39.278500 37.082000 33.522500 31.783000 28.696000 26.786500 27.617000 26.390000 22.987500 22.720000 23.787500 21.254000 18.419000 20.000000 20.275000 16.630500 15.942500 18.749000 18.399500 15.211000 15.367500 17.847500 19.936000 20.226500 23.610000 26.473500 28.759500 26.567500 26.082000 29.881500 30.379000 28.044000 29.990500 33.270000 34.448000 35.946000 34.139500 36.348000 35.860500 32.085500 32.452500 34.612000 31.913000 28.830000 29.478500 26.837500 23.345000 22.024500 23.689000 22.217000 18.645500 19.482500 20.905500 17.984000 15.625500 18.123000 18.390500 14.794500 15.312500 18.641500 17.662000 15.394500 17.106500 17.342500 19.988000 22.357000 24.163000 26.667000 28.789000 30.770000 29.373000 28.030000 25.538000 23.318500 21.046500 20.360500 19.772000 17.050000 15.431000 15.835500 14.508500 11.222000 10.975000 12.174000 9.831000 6.766000 9.238000 10.127000 7.024500 6.978000 10.736000 11.531000 10.962000 9.729000 9.143000 6.745500 9.522000 12.098000 11.122500 11.278500 14.637000 16.124000 18.080500 18.202500 20.635500 23.374000 21.863000 18.870500 21.522500 23.359500 20.455000 19.887000 23.643000 23.820000 21.256000 23.094500 26.415500 25.444000 24.549000 27.794500 29.714500 28.456000 29.989000 27.503500 28.803500 27.338500 25.800500 24.363000 22.984000 21.235500 19.910000 18.670500 16.778500 15.420500 14.348000 12.347000 10.788500 10.158000 8.688500 6.327500 5.412500 5.536000 3.835000 0.000000 3.846000 5.540000 5.047500 6.046500 8.550000 9.739000 10.566500 12.516000 14.104000 15.462000 17.166500 18.725500 19.896500 22.773500 22.498000 21.296000 22.141000 22.526000 25.584000 25.335500 23.521500 25.714000 26.500500 24.705500 21.508000 22.038500 22.350000 19.275000 17.180500 18.986500 18.256000 14.567500 14.812500 17.051500 15.269500 11.730000 8.642000 9.858000 12.826000 11.206500 9.032500 12.406500 14.442000 12.732000 13.036000 16.624000 17.397500 16.710500 18.774500 21.482000 21.796000 22.114500 24.823000 26.719000 26.519000 27.855500 30.668500 31.350500 32.122000 33.662000 35.138500 36.475500
40.220500 38.504000 36.505500 33.034500 31.673500 28.548500 27.038500 27.646500 25.942500 22.771000 22.871000 23.438500 20.531500 18.221500 19.819500 19.373500 15.642500 15.542000 17.907500 16.804500 13.431000 13.137500 15.095500 17.623000 18.245500 21.458000 24.553000 26.752500 24.806500 24.696000 28.464500 29.003000 27.066500 29.199500 32.298000 33.296500 34.447500 32.380000 34.622500 34.507000 30.720000 30.806500 33.224500 30.835500 27.519500 27.825000 24.914500 21.345000 20.117500 22.289000 20.991500 17.350500 18.601000 20.484500 17.684500 15.538500 18.569500 19.145000 15.861500 16.753000 20.245500 19.598000 17.807500 19.552500 19.970500 22.765500 25.075000 26.950500 29.551000 31.658000 33.769500 32.499000 31.286000 28.803500 26.338000 24.181500 23.792000 23.004500 20.085000 18.845000 19.339500 17.620500 14.425000 14.614500 15.462500 12.650000 10.133500 12.403500 12.457500 8.790000 9.125500 12.520500 12.193500 10.598000 8.306500 8.833000 6.047500 7.262000 10.644000 10.414500 9.599000 12.562500 14.836000 17.077500 17.995500 20.754500 23.848000 22.886000 19.866000 22.345000 24.671000 22.172000 21.318500 25.077500 25.777000 23.352000 24.796000 28.299500 27.757000 26.717000 29.700500 31.954000 30.878000 32.095000 29.315000 30.186500 28.479500 26.575000 25.504000 24.472500 22.267000 20.765000 20.191000 18.381000 16.298000 15.457500 14.295500 12.228500 10.629500 10.012000 8.694000 6.226000 5.147500 5.576500 3.846000 0.000000 3.831500 5.517500 5.292000 6.227000 8.575000 10.107500 11.006500 12.291000 14.495500 16.085000 16.969000 18.107000 21.184500 21.182500 20.137000 20.941000 21.646500 24.593000 24.040500 22.534000 24.960500 26.268500 24.783000 21.320500 21.917500 22.858000 19.916000 17.481000 19.664500 19.584000 15.855500 15.877000 18.698000 17.515000 13.905000 11.141500 13.155000 15.889000 13.761500 12.131500 15.740500 17.265500 15.151000 15.901500 19.514500 19.704000 18.902000 21.415500 23.982500 23.813000 24.273000 27.271500 28.833500 28.351000 29.979500 32.852000 33.335500 34.095500 35.704500 37.132500 38.467000
43.346000 41.625000 39.754000 36.254000 34.978000 31.976000 30.360500 30.743500 29.107000 26.051500 25.874500 26.225500 23.471500 21.125500 22.249000 21.711000 18.145000 17.574000 19.505500 18.362500 15.409500 15.639500 17.032500 19.467500 20.682500 23.944500 27.259000 29.131000 27.035000 27.304000 31.063000 31.259000 29.390500 31.812000 34.744500 35.958500 37.096000 35.084500 37.521500 37.528000 33.759000 33.910500 36.494500 34.202500 30.871000 31.149000 28.152500 24.522500 23.501000 25.851000 24.477000 20.900500 22.335000 24.187000 21.275000 19.281000 22.296000 22.684500 19.292500 20.221000 23.628000 22.683500 20.703000 22.525000 22.777500 25.410500 27.672500 29.340500 31.751500 33.782000 35.642000 34.143000 32.656000 29.941500 27.645500 25.075500 24.806000 24.572500 21.553500 19.900500 20.863000 19.667500 16.145000 16.082000 17.642500 15.270500 12.251000 14.527500 15.366500 11.926000 11.390000 14.972000 14.724500 12.748500 11.006500 12.188000 9.795000 10.727000 14.265500 14.223000 13.153500 15.996000 18.512500 20.669000 21.609500 24.463000 27.487500 26.459500 23.341000 25.700500 27.961000 25.284500 24.264500 27.975000 28.539500 25.817000 27.173000 30.702000 29.905500 28.549000 31.620500 33.850500 32.402500 33.508000 30.732500 31.748000 30.402500 28.296000 26.873000 26.185000 24.270000 22.287500 21.533500 20.294000 18.226500 16.646000 15.659000 14.386000 12.347500 10.800500 10.268000 8.832500 6.291000 5.469000 5.540000 3.831500 0.000000 3.845500 5.568000 5.208000 6.059000 8.711000 10.135000 10.347500 12.322000 14.650000 15.561000 16.057500 18.909500 18.424000 17.084000 17.638500 18.108000 21.017000 20.426000 18.777000 21.167500 22.466000 21.047500 17.550000 18.146000 19.211000 16.334000 13.835500 16.230000 16.380000 12.709000 12.899000 16.039500 15.189500 11.786500 9.333000 12.194500 14.400500 11.927000 11.351500 15.137000 16.033000 14.201500 15.812000 19.074000 18.988500 18.886500 21.631000 23.704000 23.650500 24.689500 27.525000 28.803500 28.695000 30.626000 33.201000 33.643500 34.476000 36.060500 37.368000 38.617000
42.992000 41.023000 39.123500 35.515000 34.065500 31.268500 29.270000 29.511500 28.282000 25.207000 24.498500 24.972500 22.643500 19.901000 20.629500 20.577500 17.207000 15.895500 17.940500 17.490000 14.922000 15.948500 17.732500 19.533000 20.685000 24.214000 27.437500 29.159500 26.668500 26.799000 30.587500 30.505000 28.301000 30.756000 33.727500 35.271500 36.758000 35.093500 37.692000 37.388000 33.644000 34.215000 36.721500 34.209000 31.105000 31.808500 29.037500 25.359000 24.634500 26.628500 24.797500 21.399000 22.925000 24.216500 20.968500 19.250000 22.061500 21.843500 18.278500 19.462500 22.557000 21.061500 19.071500 21.263000 21.751500 24.340500 26.852500 28.640500 31.042500 33.133000 34.932000 33.340000 31.747500 29.112500 27.203000 24.538500 23.731500 23.714500 21.101000 18.923500 19.494500 18.823000 15.438000 14.486500 16.084000 14.391500 10.866000 12.399000 13.883500 10.869000 9.209000 12.737000 12.843000 11.187500 10.618500 11.651500 10.164000 11.910500 14.944000 15.024000 14.905000 17.773500 19.848500 22.222500 22.791000 25.232000 28.133000 26.647500 23.777500 26.497500 28.347500 25.426000 24.908000 28.655500 28.751500 26.100500 27.935000 31.250000 30.096500 29.052500 32.370000 34.232000 32.694000 34.188500 31.725000 33.117000 31.877500 30.131000 28.492500 27.414500 25.798500 24.093000 22.817500 21.354500 19.878000 18.289000 16.542500 15.487000 14.282500 12.261000 10.747000 10.079000 8.612500 6.247000 5.047500 5.517500 3.845500 0.000000 3.844000 5.523500 5.045000 6.281000 8.868500 9.792500 10.726000 12.934500 14.660500 15.450500 18.145500 17.648000 16.427500 17.328500 17.779000 20.863500 20.843000 19.264000 21.761000 22.510000 21.175000 17.861500 17.834500 18.426000 15.771000 13.103000 14.707000 14.645500 11.021500 10.574000 13.301500 12.424000 8.795000 6.813000 9.601500 12.349000 10.755000 10.274000 13.801000 15.263500 14.260500 15.607500 18.711500 19.333000 19.540000 21.778000 23.936500 24.478500 25.416500 27.905000 29.542000 29.763500 31.384500 33.889500 34.535000 35.349500 36.836000 38.165500 39.380500
39.429000 37.491500 35.704000 32.110000 30.851500 28.144500 26.269000 26.272000 24.886500 21.983500 21.310500 21.495000 19.100000 16.546500 17.190500 16.879000 13.515000 12.370000 14.335500 13.740500 11.121500 12.328000 14.206000 15.810500 16.940000 20.511500 23.744500 25.392500 22.866500 23.044000 26.824500 26.723000 24.587500 27.099500 30.017500 31.544000 32.997500 31.361000 34.030000 33.751000 30.023000 30.672500 33.267000 30.825500 27.736500 28.523000 25.784500 22.069000 21.687000 23.691000 21.621500 18.391000 20.320000 21.465500 18.092500 16.850500 19.937000 19.515000 16.180000 17.963000 20.961500 19.477500 18.089000 20.606500 21.603500 24.437500 27.154000 29.271500 31.902500 34.094000 36.162500 34.787000 33.437500 31.041000 29.056000 26.728500 25.700000 25.225000 22.796500 20.873000 20.860000 19.811500 16.812000 15.778000 16.512000 14.589500 11.401500 12.238500 12.896000 9.613500 7.861500 10.832500 9.980000 7.688000 7.114000 8.875500 8.252000 9.451000 12.254000 13.141000 13.366000 15.682000 17.807000 20.638500 21.552000 23.784000 26.908000 25.567000 22.995500 25.942500 27.901500 25.263500 25.042500 28.842500 29.108000 26.846500 28.781000 32.070500 31.195000 30.485000 33.704000 35.602000 34.421500 36.007500 33.505500 34.700500 33.087500 31.427000 30.177500 28.886000 26.919000 25.581000 24.598500 22.663000 21.042500 20.087500 18.347000 16.558000 15.538500 14.331500 12.350500 10.716000 10.032500 8.737000 6.046500 5.292000 5.568000 3.844000 0.000000 3.829500 5.423000 5.225500 6.537500 8.706500 10.202500 11.373500 12.879000 14.434500 17.443000 17.699500 17.041500 18.340500 19.365000 22.416500 22.457500 21.414000 24.270500 25.259000 24.294000 20.859000 20.526000 21.440000 19.084500 16.077500 17.418000 17.791000 14.317000 13.142000 15.790000 15.325500 11.643500 10.136000 12.461000 15.650500 14.395500 13.466500 16.865000 18.725000 17.592500 18.490500 21.815500 22.573500 22.365500 24.504000 26.974500 27.397500 27.988500 30.621000 32.413500 32.351000 33.809000 36.533500 37.169500 37.918000 39.414000 40.803500 42.058000
40.463500 38.766500 37.206500 33.718500 32.817500 30.125000 28.583500 28.370500 26.611000 23.979500 23.575500 23.271500 20.639500 18.624500 19.123000 18.097000 14.852000 14.164000 15.366500 13.930000 11.467000 12.405500 13.290000 15.286000 17.074500 20.404500 23.917500 25.312500 23.009500 23.734500 27.421000 27.219500 25.541000 28.307500 30.951000 32.369000 33.464000 31.603500 34.352000 34.482000 30.786000 31.169500 34.034000 31.935500 28.657500 29.085000 26.095000 22.355500 22.109000 24.598500 22.747000 19.530500 21.751500 23.297000 20.112500 18.997000 22.370500 22.243000 19.135000 20.965000 24.099500 22.865500 21.606000 24.009000 24.918500 27.778000 30.374500 32.412000 35.028000 37.172500 39.230500 37.846500 36.473500 33.952000 31.795500 29.372500 28.677500 28.261000 25.558000 23.783000 24.124000 22.926500 19.739500 19.093500 19.999500 17.778500 14.732500 15.935500 16.362000 12.839500 11.558000 14.379000 12.978500 9.980500 8.622000 11.270000 10.276000 10.176500 13.499000 14.810000 14.161000 16.070500 18.834500 21.700500 23.150500 25.693500 29.001000 28.055000 25.354500 28.059500 30.357500 27.912500 27.339000 31.120500 31.724500 29.380500 30.966000 34.424500 33.757000 32.764500 35.832500 37.993500 36.778500 38.064500 35.329000 36.264500 34.637000 32.620500 31.483500 30.591500 28.429500 26.763500 26.166500 24.526500 22.428500 21.332000 20.195000 18.399000 16.644000 15.618000 14.457000 12.418500 10.762500 10.194000 8.550000 6.227000 5.208000 5.523500 3.829500 0.000000 3.845000 5.508000 5.295000 6.145000 8.795000 10.278500 10.867500 11.988500 15.156500 15.478000 14.870500 16.004000 17.270500 20.152500 19.875500 19.119000 22.161000 23.623500 22.989500 19.372000 19.098000 20.638500 18.480000 15.241000 16.996500 18.025500 14.660000 13.482000 16.699000 16.815000 13.347000 12.071000 15.044500 17.748000 15.936000 15.573000 19.209000 20.473500 19.074500 20.516000 23.779500 23.997500 23.916500 26.471000 28.673500 28.763000 29.664000 32.465000 33.894000 33.753000 35.552500 38.210500 38.676500 39.451000 40.998000 42.307000 43.532000
43.524500 41.697500 40.160000 36.609500 35.604500 33.049000 31.232500 30.919000 29.459500 26.824500 26.014000 25.766000 23.476500 21.190500 21.271500 20.564500 17.569500 16.189000 17.200500 16.246500 14.357500 15.857000 16.656000 18.251500 20.252500 23.664500 27.183000 28.340000 25.790500 26.619000 30.279000 29.747000 27.925000 30.826500 33.393000 35.101000 36.371000 34.722500 37.614000 37.643500 33.984000 34.578500 37.443000 35.266000 32.098500 32.686500 29.768500 26.020500 25.851000 28.231000 26.236000 23.067500 25.221500 26.560000 23.225500 22.092000 25.270500 24.876500 21.563500 23.301500 26.305000 24.700000 23.167500 25.645000 26.413000 29.095500 31.702500 33.582500 36.025000 38.121500 39.935500 38.331500 36.706500 34.043000 32.169500 29.419000 28.641000 28.726000 26.102000 23.879000 24.451500 23.819000 20.461500 19.419000 20.873500 19.173000 15.706500 16.798000 18.022500 14.844500 12.876500 15.834000 14.944000 12.237000 11.784500 14.152000 13.236000 13.758500 16.999000 18.022500 17.527000 19.722000 22.351500 25.090000 26.253000 28.763500 31.921000 30.697500 27.933500 30.666000 32.740000 30.011500 29.458500 33.229500 33.529000 30.946500 32.648000 36.046000 35.024000 33.899000 37.135500 39.123500 37.574500 38.930000 36.339500 37.560500 36.274000 34.273500 32.754000 31.942500 30.144500 28.242000 27.270500 25.956000 24.126000 22.505500 21.181500 20.009500 18.305000 16.522500 15.508500 14.320000 12.282500 10.679500 9.739000 8.575000 6.059000 5.045000 5.423000 3.845000 0.000000 3.842000 5.504500 4.972000 6.296000 8.931000 10.203000 10.597500 13.337000 12.972500 12.023500 13.099000 14.085500 17.078000 17.121000 16.222000 19.266000 20.382000 19.852500 16.346000 15.692500 17.098000 15.184500 11.785500 13.262500 14.493000 11.345000 9.865000 13.203000 13.749500 10.597500 10.115000 13.489500 15.792500 14.178000 14.658000 18.130000 19.091500 18.267500 20.144000 23.018000 23.312500 23.838500 26.314000 28.164500 28.583000 29.844500 32.357500 33.718000 33.997000 35.873500 38.262500 38.791500 39.613000 41.097000 42.324000 43.467500
41.592000 39.579000 38.082000 34.479000 33.430500 31.127000 29.073500 28.514500 27.355000 24.846500 23.598500 23.291500 21.413500 18.952000 18.558000 18.164500 15.504000 13.502000 14.411000 14.107000 12.755000 15.012000 16.129500 16.992000 18.884500 22.460500 25.835000 26.805500 23.918000 24.643500 28.269500 27.472000 25.400500 28.341500 30.883000 32.867500 34.421500 33.107000 36.140000 35.910500 32.317000 33.298500 36.102500 33.793500 30.863000 31.831500 29.154000 25.418000 25.618000 27.674500 25.256500 22.376500 24.710500 25.527000 21.960000 21.283500 24.335000 23.391000 20.157000 22.296500 24.935000 22.938500 21.726000 24.564500 25.715000 28.422000 31.262500 33.356000 35.871500 38.040500 39.925500 38.371000 36.800000 34.332000 32.707500 30.081000 28.831500 28.846500 26.618500 24.197000 24.220500 23.793000 20.769000 19.136000 20.190500 18.923500 15.421000 15.624500 16.911500 14.137500 11.452000 13.781500 12.728500 10.120500 10.832500 13.236000 13.326000 14.146000 16.789000 18.139000 18.398500 20.396000 22.660500 25.666000 26.670500 28.772000 31.888500 30.405500 27.980000 31.025000 32.830500 30.077000 30.003500 33.792000 33.830500 31.489500 33.555500 36.774000 35.630500 34.885000 38.239000 39.972500 38.537500 40.212000 37.831500 39.227500 37.843000 36.144500 34.651000 33.462000 31.716500 30.173500 28.978500 27.302500 25.806500 24.459000 22.654500 21.317000 20.201500 18.474500 16.724500 15.627000 14.419500 12.494000 10.566500 10.107500 8.711000 6.281000 5.225500 5.508000 3.842000 0.000000 3.842000 5.469500 5.365500 6.821000 9.135000 10.463500 13.106500 13.280000 12.870500 14.526000 15.751500 18.759500 19.340500 18.767500 21.917000 22.647500 22.303000 19.010500 17.797000 18.841000 17.270000 13.823000 14.360000 15.502500 12.644000 10.298500 12.922000 13.665000 10.514500 10.710500 13.520500 16.329000 15.548500 15.757500 18.899500 20.444000 20.058000 21.479500 24.347500 25.190000 25.665500 27.738000 29.817500 30.575500 31.567000 33.911000 35.613000 35.966000 37.528500 39.984000 40.657500 41.432500 42.852000 44.132000 45.278500
39.465500 37.641500 36.381000 32.884000 32.217500 30.007500 28.289000 27.427500 25.913000 23.750000 22.732500 21.876500 19.828000 17.935000 17.372500 16.259000 13.805000 12.297500 12.463000 11.410000 10.366000 12.702500 13.151000 13.912000 16.259500 19.659000 23.178000 23.883000 21.110500 22.253500 25.776000 24.886500 23.196500 26.338500 28.635500 30.524000 31.812000 30.389000 33.517000 33.564500 30.031000 30.908000 33.926500 31.904500 28.903000 29.714500 26.953000 23.236500 23.806000 26.103500 23.667000 21.002500 23.749000 24.670000 21.203000 20.955000 24.289000 23.415500 20.544000 23.037000 25.675000 23.911000 23.173500 26.079500 27.471000 30.345500 33.222500 35.476500 38.142000 40.349000 42.426500 41.030000 39.627000 37.241500 35.417000 32.975000 31.810500 31.510000 29.201500 27.074500 26.959000 26.135500 23.219500 21.854000 22.478000 20.830000 17.650500 17.802000 18.375500 15.346000 13.096000 14.956500 12.968500 9.613000 9.924500 13.143500 13.584500 13.393500 15.945500 17.998000 18.042000 19.386500 21.936500 25.199000 26.695000 28.800000 32.133000 30.991000 28.701000 31.728000 33.790500 31.350500 31.258000 35.056000 35.409500 33.279500 35.202500 38.501500 37.678500 36.991000 40.187000 42.108500 40.910000 42.469500 39.919500 41.030500 39.376000 37.548500 36.383500 35.262000 33.175000 31.709000 30.909000 29.077000 27.242500 26.230000 24.731500 22.936500 21.583000 20.419000 18.785500 16.981500 15.793000 14.686000 12.516000 11.006500 10.135000 8.868500 6.537500 5.295000 5.504500 3.842000 0.000000 3.842500 5.484000 5.395000 6.496500 8.614500 11.741500 12.825500 13.053000 14.871000 16.664500 19.437500 19.814000 19.807000 23.225500 24.423500 24.449000 21.007500 19.776500 21.364000 19.993500 16.377000 17.119000 18.737500 15.962000 13.583500 16.375000 17.395500 14.281500 14.276500 17.116500 19.988500 18.942000 18.954000 22.271000 23.789000 23.036500 24.423500 27.494500 28.119500 28.320000 30.581000 32.774500 33.238500 34.135500 36.709500 38.330500 38.412500 40.048500 42.649000 43.218000 43.965000 45.432000 46.724000 47.897000
42.640500 40.957500 39.798000 36.360000 35.814500 33.561000 31.960500 31.102000 29.453500 27.336500 26.454500 25.500000 23.346000 21.616000 21.082000 19.749000 17.337500 16.034500 15.923500 14.508000 13.554000 15.483500 15.302500 16.409500 19.122500 22.284000 25.938500 26.484500 23.913000 25.383500 28.809500 27.844500 26.441000 29.694500 31.810000 33.645000 34.706000 33.142500 36.285500 36.595000 33.093500 33.760500 36.907500 35.072000 31.948500 32.491000 29.557500 25.856500 26.319000 28.906000 26.719500 23.943500 26.650500 27.888000 24.546000 24.074000 27.484500 26.871000 23.918500 26.183000 29.005000 27.341500 26.348500 29.093000 30.220500 33.030000 35.776000 37.843500 40.405000 42.543500 44.480000 42.955500 41.405000 38.823500 36.953500 34.281000 33.399500 33.367000 30.822000 28.640500 28.975500 28.247500 25.043500 23.888500 24.973500 23.235500 19.912500 20.539000 21.366000 18.168000 16.084000 18.357000 16.604000 13.267000 13.050000 16.265000 16.061500 15.648500 18.647500 20.515000 19.970500 21.399500 24.294000 27.381500 29.024500 31.429500 34.791000 33.788000 31.254500 34.071500 36.290500 33.799500 33.370500 37.160500 37.626000 35.249500 36.935000 40.357500 39.511500 38.492000 41.655000 43.715000 42.306500 43.639000 40.970000 42.023000 40.554000 38.458500 37.167000 36.402500 34.371500 32.525500 31.818500 30.386500 28.341000 26.955500 25.807500 24.323000 22.488000 21.095000 20.084500 18.419500 16.476000 15.403500 14.104000 12.291000 10.347500 9.792500 8.706500 6.145000 4.972000 5.469500 3.842500 0.000000 3.839000 5.499500 5.571500 6.096500 9.230000 9.846500 9.896000 11.467500 13.351000 15.979500 16.179000 16.360000 19.877500 21.327500 21.650500 18.184000 16.901000 18.948000 17.854500 14.150000 15.153000 17.318000 14.812500 12.558000 15.766000 17.249000 14.512500 14.733500 18.059000 20.365000 18.934000 19.579000 22.992000 23.925500 23.160000 25.083000 27.947000 28.172000 28.697000 31.235000 33.066500 33.397000 34.683000 37.259500 38.551500 38.756000 40.695000 43.113000 43.577500 44.374500 45.856500 47.050000 48.166500
44.325500 42.444500 41.289500 37.786000 37.101500 35.050000 33.130500 32.140500 30.882000 28.784500 27.434500 26.569000 24.861000 22.833500 21.863000 20.989000 18.888500 16.887500 16.682500 16.029500 15.601500 18.073000 18.184000 18.749500 21.382500 24.672500 28.203500 28.561500 25.675500 27.075500 30.454000 29.162000 27.503000 30.806000 32.869000 35.038000 36.388000 35.154500 38.427000 38.499500 35.057500 36.057000 39.127000 37.137000 34.211000 35.053500 32.294500 28.594500 29.180500 31.515500 29.067500 26.400000 29.066500 29.948000 26.417000 26.049500 29.248000 28.247000 25.182000 27.491000 30.069000 28.005500 26.940000 29.843000 31.010000 33.681500 36.515500 38.549500 41.006500 43.133500 44.914500 43.256500 41.555000 38.976000 37.433500 34.606000 33.460000 33.749500 31.453500 28.901000 29.155000 28.906500 25.761000 24.122500 25.395500 24.191000 20.637500 20.856000 22.211500 19.419500 16.740000 18.828000 17.442500 14.496500 15.153500 18.077500 18.187500 18.367000 21.153000 22.871000 22.736500 24.392000 27.022000 30.119000 31.453000 33.671000 36.898000 35.569000 33.123000 36.093500 38.028000 35.317000 35.109500 38.899000 39.023000 36.586500 38.518500 41.810000 40.651000 39.716000 43.050500 44.859000 43.265000 44.799500 42.344500 43.691500 42.424000 40.495000 38.938000 38.040500 36.297500 34.463000 33.382500 32.002000 30.302500 28.695500 27.196500 26.048500 24.521000 22.677500 21.435500 20.326500 18.523000 16.742000 15.462000 14.495500 12.322000 10.726000 10.202500 8.795000 6.296000 5.365500 5.484000 3.839000 0.000000 3.835500 5.859500 5.962500 8.132000 8.264500 8.337000 10.340500 12.066000 14.755500 15.670000 15.903500 19.380000 20.231000 20.751500 17.604500 15.660500 17.322000 16.720500 12.994000 13.073000 15.397000 13.434500 10.493500 13.221000 15.263000 13.033500 14.174000 17.345000 19.482000 18.626500 19.688500 22.754500 23.724000 23.567000 25.531500 28.090000 28.629500 29.533500 31.801000 33.486000 34.213000 35.604500 37.882000 39.291500 39.831000 41.656500 43.908000 44.496500 45.300000 46.701500 47.860500 48.919000
41.765000 39.874500 38.910000 35.468500 34.994500 33.215500 31.347000 30.001500 28.781500 27.030500 25.512000 24.276500 22.845000 21.090500 19.649500 18.606500 17.040000 14.928500 14.060500 13.550500 13.908500 16.814000 16.727000 16.617500 19.370000 22.552000 25.976000 25.989000 22.957000 24.541500 27.750000 26.172000 24.596500 28.025500 29.862000 32.181500 33.571500 32.553500 35.963000 36.010000 32.701000 33.918000 37.037500 35.147000 32.393500 33.405500 30.812000 27.202500 28.234500 30.441500 27.739000 25.447000 28.395500 28.972500 25.414000 25.579000 28.784000 27.481000 24.723000 27.427000 29.735000 27.578500 26.992500 30.115500 31.642500 34.407000 37.391000 39.642000 42.226000 44.414500 46.356500 44.836500 43.279000 40.880500 39.367500 36.740000 35.355000 35.397000 33.298000 30.814500 30.651500 30.287500 27.412500 25.602500 26.385000 25.230500 21.868000 21.568000 22.556000 19.928000 17.150000 18.557500 16.652500 13.595500 14.739500 17.901000 18.719500 18.607000 20.919000 23.119000 23.320500 24.523500 27.024500 30.373500 31.845500 33.789500 37.077500 35.777000 33.634000 36.770500 38.665000 36.123500 36.203500 39.996500 40.133000 37.972500 40.049500 43.268500 42.220500 41.562500 44.879000 46.634500 45.259500 46.934500 44.513000 45.807500 44.317000 42.513500 41.160000 40.051500 38.146500 36.586500 35.584000 33.883000 32.204500 30.950500 29.321000 27.820000 26.516500 25.000000 23.389500 21.970500 20.629500 19.074500 17.166500 16.085000 14.650000 12.934500 11.373500 10.278500 8.931000 6.821000 5.395000 5.499500 3.835500 0.000000 3.839500 5.870500 8.032500 9.561000 10.594000 12.955000 15.045500 17.461500 18.511000 19.196000 22.761500 23.639500 24.362000 21.274500 19.181000 20.819500 20.375000 16.669500 16.451000 18.721500 16.835000 13.678500 15.946500 17.989000 15.678000 16.829500 19.665500 22.186500 21.611500 22.292500 25.302500 26.648000 26.474000 28.114000 30.831000 31.587500 32.255000 34.390000 36.320500 37.077000 38.218000 40.543000 42.140000 42.547000 44.206500 46.607000 47.226500 47.982500 49.375000 50.588000 51.675500
41.519000 39.873000 39.103500 35.794000 35.638500 33.849500 32.328000 30.869000 29.286500 27.765500 26.592000 25.001500 23.320500 22.068000 20.722000 19.060000 17.592500 16.124000 14.795500 13.454500 13.941000 16.481500 15.638000 15.671000 18.827000 21.675500 25.219500 25.020500 22.281500 24.282000 27.344500 25.776500 24.677000 28.216500 29.810500 31.927500 32.955000 31.730500 35.148000 35.546500 32.304500 33.271000 36.573000 34.994000 32.122000 32.843000 30.115000 26.573500 27.750500 30.244500 27.727000 25.522000 28.658000 29.500500 26.134000 26.405500 29.815000 28.770000 26.213000 28.969000 31.411500 29.544000 29.105500 32.140500 33.669500 36.541500 39.464500 41.737000 44.390000 46.574000 48.610500 47.167000 45.679500 43.243500 41.515500 38.938000 37.771500 37.660000 35.360500 33.101000 33.056500 32.394500 29.444500 27.968000 28.667500 27.145000 23.934500 23.912500 24.521000 21.605000 19.254000 20.700500 18.402500 14.986500 15.483500 18.994000 19.655500 18.867500 21.269000 23.755500 23.552500 24.364000 27.160000 30.545500 32.397000 34.488000 37.926500 36.949000 34.766000 37.768500 39.925000 37.587500 37.476000 41.267500 41.698000 39.572000 41.424500 44.764000 43.957000 43.186500 46.364000 48.335500 47.057500 48.536500 45.927000 46.973500 45.355000 43.349000 42.196000 41.282500 39.149000 37.500000 36.828000 35.174000 33.172000 32.021000 30.747500 29.047000 27.407000 26.202000 24.898000 23.076000 21.504000 20.486000 18.725500 16.969000 15.561000 14.660500 12.879000 10.867500 10.203000 9.135000 6.496500 5.571500 5.859500 3.839500 0.000000 3.839000 6.761000 9.159500 10.654500 12.849500 15.263000 17.347000 18.041500 19.152000 22.829500 24.190500 25.173500 21.980000 20.057000 22.206000 21.829500 18.089500 18.311000 20.891000 18.965000 16.091500 18.722000 20.802000 18.416000 19.236000 22.308000 24.752000 23.762000 24.426000 27.661500 28.802000 28.283500 30.066500 32.902500 33.337000 33.874500 36.267500 38.173000 38.630000 39.827000 42.350500 43.760500 43.980000 45.814000 48.271500 48.763500 49.535000 50.983500 52.180000 53.278500
44.837500 43.258000 42.492000 39.190000 39.017500 37.136500 35.622500 34.267000 32.642500 31.022500 29.922500 28.424500 26.635500 25.317500 24.115500 22.475500 20.831000 19.405000 18.255000 16.809500 17.010000 19.254000 18.242000 18.665500 21.910500 24.679500 28.301000 28.113000 25.528000 27.613500 30.662500 29.122500 28.128000 31.673000 33.228500 35.296000 36.206000 34.873000 38.258000 38.794500 35.541500 36.352500 39.700000 38.180500 35.205000 35.752500 32.897000 29.337500 30.318500 32.988500 30.657000 28.269000 31.295500 32.370000 29.041000 29.029500 32.473500 31.614500 28.886000 31.423500 34.033000 32.195000 31.465500 34.379500 35.672000 38.467500 41.293500 43.395000 45.961500 48.092500 49.978000 48.384500 46.757000 44.162000 42.441500 39.665000 38.697500 38.841000 36.388000 34.047000 34.352000 33.824500 30.658000 29.293000 30.383500 28.850000 25.490000 25.807000 26.695500 23.667500 21.352500 23.196500 21.185500 17.796000 17.987000 21.433500 21.614000 20.869000 23.631000 25.871000 25.313000 26.327500 29.321000 32.544000 34.407000 36.727500 40.151000 39.206500 36.810000 39.666500 41.893500 39.457000 39.102500 42.886000 43.341500 40.996500 42.698500 46.110500 45.227500 44.200000 47.376000 49.413500 47.932500 49.258500 46.598000 47.652000 46.229500 44.050000 42.742500 42.088500 40.064500 38.125000 37.453000 36.124500 34.036500 32.564500 31.496000 30.096000 28.171500 26.726000 25.835000 24.220500 22.172000 21.073500 19.896500 18.107000 16.057500 15.450500 14.434500 11.988500 10.597500 10.463500 8.614500 6.096500 5.962500 5.870500 3.839000 0.000000 3.831500 5.889500 7.550000 9.694500 12.277000 14.135000 14.868000 16.242000 19.921500 21.374000 22.664000 19.602000 17.548000 19.985000 19.962500 16.311000 16.568000 19.535000 17.986000 15.272000 18.033000 20.443000 18.451000 19.470000 22.796500 24.775500 23.585000 24.730500 27.956500 28.655500 28.211000 30.370500 32.987000 33.159000 33.990000 36.534500 38.130000 38.540500 40.046500 42.513500 43.678000 44.046500 46.091500 48.371500 48.838500 49.667000 51.121500 52.239000 53.278500
47.292500 45.704500 45.060500 41.794500 41.683500 39.957000 38.373500 36.870000 35.376500 33.880000 32.599000 31.017000 29.453500 28.141500 26.681500 25.131000 23.745000 22.112500 20.746000 19.539000 20.074000 22.447000 21.333000 21.524000 24.834000 27.494500 31.046500 30.598000 27.974000 30.202500 33.096500 31.300500 30.378500 33.991000 35.337500 37.558500 38.484500 37.313500 40.782500 41.337500 38.194000 39.111000 42.486500 41.027000 38.144000 38.746000 35.947500 32.439000 33.536000 36.179000 33.782000 31.488500 34.544500 35.521000 32.156000 32.219500 35.609500 34.621500 31.880500 34.438500 36.961500 34.974000 34.222000 37.188500 38.483500 41.212000 44.057000 46.110000 48.616500 50.730000 52.510000 50.811500 49.085000 46.458000 44.881000 41.986500 40.972500 41.322000 38.932000 36.431000 36.792000 36.487500 33.302500 31.786000 33.021500 31.687000 28.231500 28.447000 29.554500 26.658000 24.154000 25.932000 24.041000 20.774000 21.202500 24.593500 24.818000 24.178500 26.925000 29.140500 28.604000 29.645500 32.634500 35.854000 37.680500 39.981000 43.370000 42.353500 39.968000 42.839500 45.001500 42.493500 42.160500 45.937000 46.297000 43.888500 45.624500 49.011500 48.009000 46.938000 50.163000 52.135500 50.528500 51.869000 49.264000 50.405500 49.109000 46.911000 45.482500 44.888000 42.981500 40.945500 40.176000 38.975500 36.954000 35.316500 34.224000 33.016000 31.083500 29.446000 28.626500 27.222000 25.071000 23.773500 22.773500 21.184500 18.909500 18.145500 17.443000 15.156500 13.337000 13.106500 11.741500 9.230000 8.132000 8.032500 6.761000 3.831500 0.000000 3.842000 6.812500 9.127000 11.742500 13.066500 14.252500 16.093500 19.658000 20.904000 22.648500 19.947500 17.490000 19.929000 20.501500 17.029000 16.797000 20.044500 19.090000 16.240000 18.630000 21.468500 19.977000 21.437000 24.727500 26.429000 25.421500 26.908000 29.961000 30.488500 30.315500 32.630000 35.025000 35.201500 36.292000 38.793500 40.196000 40.728000 42.400000 44.728500 45.822500 46.373500 48.467000 50.603500 51.112500 51.945000 53.358500 54.417500 55.392500
50.055000 48.395500 47.596000 44.241500 43.915500 42.039000 40.310500 39.027000 37.622500 35.863000 34.555000 33.265500 31.627500 30.014500 28.747500 27.454500 25.761500 23.978000 23.034500 21.981000 22.113500 24.388500 23.561500 24.074500 27.252500 30.087500 33.693000 33.485000 30.832000 32.866500 35.912500 34.243000 33.127000 36.672000 38.211000 40.435000 41.450000 40.216000 43.627000 44.106500 40.855500 41.724500 45.040000 43.433500 40.472000 41.053000 38.181000 34.589000 35.387500 38.043500 35.741000 33.199500 36.042000 37.130500 33.721500 33.443500 36.766000 35.880500 32.901000 35.195000 37.830500 35.802000 34.707500 37.545500 38.584500 41.187000 43.928000 45.798500 48.154500 50.211000 51.808000 49.981500 48.106000 45.353500 43.865000 40.791000 39.903000 40.539000 38.091500 35.464500 36.118500 36.036000 32.706000 31.212000 32.830500 31.614000 28.018500 28.478500 29.948000 27.071500 24.522000 26.654500 25.179500 22.077000 22.428500 25.590000 25.434500 25.134500 28.137500 29.979000 29.317500 30.740500 33.741000 36.775500 38.408500 40.851000 44.152000 43.023000 40.448000 43.229000 45.334500 42.648000 42.161500 45.917000 46.172500 43.548500 45.228000 48.618000 47.446500 46.183500 49.451000 51.385000 49.555500 50.829000 48.271500 49.529000 48.479000 46.233000 44.574500 44.126500 42.437500 40.196500 39.276000 38.360500 36.427000 34.468000 33.413500 32.578000 30.566000 28.596000 28.033000 27.003000 24.573500 23.006000 22.498000 21.182500 18.424000 17.648000 17.699500 15.478000 12.972500 13.280000 12.825500 9.846500 8.264500 9.561000 9.159500 5.889500 3.842000 0.000000 3.875000 6.255000 8.654500 9.978500 11.411000 13.095500 16.538500 17.572500 19.397500 16.887000 14.264500 16.702500 17.540000 14.246500 13.911500 17.335500 16.763000 14.133500 16.504000 19.499500 18.424500 20.079000 23.446000 24.696500 23.645500 25.545500 28.461000 28.642500 28.662500 31.230500 33.353500 33.412500 34.807500 37.318500 38.437500 39.046500 40.956500 43.136000 44.080500 44.842000 47.036000 48.974000 49.469000 50.328500 51.720000 52.710000 53.633500
51.289500 49.596500 48.631500 45.210500 44.707000 42.651000 40.861000 39.816500 38.419000 36.420500 35.188500 34.159000 32.373000 30.554000 29.556000 28.416000 26.409500 24.632500 24.089500 23.051500 22.758000 24.843500 24.250500 25.101000 28.137000 31.101000 34.756500 34.823500 32.200500 34.041000 37.240000 35.777000 34.516500 37.969500 39.723000 41.866500 42.919000 41.564000 44.880000 45.310000 41.950000 42.716000 45.966500 44.243000 41.188500 41.707500 38.765000 35.118500 35.624000 38.301000 36.134500 33.373000 36.008500 37.241000 33.846500 33.258000 36.531000 35.804500 32.662000 34.708000 37.465000 35.492500 34.128000 36.813500 37.612000 40.124500 42.758500 44.475500 46.739500 48.775000 50.254500 48.345500 46.400500 43.567500 42.078000 38.907000 38.172000 38.956500 36.422500 33.780500 34.677000 34.674500 31.235500 29.858500 31.738500 30.528500 26.888000 27.618500 29.279500 26.380500 23.920000 26.360500 25.186000 22.207500 22.371500 25.323000 24.815500 24.734500 27.928500 29.455500 28.659500 30.358000 33.359000 36.209500 37.701500 40.265500 43.490500 42.324000 39.595500 42.264500 44.355000 41.575000 40.936000 44.656000 44.882000 42.113000 43.704500 47.103500 45.860000 44.444500 47.706000 49.648000 47.692500 48.881500 46.332500 47.631000 46.734500 44.446500 42.658500 42.329500 40.774000 38.394000 37.410500 36.701500 34.804500 32.645000 31.667000 31.078000 28.989000 26.834000 26.502500 25.711000 23.083000 21.404500 21.296000 20.137000 17.084000 16.427500 17.041500 14.870500 12.023500 12.870500 13.053000 9.896000 8.337000 10.594000 10.654500 7.550000 6.812500 3.875000 0.000000 3.850500 6.046000 8.078500 9.512000 10.630500 14.075000 15.096000 16.717000 14.112500 11.595000 14.113500 14.840000 11.596500 11.529000 14.994500 14.474000 12.205000 14.759500 17.654000 16.711000 18.299000 21.760000 22.707500 21.494000 23.625000 26.502000 26.425500 26.470500 29.207000 31.185000 31.109000 32.648000 35.201000 36.150500 36.746000 38.794500 40.915500 41.742500 42.590000 44.859500 46.692000 47.224000 48.113000 49.516500 50.483000 51.384500
53.286500 51.655500 50.653500 47.242000 46.720500 44.558000 42.818000 41.889500 40.415000 38.332500 37.225500 36.269000 34.349500 32.524500 31.701000 30.526000 28.372500 26.726500 26.316500 25.142500 24.635000 26.485500 25.843500 26.943000 29.965000 32.876500 36.568500 36.720500 34.219000 36.064000 39.286500 37.929500 36.726500 40.155000 41.942000 43.991500 44.951000 43.472500 46.723500 47.242500 43.854500 44.474500 47.731500 46.043000 42.904500 43.285000 40.258500 36.615500 36.955500 39.733000 37.731000 34.854000 37.388000 38.799500 35.477000 34.695500 37.979000 37.436000 34.224000 36.092000 38.976500 37.107500 35.571000 38.114500 38.745000 41.218500 43.729500 45.314000 47.497500 49.447500 50.846000 48.886000 46.874500 43.942000 42.412500 39.159000 38.636000 39.540000 36.882000 34.287000 35.444000 35.452500 31.906500 30.722000 32.810500 31.526500 27.899000 28.911000 30.636500 27.665500 25.379000 28.035000 26.994500 24.040000 23.942500 26.803500 25.982500 25.893500 29.243500 30.586000 29.549500 31.348500 34.434000 37.128000 38.625500 41.341000 44.544500 43.445500 40.576000 43.100000 45.256000 42.454500 41.615000 45.295000 45.581500 42.682500 44.114000 47.553500 46.308500 44.701000 47.906500 49.918000 47.854000 48.886000 46.291000 47.547000 46.783000 44.372500 42.515000 42.398000 40.911500 38.346500 37.416500 36.955000 34.989000 32.652000 31.887000 31.493500 29.216000 26.982000 26.993500 26.316000 23.428000 21.823500 22.141000 20.941000 17.638500 17.328500 18.340500 16.004000 13.099000 14.526000 14.871000 11.467500 10.340500 12.955000 12.849500 9.694500 9.127000 6.255000 3.850500 0.000000 3.841000 5.928500 7.039500 8.240500 11.747000 13.031500 14.865500 12.340000 9.912500 12.866000 13.800000 10.843500 11.145500 14.751500 14.473500 12.735000 15.369500 18.174500 17.487000 18.919000 22.435000 23.012000 21.557500 23.916000 26.756000 26.319000 26.314000 29.275500 31.090500 30.752500 32.436500 35.107000 35.823500 36.313000 38.555500 40.652500 41.262000 42.165500 44.590000 46.290000 46.727000 47.630500 49.019000 49.910500 50.772500
55.598500 53.906500 52.781500 49.316000 48.627000 46.367000 44.521000 43.766000 42.379000 40.119500 38.992000 38.262000 36.321000 34.295000 33.609000 32.639000 30.319000 28.582500 28.452500 27.419500 26.687500 28.463000 28.051000 29.306000 32.193500 35.206500 38.900000 39.221000 36.693000 38.380000 41.696000 40.427500 39.078500 42.440500 44.365000 46.418500 47.457500 45.951500 49.149500 49.589500 46.137500 46.736000 49.921000 48.118500 44.950500 45.333500 42.284500 38.609000 38.731000 41.470000 39.544500 36.521000 38.858500 40.322500 36.998500 35.972000 39.151000 38.682000 35.331000 36.963500 39.886000 38.004000 36.217000 38.617500 39.025500 41.361000 43.748500 45.153000 47.181000 49.043500 50.267000 48.200500 46.074000 43.059500 41.630000 38.245000 37.847500 39.006000 36.336000 33.662000 35.071000 35.284500 31.678500 30.536500 32.922000 31.777000 28.117500 29.308500 31.297500 28.429000 26.167500 29.022500 28.330000 25.583500 25.465000 28.065000 26.989000 27.190500 30.635500 31.656500 30.570500 32.641000 35.660000 38.169500 39.472000 42.258500 45.348500 44.156000 41.167500 43.593500 45.666500 42.739500 41.788000 45.406000 45.586500 42.531000 43.903000 47.303500 45.911000 44.150000 47.367000 49.318000 47.065500 48.032000 45.512000 46.876000 46.350500 43.932500 41.871500 41.882000 40.625500 37.911500 36.836000 36.644500 34.807000 32.209000 31.479000 31.448500 29.168500 26.666000 26.908500 26.609500 23.584000 21.767500 22.526000 21.646500 18.108000 17.779000 19.365000 17.270500 14.085500 15.751500 16.664500 13.351000 12.066000 15.045500 15.263000 12.277000 11.742500 8.654500 6.046000 3.841000 0.000000 3.836500 5.695000 5.972000 9.128000 10.012000 11.929000 9.714000 6.975000 10.037500 11.366500 8.908500 9.173000 12.819500 13.082000 11.908500 14.324500 17.072500 16.890000 18.410500 21.833000 21.904000 20.436500 23.156500 25.767000 24.968500 25.172500 28.327000 29.824500 29.374500 31.349000 33.980500 34.403500 34.971500 37.425000 39.346500 39.809500 40.918000 43.410500 44.908500 45.347500 46.287000 47.618500 48.436500 49.248500
58.153000 56.522000 55.493000 52.067000 51.479000 49.265000 47.469500 46.627000 45.194500 43.025500 41.904000 41.051000 39.124500 37.204500 36.428500 35.344000 33.127000 31.428500 31.107000 29.982500 29.399000 31.154000 30.513500 31.740000 34.761000 37.656000 41.367500 41.536500 39.070000 40.925000 44.155500 42.785000 41.578500 45.013000 46.797000 48.867000 49.811000 48.303000 51.538000 52.095500 48.696500 49.256000 52.513000 50.820500 47.638500 47.942500 44.856000 41.213000 41.397500 44.226500 42.338500 39.354500 41.750000 43.268500 39.972000 38.985500 42.206000 41.762000 38.437500 40.086000 43.022500 41.148500 39.372000 41.766000 42.154000 44.466000 46.824500 48.177000 50.152000 51.966000 53.127000 51.028500 48.845500 45.793500 44.389000 40.955000 40.653000 41.907500 39.206500 36.542500 38.056000 38.305000 34.675000 33.586000 36.030000 34.876500 31.230500 32.456000 34.444000 31.548500 29.312500 32.148500 31.390500 28.569500 28.407000 31.098000 29.994500 30.053000 33.534500 34.609000 33.389000 35.374500 38.491500 40.984000 42.379000 45.229000 48.343000 47.217500 44.194500 46.557000 48.685500 45.775500 44.736500 48.330500 48.558000 45.454000 46.730500 50.149000 48.762500 46.895000 50.065000 52.052500 49.727500 50.586500 48.046000 49.365500 48.927000 46.410500 44.328500 44.503000 43.275500 40.443000 39.439000 39.405500 37.503500 34.825000 34.255000 34.306500 31.903000 29.417500 29.845500 29.540000 26.397500 24.698500 25.584000 24.593000 21.017000 20.863500 22.416500 20.152500 17.078000 18.759500 19.437500 15.979500 14.755500 17.461500 17.347000 14.135000 13.066500 9.978500 8.078500 5.928500 3.836500 0.000000 3.850000 5.697000 8.268500 9.286500 12.111500 10.675000 8.019000 11.151500 13.162500 11.387000 11.461500 15.047500 15.794000 14.797500 16.884000 19.736000 19.862500 21.439000 24.799000 24.642500 23.165500 26.017000 28.524000 27.493500 27.736000 31.012000 32.340000 31.717500 33.823000 36.503500 36.711500 37.218000 39.831000 41.693000 41.965000 43.144500 45.755000 47.111500 47.450000 48.379500 49.681000 50.415500 51.171000
58.280000 56.774000 55.724000 52.336500 51.796500 49.440000 47.811500 47.091000 45.458500 43.241000 42.377500 41.531500 39.367000 37.562000 37.037500 35.773500 33.383000 31.989000 31.763000 30.332500 29.486500 30.901500 30.125500 31.665000 34.677500 37.459500 41.208500 41.500500 39.241500 41.117000 44.367000 43.192500 42.118500 45.514500 47.341500 49.214000 49.980500 48.264000 51.393000 52.104500 48.674000 49.003000 52.283000 50.685500 47.384500 47.471500 44.280000 40.678000 40.702000 43.673000 42.014000 38.945000 41.265500 43.027500 39.875000 38.738000 42.026500 41.850500 38.548000 40.070500 43.171500 41.526000 39.694000 41.941000 42.205500 44.544500 46.793000 48.097000 50.063000 51.843000 53.042500 51.001500 48.875000 45.771000 44.165500 40.771500 40.730000 41.876000 38.979000 36.535000 38.226500 38.246000 34.535000 33.778000 36.242000 34.814500 31.285000 32.824000 34.629500 31.549000 29.631000 32.644500 31.819500 28.895500 28.324500 31.016000 29.621000 29.463500 33.069500 34.063000 32.527000 34.461000 37.707500 40.060000 41.579500 44.589500 47.730000 46.801000 43.666500 45.851000 48.146000 45.338500 44.072500 47.625500 48.059500 44.914000 45.961500 49.463500 48.242000 46.215000 49.251000 51.415000 49.128500 49.777000 47.092000 48.218500 47.762500 45.079000 43.097000 43.489000 42.163000 39.205500 38.438000 38.548500 36.438500 33.757000 33.513000 33.537500 30.877500 28.563000 29.329000 28.870500 25.517500 24.183000 25.335500 24.040500 20.426000 20.843000 22.457500 19.875500 17.121000 19.340500 19.814000 16.179000 15.670000 18.511000 18.041500 14.868000 14.252500 11.411000 9.512000 7.039500 5.695000 3.850000 0.000000 3.833000 6.728000 9.056500 11.687000 9.933000 8.326000 11.954500 13.413500 11.777000 12.806500 16.174000 16.501500 15.976500 18.470000 20.940500 20.782500 21.862500 25.338500 25.139000 23.233000 25.977500 28.647000 27.415500 27.282500 30.664000 32.066500 31.106500 33.085500 35.987500 36.138000 36.341500 39.017000 41.034500 41.100000 42.117000 44.891500 46.257500 46.435500 47.365500 48.700000 49.399500 50.164500
58.636000 57.055000 55.800500 52.347000 51.581000 49.062500 47.344000 46.891500 45.328500 42.866000 42.053500 41.519500 39.268000 37.232000 36.975500 35.944000 33.288000 31.874000 32.073000 30.765500 29.543500 30.810000 30.399000 32.171500 34.939500 37.874500 41.608500 42.210000 39.930500 41.525500 44.928500 43.969500 42.681000 45.940000 48.015500 49.827000 50.701500 48.914000 51.931000 52.506000 48.970500 49.252500 52.405500 50.634000 47.293000 47.388500 44.185500 40.549500 40.269500 43.156500 41.609000 38.359500 40.411500 42.240500 39.123500 37.684000 40.836000 40.794000 37.364500 38.594000 41.755000 40.176500 38.086000 40.133000 40.159500 42.370000 44.476000 45.602500 47.444500 49.168500 50.238500 48.141500 45.956000 42.789500 41.204000 37.748000 37.863000 39.149500 36.213000 33.785000 35.706500 35.821500 32.071500 31.452500 34.147000 32.779500 29.291000 31.071000 33.046500 30.054500 28.274500 31.505500 31.040000 28.361500 27.687500 30.041500 28.347000 28.514500 32.190500 32.795000 31.231000 33.477000 36.597000 38.726000 40.005000 43.071000 46.071000 45.060500 41.813500 43.879000 46.089500 43.186500 41.803500 45.282500 45.636000 42.367000 43.346000 46.806000 45.487000 43.338000 46.365500 48.488000 46.081500 46.670500 44.042000 45.250500 44.975000 42.317000 40.174500 40.642500 39.510500 36.459000 35.567000 35.889000 33.906000 31.025500 30.817000 31.148000 28.513000 25.989500 26.976000 26.856000 23.420000 21.943500 23.521500 22.534000 18.777000 19.264000 21.414000 19.119000 16.222000 18.767500 19.807000 16.360000 15.903500 19.196000 19.152000 16.242000 16.093500 13.095500 10.630500 8.240500 5.972000 5.697000 3.833000 0.000000 3.876000 6.433000 8.307000 6.226500 5.387500 9.122000 10.138500 9.029000 10.700500 13.615500 13.930000 14.157500 16.670500 18.706500 18.701000 19.565000 22.947500 22.387500 20.318500 23.235000 25.767500 24.254500 24.152000 27.653000 28.861000 27.775000 29.900500 32.789500 32.765000 32.981500 35.770000 37.693000 37.670000 38.791000 41.595500 42.852500 43.041000 44.000000 45.337500 46.022000 46.781000
62.034000 60.443000 59.100500 55.628500 54.753000 52.144500 50.387000 50.088500 48.561000 45.975000 45.197500 44.827000 42.535000 40.394000 40.270000 39.351000 36.583500 35.165500 35.542500 34.285500 32.910000 34.052500 33.748500 35.658000 38.333500 41.283500 45.008500 45.728000 43.485000 44.991000 48.439000 47.564000 46.218000 49.422000 51.579000 53.358000 54.242500 52.399500 55.352000 55.914000 52.343000 52.553000 55.652500 53.832500 50.456500 50.493000 47.264500 43.643000 43.161500 46.039000 44.624000 41.272000 43.129500 45.048000 41.994500 40.337500 43.380000 43.466500 39.961500 40.937000 44.136000 42.614000 40.306000 42.154000 41.929500 43.970500 45.891000 46.781500 48.432000 50.041500 50.897000 48.706000 46.417000 43.172000 41.669500 38.123500 38.482500 40.019500 37.061500 34.668000 36.893500 37.168000 33.411000 32.950500 35.898500 34.627500 31.223000 33.203000 35.340500 32.457000 30.804500 34.164500 33.967000 31.461000 30.711000 32.833500 30.900000 31.237500 34.956000 35.266000 33.591000 36.008500 39.069000 40.960500 42.085000 45.231500 48.097500 47.070000 43.711500 45.591000 47.744000 44.780000 43.220000 46.569500 46.873500 43.459500 44.272500 47.673000 46.257500 43.893500 46.842000 48.932500 46.333000 46.746500 44.188000 45.433500 45.452500 42.746500 40.428500 41.145500 40.269500 37.036500 36.088500 36.792500 34.917000 31.794000 31.771500 32.498000 29.832500 27.160500 28.496500 28.719000 25.196000 23.700500 25.714000 24.960500 21.167500 21.761000 24.270500 22.161000 19.266000 21.917000 23.225500 19.877500 19.380000 22.761500 22.829500 19.921500 19.658000 16.538500 14.075000 11.747000 9.128000 8.268500 6.728000 3.876000 0.000000 3.891000 5.901500 5.487000 5.949000 8.806000 10.117000 10.446500 12.074000 14.345000 15.218500 16.168000 18.242000 19.978500 20.459500 21.250000 24.382000 23.244000 21.133500 24.304000 26.498000 24.492500 24.527000 28.192500 28.961000 27.599000 30.012000 32.866500 32.400500 32.585500 35.641000 37.350000 37.016500 38.339000 41.273500 42.227500 42.349500 43.331000 44.616500 45.179500 45.851000
63.581500 61.825500 60.402500 56.859000 55.810500 53.267000 51.280500 51.005000 49.733500 47.069000 46.046000 45.841500 43.757000 41.377500 41.133500 40.525000 37.807000 36.071500 36.562500 35.671000 34.381500 35.777500 35.756500 37.477500 40.057500 43.178000 46.861500 47.595500 45.144500 46.507000 50.002000 49.024000 47.448500 50.623500 52.849500 54.802000 55.913500 54.245000 57.255000 57.604500 54.016000 54.430500 57.448000 55.449500 52.173000 52.424000 49.288000 45.613000 45.133000 47.830000 46.252500 42.894000 44.674000 46.382000 43.208000 41.530500 44.407500 44.292000 40.691500 41.601000 44.649500 42.914500 40.487000 42.343500 42.059500 43.936500 45.848500 46.642000 48.146500 49.711500 50.381000 48.070000 45.649500 42.413000 41.219500 37.562500 37.766500 39.609500 36.876500 34.235500 36.465500 37.128500 33.460500 32.725000 35.841500 34.958500 31.478000 33.268500 35.739500 33.142500 31.244000 34.536500 34.645500 32.403000 32.011000 33.934500 32.128000 32.861500 36.486500 36.650000 35.272000 37.904500 40.767000 42.656000 43.503500 46.517000 49.252500 47.962000 44.650500 46.620000 48.524000 45.380500 43.976500 47.291500 47.298000 43.828500 44.826500 48.079500 46.385500 44.082500 47.155000 48.993500 46.218500 46.797500 44.478500 46.009500 46.240500 43.735500 41.171000 41.747000 41.169000 37.994500 36.688500 37.448000 35.919000 32.648000 32.311000 33.335500 30.983000 27.989000 29.129000 29.777500 26.448000 24.483000 26.500500 26.268500 22.466000 22.510000 25.259000 23.623500 20.382000 22.647500 24.423500 21.327500 20.231000 23.639500 24.190500 21.374000 20.904000 17.572500 15.096000 13.031500 10.012000 9.286500 9.056500 6.433000 3.891000 0.000000 3.855000 5.513000 5.031500 6.377500 8.753500 9.992500 10.654000 12.547000 14.319500 15.400500 16.730500 18.531500 19.687500 20.920000 23.724500 22.200500 20.573500 24.045000 25.799000 23.706500 24.321500 27.951000 28.333000 27.249500 30.009000 32.540000 31.874500 32.457500 35.581000 36.943000 36.707500 38.373000 41.154000 41.903000 42.152500 43.130500 44.324000 44.848500 45.453500
63.227000 61.424500 59.816500 56.244000 54.998500 52.313000 50.283000 50.275000 49.056000 46.191000 45.261000 45.347000 43.181500 40.641500 40.681000 40.269500 37.338500 35.659000 36.535500 35.730500 34.105500 35.309500 35.609500 37.525000 39.839000 43.043000 46.669000 47.691000 45.267500 46.356500 49.957000 49.213000 47.472500 50.482000 52.925000 54.778000 55.962500 54.222000 57.095000 57.325000 53.663500 54.014500 56.888000 54.749500 51.459000 51.704000 48.588000 44.928000 44.169000 46.755000 45.311500 41.830500 43.330000 45.089000 42.005500 40.061500 42.769000 42.805500 39.146000 39.750500 42.827000 41.209000 38.567500 40.188500 39.666000 41.399000 43.142500 43.758000 45.139500 46.635000 47.194000 44.857500 42.411000 39.134000 37.941500 34.266000 34.646500 36.587500 33.831500 31.266000 33.710000 34.432000 30.785500 30.236500 33.521500 32.689500 29.344500 31.361000 33.919500 31.454000 29.774000 33.206500 33.640500 31.669500 31.156000 32.712500 30.655000 31.665500 35.269000 35.060500 33.682000 36.549000 39.238000 40.884000 41.490500 44.516500 47.087000 45.743000 42.361500 44.188000 45.995000 42.802500 41.297500 44.502500 44.441000 40.891000 41.807500 44.993000 43.230500 40.829500 43.868000 45.661500 42.801000 43.321000 41.067000 42.667000 43.058000 40.612500 37.917500 38.546500 38.162000 34.947000 33.524500 34.480000 33.108500 29.700000 29.399000 30.716500 28.455000 25.324500 26.663500 27.642000 24.353500 22.325000 24.705500 24.783000 21.047500 21.175000 24.294000 22.989500 19.852500 22.303000 24.449000 21.650500 20.751500 24.362000 25.173500 22.664000 22.648500 19.397500 16.717000 14.865500 11.929000 12.111500 11.687000 8.307000 5.901500 3.855000 0.000000 3.827000 5.493500 5.406000 6.424000 8.842000 10.145500 10.959500 12.545500 14.510000 15.768000 16.841500 18.070000 18.927000 21.481500 19.585500 17.802500 21.336500 22.876500 20.488500 21.120000 24.798500 24.959000 23.745500 26.621000 29.105000 28.273000 28.865500 32.062500 33.331000 33.024500 34.771500 37.553500 38.216500 38.483000 39.483500 40.679500 41.206500 41.818500
59.658500 57.909000 56.327000 52.777500 51.607500 48.899000 46.969000 46.937500 45.603000 42.773000 41.948500 41.960000 39.699000 37.255000 37.360000 36.820500 33.847500 32.309500 33.180500 32.233500 30.531000 31.653000 31.912000 33.891000 36.201000 39.374500 43.008500 44.058500 41.695000 42.795500 46.395500 45.722500 44.044500 47.047000 49.493000 51.265000 52.383500 50.583500 53.431500 53.709000 50.046500 50.345000 53.241000 51.152000 47.832000 48.035000 44.899500 41.243000 40.517500 43.150500 41.718500 38.250000 39.825500 41.633000 38.567000 36.679000 39.495000 39.576000 35.965000 36.684500 39.832000 38.293500 35.775500 37.480500 37.096500 39.011000 40.866000 41.666000 43.244500 44.848000 45.642500 43.423500 41.105500 37.857000 36.433000 32.852000 33.157000 34.782500 31.898500 29.418000 31.702000 32.131500 28.407000 27.913500 31.015000 29.932500 26.553000 28.611500 30.959500 28.302500 26.691000 30.155000 30.391000 28.278500 27.622000 29.293000 27.236000 28.089500 31.725000 31.647000 30.219500 32.992500 35.759000 37.507500 38.263500 41.310000 44.000000 42.755500 39.391000 41.291000 43.232500 40.128000 38.649500 41.965000 42.055000 38.595000 39.546000 42.851000 41.264000 38.966000 42.025500 43.961500 41.304500 41.882000 39.459000 40.926500 41.023000 38.526500 36.029500 36.533000 35.856000 32.720500 31.455500 32.135000 30.552000 27.318000 27.010000 27.983500 25.600500 22.623000 23.861000 24.518000 21.159000 19.266000 21.508000 21.320500 17.550000 17.861500 20.859000 19.372000 16.346000 19.010500 21.007500 18.184000 17.604500 21.274500 21.980000 19.602000 19.947500 16.887000 14.112500 12.340000 9.714000 10.675000 9.933000 6.226500 5.487000 5.513000 3.827000 0.000000 3.841000 5.456500 5.021500 6.099500 8.523500 9.843000 10.384500 12.174000 14.218500 15.291000 15.810500 16.392500 19.325500 17.963000 15.832500 19.124500 21.168000 19.133500 19.341500 22.992000 23.689000 22.525000 25.039500 27.740000 27.354500 27.779500 30.756500 32.374500 32.277000 33.707000 36.470000 37.482000 37.753500 38.753000 40.052000 40.712500 41.444000
58.958500 57.124500 55.663000 52.092500 50.993000 48.490000 46.439000 46.146500 44.950500 42.276500 41.175000 41.013500 38.997500 36.544000 36.273000 35.773500 33.059500 31.228000 31.812000 31.068000 29.766000 31.300500 31.490000 33.095500 35.568500 38.800000 42.442000 43.231500 40.670500 41.902500 45.435000 44.474000 42.768500 45.895500 48.195000 50.186500 51.417500 49.833000 52.854000 53.063500 49.462500 50.001000 52.963500 50.868500 47.660000 48.061000 45.003500 41.295000 40.889500 43.463000 41.737000 38.419500 40.247500 41.798000 38.542000 36.962000 39.830000 39.567500 35.972500 37.013000 39.994500 38.171500 35.846000 37.848000 37.742500 39.731500 41.812000 42.805500 44.473000 46.161500 47.020500 44.788500 42.455000 39.293500 38.055500 34.464000 34.371000 36.009500 33.338500 30.593000 32.532500 33.130500 29.476500 28.523000 31.478500 30.615000 27.030500 28.637000 31.092500 28.512500 26.459000 29.683000 29.771500 27.574000 27.350000 29.260500 27.644000 28.508500 32.042500 32.295000 31.174000 33.828000 36.589500 38.644000 39.448500 42.327000 45.107500 43.713000 40.509500 42.686000 44.535500 41.372500 40.195500 43.629500 43.571500 40.223000 41.466500 44.735000 43.046500 40.997500 44.212000 46.006000 43.397000 44.241000 41.916000 43.519000 43.489500 41.136000 38.660500 38.876000 38.139000 35.195500 33.784000 34.139500 32.656000 29.570000 28.885000 29.638000 27.470000 24.453500 25.162000 25.711000 22.562000 20.358000 22.038500 21.917500 18.146000 17.834500 20.526000 19.098000 15.692500 17.797000 19.776500 16.901000 15.660500 19.181000 20.057000 17.548000 17.490000 14.264500 11.595000 9.912500 6.975000 8.019000 8.326000 5.387500 5.949000 5.031500 5.493500 3.841000 0.000000 3.830500 5.492000 5.266500 6.176500 8.681500 9.882500 10.582500 12.375500 14.313500 15.065500 16.415500 19.420000 18.382000 16.837000 20.166500 22.202500 20.635500 21.234000 24.690000 25.500000 24.826500 27.343500 29.830500 29.671500 30.411000 33.219000 34.760000 34.965500 36.472500 39.037000 40.131000 40.519000 41.484500 42.740500 43.439500 44.167500
60.252500 58.262000 56.658500 53.029000 51.695000 49.202000 46.938500 46.784500 45.847500 43.033000 41.758000 41.875500 40.025500 37.308500 37.057000 36.929500 34.194000 32.123000 32.977000 32.606500 31.249000 32.896000 33.460500 34.974000 37.222000 40.604000 44.156000 45.076000 42.370500 43.350500 46.944500 46.002000 44.037500 47.046000 49.486500 51.573500 53.025000 51.566500 54.562500 54.538500 50.910000 51.593000 54.409500 52.111500 48.999500 49.579500 46.626000 42.905000 42.384000 44.738500 42.942000 39.592500 41.218000 42.592500 39.292000 37.592500 40.216000 39.836000 36.153500 36.994500 39.828000 37.866000 35.351500 37.251000 36.994000 38.759000 40.759500 41.591500 43.074000 44.691000 45.337500 42.992500 40.534000 37.376500 36.437000 32.752500 32.560000 34.517500 32.073000 29.128000 31.133500 32.129000 28.600000 27.451500 30.617500 30.160500 26.595000 28.091000 30.885500 28.666500 26.498500 29.679500 30.205000 28.408000 28.459500 29.997500 28.409500 29.735500 33.132500 33.091500 32.244500 35.153500 37.645000 39.578000 40.033000 42.778000 45.357000 43.710000 40.541000 42.729500 44.302500 40.973000 39.910000 43.251000 42.892000 39.481500 40.862500 43.953500 41.990000 39.979000 43.283000 44.819000 42.033500 43.015500 40.945500 42.827000 43.039000 40.906000 38.181000 38.276500 37.884000 35.006500 33.235000 33.701500 32.613000 29.376000 28.411000 29.543000 27.731000 24.409500 24.991000 26.069500 23.175000 20.551000 22.350000 22.858000 19.211000 18.426000 21.440000 20.638500 17.098000 18.841000 21.364000 18.948000 17.322000 20.819500 22.206000 19.985000 19.929000 16.702500 14.113500 12.866000 10.037500 11.151500 11.954500 9.122000 8.806000 6.377500 5.406000 5.456500 3.830500 0.000000 3.835000 5.589500 5.169500 6.273000 8.679000 9.990000 10.721500 12.345000 13.943000 15.611000 18.084500 16.491500 15.470000 19.083000 20.550000 18.837500 20.044500 23.417500 23.774500 23.374000 26.221500 28.349000 27.974000 29.101500 31.954000 33.134000 33.433500 35.265000 37.659000 38.547000 39.060000 40.022500 41.191000 41.862000 42.537500
58.277500 56.305500 54.561500 50.931500 49.486500 46.833500 44.622500 44.707000 43.713000 40.741500 39.655500 39.981500 37.967500 35.191000 35.271000 35.207500 32.242500 30.362000 31.561000 31.133000 29.405000 30.777500 31.575000 33.328500 35.336000 38.739000 42.241000 43.434000 40.832500 41.592500 45.267500 44.597000 42.563500 45.415500 48.039500 49.956500 51.393000 49.805500 52.649000 52.582500 48.895500 49.451500 52.160000 49.794000 46.637500 47.149000 44.191500 40.501500 39.735500 42.038000 40.403500 36.947500 38.355000 39.839500 36.655000 34.727000 37.272000 37.097000 33.391000 34.003000 36.934000 35.162500 32.511500 34.225500 33.812500 35.567000 37.469000 38.243000 39.738500 41.360000 42.054500 39.758500 37.354500 34.157000 33.039500 29.386000 29.350000 31.194500 28.608000 25.799000 27.947500 28.788000 25.200000 24.302500 27.538500 26.936000 23.478000 25.270500 28.002000 25.762500 23.884500 27.248500 27.947500 26.306000 26.104500 27.365000 25.508500 26.976000 30.376000 30.060500 29.151000 32.204500 34.594500 36.348500 36.690000 39.481000 41.987000 40.379500 37.137000 39.217000 40.808500 37.495500 36.321000 39.628500 39.327500 35.883000 37.182500 40.301500 38.401000 36.335000 39.609000 41.219000 38.478000 39.412500 37.276500 39.116000 39.296500 37.165000 34.451000 34.544500 34.142500 31.262000 29.497500 29.992500 28.902000 25.639000 24.721000 25.925000 24.108000 20.750000 21.479000 22.680500 19.776500 17.173500 19.275000 19.916000 16.334000 15.771000 19.084500 18.480000 15.184500 17.270000 19.993500 17.854500 16.720500 20.375000 21.829500 19.962500 20.501500 17.540000 14.840000 13.800000 11.366500 13.162500 13.413500 10.138500 10.117000 8.753500 6.424000 5.021500 5.492000 3.835000 0.000000 3.850000 5.473000 5.167000 6.200500 8.701500 10.023500 10.643500 11.739500 12.733000 15.244000 13.587000 12.079000 15.666500 17.288000 15.475500 16.416500 19.856500 20.359500 19.845500 22.576500 24.822500 24.571000 25.577500 28.371000 29.701500 30.042000 31.736000 34.141500 35.166000 35.683500 36.669000 37.913500 38.666500 39.423000
55.023500 53.084000 51.452000 47.837500 46.543500 43.974000 41.826500 41.720000 40.641500 37.806500 36.696000 36.805500 34.799500 32.146000 32.075000 31.846500 28.975500 27.095500 28.093000 27.581500 26.001500 27.516500 28.182000 29.808500 31.942000 35.331500 38.867500 39.925000 37.293000 38.181000 41.817000 41.052000 39.102000 42.045000 44.573000 46.519500 47.916500 46.363000 49.284000 49.270500 45.614500 46.224000 49.020500 46.733500 43.586000 44.130500 41.173500 37.455500 36.915000 39.274500 37.502500 34.141000 35.800000 37.225000 33.953000 32.271500 34.999500 34.698000 31.056000 32.002500 34.941000 33.109000 30.721500 32.706000 32.614500 34.621500 36.758500 37.833000 39.582500 41.349000 42.322000 40.156500 37.898000 34.795000 33.517500 30.000000 29.709500 31.191500 28.577000 25.775000 27.545500 28.114500 24.489500 23.423500 26.334500 25.532000 21.919000 23.501000 26.022000 23.562000 21.498500 24.774500 25.112000 23.198000 23.064000 24.649500 23.045000 24.286000 27.689500 27.744500 26.910000 29.757500 32.269500 34.309500 34.888500 37.632500 40.337500 38.796000 35.653000 37.940500 39.662000 36.442500 35.431500 38.906500 38.732000 35.455500 36.897000 40.125500 38.399000 36.551000 39.875500 41.585500 39.097500 40.166000 37.892500 39.605500 39.423000 37.277000 34.821000 34.700000 33.937500 31.228500 29.632500 29.688000 28.377500 25.418500 24.370000 25.030500 23.157500 20.031000 20.365500 21.063000 18.185000 15.624000 17.180500 17.481000 13.835500 13.103000 16.077500 15.241000 11.785500 13.823000 16.377000 14.150000 12.994000 16.669500 18.089500 16.311000 17.029000 14.246500 11.596500 10.843500 8.908500 11.387000 11.777000 9.029000 10.446500 9.992500 8.842000 6.099500 5.266500 5.589500 3.850000 0.000000 3.844000 5.433500 4.948000 6.123500 8.633000 9.927000 10.086000 11.245500 14.349000 13.666500 12.105500 15.278000 17.505000 16.404500 16.985500 20.215500 21.363500 21.089500 23.365500 25.734500 26.021000 26.923500 29.404500 31.051500 31.663500 33.042500 35.360000 36.732500 37.263000 38.220500 39.533000 40.401000 41.250000
55.759500 53.672000 52.090500 48.441500 47.100000 44.743000 42.380500 42.095000 41.292500 38.552500 37.087000 37.172500 35.509000 32.731000 32.291000 32.302500 29.710000 27.423000 28.257000 28.154000 26.973000 28.920000 29.676000 30.886000 33.051500 36.531000 40.006000 40.868000 37.997500 38.888000 42.466000 41.430500 39.337000 42.329000 44.770500 46.971500 48.576000 47.292000 50.350000 50.166500 46.572500 47.467500 50.244500 47.868500 44.886500 45.688500 42.865500 39.125000 38.819000 41.008000 38.955500 35.746000 37.515000 38.612000 35.172500 33.729000 36.349000 35.671000 32.031500 33.155500 35.831000 33.665500 31.372000 33.557000 33.629500 35.552500 37.822000 38.955500 40.655500 42.434500 43.322000 41.087500 38.750000 35.743000 34.813500 31.261000 30.591000 32.272000 30.001500 26.892500 28.383000 29.339000 25.903500 24.325000 27.186000 26.840500 23.115500 24.165500 26.957000 24.817500 22.293500 25.246000 25.682500 23.935500 24.383000 25.975500 24.824000 26.275000 29.466500 29.666500 29.231000 32.055500 34.410500 36.620500 37.065000 39.581000 42.234500 40.449000 37.485000 39.982500 41.469000 38.136500 37.437500 40.925000 40.469000 37.270000 38.997000 42.074500 40.124500 38.494500 41.957000 43.405500 40.859000 42.185500 40.142000 42.089000 41.963500 40.036500 37.475000 37.111500 36.504500 33.975000 32.109000 32.009500 30.994000 28.091000 26.653000 27.351000 25.848500 22.605500 22.468500 23.347000 20.835000 17.909000 18.986500 19.664500 16.230000 14.707000 17.418000 16.996500 13.262500 14.360000 17.119000 15.153000 13.073000 16.451000 18.311000 16.568000 16.797000 13.911500 11.529000 11.145500 9.173000 11.461500 12.806500 10.700500 12.074000 10.654000 10.145500 8.523500 6.176500 5.169500 5.473000 3.844000 0.000000 3.842500 5.442000 5.149000 6.262000 8.678500 9.814000 12.106500 14.778500 14.076000 13.519000 16.771500 18.540500 17.758500 19.010000 21.970500 22.880000 23.108500 25.565000 27.538000 27.820000 29.147000 31.540000 32.893500 33.731500 35.355000 37.441000 38.715500 39.379500 40.303000 41.517000 42.370500 43.167500
56.383000 54.190000 52.405000 48.719500 47.111500 44.663500 42.162000 42.159000 41.543000 38.592000 37.112500 37.578500 35.956500 32.933000 32.736500 33.105500 30.366000 28.029500 29.311000 29.467500 28.009000 29.830000 31.005500 32.305500 34.128000 37.703500 41.058000 42.191000 39.300500 39.850500 43.507000 42.667000 40.338000 43.116500 45.775500 47.934000 49.690500 48.423000 51.349000 50.963000 47.323500 48.239000 50.820500 48.249500 45.324000 46.211500 43.475000 39.766500 39.199000 41.172500 39.192500 35.900000 37.337500 38.362000 34.986500 33.285000 35.619000 34.983500 31.266500 32.036000 34.629000 32.470000 29.902500 31.849500 31.663000 33.348000 35.465000 36.395000 37.912500 39.615000 40.317500 37.998500 35.568500 32.538500 31.799500 28.178000 27.504500 29.444000 27.317000 24.096500 25.745500 27.011500 23.678500 22.065000 25.188000 25.160500 21.554000 22.685000 25.762000 23.978000 21.572000 24.581500 25.555000 24.299500 24.798000 25.855000 24.546000 26.465500 29.519000 29.271000 29.012500 32.121000 34.175500 36.135500 36.204000 38.631000 41.042500 39.068500 36.091500 38.503500 39.748500 36.283500 35.607000 38.966500 38.272500 34.995000 36.780500 39.699000 37.534000 35.897500 39.406500 40.657500 37.969500 39.379000 37.540000 39.703500 39.795500 38.065000 35.295500 34.845500 34.560500 32.090500 29.920000 29.961500 29.314500 26.276000 24.631500 25.738000 24.567500 21.068000 20.912000 22.366500 20.112000 16.878500 18.256000 19.584000 16.380000 14.645500 17.791000 18.025500 14.493000 15.502500 18.737500 17.318000 15.397000 18.721500 20.891000 19.535000 20.044500 17.335500 14.994500 14.751500 12.819500 15.047500 16.174000 13.615500 14.345000 12.547000 10.959500 9.843000 8.681500 6.273000 5.167000 5.433500 3.842500 0.000000 3.842000 5.503500 5.217000 6.143000 8.216500 10.442000 12.433500 11.035000 10.909500 14.397000 15.606500 14.672500 16.423000 19.273500 19.801000 20.266000 22.943000 24.608500 24.750000 26.371000 28.755000 29.836500 30.773500 32.612000 34.542000 35.684000 36.456500 37.385500 38.551000 39.412500 40.199000
53.200500 51.066000 49.226500 45.554000 43.951000 41.383000 38.992500 39.103000 38.345000 35.323500 34.039500 34.558000 32.750500 29.761000 29.814000 30.109000 27.188500 25.069000 26.559500 26.569500 24.829500 26.442000 27.740000 29.212000 30.890000 34.457500 37.793000 39.098000 36.314500 36.755500 40.463000 39.829500 37.519000 40.214500 42.979000 44.975000 46.660500 45.267500 48.094000 47.733000 44.055000 44.854500 47.404000 44.838000 41.854500 42.667000 39.908500 36.215000 35.541500 37.526500 35.638500 32.287500 33.673000 34.800500 31.486000 29.696000 32.093000 31.608500 27.891000 28.641500 31.376000 29.385000 26.831500 28.765500 28.619000 30.478000 32.643500 33.704000 35.402500 37.197000 38.126500 35.938500 33.657000 30.634000 29.580500 26.075500 25.441500 27.017500 24.686500 21.627000 23.205500 24.102500 20.643500 19.203000 22.210500 21.861000 18.229500 19.581000 22.462500 20.473500 18.250000 21.444500 22.356000 21.067000 21.323500 22.307000 20.859000 22.778000 25.852000 25.557500 25.260000 28.381000 30.431500 32.387500 32.513000 34.985000 37.466500 35.594500 32.580000 35.003000 36.379000 32.991000 32.273500 35.712500 35.186000 31.963000 33.726000 36.762500 34.789500 33.201500 36.694000 38.112500 35.623000 37.025500 35.011500 37.025000 36.868000 35.097500 32.509000 31.965500 31.434500 29.044000 27.017000 26.831000 26.016000 23.139000 21.483500 22.311000 21.082000 17.695000 17.433500 18.693000 16.448000 13.225500 14.567500 15.855500 12.709000 11.021500 14.317000 14.660000 11.345000 12.644000 15.962000 14.812500 13.434500 16.835000 18.965000 17.986000 19.090000 16.763000 14.474000 14.473500 13.082000 15.794000 16.501500 13.930000 15.218500 14.319500 12.545500 10.384500 9.882500 8.679000 6.200500 4.948000 5.442000 3.842000 0.000000 3.844000 5.557000 5.367500 5.617500 7.142500 9.773000 9.098000 8.286500 11.463000 13.342500 12.808000 13.973500 16.753500 17.886000 18.339000 20.579000 22.474500 23.061000 24.437500 26.584500 28.029500 29.114500 30.605000 32.529000 33.997500 34.748500 35.682500 36.960000 37.950000 38.858500
51.246500 49.067000 47.385000 43.711000 42.250000 39.900500 37.455500 37.242000 36.555000 33.747500 32.219000 32.472000 30.884500 27.961500 27.600000 27.854500 25.221000 22.833000 23.974500 24.151000 22.846500 24.885000 26.059000 27.136000 28.988500 32.581500 35.922000 36.948500 33.995500 34.598000 38.224000 37.314000 35.016500 37.856500 40.455500 42.641000 44.396000 43.192500 46.185000 45.799500 42.193500 43.206500 45.847000 43.328500 40.447000 41.426500 38.741000 35.016500 34.722500 36.681000 34.500000 31.351500 33.069500 33.952000 30.460500 29.089000 31.612500 30.776000 27.148000 28.364000 30.934500 28.686500 26.491000 28.816000 29.095000 31.133500 33.574500 34.933000 36.812500 38.719500 39.832500 37.735500 35.554500 32.697500 31.705500 28.346500 27.324000 28.670000 26.533500 23.387500 24.432000 25.272000 21.954500 20.092000 22.671000 22.390500 18.603000 19.353500 22.134500 20.121500 17.406500 20.252000 20.798000 19.296500 20.014500 21.381500 20.510500 22.255000 25.188500 25.390500 25.372000 28.216500 30.312000 32.633000 32.943500 35.241000 37.881000 35.967000 33.167000 35.871000 37.249500 33.926000 33.517500 37.081000 36.544000 33.541500 35.536000 38.570000 36.663000 35.368500 38.923500 40.298500 38.004000 39.602500 37.592500 39.575000 39.158500 37.463000 35.066500 34.283500 33.520500 31.358000 29.407000 28.807000 27.924500 25.376000 23.510000 23.845000 22.733500 19.612500 18.793000 19.586000 17.596500 14.401500 14.812500 15.877000 12.899000 10.574000 13.142000 13.482000 9.865000 10.298500 13.583500 12.558000 10.493500 13.678500 16.091500 15.272000 16.240000 14.133500 12.205000 12.735000 11.908500 14.797500 15.976500 14.157500 16.168000 15.400500 14.510000 12.174000 10.582500 9.990000 8.701500 6.123500 5.149000 5.503500 3.844000 0.000000 3.848000 5.697000 5.310000 7.955000 10.756500 11.157500 10.957500 13.516000 15.575500 15.766000 16.884000 19.290500 20.754000 21.531000 23.482500 25.278000 26.203000 27.633000 29.521000 31.050000 32.367500 33.726500 35.498500 37.142000 37.931000 38.819500 40.085000 41.121500 42.049000
52.929500 50.580500 48.838500 45.136500 43.493500 41.288000 38.596000 38.394500 38.060000 35.239000 33.409000 33.860000 32.610500 29.480000 28.937500 29.601500 27.169500 24.448000 25.669000 26.329000 25.235500 27.497500 28.913500 29.711000 31.396000 35.060000 38.258500 39.255500 36.130500 36.556500 40.141000 39.111000 36.589500 39.331500 41.951000 44.317000 46.312500 45.343500 48.359500 47.736500 44.181500 45.423000 47.929500 45.252000 42.552500 43.766000 41.245000 37.553000 37.292500 38.997000 36.666500 33.620500 35.215000 35.798500 32.249500 30.931500 33.166000 32.056000 28.427000 29.551500 31.816000 29.301500 27.035000 29.351000 29.594000 31.376500 33.805000 35.059500 36.755500 38.603000 39.503000 37.297500 34.994000 32.218000 31.657000 28.247500 26.927500 28.618500 26.885000 23.454000 24.360000 25.739500 22.699500 20.417500 23.089500 23.423000 19.707000 20.024500 23.182500 21.717500 18.763500 21.271500 22.239000 21.219000 22.413500 23.447500 22.839000 24.950500 27.613000 27.656500 27.999000 30.949500 32.754000 35.019000 35.014000 37.078500 39.510000 37.307500 34.657500 37.434000 38.473500 35.003000 34.840000 38.297000 37.396500 34.417000 36.635000 39.433000 37.222500 36.080500 39.739000 40.782000 38.345500 40.165000 38.468000 40.744000 40.535000 39.104000 36.503500 35.539500 35.110000 33.090500 30.788500 30.218000 29.772000 27.170500 24.974000 25.620500 24.947000 21.633000 20.561000 21.831500 20.230000 16.741000 17.051500 18.698000 16.039500 13.301500 15.790000 16.699000 13.203000 12.922000 16.375000 15.766000 13.221000 15.946500 18.722000 18.033000 18.630000 16.504000 14.759500 15.369500 14.324500 16.884000 18.470000 16.670500 18.242000 16.730500 15.768000 14.218500 12.375500 10.721500 10.023500 8.633000 6.262000 5.217000 5.557000 3.848000 0.000000 3.836500 5.750000 9.275000 10.900000 10.788500 11.772000 14.440000 15.647000 15.954500 17.854500 19.976000 20.937500 22.175500 24.408500 25.706500 26.471500 28.366000 30.214500 31.320500 32.811000 34.498000 36.019500 37.459000 38.394500 39.259000 40.404000 41.406500 42.268000
52.561500 50.168500 48.210000 44.495000 42.609000 40.240000 37.496500 37.651000 37.399500 34.341500 32.640500 33.490000 32.159000 28.844500 28.708000 29.642000 26.975500 24.392000 26.136000 26.893500 25.383000 27.346000 29.153500 30.164500 31.467000 35.168500 38.241000 39.576000 36.537500 36.610000 40.275500 39.556000 36.869000 39.354500 42.218000 44.426500 46.488000 45.441000 48.264500 47.499000 43.889000 45.050000 47.358500 44.524000 41.838000 43.053500 40.594000 36.960500 36.377500 37.900500 35.731000 32.577000 33.800500 34.397000 30.977500 29.338000 31.307500 30.355500 26.657000 27.372000 29.633500 27.238000 24.664500 26.693500 26.659500 28.267500 30.549000 31.642000 33.231500 35.033000 35.849000 33.608000 31.270000 28.463000 27.945000 24.516000 23.206000 25.007000 23.328000 19.844500 20.892000 22.443500 19.462500 17.210500 20.138500 20.671500 17.100500 17.626000 20.997500 19.827500 17.154500 19.813500 21.322000 20.793000 21.837500 22.283500 21.416000 23.942500 26.472000 26.029500 26.484500 29.689500 31.206500 33.187500 32.846500 34.858000 37.069500 34.749000 32.057500 34.721000 35.587500 32.026500 31.844000 35.193000 34.142500 31.101500 33.345000 36.037000 33.704500 32.564000 36.246500 37.178500 34.688000 36.569000 34.993000 37.397000 37.300500 36.035000 33.325000 32.256000 32.041500 30.117000 27.600500 27.084500 26.935000 24.293000 21.906500 22.848000 22.492000 19.031500 17.898000 19.669500 18.367000 14.680500 15.269500 17.515000 15.189500 12.424000 15.325500 16.815000 13.749500 13.665000 17.395500 17.249000 15.263000 17.989000 20.802000 20.443000 21.468500 19.499500 17.654000 18.174500 17.072500 19.736000 20.940500 18.706500 19.978500 18.531500 16.841500 15.291000 14.313500 12.345000 10.643500 9.927000 8.678500 6.143000 5.367500 5.697000 3.836500 0.000000 3.849500 6.911000 7.645000 7.123000 8.674000 11.232500 12.018500 12.498500 14.673500 16.533500 17.365500 18.879500 21.092500 22.148000 22.981000 25.045500 26.757000 27.750000 29.393000 31.120500 32.485000 33.933000 34.951500 35.820000 36.957000 38.014000 38.914000
49.173500 46.855000 44.891500 41.185000 39.369500 36.907000 34.291500 34.470500 34.035000 30.951500 29.424500 30.231500 28.711500 25.459500 25.502500 26.299500 23.482000 21.085500 22.969000 23.564500 21.842500 23.675000 25.557500 26.672500 27.889500 31.582500 34.660000 36.096500 33.146500 33.179500 36.885000 36.315500 33.683500 36.146000 39.068500 41.140000 43.110500 41.950500 44.720000 44.015000 40.372000 41.439000 43.767500 40.973000 38.219500 39.369500 36.876500 33.240000 32.644500 34.211500 32.072000 28.886500 30.168500 30.848500 27.433000 25.799000 27.924500 27.065500 23.360500 24.212500 26.646000 24.379500 21.917500 24.074500 24.217000 26.121000 28.539500 29.880000 31.735500 33.676000 34.806500 32.742000 30.609500 27.856500 26.952000 23.710000 22.409500 23.686500 21.773000 18.506000 19.330500 20.356000 17.223000 15.077500 17.733500 17.829500 14.113500 14.756500 17.875000 16.383000 13.734500 16.598000 17.914500 17.251500 18.131000 18.616500 17.737500 20.211500 22.751000 22.413500 22.875000 26.010000 27.573500 29.666000 29.479500 31.531000 33.903000 31.717000 29.011000 31.763000 32.828000 29.380500 29.198500 32.688500 31.874000 28.941500 31.181500 34.036500 31.977000 30.929500 34.581000 35.735000 33.519000 35.381500 33.576000 35.756000 35.317000 33.977500 31.538500 30.365000 29.783000 27.972500 25.698500 24.837500 24.423000 22.059500 19.665500 20.108500 19.676000 16.465000 15.040000 16.402000 15.196500 11.558000 11.730000 13.905000 11.786500 8.795000 11.643500 13.347000 10.597500 10.514500 14.281500 14.512500 13.033500 15.678000 18.416000 18.451000 19.977000 18.424500 16.711000 17.487000 16.890000 19.862500 20.782500 18.701000 20.459500 19.687500 18.070000 15.810500 15.065500 13.943000 11.739500 10.086000 9.814000 8.216500 5.617500 5.310000 5.750000 3.849500 0.000000 3.803500 5.718500 6.961500 7.676000 9.415000 11.186000 12.300500 13.631000 15.304000 16.937500 18.378000 20.003500 21.352500 22.707000 24.418500 25.849000 27.287000 29.049500 30.345500 31.726000 33.542000 34.509000 35.372500 36.628000 37.805000 38.821000
47.925500 45.703000 43.599500 39.922500 38.038000 35.326000 32.876000 33.373000 32.743000 29.470000 28.323500 29.339000 27.498000 24.274000 24.853000 25.577000 22.430000 20.489000 22.765500 23.088000 20.838000 22.146500 24.221500 25.731000 26.674000 30.303000 33.333000 35.093500 32.379000 32.213500 35.988500 35.788500 33.200500 35.480500 38.575500 40.360000 42.201000 40.809500 43.372000 42.716000 39.007000 39.823000 42.060000 39.252500 36.385500 37.354500 34.805000 31.219500 30.280000 31.859500 30.006000 26.644500 27.644500 28.583500 25.360500 23.353500 25.454500 24.997500 21.241500 21.747000 24.453500 22.566500 19.883000 21.744000 21.650500 23.630500 25.919500 27.218500 29.146000 31.097500 32.353000 30.375000 28.348000 25.530500 24.249500 21.083000 20.081000 21.063000 18.800500 15.809000 16.878000 17.471500 14.088000 12.454500 15.250000 14.886000 11.228000 12.634000 15.557000 13.853500 11.845500 15.159000 16.652500 16.136500 16.417500 16.493000 15.066000 17.706500 20.304500 19.559000 19.839000 23.169000 24.662500 26.513500 26.246000 28.450500 30.793500 28.738000 25.850000 28.443500 29.645000 26.232000 25.814500 29.317500 28.687000 25.675000 27.755000 30.734000 28.840500 27.671500 31.262000 32.611500 30.494000 32.227000 30.250500 32.291000 31.750000 30.342500 27.987500 26.841500 26.142500 24.313500 22.138500 21.247500 20.724000 18.384500 16.043000 16.451000 15.976000 12.752000 11.387000 12.897500 11.728500 8.002500 8.642000 11.141500 9.333000 6.813000 10.136000 12.071000 10.115000 10.710500 14.276500 14.733500 14.174000 16.829500 19.236000 19.470000 21.437000 20.079000 18.299000 18.919000 18.410500 21.439000 21.862500 19.565000 21.250000 20.920000 18.927000 16.392500 16.415500 15.611000 12.733000 11.245500 12.106500 10.442000 7.142500 7.955000 9.275000 6.911000 3.803500 0.000000 3.850500 5.872000 5.323000 6.159500 8.766000 10.110500 10.650500 12.215500 14.379500 15.644000 16.847000 18.442500 20.089000 21.495000 22.768000 24.515500 26.284500 27.286000 28.721000 30.748500 31.657000 32.535500 33.885500 35.143500 36.254000
48.247000 45.875500 43.587500 39.910500 37.724000 35.033500 32.375000 33.143500 32.860500 29.450000 28.179000 29.634500 28.040000 24.581000 25.311000 26.540000 23.478000 21.430000 24.069500 24.831500 22.557000 23.826000 26.312000 27.665500 28.184000 31.824000 34.592000 36.535000 33.779500 33.223000 36.967000 36.899000 34.055500 36.041500 39.294000 41.083000 43.140500 41.897500 44.318500 43.373500 39.705000 40.649000 42.611000 39.588000 36.919500 38.086000 35.762000 32.305500 31.206500 32.392000 30.537000 27.267500 27.878500 28.522000 25.401000 23.259500 24.851500 24.269000 20.532000 20.624000 23.017000 21.022500 18.056000 19.671000 19.360500 21.019000 23.237500 24.404500 26.174500 28.088000 29.205000 27.160500 25.060500 22.318500 21.361000 18.210000 16.824000 18.032500 16.188000 12.855000 13.755000 14.943000 11.911500 9.749500 12.847000 13.295500 9.939000 11.017500 14.427000 13.627500 11.758500 14.687500 16.944500 17.268000 17.871500 17.189500 15.953000 19.122000 21.215500 20.009000 20.779500 24.249500 25.197500 26.782500 25.979500 27.860000 29.837000 27.441000 24.714500 27.314000 28.063500 24.475500 24.338500 27.672500 26.605500 23.629500 25.996500 28.681000 26.467000 25.536000 29.249000 30.233500 28.052500 30.088000 28.460500 30.821000 30.439000 29.444500 26.925000 25.431000 25.128000 23.636000 21.010500 20.024000 20.183000 17.957000 15.064000 15.874500 16.241000 12.964500 11.101500 13.423500 13.162500 9.433500 9.858000 13.155000 12.194500 9.601500 12.461000 15.044500 13.489500 13.520500 17.116500 18.059000 17.345000 19.665500 22.308000 22.796500 24.727500 23.446000 21.760000 22.435000 21.833000 24.799000 25.338500 22.947500 24.382000 23.724500 21.481500 19.325500 19.420000 18.084500 15.244000 14.349000 14.778500 12.433500 9.773000 10.756500 10.900000 7.645000 5.718500 3.850500 0.000000 3.892500 5.448500 5.067500 6.202000 8.621500 9.918500 10.498500 12.356000 14.459500 15.597000 16.453000 18.285500 20.188000 21.106000 22.486000 24.652500 25.823500 26.832000 28.823500 29.921000 30.768500 32.023500 33.342500 34.465500
52.045000 49.690500 47.375000 43.709000 41.479000 38.749000 36.097000 36.948500 36.675500 33.232500 32.003500 33.492000 31.866500 28.425000 29.162000 30.346500 27.253500 25.224000 27.767000 28.423500 26.140000 27.327500 29.657000 31.165500 31.815500 35.435000 38.271500 40.216500 37.494000 37.015000 40.768500 40.685000 37.876500 39.893000 43.130500 44.921500 46.945000 45.646500 48.053000 47.159000 43.477500 44.336500 46.299500 43.291000 40.577000 41.638000 39.249000 35.796000 34.548000 35.813500 34.120500 30.766500 31.238000 32.033500 29.024500 26.703000 28.196500 27.799500 24.078500 23.863000 26.247500 24.378500 21.218000 22.459500 21.723000 23.010000 24.864000 25.584500 26.982000 28.685500 29.404000 27.135000 24.766500 21.799000 21.080000 17.577000 16.592000 18.496500 16.629500 13.211000 14.903500 16.535000 13.536000 11.861000 15.407000 16.013500 13.022500 14.439500 17.855000 17.129000 15.539000 18.495000 20.790000 21.011000 21.423000 20.799500 19.232000 22.298000 24.582500 23.159000 23.600500 27.198500 28.218500 29.526000 28.611500 30.626500 32.422500 30.046000 27.180500 29.465000 30.129000 26.469000 26.039500 29.156000 27.981000 24.744500 26.867000 29.451500 27.001500 25.708500 29.385500 30.270500 27.692500 29.555500 28.068000 30.609000 30.695500 29.648000 26.770500 25.602000 25.747000 23.933000 21.094500 20.779000 21.123500 18.385000 15.774500 17.391000 17.574000 13.935500 12.962500 15.748500 15.015500 11.393000 12.826000 15.889000 14.400500 12.349000 15.650500 17.748000 15.792500 16.329000 19.988500 20.365000 19.482000 22.186500 24.752000 24.775500 26.429000 24.696500 22.707500 23.012000 21.904000 24.642500 25.139000 22.387500 23.244000 22.200500 19.585500 17.963000 18.382000 16.491500 13.587000 13.666500 14.076000 11.035000 9.098000 11.157500 10.788500 7.123000 6.961500 5.872000 3.892500 0.000000 3.835000 5.382500 5.003000 5.987000 8.481500 9.711000 10.468000 12.451500 14.443000 15.176500 16.269500 18.471000 19.893500 20.863500 22.750000 24.393500 25.560500 27.129500 28.236500 29.136500 30.325500 31.517000 32.544000
51.829000 49.665000 47.393000 43.763000 41.708000 38.791000 36.418000 37.304500 36.651000 33.192000 32.326500 33.638500 31.632000 28.410000 29.386500 30.152500 26.822500 25.187500 27.669500 27.821500 25.261000 26.086000 28.175000 30.068500 30.857000 34.375000 37.355500 39.372500 36.869500 36.561500 40.358000 40.423000 37.855000 39.959000 43.177500 44.764500 46.521500 44.947500 47.300500 46.672500 42.931000 43.495500 45.586500 42.747500 39.812500 40.567000 37.973000 34.497000 33.087000 34.654500 33.224000 29.694000 30.192500 31.416000 28.529000 26.012000 27.801000 27.829500 24.095000 23.841000 26.631500 25.146000 22.000000 23.120500 22.280000 23.797000 25.534000 26.238000 27.757000 29.458000 30.321000 28.150000 25.899000 22.781500 21.490000 17.990500 17.692500 19.239500 16.707500 13.822000 15.988500 16.859500 13.383000 12.629000 16.154500 15.874500 12.872500 15.110000 18.044500 16.645000 15.539000 18.948500 20.846500 20.606500 20.372000 19.976000 17.852500 20.578000 23.232500 21.773000 21.638000 25.265500 26.614000 27.825000 27.206500 29.600500 31.586500 29.577500 26.425000 28.490000 29.581500 26.072000 25.160500 28.362500 27.655500 24.262000 25.959500 28.865000 26.762000 25.082500 28.600000 29.937500 27.408500 28.860000 26.955500 29.156500 29.149000 27.686500 24.904500 24.138000 23.987500 21.781500 19.318000 19.257000 19.034000 16.038500 13.996500 15.572500 15.050000 11.298500 11.137000 13.689500 12.261000 8.874500 11.206500 13.761500 11.927000 10.755000 14.395500 15.936000 14.178000 15.548500 18.942000 18.934000 18.626500 21.611500 23.762000 23.585000 25.421500 23.645500 21.494000 21.557500 20.436500 23.165500 23.233000 20.318500 21.133500 20.573500 17.802500 15.832500 16.837000 15.470000 12.079000 12.105500 13.519000 10.909500 8.286500 10.957500 11.772000 8.674000 7.676000 5.323000 5.448500 3.835000 0.000000 3.836500 5.536500 5.175500 6.144500 8.542500 9.927000 10.812500 12.712000 14.368500 15.399000 16.906500 18.650000 20.154000 21.614500 22.955000 24.597500 26.293000 27.179500 28.141000 29.483500 30.668500 31.748500
49.213000 47.045500 44.635500 41.045000 38.857500 35.838000 33.509000 34.660500 34.032000 30.456000 29.777000 31.362500 29.303500 26.053500 27.396500 28.329000 24.913500 23.535000 26.375500 26.603500 23.786000 24.308000 26.742000 28.685500 29.049000 32.502000 35.272000 37.544500 35.165000 34.535500 38.318500 38.665000 36.020000 37.857000 41.223500 42.629000 44.410000 42.804000 44.962000 44.211500 40.480000 40.987500 42.884500 39.952500 37.080500 37.859500 35.387500 32.031500 30.417000 31.752500 30.443500 26.924500 27.114000 28.294000 25.575500 22.865500 24.422500 24.606500 20.923500 20.362000 23.172500 21.914000 18.659500 19.548500 18.607000 20.180000 21.917500 22.730000 24.411500 26.203000 27.301500 25.288000 23.234500 20.219000 18.639500 15.393500 14.985000 16.027000 13.367500 10.642000 12.661000 13.166500 9.603500 9.128500 12.622500 12.188500 9.464000 12.067000 14.814500 13.663500 13.119500 16.473000 18.660000 18.883500 18.504500 17.500500 15.284500 18.337000 20.635500 18.792000 18.924500 22.642500 23.616500 24.646000 23.759000 26.026500 27.892500 25.822500 22.691000 24.775500 25.792500 22.271000 21.446000 24.685500 23.963000 20.645000 22.491500 25.408000 23.393500 21.925500 25.498000 26.858500 24.585500 26.204000 24.267500 26.445000 26.171500 24.916000 22.303500 21.157000 20.880500 19.031500 16.480000 15.954500 15.939000 13.303500 10.752500 12.167500 12.232000 8.624000 7.772000 10.772000 10.224500 6.961500 9.032500 12.131500 11.351500 10.274000 13.466500 15.573000 14.658000 15.757500 18.954000 19.579000 19.688500 22.292500 24.426000 24.730500 26.908000 25.545500 23.625000 23.916000 23.156500 26.017000 25.977500 23.235000 24.304000 24.045000 21.336500 19.124500 20.166500 19.083000 15.666500 15.278000 16.771500 14.397000 11.463000 13.516000 14.440000 11.232500 9.415000 6.159500 5.067500 5.382500 3.836500 0.000000 3.836500 5.542000 5.220000 6.087500 8.635500 10.058500 10.875500 12.360000 14.266500 15.641000 16.690000 18.494000 20.388000 21.295500 22.629000 24.736500 25.684500 26.610000 28.013500 29.378000 30.600000
51.364500 49.072500 46.535500 42.958000 40.533000 37.578500 35.067500 36.401000 36.090500 32.453500 31.620500 33.505500 31.698500 28.289000 29.624500 30.923000 27.638500 26.085000 29.059500 29.620500 26.903000 27.509500 30.134000 31.922500 32.093000 35.559000 38.164000 40.501000 38.053500 37.201500 40.944000 41.309000 38.478000 40.135500 43.577500 45.040000 46.999000 45.537000 47.616500 46.649000 42.967000 43.593000 45.285000 42.199500 39.504500 40.434500 38.141000 34.891500 33.189500 34.229000 32.925500 29.514500 29.409500 30.339500 27.729500 24.966500 26.052000 26.119500 22.527000 21.584500 24.013500 22.672500 19.200500 19.720000 18.418000 19.443500 20.907000 21.335000 22.635000 24.270000 25.002000 22.785500 20.488000 17.400000 16.325500 12.837500 12.235500 14.006500 11.851500 8.644000 11.025500 12.496000 9.564000 8.816500 12.637500 13.164000 11.060500 13.176500 16.236000 15.909000 15.371000 18.284500 20.952500 21.671500 21.617000 20.243500 18.260000 21.556500 23.512500 21.392000 21.837000 25.588500 26.165500 26.916500 25.564000 27.533000 28.975500 26.612000 23.653500 25.592500 26.105500 22.429500 21.790000 24.700500 23.470000 20.104500 22.118500 24.633500 22.152500 20.761500 24.435000 25.332500 22.769500 24.632500 23.167500 25.780500 25.924000 25.085000 22.147500 20.815000 21.205000 19.585500 16.493000 16.247000 17.059500 14.401500 11.548500 13.717500 14.502500 11.019500 10.170500 13.661000 13.633000 10.615000 12.406500 15.740500 15.137000 13.801000 16.865000 19.209000 18.130000 18.899500 22.271000 22.992000 22.754500 25.302500 27.661500 27.956500 29.961000 28.461000 26.502000 26.756000 25.767000 28.524000 28.647000 25.767500 26.498000 25.799000 22.876500 21.168000 22.202500 20.550000 17.288000 17.505000 18.540500 15.606500 13.342500 15.575500 15.647000 12.018500 11.186000 8.766000 6.202000 5.003000 5.536500 3.836500 0.000000 3.842500 5.511000 5.090500 6.226500 8.851500 10.122000 10.489000 12.182500 14.369000 15.288000 16.395000 18.601000 19.982000 20.917500 22.743000 23.910000 24.834500 26.096500 27.455500 28.637000
54.504500 52.312500 49.825500 46.257000 43.936000 40.906000 38.517000 39.817500 39.325500 35.703000 34.993500 36.721000 34.740000 31.441500 32.763000 33.802000 30.419000 28.952500 31.749000 32.022500 29.257500 29.762000 32.096500 34.118000 34.544500 37.975500 40.746000 43.041000 40.670000 40.034500 43.810500 44.148000 41.463500 43.265500 46.649000 48.078000 49.889000 48.277500 50.382500 49.606000 45.884500 46.343500 48.155000 45.188500 42.345000 43.063500 40.602000 37.312000 35.517500 36.813500 35.685500 32.150000 32.085500 33.313000 30.765000 27.894500 29.153000 29.461500 25.861000 24.884000 27.488000 26.312000 22.835500 23.221000 21.728500 22.647000 23.809000 23.910000 24.956500 26.383500 26.833000 24.507000 22.076000 18.786500 17.666000 13.960500 14.213000 16.330500 13.906500 11.203500 14.193000 15.501500 12.499500 12.424000 16.227000 16.380500 14.315000 16.762000 19.655000 18.928000 18.479000 21.644500 24.050000 24.365000 24.004000 22.959500 20.616500 23.591500 25.913000 23.802500 23.715000 27.496000 28.378500 28.975500 27.802000 30.065500 31.529000 29.412000 26.250500 27.856500 28.566500 24.988500 23.885000 26.643000 25.632000 22.048000 23.556000 26.138500 23.711000 21.781500 25.252000 26.322500 23.444500 24.844500 23.267000 25.805500 26.336000 25.172500 21.987000 21.276500 21.874000 19.708000 16.742000 17.322000 17.865500 14.638500 12.595000 15.264500 15.359000 11.670000 12.036500 15.408500 14.572500 11.815500 14.442000 17.265500 16.033000 15.263500 18.725000 20.473500 19.091500 20.444000 23.789000 23.925500 23.724000 26.648000 28.802000 28.655500 30.488500 28.642500 26.425500 26.319000 24.968500 27.493500 27.415500 24.254500 24.492500 23.706500 20.488500 19.133500 20.635500 18.837500 15.475500 16.404500 17.758500 14.672500 12.808000 15.766000 15.954500 12.498500 12.300500 10.110500 8.621500 5.987000 5.175500 5.542000 3.842500 0.000000 3.852000 5.501500 5.160000 6.559500 9.097000 10.026000 10.583000 12.657500 14.473500 15.445500 16.980000 18.725500 20.179500 21.587500 22.611500 23.624000 24.905500 26.104500 27.197500
52.926000 50.905000 48.412500 44.913000 42.702000 39.496500 37.383500 38.806000 38.010500 34.363500 34.040000 35.714500 33.422000 30.336000 31.981000 32.741500 29.181500 28.158500 31.013500 30.920500 27.870000 27.932500 30.185000 32.516500 32.860500 36.136000 38.904000 41.352000 39.237000 38.607500 42.380500 42.959000 40.458500 42.207000 45.612500 46.787000 48.376000 46.530500 48.491000 47.891000 44.148000 44.330000 46.153500 43.312000 40.329000 40.789000 38.227000 35.005000 32.992000 34.431500 33.601000 29.964500 29.778000 31.347000 29.016500 25.940000 27.329500 28.068500 24.547500 23.427500 26.340000 25.600500 22.175000 22.367000 20.788000 21.937000 22.990000 23.155000 24.411000 25.880000 26.616000 24.512000 22.358500 19.070000 17.222000 13.788000 14.640500 16.020500 12.924500 11.021500 14.192500 14.547000 11.220500 12.157000 15.698000 15.009000 13.230500 16.327500 18.640000 17.502000 17.696000 21.068500 23.214500 23.354000 22.427000 21.328000 18.544000 21.273000 23.686500 21.396500 20.897500 24.677500 25.655500 26.044500 25.023500 27.556500 29.123000 27.346000 23.965000 25.340000 26.422500 23.029500 21.499000 24.331000 23.796500 20.134500 21.257000 24.168500 22.175500 19.974000 23.286500 24.849000 22.204000 23.256000 21.196500 23.341500 23.612500 22.109000 19.105500 18.633500 18.845000 16.417000 13.800500 14.476500 14.523500 11.127500 9.563000 12.236000 11.884000 8.237000 9.440500 12.674000 11.655500 9.597500 12.732000 15.151000 14.201500 14.260500 17.592500 19.074500 18.267500 20.058000 23.036500 23.160000 23.567000 26.474000 28.283500 28.211000 30.315500 28.662500 26.470500 26.314000 25.172500 27.736000 27.282500 24.152000 24.527000 24.321500 21.120000 19.341500 21.234000 20.044500 16.416500 16.985500 19.010000 16.423000 13.973500 16.884000 17.854500 14.673500 13.631000 10.650500 9.918500 8.481500 6.144500 5.220000 5.511000 3.852000 0.000000 3.810500 5.363000 5.157500 6.653500 8.868500 9.975500 10.951000 12.709000 14.562000 15.857000 16.928000 18.746000 20.568000 21.381500 22.441000 23.931000 25.232000 26.466500
51.579000 49.487500 46.835500 43.387500 40.962000 37.739500 35.573500 37.275500 36.679500 32.945000 32.675500 34.693000 32.527000 29.364000 31.247500 32.322000 28.817000 27.882500 31.032500 31.193500 28.063000 27.989500 30.597500 32.817500 32.737500 35.959000 38.454500 41.102500 39.035500 38.047000 41.763000 42.545500 39.894500 41.339000 44.875000 45.950000 47.659000 45.894000 47.668000 46.843500 43.156500 43.382000 44.935500 41.944500 39.134000 39.720000 37.380000 34.326500 32.152500 33.215500 32.458500 28.937500 28.360000 29.716500 27.590000 24.386000 25.310500 26.094000 22.719000 21.164000 23.847500 23.275500 19.720000 19.493000 17.629000 18.514000 19.387000 19.432000 20.652000 22.137500 22.929000 20.877000 18.806000 15.567500 13.610000 10.280500 11.063000 12.246000 9.157000 7.378500 10.746500 11.136000 8.197000 9.569000 13.005000 12.655000 11.642500 14.652500 16.832000 16.358500 16.972000 19.972000 22.510500 23.237000 22.434000 20.717000 18.099000 21.168500 23.049500 20.367000 20.327000 24.125000 24.543000 24.652500 23.135000 25.346500 26.565000 24.566000 21.327000 22.646000 23.362000 19.871500 18.535500 21.224500 20.373000 16.733000 18.130500 20.844500 18.652000 16.703500 20.193000 21.521500 18.969500 20.386000 18.558000 20.970000 21.175000 20.168000 17.157500 16.080500 16.568000 14.727000 11.604000 11.894500 12.773000 9.864000 7.406000 10.455000 11.271500 8.135000 8.508500 12.220500 12.364000 10.578500 13.036000 15.901500 15.812000 15.607500 18.490500 20.516000 20.144000 21.479500 24.423500 25.083000 25.531500 28.114000 30.066500 30.370500 32.630000 31.230500 29.207000 29.275500 28.327000 31.012000 30.664000 27.653000 28.192500 27.951000 24.798500 22.992000 24.690000 23.417500 19.856500 20.215500 21.970500 19.273500 16.753500 19.290500 19.976000 16.533500 15.304000 12.215500 10.498500 9.711000 8.542500 6.087500 5.090500 5.501500 3.810500 0.000000 3.839000 5.449000 5.277500 6.325000 8.669500 10.022500 10.693500 12.507500 14.579000 15.412500 16.585500 18.748000 19.785500 20.801500 22.278500 23.781000 25.143500
55.116500 52.963000 50.268000 46.819500 44.287500 41.122000 38.846500 40.592000 40.164000 36.420000 36.016000 38.124500 36.096000 32.843500 34.615000 35.830000 32.390000 31.270000 34.390000 34.685500 31.658000 31.719000 34.305000 36.473500 36.450000 39.710000 42.204000 44.822000 42.683000 41.683500 45.397000 46.109500 43.377500 44.813500 48.356000 49.513500 51.306500 49.609500 51.389500 50.493500 46.824000 47.106500 48.599500 45.555500 42.813500 43.445500 41.151500 38.122000 35.929000 36.920500 36.168500 32.685000 32.023500 33.285000 31.187500 27.995000 28.721000 29.418000 26.085000 24.398500 26.832500 26.165500 22.527000 22.107000 20.010500 20.401500 20.913500 20.455000 21.138500 22.329500 22.562500 20.250500 17.855500 14.449000 13.093000 9.395500 10.594500 12.774500 10.317000 8.498500 12.165000 13.369500 11.121000 12.135000 15.656000 15.910500 15.023000 17.669500 20.111000 19.937000 20.314500 23.184500 25.895500 26.702000 26.089000 24.402500 21.882000 24.973500 26.852000 24.143000 24.117500 27.911000 28.262500 28.218000 26.523500 28.608000 29.542000 27.435500 24.321000 25.405000 25.790000 22.290500 20.970000 23.240000 22.057000 18.384000 19.630000 21.915500 19.335000 17.196500 20.581000 21.503000 18.464500 19.826000 18.471000 21.256000 22.120000 21.338000 17.934500 17.106500 18.344000 16.463000 13.078000 14.116000 15.471000 12.438000 10.455000 13.887000 14.729000 11.680000 12.329500 16.034000 15.981500 14.067000 16.624000 19.514500 19.074000 18.711500 21.815500 23.779500 23.018000 24.347500 27.494500 27.947000 28.090000 30.831000 32.902500 32.987000 35.025000 33.353500 31.185000 31.090500 29.824500 32.340000 32.066500 28.861000 28.961000 28.333000 24.959000 23.689000 25.500000 23.774500 20.359500 21.363500 22.880000 19.801000 17.886000 20.754000 20.937500 17.365500 16.937500 14.379500 12.356000 10.468000 9.927000 8.635500 6.226500 5.160000 5.363000 3.839000 0.000000 3.851000 5.457500 5.036000 5.980000 8.503500 9.713000 10.459500 12.451000 14.149000 15.216500 16.742000 17.942000 19.020500 20.360500 21.758000 23.025000
56.538000 54.556000 51.920500 48.512000 46.146000 42.848500 40.809500 42.546000 41.813000 38.089000 37.951500 39.877000 37.567500 34.511000 36.396500 37.266000 33.682000 32.824000 35.820500 35.727500 32.555500 32.349500 34.655500 37.124000 37.266000 40.414000 43.034000 45.672000 43.716000 42.905500 46.636000 47.430000 44.911500 46.451500 49.945500 50.958500 52.517500 50.592000 52.331000 51.687500 47.982000 48.000500 49.611500 46.742500 43.815000 44.151000 41.675500 38.652000 36.318500 37.593500 37.105500 33.497500 32.857000 34.507500 32.539000 29.220500 30.192500 31.243000 27.932500 26.255000 28.985000 28.599500 25.030000 24.558500 22.419000 22.966000 23.306000 22.757000 23.435000 24.504500 24.743500 22.559000 20.326000 16.933500 15.120000 11.733000 13.719500 15.486500 12.557000 11.548000 15.296000 15.816000 13.294500 14.918500 18.311500 17.878500 16.973500 20.066000 22.180000 21.478000 22.114500 25.270000 27.640500 28.048500 26.980500 25.553000 22.631000 25.324000 27.503500 24.795500 24.177000 27.923500 28.580500 28.356000 26.948500 29.395500 30.449500 28.753500 25.398500 26.132000 26.925000 23.665000 21.780500 23.978500 23.321000 19.529000 20.093500 22.634000 20.477500 17.767500 20.774000 22.198000 19.139500 19.778000 17.962500 20.326000 21.346000 20.016500 16.549500 16.533000 17.644000 15.108000 12.206500 14.048000 14.767500 11.267500 10.478500 14.038000 14.045500 11.131000 12.939500 16.277500 15.584500 14.252500 17.397500 19.704000 18.988500 19.333000 22.573500 23.997500 23.312500 25.190000 28.119500 28.172000 28.629500 31.587500 33.337000 33.159000 35.201500 33.412500 31.109000 30.752500 29.374500 31.717500 31.106500 27.775000 27.599000 27.249500 23.745500 22.525000 24.826500 23.374000 19.845500 21.089500 23.108500 20.266000 18.339000 21.531000 22.175500 18.879500 18.378000 15.644000 14.459500 12.451500 10.812500 10.058500 8.851500 6.559500 5.157500 5.449000 3.851000 0.000000 3.845500 5.549500 5.171500 6.228000 8.660500 10.028000 10.901500 12.441000 14.409000 15.797000 16.661000 17.866000 19.383000 20.681500 21.952000
54.305500 52.411500 49.694500 46.387000 43.991500 40.589500 38.734500 40.700500 39.880500 36.129500 36.292000 38.357000 35.936000 33.020000 35.234000 36.090000 32.467500 31.964000 35.129000 34.951000 31.587500 31.013000 33.450500 36.024500 35.851500 38.830000 41.256500 44.098500 42.359000 41.342500 45.007000 46.079000 43.614000 44.926000 48.487500 49.262500 50.732500 48.709000 50.225000 49.569500 45.907000 45.762000 47.205500 44.353500 41.455500 41.684000 39.296500 36.455500 33.891000 35.019500 34.797500 31.236000 30.272000 32.020000 30.365500 26.880000 27.644000 29.021500 25.926500 23.926000 26.682000 26.721500 23.208500 22.362500 20.043000 20.580000 20.687500 20.110000 20.926000 22.021000 22.551000 20.637000 18.755500 15.502000 12.994500 10.138000 12.552500 13.468000 10.141500 10.181000 13.843500 13.600000 11.361000 13.829500 16.736000 15.910000 15.715000 19.013500 20.575500 19.991500 21.255000 24.246500 26.605000 27.219000 25.880500 24.093000 21.051500 23.695000 25.563000 22.545500 21.915500 25.588500 25.943000 25.366500 23.770500 26.188500 27.073500 25.540500 22.154000 22.610000 23.462000 20.359000 18.226500 20.326500 19.895000 16.088500 16.409500 19.103500 17.235500 14.412500 17.379000 19.122500 16.371000 16.928000 14.768000 16.963500 17.691000 16.398500 13.031000 12.813000 13.825500 11.429000 8.395500 10.313500 11.226500 7.952500 7.373000 11.127000 11.531500 9.361500 11.282000 14.497000 14.412500 13.810000 16.710500 18.902000 18.886500 19.540000 22.365500 23.916500 23.838500 25.665500 28.320000 28.697000 29.533500 32.255000 33.874500 33.990000 36.292000 34.807500 32.648000 32.436500 31.349000 33.823000 33.085500 29.900500 30.012000 30.009000 26.621000 25.039500 27.343500 26.221500 22.576500 23.365500 25.565000 22.943000 20.579000 23.482500 24.408500 21.092500 20.003500 16.847000 15.597000 14.443000 12.712000 10.875500 10.122000 9.097000 6.653500 5.277500 5.457500 3.845500 0.000000 3.854000 5.530500 5.156000 6.198500 8.760500 10.077500 10.503500 12.310500 14.482000 15.315000 16.513500 18.226500 19.782000 21.279500
55.192500 53.163000 50.321000 47.034000 44.408000 41.094500 39.065500 41.196500 40.696500 36.905000 36.913500 39.263000 37.102000 34.032000 36.244000 37.461000 33.970000 33.299000 36.624000 36.792500 33.518000 33.079000 35.776000 38.135000 37.733500 40.750000 42.988500 45.893000 44.061500 42.792500 46.412000 47.509000 44.844500 45.958000 49.600000 50.427000 52.096000 50.249500 51.688500 50.778000 47.178000 47.197500 48.416500 45.394500 42.712000 43.154500 40.991500 38.254000 35.679500 36.452500 36.155000 32.745000 31.542500 32.949000 31.368500 27.910000 28.213500 29.409000 26.433000 24.150500 26.491500 26.468500 22.859000 21.686000 19.099000 19.087500 18.867000 17.870500 18.276000 19.204000 19.382500 17.297000 15.231000 11.891000 9.726500 6.664000 9.451000 10.869500 8.221500 8.424500 12.152000 12.580000 11.240500 13.463000 16.262500 16.214000 16.460000 19.298500 21.027000 21.129500 22.327000 24.948000 27.692500 28.766000 27.783500 25.649000 22.937500 25.902500 27.391500 24.218500 24.091000 27.753000 27.669000 26.962000 24.898500 26.871000 27.322000 25.441000 22.361500 22.772000 22.998500 19.779000 18.044000 19.745000 18.662000 14.939000 15.600500 17.690000 15.227000 12.650500 15.815500 16.875500 13.797500 14.880000 13.476500 16.354500 17.469000 16.984500 13.451500 12.593000 14.434000 12.864000 9.254500 10.932500 12.975500 10.443000 9.074000 12.845500 14.192500 12.211500 13.242000 16.741500 17.271000 16.331000 18.774500 21.415500 21.631000 21.778000 24.504000 26.471000 26.314000 27.738000 30.581000 31.235000 31.801000 34.390000 36.267500 36.534500 38.793500 37.318500 35.201000 35.107000 33.980500 36.503500 35.987500 32.789500 32.866500 32.540000 29.105000 27.740000 29.830500 28.349000 24.822500 25.734500 27.538000 24.608500 22.474500 25.278000 25.706500 22.148000 21.352500 18.442500 16.453000 15.176500 14.368500 12.360000 10.489000 10.026000 8.868500 6.325000 5.036000 5.549500 3.854000 0.000000 3.852500 5.403500 4.989500 6.242000 8.790500 9.768500 10.478000 12.538500 13.838500 15.028000 16.580500 18.274500 19.805500
58.887500 56.870500 54.061000 50.753000 48.157500 44.851000 42.802500 44.863500 44.342000 40.558500 40.503000 42.766000 40.584000 37.493500 39.581500 40.724500 37.203000 36.420000 39.628500 39.728500 36.498000 36.145000 38.674000 41.105500 40.916500 43.975000 46.344500 49.173500 47.305000 46.186000 49.844000 50.842000 48.206500 49.448000 53.053500 53.947000 55.589000 53.707500 55.213500 54.383000 50.756000 50.745500 52.049500 49.072000 46.325500 46.696500 44.440000 41.645000 39.081000 40.005000 39.726000 36.253500 35.148500 36.650500 35.012000 31.563500 31.981500 33.160500 30.115500 27.925000 30.282500 30.157500 26.522000 25.428500 22.840000 22.707000 22.353500 21.107500 21.140500 21.791500 21.489000 19.262000 17.005500 13.690000 12.156500 9.173000 12.071500 14.096000 11.877000 11.780000 15.530500 16.319000 14.886000 16.794000 19.828500 19.870000 19.789000 22.621000 24.574000 24.507500 25.459000 28.239500 30.932500 31.797500 30.808500 28.925500 26.115500 28.961500 30.709500 27.640000 27.264000 30.941500 31.083500 30.365500 28.438000 30.531500 30.976000 29.189500 26.087000 26.334500 26.582000 23.460500 21.586500 23.057000 22.015000 18.338500 18.624500 20.480500 18.006500 15.152000 17.874000 18.790500 15.351500 15.900000 14.764000 17.619000 19.366000 18.713000 14.953500 14.872000 17.033500 15.063500 11.817500 14.190500 15.924000 13.048000 12.363500 16.191500 16.991000 14.779000 16.301500 19.755000 19.726500 18.666000 21.482000 23.982500 23.704000 23.936500 26.974500 28.673500 28.164500 29.817500 32.774500 33.066500 33.486000 36.320500 38.173000 38.130000 40.196000 38.437500 36.150500 35.823500 34.403500 36.711500 36.138000 32.765000 32.400500 31.874500 28.273000 27.354500 29.671500 27.974000 24.571000 26.021000 27.820000 24.750000 23.061000 26.203000 26.471500 22.981000 22.707000 20.089000 18.285500 16.269500 15.399000 14.266500 12.182500 10.583000 9.975500 8.669500 5.980000 5.171500 5.530500 3.852500 0.000000 3.835000 5.470000 5.202000 6.556000 8.843000 10.109500 11.080000 12.341500 13.666000 15.166500 16.637000 18.028500
58.763000 56.930500 54.144500 50.922000 48.461500 45.017000 43.245500 45.382000 44.580000 40.819000 41.098500 43.263500 40.824500 37.960500 40.265000 41.131500 37.502000 37.071000 40.247000 40.017000 36.613500 35.903500 38.261500 40.949000 40.746500 43.625000 45.993000 48.915000 47.293500 46.235000 49.863000 51.044000 48.609000 49.830000 53.415500 54.086500 55.497000 53.396000 54.766000 54.136000 50.512500 50.220000 51.540500 48.725000 45.855500 45.942000 43.593500 40.904000 38.149000 39.223500 39.269500 35.748000 34.533000 36.368500 34.973000 31.391500 31.917000 33.492000 30.571000 28.293500 30.879500 31.134000 27.602000 26.368500 23.740000 23.780500 23.263000 22.024000 22.187500 22.784000 22.707500 20.791500 18.921500 15.801000 13.573000 11.235500 14.525500 15.768000 13.060000 13.742000 17.439000 17.429000 15.870500 18.399500 21.173000 20.566500 20.704000 23.898000 25.399000 24.989500 26.353500 29.261000 31.681500 32.333500 30.908500 29.084000 25.974000 28.467500 30.279500 27.125500 26.308000 29.854000 30.093500 29.087500 27.334500 29.676000 30.146500 28.791500 25.525000 25.366500 25.986500 23.184500 20.780000 22.117500 21.667000 17.977000 17.538000 19.662500 17.798000 14.450500 16.695500 18.275500 15.105000 14.838000 13.012500 15.281000 17.050500 15.896500 12.141000 12.856500 14.862500 12.437500 9.780500 12.868500 14.111000 11.225500 11.671000 15.387500 15.716500 14.077500 16.299000 19.331500 19.120000 18.767500 21.796000 23.813000 23.650500 24.478500 27.397500 28.763000 28.583000 30.575500 33.238500 33.397000 34.213000 37.077000 38.630000 38.540500 40.728000 39.046500 36.746000 36.313000 34.971500 37.218000 36.341500 32.981500 32.585500 32.457500 28.865500 27.779500 30.411000 29.101500 25.577500 26.923500 29.147000 26.371000 24.437500 27.633000 28.366000 25.045500 24.418500 21.495000 20.188000 18.471000 16.906500 15.641000 14.369000 12.657500 10.951000 10.022500 8.503500 6.228000 5.156000 5.403500 3.835000 0.000000 3.820500 5.453500 5.221500 6.291000 8.757000 10.129500 10.912500 12.411000 14.230500 15.744000 17.284000
57.087000 55.248000 52.350500 49.225500 46.637000 43.186000 41.469500 43.839000 43.146500 39.373000 39.784000 42.178000 39.815000 36.992500 39.506500 40.546000 36.986500 36.715000 40.070000 39.970500 36.507000 35.630000 38.213500 40.828000 40.280000 43.047500 45.161000 48.245000 46.727500 45.391000 48.928500 50.314000 47.818500 48.767000 52.425500 52.954000 54.407500 52.347000 53.514500 52.734500 49.192000 48.882000 49.954000 47.068500 44.356000 44.491500 42.347500 39.858500 36.963500 37.723000 37.907000 34.534000 32.975000 34.672500 33.552000 29.912500 30.040000 31.737000 29.072500 26.460000 28.814000 29.348500 25.879000 24.234500 21.400000 21.156500 20.273000 18.801000 18.849500 19.351000 19.355500 17.647500 16.074500 13.177000 10.533500 8.976500 12.599500 13.239000 10.771000 12.376500 15.749500 15.446000 14.618500 17.482500 19.754500 19.242500 20.061500 23.096000 24.258000 24.267500 25.992000 28.566000 31.132500 32.150500 30.748000 28.520000 25.554000 28.157500 29.523500 26.120500 25.597000 29.037500 28.811000 27.502500 25.369500 27.405000 27.500500 26.101500 23.028000 22.616000 22.926000 20.248500 17.885500 18.856000 18.252000 14.670000 14.126000 15.994000 14.089500 10.706500 12.984500 14.504000 11.414500 11.329500 9.565000 12.217500 13.976500 13.446500 9.668000 9.714500 12.255000 10.618500 7.575500 10.555500 12.601500 10.564000 10.740500 14.314500 15.416500 14.406500 16.133000 19.123500 19.638500 19.531000 22.114500 24.273000 24.689500 25.416500 27.988500 29.664000 29.844500 31.567000 34.135500 34.683000 35.604500 38.218000 39.827000 40.046500 42.400000 40.956500 38.794500 38.555500 37.425000 39.831000 39.017000 35.770000 35.641000 35.581000 32.062500 30.756500 33.219000 31.954000 28.371000 29.404500 31.540000 28.755000 26.584500 29.521000 30.214500 26.757000 25.849000 22.768000 21.106000 19.893500 18.650000 16.690000 15.288000 14.473500 12.709000 10.693500 9.713000 8.660500 6.198500 4.989500 5.470000 3.820500 0.000000 3.840500 5.403500 4.975000 6.144000 8.667500 9.797000 11.202000 13.107500 14.982500 16.751000
59.825000 57.870500 54.915000 51.774000 49.039500 45.685000 43.791500 46.195500 45.744500 41.952500 42.157500 44.687500 42.524000 39.549500 41.943000 43.210500 39.731000 39.224000 42.617000 42.751000 39.395000 38.727000 41.411000 43.885000 43.328000 46.188000 48.268500 51.324000 49.673000 48.258000 51.798500 53.100500 50.458000 51.365500 55.054500 55.701500 57.311000 55.388500 56.582000 55.647500 52.128500 51.968500 52.953500 49.957000 47.368000 47.661500 45.619000 43.128000 40.292000 40.898000 40.958000 37.650500 36.055500 37.520000 36.341500 32.769000 32.686500 34.157000 31.494500 28.821500 30.883000 31.226000 27.686000 25.957000 23.020500 22.353000 21.249000 19.382500 18.869000 19.060000 18.412500 16.459000 14.599500 11.751500 10.045000 8.557000 12.236000 13.623500 12.057000 13.332000 16.633500 17.075000 16.660500 19.052500 21.429500 21.525500 22.309500 25.020000 26.494000 26.845000 28.302000 30.736000 33.544000 34.749000 33.636500 31.344500 28.569500 31.379500 32.680500 29.285000 29.012500 32.500000 32.149500 30.875500 28.542000 30.316000 30.165000 28.510000 25.680000 25.296000 25.144000 22.407500 20.418000 21.050000 19.905500 16.535500 16.240500 17.389000 14.961000 11.911000 14.008000 14.613000 11.006000 11.160000 10.634500 13.804000 16.167500 16.237000 12.503000 12.371500 15.413000 14.204000 11.124500 13.794000 16.218000 14.259500 13.967000 17.606000 18.948500 17.622500 19.027500 22.280500 22.831500 22.298000 24.823000 27.271500 27.525000 27.905000 30.621000 32.465000 32.357500 33.911000 36.709500 37.259500 37.882000 40.543000 42.350500 42.513500 44.728500 43.136000 40.915500 40.652500 39.346500 41.693000 41.034500 37.693000 37.350000 36.943000 33.331000 32.374500 34.760000 33.134000 29.701500 31.051500 32.893500 29.836500 28.029500 31.050000 31.320500 27.750000 27.287000 24.515500 22.486000 20.863500 20.154000 18.494000 16.395000 15.445500 14.562000 12.507500 10.459500 10.028000 8.760500 6.242000 5.202000 5.453500 3.840500 0.000000 3.838500 5.497000 5.245500 6.445500 8.248000 9.819500 11.470000 13.325000 15.007000
62.425500 60.587500 57.685500 54.561000 51.946500 48.514500 46.756500 49.117000 48.469000 44.691500 45.025500 47.408000 45.068000 42.196000 44.607000 45.646500 42.071500 41.667000 44.951500 44.841000 41.421500 40.634000 43.093500 45.761500 45.375500 48.179500 50.379500 53.417000 51.865000 50.620000 54.185000 55.498500 52.995500 54.018000 57.664500 58.248000 59.701000 57.623000 58.813000 58.069500 54.520500 54.184000 55.274000 52.410000 49.683000 49.763500 47.577500 45.077500 42.167500 43.002500 43.228000 39.829000 38.295500 40.027000 38.892500 35.260500 35.387500 37.045000 34.348000 31.749000 34.015000 34.449500 30.926000 29.270500 26.371500 25.852500 24.734000 22.874000 22.342500 22.416500 21.690000 19.863000 18.128000 15.439000 13.749500 12.329500 15.978000 17.336500 15.486500 16.696000 20.149000 20.387000 19.610000 22.127000 24.642000 24.402000 24.982500 27.941500 29.373000 29.364500 30.846000 33.513500 36.126500 37.038000 35.682000 33.625000 30.610000 33.156000 34.708000 31.370000 30.682000 34.119000 34.030000 32.654000 30.573500 32.613500 32.563500 31.221500 28.241000 27.611000 27.770000 25.245000 22.883000 23.423500 22.717500 19.363500 18.496000 19.754500 17.794500 14.402500 15.849500 16.843500 13.400500 12.519000 11.674000 14.176000 16.929500 16.478000 12.749000 13.713000 16.635500 14.873500 12.483000 15.763500 17.591000 15.378500 15.907500 19.536500 20.258000 18.998000 21.012000 24.057000 24.130000 23.838500 26.719000 28.833500 28.803500 29.542000 32.413500 33.894000 33.718000 35.613000 38.330500 38.551500 39.291500 42.140000 43.760500 43.678000 45.822500 44.080500 41.742500 41.262000 39.809500 41.965000 41.100000 37.670000 37.016500 36.707500 33.024500 32.277000 34.965500 33.433500 30.042000 31.663500 33.731500 30.773500 29.114500 32.367500 32.811000 29.393000 29.049500 26.284500 24.652500 22.750000 21.614500 20.388000 18.601000 16.980000 15.857000 14.579000 12.451000 10.901500 10.077500 8.790500 6.556000 5.221500 5.403500 3.838500 0.000000 3.842500 5.524000 5.300500 6.566000 8.450000 10.322000 11.908000 13.541500
60.713000 59.017500 56.099500 53.095000 50.545500 47.026500 45.513500 48.011000 47.199000 43.459500 44.098500 46.490500 44.008000 41.342500 43.991000 44.898500 41.301500 41.231500 44.557500 44.272000 40.722000 39.607000 42.039500 44.832000 44.268500 46.871500 48.936000 52.100500 50.785500 49.459500 52.942500 54.480500 52.110500 52.987500 56.636500 56.986000 58.280000 56.069500 57.062000 56.401500 52.908000 52.360000 53.347000 50.587500 47.854000 47.750500 45.606000 43.292500 40.206000 40.998000 41.517000 38.181500 36.432000 38.329000 37.501000 33.789000 33.828500 35.809500 33.339000 30.580000 32.898500 33.721000 30.344500 28.464500 25.522500 25.071000 23.754500 21.912500 21.529000 21.584500 21.204500 19.778500 18.525000 16.109000 13.734500 13.019500 16.809000 17.338000 15.251500 17.187500 20.416500 19.968000 19.371000 22.364500 24.469000 23.806500 24.792500 27.895000 28.846000 28.768000 30.676000 33.262500 35.716000 36.635000 34.995500 32.814000 29.698500 32.017000 33.382000 29.920500 29.073000 32.313500 32.076000 30.376500 28.287500 30.346000 30.166500 29.156500 26.181000 25.154000 25.483000 23.310500 20.615500 20.888000 20.634500 17.424000 15.939000 17.288500 15.935000 12.260000 13.180000 14.798500 11.844000 10.244500 8.648000 10.647500 13.417500 12.854500 9.228500 10.664000 13.610000 11.994500 10.201500 13.710500 15.418000 13.766500 14.897500 18.185500 18.909000 18.357500 20.515500 23.184500 23.482000 23.763500 26.519000 28.351000 28.695000 29.763500 32.351000 33.753000 33.997000 35.966000 38.412500 38.756000 39.831000 42.547000 43.980000 44.046500 46.373500 44.842000 42.590000 42.165500 40.918000 43.144500 42.117000 38.791000 38.339000 38.373000 34.771500 33.707000 36.472500 35.265000 31.736000 33.042500 35.355000 32.612000 30.605000 33.726500 34.498000 31.120500 30.345500 27.286000 25.823500 24.393500 22.955000 21.295500 19.982000 18.725500 16.928000 15.412500 14.149000 12.441000 10.503500 9.768500 8.843000 6.291000 4.975000 5.497000 3.842500 0.000000 3.844000 5.488500 5.990000 7.810500 10.050500 11.904500 13.835500
60.549500 58.769000 55.742500 52.802000 50.074500 46.630500 45.044000 47.713000 47.141500 43.397500 43.989000 46.617500 44.332500 41.606500 44.313000 45.489000 42.009500 41.898000 45.366000 45.332000 41.823500 40.745500 43.412000 46.036000 45.217000 47.804500 49.658000 52.906500 51.569000 49.992500 53.403000 55.023000 52.514500 53.167500 56.880000 57.209000 58.643500 56.571000 57.444000 56.562000 53.151000 52.711000 53.461500 50.576500 48.052500 48.112500 46.195000 44.019500 40.907000 41.358000 41.861500 38.692000 36.700000 38.315500 37.633000 33.955000 33.583500 35.478500 33.204500 30.207000 32.161000 33.055000 29.720000 27.531000 24.436500 23.553500 21.859000 19.646000 18.852500 18.625500 17.943000 16.630500 15.579000 13.568500 11.458000 11.611500 15.373500 15.742500 14.402500 16.712500 19.553500 19.284000 19.407500 22.302000 24.079500 23.827000 25.226500 28.001500 28.888500 29.301000 31.275000 33.528500 36.211500 37.502000 36.078500 33.583500 30.720000 33.257500 34.258000 30.660000 30.223500 33.417000 32.767500 30.934500 28.453500 30.085000 29.488500 28.263500 25.624500 24.487500 24.266000 22.166500 19.820500 19.608000 18.868500 15.969500 14.623000 15.217000 13.526500 10.158000 10.872000 11.741000 8.549500 7.126000 6.762500 9.645500 12.711000 13.254500 9.894000 10.297000 13.849500 13.251500 11.118500 14.042500 16.507000 15.447500 15.959000 19.132000 20.533000 20.114500 21.703500 24.503000 25.319500 25.456500 27.855500 29.979500 30.626000 31.384500 33.809000 35.552500 35.873500 37.528500 40.048500 40.695000 41.656500 44.206500 45.814000 46.091500 48.467000 47.036000 44.859500 44.590000 43.410500 45.755000 44.891500 41.595500 41.273500 41.154000 37.553500 36.470000 39.037000 37.659000 34.141500 35.360000 37.441000 34.542000 32.529000 35.498500 36.019500 32.485000 31.726000 28.721000 26.832000 25.560500 24.597500 22.629000 20.917500 20.179500 18.746000 16.585500 15.216500 14.409000 12.310500 10.478000 10.109500 8.757000 6.144000 5.245500 5.524000 3.844000 0.000000 3.839000 5.676500 7.090000 8.957500 11.173500 13.219000
64.159000 62.342000 59.314500 56.346000 53.585000 50.175000 48.504000 51.136000 50.631500 46.873500 47.348000 49.973500 47.735000 44.927000 47.526000 48.741000 45.252500 44.989500 48.422000 48.428500 44.966000 44.011500 46.630000 49.255500 48.557500 51.217500 53.149000 56.348000 54.933500 53.417500 56.865500 58.397000 55.847000 56.569500 60.279500 60.694500 62.171500 60.122500 61.052000 60.165500 56.737500 56.335000 57.117000 54.216000 51.687500 51.764000 49.816000 47.587000 44.508000 45.009500 45.460500 42.257000 40.334000 41.927000 41.155500 37.497000 37.156500 38.945500 36.591000 33.646000 35.549500 36.286000 32.886000 30.765000 27.665500 26.643500 24.922500 22.555500 21.424000 20.990500 19.795000 18.344000 17.092500 15.198000 13.862000 13.786500 17.441500 18.390000 17.340500 19.229500 22.189500 22.354500 22.397000 25.025000 27.044000 27.016500 28.186500 30.908500 32.055500 32.468000 34.222000 36.552000 39.304500 40.543500 39.210000 36.823000 33.947000 36.523500 37.671500 34.128000 33.645000 36.900500 36.364000 34.586000 32.147000 33.789000 33.170500 31.894500 29.296000 28.177500 27.860000 25.746500 23.499000 23.198000 22.311000 19.510000 18.234500 18.535000 16.711500 13.589000 14.011000 14.346500 11.073000 9.516000 9.970500 12.510500 15.921500 16.425500 13.171000 13.949500 17.470000 16.654500 14.608500 17.653000 19.990500 18.611500 19.131000 22.482500 23.692500 22.959000 24.671500 27.617500 28.170000 28.083000 30.668500 32.852000 33.201000 33.889500 36.533500 38.210500 38.262500 39.984000 42.649000 43.113000 43.908000 46.607000 48.271500 48.371500 50.603500 48.974000 46.692000 46.290000 44.908500 47.111500 46.257500 42.852500 42.227500 41.903000 38.216500 37.482000 40.131000 38.547000 35.166000 36.732500 38.715500 35.684000 33.997500 37.142000 37.459000 33.933000 33.542000 30.748500 28.823500 27.129500 26.293000 24.736500 22.743000 21.587500 20.568000 18.748000 16.742000 15.797000 14.482000 12.538500 11.080000 10.129500 8.667500 6.445500 5.300500 5.488500 3.839000 0.000000 3.841500 5.921500 7.428000 9.236500 11.135500
64.768000 63.033000 60.037000 57.100000 54.417000 50.960000 49.401500 52.028500 51.399500 47.664000 48.252500 50.804500 48.462000 45.746500 48.393500 49.477500 45.950500 45.799500 49.187000 49.053500 45.545500 44.478500 46.988500 49.712000 49.052000 51.637500 53.591000 56.799000 55.478000 54.026000 57.462500 59.039500 56.584000 57.333000 61.016500 61.357000 62.726500 60.583000 61.474500 60.696500 57.271000 56.749000 57.563500 54.753500 52.164500 52.107000 50.102000 47.909000 44.777500 45.374500 45.949500 42.729000 40.809500 42.548000 41.848500 38.166000 37.916500 39.836500 37.509000 34.593000 36.601500 37.436000 34.082000 31.993500 28.932500 27.982500 26.294500 24.041000 22.900000 22.538000 21.477000 20.246000 19.047000 17.166500 15.690000 15.561000 19.212500 20.042000 18.787500 20.703500 23.701000 23.671500 23.560500 26.299500 28.310000 28.061500 29.199000 32.044500 33.088000 33.325000 35.159500 37.572500 40.202000 41.311000 39.822500 37.519500 34.538000 36.949500 38.159000 34.637500 33.953500 37.131500 36.686000 34.827000 32.526500 34.292500 33.735500 32.668500 30.001500 28.743500 28.633500 26.665500 24.213000 23.891000 23.311500 20.534000 18.970000 19.416500 17.946500 14.704500 14.825500 15.534500 12.588500 10.603000 10.571500 12.448000 15.890500 16.072500 13.015500 14.338000 17.640000 16.638500 15.052500 18.255500 20.273000 18.927000 19.823500 23.061000 24.012500 23.441000 25.380500 28.150500 28.554500 28.669500 31.350500 33.335500 33.643500 34.535000 37.169500 38.676500 38.791500 40.657500 43.218000 43.577500 44.496500 47.226500 48.763500 48.838500 51.112500 49.469000 47.224000 46.727000 45.347500 47.450000 46.435500 43.041000 42.349500 42.152500 38.483000 37.753500 40.519000 39.060000 35.683500 37.263000 39.379500 36.456500 34.748500 37.931000 38.394500 34.951500 34.509000 31.657000 29.921000 28.236500 27.179500 25.684500 23.910000 22.611500 21.381500 19.785500 17.942000 16.661000 15.315000 13.838500 12.341500 10.912500 9.797000 8.248000 6.566000 5.990000 5.676500 3.841500 0.000000 3.840500 6.148500 7.914000 10.183500
64.930000 63.206000 60.202500 57.304000 54.608000 51.165500 49.636500 52.301000 51.692500 47.978000 48.597000 51.178500 48.859000 46.173500 48.845500 49.952000 46.457000 46.337500 49.736000 49.621500 46.121500 45.024000 47.551000 50.253500 49.534500 52.082000 53.977000 57.207500 55.918500 54.421000 57.823000 59.438000 56.985000 57.676500 61.359000 61.663500 63.030000 60.896500 61.737000 60.937500 57.544000 57.009500 57.765500 54.960500 52.414500 52.348500 50.393000 48.262500 45.110500 45.642500 46.264500 43.094000 41.108500 42.822500 42.198500 38.531500 38.203500 40.147000 37.902500 34.952000 36.891000 37.784500 34.497500 32.359500 29.315500 28.283000 26.581000 24.282000 23.043500 22.732500 21.656500 20.651500 19.543000 17.816500 16.394000 16.445000 19.951000 20.661500 19.515500 21.490000 24.350500 24.267000 24.270500 26.998000 28.892500 28.653500 29.878500 32.661500 33.630500 33.925500 35.800000 38.139000 40.765500 41.919500 40.433500 38.087000 35.153500 37.545000 38.665000 35.135000 34.494000 37.605500 37.075500 35.149500 32.803000 34.490500 33.837000 32.824000 30.242500 28.880000 28.716500 26.880500 24.443000 23.952500 23.421500 20.810000 19.121500 19.407500 18.120000 14.992500 14.780000 15.512500 12.882500 10.637500 10.658500 12.287000 15.811000 16.224000 13.434000 14.680000 17.983500 17.243000 15.821000 18.858500 20.906000 19.778500 20.657000 23.756000 24.781500 24.326000 26.178000 28.880000 29.373000 29.526500 32.122000 34.095500 34.476000 35.349500 37.918000 39.451000 39.613000 41.432500 43.965000 44.374500 45.300000 47.982500 49.535000 49.667000 51.945000 50.328500 48.113000 47.630500 46.287000 48.379500 47.365500 44.000000 43.331000 43.130500 39.483500 38.753000 41.484500 40.022500 36.669000 38.220500 40.303000 37.385500 35.682500 38.819500 39.259000 35.820000 35.372500 32.535500 30.768500 29.136500 28.141000 26.610000 24.834500 23.624000 22.441000 20.801500 19.020500 17.866000 16.513500 15.028000 13.666000 12.411000 11.202000 9.819500 8.450000 7.810500 7.090000 5.921500 3.840500 0.000000 3.839500 6.286000 8.857000
66.183000 64.432000 61.412000 58.532500 55.789500 52.389500 50.824500 53.512000 52.985500 49.282500 49.852000 52.481500 50.235000 47.521500 50.164500 51.344500 47.890500 47.715500 51.124000 51.084000 47.622000 46.575500 49.133500 51.783500 51.042000 53.598000 55.457000 58.684000 57.370000 55.832500 59.216500 60.821000 58.328000 58.981000 62.668000 62.991500 64.402000 62.316500 63.142500 62.287500 58.920000 58.426500 59.129000 56.298000 53.813500 53.790500 51.891500 49.790000 46.655000 47.115000 47.716000 44.591000 42.574500 44.204500 43.594000 39.960500 39.542000 41.422500 39.216500 36.246500 38.066000 38.927000 35.667000 33.488500 30.438500 29.290500 27.522500 25.100000 23.694500 23.200500 21.936500 20.975000 19.955500 18.425000 17.328500 17.537000 20.867500 21.668000 20.803500 22.698500 25.440500 25.517000 25.662000 28.252000 30.112500 30.036500 31.276500 33.940500 34.961000 35.370000 37.180000 39.446500 42.132000 43.355000 41.954000 39.578000 36.721000 39.160000 40.229500 36.709500 36.158000 39.254500 38.665000 36.740500 34.329500 35.898000 35.136000 34.071000 31.616500 30.244000 29.914500 28.134500 25.854000 25.216000 24.532500 22.100000 20.511000 20.489000 19.131500 16.297500 15.922000 16.211000 13.684000 11.548500 12.308500 13.931500 17.391500 18.052500 15.477500 16.499000 19.795500 19.222000 17.762000 20.622000 22.754000 21.667500 22.394000 25.468500 26.572000 26.055500 27.793000 30.536500 31.063000 31.116500 33.662000 35.704500 36.060500 36.836000 39.414000 40.998000 41.097000 42.852000 45.432000 45.856500 46.701500 49.375000 50.983500 51.121500 53.358500 51.720000 49.516500 49.019000 47.618500 49.681000 48.700000 45.337500 44.616500 44.324000 40.679500 40.052000 42.740500 41.191000 37.913500 39.533000 41.517000 38.551000 36.960000 40.085000 40.404000 36.957000 36.628000 33.885500 32.023500 30.325500 29.483500 28.013500 26.096500 24.905500 23.931000 22.278500 20.360500 19.383000 18.226500 16.580500 15.166500 14.230500 13.107500 11.470000 10.322000 10.050500 8.957500 7.428000 6.148500 3.839500 0.000000 3.843500 6.681000
67.841500 66.106000 63.106500 60.228500 57.507500 54.115000 52.552500 55.210000 54.671000 50.979000 51.532500 54.126500 51.871500 49.161000 51.765500 52.915500 49.457000 49.255500 52.624000 52.558000 49.113500 48.088500 50.587000 53.257000 52.578000 55.137000 57.031500 60.232000 58.915000 57.427000 60.816000 62.393000 59.917500 60.608000 64.278000 64.615000 66.008000 63.907500 64.747500 63.927000 60.558500 60.046500 60.775500 57.971000 55.468500 55.414500 53.488500 51.378500 48.256000 48.766500 49.375500 46.239500 44.265500 45.925500 45.297000 41.678500 41.309500 43.180500 40.955000 38.032000 39.867000 40.692500 37.436000 35.310000 32.302500 31.174000 29.436500 27.031500 25.594500 25.057500 23.720000 22.747000 21.732500 20.241500 19.311500 19.409500 22.635500 23.560500 22.707500 24.447500 27.209500 27.364000 27.421000 29.929000 31.858500 31.790000 32.923500 35.587500 36.664000 37.014000 38.756000 41.064500 43.722500 44.880000 43.475500 41.178500 38.303000 40.697500 41.836500 38.364000 37.744500 40.827500 40.311500 38.404500 36.067500 37.671000 36.933000 35.914000 33.462000 32.080500 31.789000 30.051500 27.769500 27.126500 26.494000 24.112000 22.511000 22.471500 21.188500 18.438000 17.985000 18.229500 15.844500 13.775500 14.500500 15.826000 19.205000 19.736000 17.308500 18.497000 21.650000 20.964000 19.635500 22.517500 24.501000 23.328000 24.127000 27.194500 28.156000 27.576000 29.389500 32.111500 32.501500 32.525500 35.138500 37.132500 37.368000 38.165500 40.803500 42.307000 42.324000 44.132000 46.724000 47.050000 47.860500 50.588000 52.180000 52.239000 54.417500 52.710000 50.483000 49.910500 48.436500 50.415500 49.399500 46.022000 45.179500 44.848500 41.206500 40.712500 43.439500 41.862000 38.666500 40.401000 42.370500 39.412500 37.950000 41.121500 41.406500 38.014000 37.805000 35.143500 33.342500 31.517000 30.668500 29.378000 27.455500 26.104500 25.232000 23.781000 21.758000 20.681500 19.782000 18.274500 16.637000 15.744000 14.982500 13.325000 11.908000 11.904500 11.173500 9.236500 7.914000 6.286000 3.843500 0.000000 3.807000
69.218500 67.476500 64.488000 61.611500 58.889000 55.519000 53.939500 56.576000 56.059500 52.380000 52.897000 55.478500 53.249000 50.527000 53.086500 54.244000 50.800000 50.554000 53.896000 53.844000 50.431000 49.449000 51.922500 54.578000 53.937500 56.507500 58.416500 61.591000 60.255500 58.789000 62.176500 63.722500 61.242000 61.950000 65.607500 65.968500 67.371500 65.284500 66.138500 65.318000 61.954500 61.456500 62.190500 59.390500 56.897500 56.847500 54.922500 52.809500 49.712000 50.232000 50.822500 47.695000 45.751000 47.393500 46.744000 43.155000 42.795000 44.624500 42.393000 39.507500 41.314000 42.092500 38.845500 36.756500 33.780500 32.647500 30.934500 28.512500 27.045000 26.457000 25.027500 24.035500 23.036500 21.621000 20.877500 20.930500 24.028500 25.054500 24.280500 25.886000 28.621000 28.874500 28.910000 31.311000 33.276500 33.266000 34.325000 36.944000 38.080000 38.426000 40.090500 42.401500 45.056500 46.193000 44.825500 42.576000 39.723500 42.110000 43.280000 39.851000 39.228000 42.301500 41.816500 39.941000 37.632000 39.218000 38.473500 37.452500 35.041500 33.678000 33.361000 31.648000 29.427500 28.768000 28.110000 25.799500 24.257000 24.149500 22.871500 20.262000 19.796000 19.905500 17.622000 15.737500 16.535000 17.758000 21.005500 21.526000 19.213000 20.386000 23.443500 22.739000 21.436500 24.261000 26.188500 24.966000 25.732500 28.787500 29.694500 29.038500 30.847000 33.571000 33.888500 33.845500 36.475500 38.467000 38.617000 39.380500 42.058000 43.532000 43.467500 45.278500 47.897000 48.166500 48.919000 51.675500 53.278500 53.278500 55.392500 53.633500 51.384500 50.772500 49.248500 51.171000 50.164500 46.781000 45.851000 45.453500 41.818500 41.444000 44.167500 42.537500 39.423000 41.250000 43.167500 40.199000 38.858500 42.049000 42.268000 38.914000 38.821000 36.254000 34.465500 32.544000 31.748500 30.600000 28.637000 27.197500 26.466500 25.143500 23.025000 21.952000 21.279500 19.805500 18.028500 17.284000 16.751000 15.007000 13.541500 13.835500 13.219000 11.135500 10.183500 8.857000 6.681000 3.807000 0.000000
