residue	score	rank
69	2.472222	1
42	2.309829	2
51	2.014957	3
50	1.997863	4
38	1.805556	5
6	1.737179	6
22	1.694444	7
52	1.621795	8
55	1.621795	9
41	1.596154	10
68	1.583333	11
18	1.442308	12
24	1.438034	13
5	1.438034	14
27	1.429487	15
44	1.399573	16
70	1.391026	17
72	1.373932	18
43	1.365385	19
54	1.335470	20
37	1.284188	21
71	1.271368	22
21	1.232906	23
31	1.177350	24
73	1.083333	25
28	1.023504	26
67	0.967949	27
66	0.950855	28
25	0.946581	29
2	0.925214	30
53	0.895299	31
13	0.886752	32
63	0.844017	33
65	0.818376	34
1	0.814103	35
64	0.801282	36
14	0.788462	37
74	0.784188	38
7	0.775641	39
12	0.775641	40
15	0.767094	41
62	0.741453	42
61	0.728632	43
4	0.724359	44
40	0.685897	45
17	0.673077	46
3	0.651709	47
16	0.651709	48
36	0.596154	49
45	0.536325	50
49	0.527778	51
58	0.514957	52
56	0.506410	53
75	0.476496	54
11	0.467949	55
20	0.459402	56
39	0.459402	57
35	0.459402	58
48	0.399573	59
60	0.365385	60
19	0.339744	61
34	0.309829	62
30	0.305556	63
57	0.292735	64
47	0.271368	65
32	0.228632	66
29	0.177350	67
9	0.164530	68
33	0.164530	69
8	0.160256	70
10	0.160256	71
76	0.160256	72
23	0.160256	73
26	0.160256	74
46	0.160256	75
59	0.160256	76
