residue	score	rank
51	2.008621	1
71	2.001724	2
50	1.998276	3
69	1.943103	4
70	1.812069	5
6	1.715517	6
55	1.660345	7
68	1.432759	8
42	1.363793	9
52	1.343103	10
54	1.343103	11
43	1.318966	12
44	1.277586	13
22	1.212069	14
24	1.156897	15
72	1.108621	16
37	1.053448	17
40	1.039655	18
27	1.036207	19
18	0.953448	20
31	0.912069	21
73	0.874138	22
38	0.801724	23
28	0.794828	24
64	0.784483	25
63	0.781034	26
67	0.746552	27
21	0.739655	28
25	0.732759	29
12	0.718966	30
5	0.712069	31
66	0.698276	32
41	0.670690	33
53	0.656897	34
74	0.632759	35
13	0.622414	36
61	0.615517	37
62	0.601724	38
65	0.591379	39
7	0.584483	40
4	0.563793	41
14	0.543103	42
56	0.522414	43
15	0.512069	44
17	0.508621	45
36	0.501724	46
16	0.481034	47
58	0.481034	48
20	0.467241	49
3	0.463793	50
1	0.446552	51
49	0.436207	52
45	0.425862	53
11	0.412069	54
35	0.384483	55
75	0.384483	56
30	0.350000	57
8	0.343103	58
48	0.329310	59
2	0.305172	60
19	0.270690	61
60	0.260345	62
34	0.256897	63
47	0.225862	64
57	0.218966	65
32	0.181034	66
29	0.143103	67
9	0.136207	68
33	0.132759	69
10	0.129310	70
23	0.129310	71
26	0.129310	72
39	0.129310	73
46	0.129310	74
59	0.129310	75
76	0.129310	76
