node,label,x,y,z,size
0,LEU50,28.315,39.09,30.106,1.998081
1,GLU51,24.55,38.97,29.398,2.009597
2,GLN41,27.268,31.5,38.262,1.305182
3,ARG42,28.875,34.972,37.293,2.247601
4,ARG54,23.805,36.912,24.039,1.21881
5,THR55,25.925,34.845,21.791,1.721689
6,LEU69,34.16,32.621,36.61,2.120921
7,PRO37,23.752,26.146,39.61,1.107486
8,GLN40,25.017,30.926,41.417,1.078695
9,VAL70,32.956,33.779,39.891,1.24952
10,LEU71,30.613,31.922,42.207,1.053743
11,ARG72,27.746,33.372,44.312,1.042226
12,LEU73,27.402,31.898,47.862,0.973129
13,LYS6,38.947,30.133,34.447,1.268714
14,LEU43,30.82,35.257,34.106,0.994242
15,GLU24,23.357,30.929,29.323,0.911708
16,LYS27,26.488,28.412,32.122,0.857965
17,VAL5,36.327,29.392,31.758,1.042226
18,ASP52,22.773,35.604,29.524,1.236084
19,ASP21,26.165,29.523,21.293,0.769674
20,THR22,24.347,31.777,23.936,1.099808
21,ARG74,24.129,30.555,49.088,0.704415
22,ASN25,24.221,27.728,27.287,0.746641
23,ILE44,33.133,38.236,33.481,0.96929
24,HSD68,36.556,34.45,34.251,1.120921
25,THR66,39.629,33.147,28.65,0.692898
26,LEU67,36.2,33.885,30.445,0.740883
27,PRO38,23.21,28.826,36.805,0.368522
28,ALA28,24.561,25.132,31.504,0.681382
29,GLN31,26.421,22.922,35.505,0.608445
30,GLY53,20.869,35.855,26.22,0.345489
31,GLN62,37.092,33.942,19.39,0.681382
32,LYS63,38.673,30.444,20.017,0.610365
33,ILE61,34.613,35.89,21.516,0.583493
34,ILE13,37.168,24.559,32.757,0.616123
35,THR14,38.008,23.736,29.194,0.633397
36,SER65,39.985,33.089,24.792,0.612284
37,GLU18,30.131,27.101,18.589,0.865643
38,LEU56,29.716,34.552,21.496,0.566219
39,VAL17,31.425,25.601,21.961,0.589251
40,LEU15,34.894,23.884,26.97,0.583493
41,THR7,37.591,29.998,38.099,0.305182
42,ILE3,36.9,28.381,25.187,0.299424
43,PHE4,38.505,28.41,28.624,0.575816
44,GLU64,41.056,29.808,23.047,0.556622
45,GLY75,21.165,32.74,50.468,0.284069
46,ILE36,27.359,24.783,39.758,0.497121
47,LYS11,40.435,25.641,38.357,0.28023
48,THR12,40.159,26.061,34.655,0.53167
49,GLU16,33.907,23.158,23.413,0.550864
50,ASP58,27.47,38.997,19.795,0.274472
51,PHE45,35.117,39.034,30.363,0.24952
52,MET1,35.953,26.05,19.2,0.230326
53,GLN49,29.461,41.268,33.025,0.230326
54,GLY35,27.921,21.087,39.325,0.214971
55,SER20,26.501,31.118,17.854,0.211132
