residue	score	rank
69	2.511869	1
71	2.114243	2
70	1.974777	3
50	1.710682	4
51	1.698813	5
54	1.627596	6
55	1.612760	7
68	1.505935	8
40	1.502967	9
52	1.410979	10
66	1.182493	11
24	1.158754	12
37	1.099407	13
43	1.078635	14
5	1.072700	15
27	1.051929	16
65	1.022255	17
44	1.004451	18
36	0.992582	19
67	0.986647	20
72	0.954006	21
6	0.951039	22
53	0.772997	23
73	0.752226	24
63	0.740356	25
62	0.678042	26
30	0.663205	27
7	0.660237	28
61	0.651335	29
13	0.559347	30
31	0.556380	31
74	0.544510	32
14	0.529674	33
42	0.508902	34
20	0.494065	35
18	0.476261	36
35	0.476261	37
8	0.455490	38
64	0.452522	39
2	0.449555	40
56	0.434718	41
4	0.413947	42
45	0.410979	43
41	0.396142	44
38	0.363501	45
39	0.360534	46
15	0.357567	47
49	0.348665	48
22	0.345697	49
75	0.330861	50
57	0.330861	51
1	0.316024	52
17	0.274481	53
9	0.271513	54
48	0.268546	55
12	0.259644	56
23	0.256677	57
58	0.253709	58
16	0.244807	59
34	0.232938	60
28	0.218101	61
21	0.197329	62
11	0.194362	63
47	0.188427	64
3	0.176558	65
19	0.167656	66
29	0.120178	67
32	0.117211	68
26	0.117211	69
25	0.114243	70
33	0.114243	71
10	0.111276	72
46	0.111276	73
59	0.111276	74
76	0.111276	75
60	0.111276	76
