residue	score	rank
51	2.016245	1
50	1.990975	2
55	1.969314	3
42	1.915162	4
69	1.911552	5
54	1.666065	6
43	1.406137	7
71	1.398917	8
22	1.384477	9
24	1.348375	10
18	1.283394	11
6	1.276173	12
40	1.272563	13
27	1.261733	14
41	1.240072	15
44	1.189531	16
52	1.189531	17
70	1.175090	18
72	1.160650	19
68	1.146209	20
5	1.059567	21
37	1.045126	22
21	0.951264	23
31	0.940433	24
73	0.915162	25
28	0.857401	26
25	0.803249	27
13	0.777978	28
38	0.749097	29
15	0.709386	30
14	0.709386	31
17	0.698556	32
16	0.662455	33
74	0.662455	34
63	0.658845	35
61	0.655235	36
7	0.651625	37
56	0.651625	38
12	0.640794	39
62	0.579422	40
67	0.575812	41
20	0.564982	42
4	0.564982	43
1	0.543321	44
58	0.521661	45
53	0.521661	46
66	0.518051	47
36	0.492780	48
3	0.489170	49
49	0.489170	50
2	0.463899	51
64	0.460289	52
65	0.431408	53
45	0.424188	54
75	0.402527	55
30	0.395307	56
11	0.391697	57
35	0.380866	58
48	0.366426	59
19	0.351986	60
57	0.279783	61
34	0.258123	62
60	0.254513	63
47	0.243682	64
23	0.171480	65
32	0.153430	66
29	0.149819	67
9	0.142599	68
10	0.138989	69
33	0.138989	70
8	0.135379	71
46	0.135379	72
59	0.135379	73
76	0.135379	74
26	0.135379	75
39	0.135379	76
