residue	score	rank
71	2.012111	1
51	2.008651	2
50	1.998270	3
69	1.953287	4
70	1.821799	5
6	1.721453	6
55	1.655709	7
68	1.441176	8
42	1.375433	9
54	1.340830	10
52	1.340830	11
43	1.330450	12
44	1.285467	13
22	1.219723	14
24	1.153979	15
72	1.112457	16
37	1.067474	17
40	1.046713	18
27	1.032872	19
18	0.967128	20
31	0.908304	21
73	0.877163	22
38	0.811419	23
28	0.790657	24
64	0.780277	25
63	0.773356	26
67	0.752595	27
21	0.749135	28
25	0.731834	29
12	0.721453	30
5	0.711073	31
66	0.704152	32
41	0.679931	33
53	0.659170	34
74	0.634948	35
13	0.628028	36
61	0.603806	37
65	0.596886	38
62	0.589965	39
7	0.586505	40
4	0.562284	41
14	0.548443	42
15	0.517301	43
56	0.513841	44
17	0.513841	45
36	0.510381	46
58	0.486159	47
16	0.486159	48
20	0.468858	49
3	0.461938	50
1	0.455017	51
49	0.434256	52
45	0.427336	53
11	0.413495	54
35	0.389273	55
75	0.385813	56
30	0.347751	57
8	0.344291	58
48	0.330450	59
2	0.313149	60
19	0.275087	61
34	0.257785	62
60	0.257785	63
47	0.226644	64
57	0.223183	65
32	0.181661	66
29	0.143599	67
9	0.136678	68
33	0.133218	69
39	0.129758	70
10	0.129758	71
23	0.129758	72
26	0.129758	73
46	0.129758	74
59	0.129758	75
76	0.129758	76
