residue	score	rank
69	2.289827	1
42	2.247601	2
51	2.009597	3
50	1.998081	4
55	1.813820	5
41	1.533589	6
6	1.502879	7
54	1.404990	8
40	1.389635	9
68	1.385797	10
22	1.366603	11
43	1.349328	12
52	1.287908	13
70	1.249520	14
72	1.234165	15
44	1.232246	16
5	1.180422	17
37	1.174664	18
18	1.138196	19
27	1.124760	20
24	1.071017	21
71	1.053743	22
31	1.038388	23
73	0.973129	24
28	0.923225	25
21	0.846449	26
13	0.834933	27
63	0.808061	28
67	0.796545	29
38	0.773512	30
25	0.746641	31
74	0.704415	32
61	0.696737	33
66	0.692898	34
7	0.689060	35
12	0.681382	36
62	0.681382	37
4	0.644914	38
53	0.639155	39
14	0.633397	40
65	0.612284	41
17	0.589251	42
15	0.583493	43
56	0.566219	44
36	0.558541	45
3	0.558541	46
64	0.556622	47
16	0.550864	48
20	0.523992	49
58	0.500960	50
1	0.485605	51
45	0.476008	52
75	0.428023	53
11	0.424184	54
35	0.424184	55
49	0.401152	56
48	0.360845	57
2	0.316699	58
19	0.309021	59
30	0.295585	60
47	0.247601	61
32	0.226488	62
60	0.224568	63
34	0.216891	64
57	0.176583	65
10	0.143954	66
46	0.143954	67
76	0.143954	68
29	0.142035	69
8	0.140115	70
9	0.136276	71
33	0.124760	72
59	0.115163	73
39	0.113244	74
23	0.051823	75
26	0.000000	76
