residue	score	rank
51	2.016514	1
50	1.994495	2
69	1.946789	3
70	1.921101	4
55	1.836697	5
71	1.836697	6
6	1.495413	7
54	1.480734	8
40	1.469725	9
43	1.366972	10
22	1.337615	11
42	1.337615	12
44	1.315596	13
52	1.311927	14
68	1.311927	15
24	1.231193	16
5	1.209174	17
72	1.179817	18
27	1.165138	19
18	1.143119	20
37	1.139450	21
31	1.000000	22
73	0.930275	23
28	0.856881	24
21	0.838532	25
25	0.798165	26
13	0.757798	27
38	0.688073	28
12	0.677064	29
74	0.673394	30
61	0.673394	31
14	0.669725	32
15	0.644037	33
41	0.640367	34
67	0.636697	35
7	0.633028	36
56	0.629358	37
62	0.629358	38
17	0.625688	39
4	0.607339	40
66	0.596330	41
16	0.588991	42
63	0.541284	43
3	0.537615	44
36	0.530275	45
20	0.519266	46
58	0.519266	47
65	0.508257	48
1	0.497248	49
53	0.489908	50
49	0.471560	51
45	0.449541	52
2	0.442202	53
11	0.427523	54
75	0.409174	55
35	0.405505	56
8	0.376147	57
30	0.372477	58
48	0.354128	59
19	0.346789	60
64	0.321101	61
23	0.310092	62
57	0.284404	63
34	0.269725	64
47	0.236697	65
60	0.233028	66
32	0.192661	67
10	0.170642	68
9	0.144954	69
29	0.144954	70
33	0.141284	71
26	0.137615	72
39	0.137615	73
46	0.137615	74
59	0.137615	75
76	0.137615	76
