residue	score	rank
71	2.012090	1
51	2.008636	2
50	1.998273	3
69	1.953368	4
70	1.822107	5
6	1.721934	6
55	1.656304	7
68	1.438687	8
42	1.373057	9
54	1.341969	10
52	1.338515	11
43	1.328152	12
44	1.286701	13
22	1.214162	14
24	1.151986	15
72	1.110535	16
37	1.069085	17
40	1.048359	18
27	1.031088	19
18	0.962003	20
31	0.903282	21
73	0.875648	22
38	0.810017	23
28	0.785838	24
64	0.775475	25
63	0.768566	26
67	0.747841	27
21	0.744387	28
25	0.727116	29
12	0.723661	30
5	0.709845	31
66	0.699482	32
41	0.678756	33
53	0.658031	34
74	0.633851	35
13	0.630397	36
61	0.599309	37
65	0.592401	38
7	0.585492	39
62	0.585492	40
4	0.561313	41
14	0.550950	42
15	0.516408	43
36	0.512953	44
56	0.512953	45
17	0.509499	46
58	0.488774	47
16	0.481865	48
20	0.468048	49
3	0.461140	50
1	0.454231	51
49	0.433506	52
45	0.426598	53
11	0.412781	54
35	0.388601	55
75	0.385147	56
30	0.347150	57
8	0.343696	58
48	0.329879	59
2	0.312608	60
19	0.274611	61
34	0.257340	62
60	0.257340	63
47	0.226252	64
57	0.222798	65
32	0.181347	66
29	0.143351	67
9	0.136442	68
33	0.132988	69
10	0.129534	70
23	0.129534	71
26	0.129534	72
39	0.129534	73
46	0.129534	74
59	0.129534	75
76	0.129534	76
