residue	score	rank
69	2.121870	1
51	2.005008	2
50	2.001669	3
42	1.991653	4
43	1.924875	5
22	1.684474	6
18	1.340568	7
52	1.290484	8
55	1.257095	9
41	1.243740	10
21	1.190317	11
70	1.186978	12
37	1.173623	13
36	1.153589	14
40	1.140234	15
71	1.080134	16
72	1.073456	17
68	1.060100	18
24	0.976628	19
25	0.949917	20
54	0.899833	21
6	0.896494	22
44	0.869783	23
67	0.846411	24
73	0.846411	25
7	0.796327	26
66	0.796327	27
2	0.789649	28
12	0.759599	29
13	0.726210	30
15	0.699499	31
14	0.682805	32
17	0.669449	33
65	0.666110	34
16	0.662771	35
64	0.662771	36
30	0.649416	37
1	0.636060	38
27	0.619366	39
74	0.612688	40
34	0.575960	41
63	0.519199	42
23	0.512521	43
28	0.505843	44
31	0.472454	45
58	0.455760	46
61	0.435726	47
49	0.435726	48
62	0.425710	49
5	0.405676	50
45	0.402337	51
4	0.398998	52
56	0.388982	53
3	0.375626	54
75	0.372287	55
19	0.352254	56
26	0.348915	57
11	0.328881	58
48	0.328881	59
8	0.295492	60
57	0.292154	61
29	0.285476	62
20	0.278798	63
35	0.235392	64
10	0.232053	65
60	0.148581	66
39	0.145242	67
33	0.128548	68
32	0.128548	69
9	0.125209	70
38	0.125209	71
46	0.125209	72
47	0.125209	73
53	0.125209	74
59	0.125209	75
76	0.125209	76
