residue	score	rank
71	2.043478	1
69	2.019130	2
51	2.008696	3
50	1.998261	4
70	1.852174	5
6	1.800000	6
55	1.653913	7
68	1.427826	8
42	1.420870	9
54	1.379130	10
52	1.358261	11
43	1.340870	12
44	1.278261	13
5	1.264348	14
24	1.191304	15
22	1.163478	16
72	1.118261	17
27	1.111304	18
37	1.090435	19
40	1.073043	20
18	0.944348	21
73	0.881739	22
38	0.871304	23
31	0.850435	24
21	0.728696	25
64	0.725217	26
41	0.721739	27
67	0.721739	28
63	0.721739	29
28	0.714783	30
66	0.673043	31
13	0.655652	32
25	0.645217	33
74	0.638261	34
4	0.596522	35
61	0.593043	36
7	0.586087	37
62	0.579130	38
14	0.575652	39
65	0.561739	40
15	0.523478	41
36	0.516522	42
56	0.506087	43
3	0.492174	44
17	0.488696	45
58	0.488696	46
53	0.474783	47
16	0.467826	48
20	0.467826	49
1	0.453913	50
49	0.433043	51
45	0.429565	52
30	0.419130	53
11	0.415652	54
35	0.394783	55
75	0.387826	56
2	0.363478	57
8	0.346087	58
23	0.346087	59
48	0.332174	60
19	0.276522	61
34	0.259130	62
60	0.259130	63
12	0.248696	64
47	0.227826	65
57	0.224348	66
32	0.147826	67
9	0.140870	68
29	0.137391	69
33	0.133913	70
10	0.130435	71
26	0.130435	72
39	0.130435	73
46	0.130435	74
59	0.130435	75
76	0.130435	76
