residue	score	rank
69	2.560241	1
42	2.471888	2
50	2.014056	3
51	2.010040	4
68	1.853414	5
41	1.720884	6
55	1.592369	7
40	1.508032	8
22	1.495984	9
43	1.483936	10
52	1.471888	11
70	1.379518	12
6	1.375502	13
44	1.323293	14
37	1.307229	15
72	1.291165	16
66	1.283133	17
67	1.275100	18
71	1.214859	19
54	1.202811	20
5	1.150602	21
24	1.130522	22
27	1.126506	23
65	1.126506	24
31	1.122490	25
63	1.118474	26
18	1.114458	27
64	1.054217	28
73	1.018072	29
21	0.953815	30
28	0.925703	31
25	0.861446	32
13	0.793173	33
62	0.765060	34
74	0.736948	35
61	0.732932	36
7	0.724900	37
38	0.720884	38
12	0.712851	39
14	0.692771	40
15	0.652610	41
1	0.632530	42
36	0.608434	43
17	0.600402	44
16	0.536145	45
56	0.516064	46
45	0.512048	47
58	0.495984	48
2	0.479920	49
49	0.475904	50
23	0.463855	51
35	0.459839	52
53	0.459839	53
75	0.447791	54
4	0.443775	55
11	0.439759	56
20	0.395582	57
30	0.371486	58
48	0.367470	59
60	0.339357	60
3	0.331325	61
19	0.319277	62
34	0.299197	63
47	0.251004	64
57	0.251004	65
32	0.246988	66
29	0.166667	67
33	0.154618	68
9	0.154618	69
10	0.154618	70
26	0.150602	71
39	0.150602	72
59	0.150602	73
76	0.150602	74
8	0.150602	75
46	0.150602	76
