residue	score	rank
68	2.915000	1
42	2.605000	2
44	2.198333	3
43	2.045000	4
54	1.995000	5
6	1.981667	6
41	1.965000	7
55	1.885000	8
37	1.861667	9
36	1.838333	10
40	1.801667	11
49	1.745000	12
5	1.721667	13
51	1.705000	14
50	1.698333	15
23	1.585000	16
70	1.505000	17
31	1.465000	18
71	1.291667	19
13	1.235000	20
14	1.158333	21
25	1.121667	22
72	1.071667	23
15	1.061667	24
28	1.008333	25
67	0.958333	26
69	0.878333	27
66	0.868333	28
73	0.845000	29
58	0.805000	30
19	0.798333	31
56	0.795000	32
52	0.758333	33
18	0.755000	34
17	0.745000	35
16	0.698333	36
30	0.698333	37
35	0.668333	38
59	0.668333	39
60	0.621667	40
45	0.618333	41
74	0.611667	42
7	0.601667	43
12	0.601667	44
2	0.468333	45
61	0.468333	46
63	0.448333	47
29	0.421667	48
62	0.421667	49
65	0.411667	50
64	0.398333	51
4	0.395000	52
47	0.371667	53
75	0.371667	54
11	0.365000	55
48	0.341667	56
57	0.325000	57
24	0.308333	58
22	0.305000	59
34	0.291667	60
27	0.288333	61
32	0.201667	62
3	0.165000	63
21	0.145000	64
8	0.128333	65
10	0.128333	66
33	0.128333	67
9	0.125000	68
20	0.125000	69
26	0.125000	70
39	0.125000	71
46	0.125000	72
76	0.125000	73
1	0.125000	74
38	0.125000	75
53	0.125000	76
