residue	score	rank
69	2.630802	1
22	2.179325	2
70	2.044304	3
51	2.023207	4
50	1.989451	5
71	1.934599	6
43	1.732068	7
18	1.677215	8
40	1.563291	9
21	1.542194	10
55	1.487342	11
42	1.483122	12
24	1.462025	13
27	1.381857	14
72	1.356540	15
52	1.301688	16
37	1.242616	17
6	1.229958	18
68	1.191983	19
44	1.149789	20
73	1.069620	21
25	1.048523	22
13	1.018987	23
54	1.014768	24
15	0.938819	25
28	0.938819	26
31	0.934599	27
12	0.934599	28
14	0.934599	29
2	0.930380	30
7	0.896624	31
5	0.888186	32
1	0.883966	33
17	0.829114	34
16	0.803797	35
41	0.803797	36
38	0.795359	37
67	0.782700	38
74	0.774262	39
66	0.757384	40
63	0.748945	41
4	0.744726	42
36	0.710970	43
64	0.698312	44
65	0.672996	45
3	0.664557	46
61	0.643460	47
62	0.635021	48
35	0.580169	49
49	0.550633	50
58	0.546414	51
30	0.516878	52
10	0.512658	53
45	0.508439	54
23	0.495781	55
56	0.491561	56
75	0.470464	57
11	0.462025	58
39	0.453586	59
48	0.415612	60
19	0.394515	61
20	0.352321	62
57	0.327004	63
34	0.301688	64
47	0.276371	65
60	0.267932	66
32	0.179325	67
29	0.175105	68
26	0.162447	69
33	0.162447	70
8	0.158228	71
9	0.158228	72
46	0.158228	73
59	0.158228	74
76	0.158228	75
53	0.158228	76
