residue	score	rank
42	2.247601	1
69	2.120921	2
51	2.009597	3
50	1.998081	4
55	1.721689	5
41	1.305182	6
6	1.268714	7
70	1.249520	8
52	1.236084	9
54	1.218810	10
68	1.120921	11
37	1.107486	12
22	1.099808	13
40	1.078695	14
71	1.053743	15
72	1.042226	16
5	1.042226	17
43	0.994242	18
73	0.973129	19
44	0.969290	20
24	0.911708	21
18	0.865643	22
27	0.857965	23
21	0.769674	24
25	0.746641	25
67	0.740883	26
74	0.704415	27
66	0.692898	28
28	0.681382	29
62	0.681382	30
14	0.633397	31
13	0.616123	32
65	0.612284	33
63	0.610365	34
31	0.608445	35
17	0.589251	36
15	0.583493	37
61	0.583493	38
4	0.575816	39
56	0.566219	40
64	0.556622	41
16	0.550864	42
12	0.531670	43
36	0.497121	44
38	0.368522	45
53	0.345489	46
7	0.305182	47
3	0.299424	48
75	0.284069	49
11	0.280230	50
58	0.274472	51
45	0.249520	52
1	0.230326	53
49	0.230326	54
35	0.214971	55
20	0.211132	56
2	0.000000	57
8	0.000000	58
9	0.000000	59
10	0.000000	60
19	0.000000	61
23	0.000000	62
26	0.000000	63
29	0.000000	64
30	0.000000	65
32	0.000000	66
33	0.000000	67
34	0.000000	68
39	0.000000	69
46	0.000000	70
47	0.000000	71
48	0.000000	72
57	0.000000	73
59	0.000000	74
60	0.000000	75
76	0.000000	76
