residue	score	rank
69	2.522541	1
42	2.391393	2
51	2.010246	3
50	2.002049	4
55	1.776639	5
41	1.706967	6
68	1.637295	7
6	1.596311	8
40	1.584016	9
22	1.510246	10
43	1.415984	11
54	1.362705	12
44	1.350410	13
70	1.334016	14
52	1.334016	15
72	1.317623	16
5	1.317623	17
37	1.313525	18
27	1.243852	19
24	1.239754	20
18	1.182377	21
71	1.178279	22
31	1.153689	23
66	1.129098	24
67	1.051230	25
63	1.038934	26
73	1.038934	27
65	0.977459	28
28	0.956967	29
64	0.924180	30
25	0.915984	31
21	0.911885	32
13	0.854508	33
38	0.834016	34
62	0.760246	35
74	0.752049	36
14	0.743852	37
61	0.743852	38
7	0.735656	39
12	0.727459	40
15	0.706967	41
17	0.649590	42
16	0.616803	43
36	0.604508	44
1	0.596311	45
56	0.567623	46
58	0.538934	47
45	0.522541	48
4	0.510246	49
20	0.510246	50
49	0.489754	51
35	0.461066	52
2	0.456967	53
53	0.456967	54
75	0.456967	55
11	0.452869	56
8	0.444672	57
3	0.399590	58
30	0.383197	59
48	0.375000	60
19	0.354508	61
23	0.342213	62
60	0.313525	63
34	0.305328	64
57	0.284836	65
47	0.256148	66
32	0.252049	67
29	0.170082	68
10	0.161885	69
9	0.157787	70
33	0.157787	71
26	0.153689	72
46	0.153689	73
59	0.153689	74
76	0.153689	75
39	0.153689	76
