node,label,x,y,z,size
0,LEU50,28.315,39.09,30.106,1.0
1,GLU51,24.55,38.97,29.398,1.0
2,GLN41,27.268,31.5,38.262,0.790787
3,ARG42,28.875,34.972,37.293,0.790787
4,ARG54,23.805,36.912,24.039,0.677543
5,THR55,25.925,34.845,21.791,0.677543
