residue	score	rank
38	1.999307	1
39	1.999307	2
37	1.996537	3
40	1.996537	4
36	1.990997	5
41	1.990997	6
35	1.982687	7
42	1.982687	8
34	1.971607	9
43	1.971607	10
33	1.957756	11
44	1.957756	12
32	1.941136	13
45	1.941136	14
31	1.921745	15
46	1.921745	16
30	1.899584	17
47	1.899584	18
29	1.874654	19
48	1.874654	20
28	1.846953	21
49	1.846953	22
27	1.816482	23
50	1.816482	24
26	1.783241	25
51	1.783241	26
25	1.747230	27
52	1.747230	28
24	1.708449	29
53	1.708449	30
23	1.666898	31
54	1.666898	32
22	1.622576	33
55	1.622576	34
21	1.575485	35
56	1.575485	36
20	1.525623	37
57	1.525623	38
19	1.472992	39
58	1.472992	40
18	1.417590	41
59	1.417590	42
17	1.359418	43
60	1.359418	44
16	1.298476	45
61	1.298476	46
15	1.234765	47
62	1.234765	48
14	1.168283	49
63	1.168283	50
13	1.099030	51
64	1.099030	52
12	1.027008	53
65	1.027008	54
11	0.952216	55
66	0.952216	56
10	0.874654	57
67	0.874654	58
9	0.794321	59
68	0.794321	60
8	0.711219	61
69	0.711219	62
7	0.625346	63
70	0.625346	64
6	0.536704	65
71	0.536704	66
5	0.445291	67
72	0.445291	68
4	0.351108	69
73	0.351108	70
3	0.254155	71
74	0.254155	72
2	0.154432	73
75	0.154432	74
1	0.051939	75
76	0.051939	76
