i	j	score	corr
38	39	1.000000	0.841000
37	38	0.999307	0.866000
39	40	0.999307	0.763000
36	37	0.997230	0.834000
40	41	0.997230	0.835000
35	36	0.993767	0.890000
41	42	0.993767	0.783000
34	35	0.988920	0.883000
42	43	0.988920	0.813000
33	34	0.982687	0.849000
43	44	0.982687	0.809000
32	33	0.975069	0.858000
44	45	0.975069	0.779000
31	32	0.966066	0.859000
45	46	0.966066	0.703000
30	31	0.955679	0.865000
46	47	0.955679	0.755000
29	30	0.943906	0.827000
47	48	0.943906	0.739000
28	29	0.930748	0.798000
48	49	0.930748	0.763000
27	28	0.916205	0.860000
49	50	0.916205	0.786000
26	27	0.900277	0.748000
50	51	0.900277	0.831000
25	26	0.882964	0.756000
51	52	0.882964	0.855000
24	25	0.864266	0.819000
52	53	0.864266	0.837000
23	24	0.844183	0.835000
53	54	0.844183	0.848000
22	23	0.822715	0.755000
54	55	0.822715	0.822000
21	22	0.799861	0.731000
55	56	0.799861	0.798000
20	21	0.775623	0.795000
56	57	0.775623	0.831000
19	20	0.750000	0.777000
57	58	0.750000	0.857000
18	19	0.722992	0.762000
58	59	0.722992	0.840000
17	18	0.694598	0.778000
59	60	0.694598	0.820000
16	17	0.664820	0.715000
60	61	0.664820	0.823000
15	16	0.633657	0.692000
61	62	0.633657	0.778000
14	15	0.601108	0.757000
62	63	0.601108	0.782000
13	14	0.567175	0.774000
63	64	0.567175	0.816000
12	13	0.531856	0.797000
64	65	0.531856	0.785000
11	12	0.495152	0.766000
65	66	0.495152	0.698000
10	11	0.457064	0.671000
66	67	0.457064	0.704000
9	10	0.417590	0.323000
67	68	0.417590	0.706000
8	9	0.376731	0.667000
68	69	0.376731	0.838000
7	8	0.334488	0.701000
69	70	0.334488	0.826000
6	7	0.290859	0.650000
70	71	0.290859	0.777000
5	6	0.245845	0.813000
71	72	0.245845	0.750000
4	5	0.199446	0.659000
72	73	0.199446	0.534000
3	4	0.151662	0.692000
73	74	0.151662	0.375000
2	3	0.102493	0.683000
74	75	0.102493	0.829000
1	2	0.051939	0.793000
75	76	0.051939	0.902000
