residue	score	rank
69	2.633681	1
51	2.008681	2
50	1.998264	3
6	1.789931	4
55	1.553819	5
68	1.484375	6
41	1.470486	7
42	1.453125	8
22	1.439236	9
38	1.407986	10
71	1.380208	11
54	1.307292	12
44	1.251736	13
70	1.192708	14
43	1.185764	15
24	1.178819	16
27	1.161458	17
18	1.116319	18
72	1.116319	19
37	1.022569	20
52	0.928819	21
73	0.880208	22
21	0.848958	23
28	0.789931	24
5	0.762153	25
12	0.730903	26
67	0.706597	27
25	0.689236	28
64	0.689236	29
66	0.664931	30
31	0.647569	31
74	0.637153	32
4	0.630208	33
36	0.626736	34
13	0.626736	35
1	0.623264	36
2	0.567708	37
14	0.553819	38
7	0.550347	39
65	0.546875	40
3	0.526042	41
63	0.526042	42
15	0.515625	43
17	0.512153	44
35	0.505208	45
58	0.501736	46
16	0.480903	47
20	0.463542	48
11	0.453125	49
61	0.449653	50
49	0.449653	51
62	0.435764	52
45	0.418403	53
56	0.401042	54
75	0.387153	55
40	0.369792	56
48	0.342014	57
30	0.321181	58
8	0.307292	59
19	0.296875	60
34	0.258681	61
57	0.230903	62
47	0.227431	63
53	0.223958	64
60	0.199653	65
23	0.161458	66
32	0.151042	67
9	0.137153	68
29	0.137153	69
33	0.133681	70
10	0.130208	71
39	0.130208	72
76	0.130208	73
26	0.130208	74
46	0.130208	75
59	0.130208	76
