residue	score	rank
51	2.009597	1
42	1.911708	2
50	1.460653	3
41	1.305182	4
54	1.218810	5
69	1.128599	6
40	1.078695	7
71	1.053743	8
72	1.042226	9
6	1.017274	10
43	0.994242	11
73	0.973129	12
24	0.911708	13
52	0.890595	14
22	0.861804	15
55	0.677543	16
37	0.564299	17
70	0.564299	18
27	0.489443	19
5	0.476008	20
21	0.449136	21
74	0.420345	22
25	0.412668	23
44	0.412668	24
68	0.412668	25
1	0.000000	26
2	0.000000	27
3	0.000000	28
4	0.000000	29
7	0.000000	30
8	0.000000	31
9	0.000000	32
10	0.000000	33
11	0.000000	34
12	0.000000	35
13	0.000000	36
14	0.000000	37
15	0.000000	38
16	0.000000	39
17	0.000000	40
18	0.000000	41
19	0.000000	42
20	0.000000	43
23	0.000000	44
26	0.000000	45
28	0.000000	46
29	0.000000	47
30	0.000000	48
31	0.000000	49
32	0.000000	50
33	0.000000	51
34	0.000000	52
35	0.000000	53
36	0.000000	54
38	0.000000	55
39	0.000000	56
45	0.000000	57
46	0.000000	58
47	0.000000	59
48	0.000000	60
49	0.000000	61
53	0.000000	62
56	0.000000	63
57	0.000000	64
58	0.000000	65
59	0.000000	66
60	0.000000	67
61	0.000000	68
62	0.000000	69
63	0.000000	70
64	0.000000	71
65	0.000000	72
66	0.000000	73
67	0.000000	74
75	0.000000	75
76	0.000000	76
