node1,node2,x,y,z,size
LEU50,GLU51,26.4325,39.03,29.752000000000002,1.0
GLN41,ARG42,28.0715,33.236000000000004,37.7775,0.790787
ARG54,THR55,24.865000000000002,35.8785,22.915,0.677543
ARG42,LEU69,31.5175,33.7965,36.951499999999996,0.587332
PRO37,GLN40,24.3845,28.536,40.5135,0.564299
VAL70,LEU71,31.7845,32.850500000000004,41.049,0.564299
ARG72,LEU73,27.573999999999998,32.635,46.087,0.552783
LYS6,LEU69,36.5535,31.377000000000002,35.5285,0.541267
GLU51,ARG54,24.177500000000002,37.941,26.7185,0.541267
ARG42,LEU43,29.8475,35.1145,35.6995,0.533589
GLN40,GLN41,26.1425,31.213,39.8395,0.514395
GLU24,LYS27,24.9225,29.670499999999997,30.7225,0.489443
LEU71,ARG72,29.179499999999997,32.647,43.2595,0.489443
VAL5,LYS6,37.637,29.7625,33.1025,0.476008
GLU51,ASP52,23.6615,37.287,29.461,0.46833
LEU43,LEU50,29.567500000000003,37.173500000000004,32.106,0.460653
