residue	score	rank
41	2.237410	1
69	2.223022	2
50	2.011990	3
51	2.011990	4
68	1.983213	5
54	1.815348	6
24	1.748201	7
44	1.609113	8
27	1.426859	9
22	1.402878	10
43	1.398082	11
40	1.354916	12
55	1.345324	13
13	1.268585	14
5	1.254197	15
6	1.244604	16
67	1.182254	17
18	1.167866	18
21	1.095923	19
66	1.071942	20
28	1.067146	21
52	1.004796	22
65	0.971223	23
53	0.923261	24
14	0.899281	25
12	0.894484	26
74	0.870504	27
70	0.856115	28
62	0.851319	29
61	0.846523	30
4	0.827338	31
36	0.822542	32
71	0.760192	33
30	0.755396	34
64	0.750600	35
15	0.693046	36
35	0.654676	37
31	0.649880	38
56	0.649880	39
58	0.640288	40
17	0.621103	41
42	0.621103	42
16	0.597122	43
63	0.577938	44
11	0.563549	45
25	0.558753	46
75	0.534772	47
49	0.529976	48
72	0.520384	49
1	0.515588	50
20	0.496403	51
8	0.453237	52
34	0.429257	53
2	0.429257	54
45	0.419664	55
3	0.400480	56
60	0.400480	57
48	0.395683	58
19	0.390887	59
57	0.333333	60
38	0.318945	61
32	0.304556	62
37	0.290168	63
47	0.290168	64
7	0.275779	65
29	0.237410	66
33	0.223022	67
9	0.189448	68
23	0.184652	69
59	0.179856	70
73	0.179856	71
10	0.179856	72
26	0.179856	73
39	0.179856	74
46	0.179856	75
76	0.179856	76
