residue	score	rank
50	2.022796	1
51	2.001520	2
43	1.949848	3
6	1.752280	4
68	1.572948	5
22	1.490881	6
69	1.478723	7
25	1.463526	8
52	1.335866	9
70	1.305471	10
38	1.278116	11
28	1.253799	12
55	1.202128	13
41	1.189970	14
18	1.059271	15
37	1.037994	16
42	1.016717	17
40	1.013678	18
72	0.977204	19
16	0.928571	20
21	0.913374	21
17	0.904255	22
24	0.892097	23
39	0.876900	24
44	0.861702	25
36	0.840426	26
14	0.813070	27
15	0.797872	28
54	0.779635	29
73	0.770517	30
67	0.752280	31
13	0.737082	32
12	0.715805	33
66	0.709726	34
35	0.642857	35
65	0.600304	36
63	0.579027	37
64	0.575988	38
74	0.557751	39
5	0.539514	40
71	0.524316	41
7	0.509119	42
62	0.496960	43
61	0.493921	44
45	0.463526	45
4	0.430091	46
56	0.411854	47
58	0.402736	48
23	0.372340	49
11	0.369301	50
75	0.338906	51
19	0.326748	52
2	0.317629	53
3	0.284195	54
49	0.284195	55
57	0.253799	56
31	0.238602	57
27	0.226444	58
34	0.226444	59
48	0.202128	60
60	0.186930	61
20	0.183891	62
10	0.156535	63
1	0.150456	64
32	0.135258	65
9	0.117021	66
47	0.117021	67
8	0.113982	68
26	0.113982	69
29	0.113982	70
30	0.113982	71
33	0.113982	72
46	0.113982	73
53	0.113982	74
59	0.113982	75
76	0.113982	76
