residue	score	rank
71	2.188581	1
51	2.015571	2
50	1.998270	3
70	1.984429	4
55	1.807958	5
69	1.759516	6
54	1.693772	7
43	1.465398	8
52	1.451557	9
40	1.441176	10
6	1.375433	11
24	1.371972	12
27	1.271626	13
44	1.240484	14
42	1.212803	15
68	1.174740	16
72	1.112457	17
5	1.098616	18
37	1.098616	19
18	1.019031	20
22	1.012111	21
31	0.915225	22
73	0.877163	23
21	0.787197	24
13	0.769896	25
56	0.756055	26
28	0.745675	27
61	0.721453	28
53	0.721453	29
14	0.717993	30
23	0.700692	31
15	0.697232	32
16	0.662630	33
62	0.662630	34
12	0.645329	35
74	0.634948	36
17	0.603806	37
66	0.600346	38
7	0.589965	39
67	0.589965	40
38	0.534602	41
63	0.520761	42
45	0.510381	43
58	0.503460	44
65	0.503460	45
36	0.489619	46
1	0.486159	47
41	0.475779	48
30	0.423875	49
4	0.413495	50
11	0.410035	51
64	0.396194	52
25	0.389273	53
20	0.385813	54
75	0.385813	55
3	0.378893	56
35	0.375433	57
49	0.358131	58
8	0.347751	59
2	0.285467	60
19	0.282007	61
34	0.250865	62
60	0.250865	63
48	0.247405	64
57	0.226644	65
10	0.167820	66
32	0.147059	67
9	0.136678	68
29	0.136678	69
47	0.136678	70
33	0.133218	71
26	0.129758	72
39	0.129758	73
46	0.129758	74
59	0.129758	75
76	0.129758	76
