residue	score	rank
68	2.239389	1
42	2.212224	2
50	2.018676	3
51	1.998302	4
69	1.808149	5
22	1.651952	6
40	1.543294	7
43	1.529711	8
41	1.461800	9
21	1.342954	10
44	1.342954	11
71	1.315789	12
18	1.308998	13
52	1.288625	14
37	1.210526	15
70	1.186757	16
6	1.142615	17
55	1.095076	18
72	1.091681	19
23	1.047538	20
49	0.986418	21
12	0.935484	22
54	0.911715	23
63	0.898132	24
1	0.864177	25
73	0.860781	26
31	0.816638	27
28	0.806452	28
67	0.786078	29
5	0.775891	30
24	0.769100	31
66	0.762309	32
25	0.707980	33
65	0.684211	34
3	0.677419	35
27	0.663837	36
4	0.657046	37
58	0.643463	38
74	0.623090	39
7	0.612903	40
17	0.575552	41
36	0.561969	42
16	0.473684	43
48	0.466893	44
14	0.463497	45
13	0.460102	46
15	0.449915	47
35	0.426146	48
2	0.412564	49
38	0.405772	50
62	0.382003	51
75	0.378608	52
8	0.375212	53
11	0.368421	54
61	0.341256	55
64	0.331070	56
19	0.327674	57
56	0.324278	58
30	0.314092	59
34	0.280136	60
45	0.276740	61
53	0.273345	62
20	0.266553	63
57	0.266553	64
32	0.225806	65
47	0.225806	66
60	0.164686	67
29	0.134126	68
10	0.130730	69
33	0.130730	70
9	0.127334	71
46	0.127334	72
76	0.127334	73
26	0.127334	74
39	0.127334	75
59	0.127334	76
