Window1,Window2,Spectral_Euclidean,Spectral_Wasserstein
201-300,301-400,0.111624,0.011360
201-300,401-500,0.080348,0.008791
201-300,501-600,0.085868,0.010113
301-400,401-500,0.097551,0.010002
301-400,501-600,0.118517,0.011991
401-500,501-600,0.079210,0.009313
