residue	score	rank
42	2.710046	1
69	2.490868	2
22	2.326484	3
38	2.148402	4
43	2.148402	5
51	2.015982	6
50	2.011416	7
70	1.842466	8
41	1.801370	9
18	1.691781	10
55	1.664384	11
6	1.614155	12
21	1.577626	13
71	1.550228	14
37	1.531963	15
27	1.518265	16
72	1.468037	17
68	1.340183	18
24	1.317352	19
73	1.157534	20
44	1.148402	21
52	1.143836	22
54	1.139269	23
39	1.116438	24
40	1.061644	25
2	1.052511	26
67	1.047945	27
25	1.038813	28
66	1.015982	29
31	0.993151	30
5	0.970320	31
4	0.897260	32
3	0.865297	33
74	0.837900	34
1	0.824201	35
12	0.824201	36
65	0.819635	37
17	0.801370	38
16	0.760274	39
13	0.746575	40
7	0.710046	41
36	0.710046	42
14	0.682648	43
15	0.646119	44
28	0.618721	45
56	0.605023	46
61	0.605023	47
45	0.586758	48
62	0.586758	49
8	0.573059	50
23	0.573059	51
57	0.568493	52
49	0.536530	53
64	0.531963	54
30	0.522831	55
75	0.509132	56
19	0.454338	57
63	0.449772	58
58	0.440639	59
26	0.431507	60
48	0.413242	61
34	0.353881	62
20	0.308219	63
29	0.299087	64
11	0.262557	65
60	0.262557	66
10	0.216895	67
32	0.189498	68
33	0.175799	69
9	0.171233	70
35	0.171233	71
46	0.171233	72
47	0.171233	73
53	0.171233	74
59	0.171233	75
76	0.171233	76
