i	j	score	corr
50	51	1.000000	0.831000
