residue	score	rank
69	2.192374	1
42	2.143847	2
51	2.005199	3
50	1.998267	4
43	1.949740	5
22	1.762565	6
41	1.391681	7
18	1.353553	8
55	1.277296	9
52	1.273830	10
37	1.266898	11
39	1.246101	12
21	1.242634	13
36	1.239168	14
70	1.235702	15
25	1.197574	16
72	1.114385	17
68	1.110919	18
71	1.086655	19
6	0.954939	20
54	0.906412	21
67	0.892548	22
73	0.878683	23
2	0.857886	24
66	0.854419	25
44	0.833622	26
7	0.792028	27
12	0.778163	28
13	0.743501	29
64	0.740035	30
65	0.733102	31
24	0.729636	32
15	0.715771	33
14	0.701906	34
30	0.677643	35
17	0.663778	36
1	0.656846	37
16	0.656846	38
74	0.636049	39
34	0.608319	40
63	0.608319	41
26	0.590988	42
29	0.532062	43
23	0.532062	44
61	0.514731	45
62	0.507799	46
28	0.504333	47
31	0.497400	48
58	0.448873	49
49	0.445407	50
5	0.441941	51
4	0.428076	52
45	0.421144	53
40	0.414211	54
56	0.403813	55
3	0.400347	56
75	0.386482	57
27	0.369151	58
48	0.337955	59
11	0.327556	60
19	0.324090	61
8	0.313692	62
20	0.285962	63
57	0.261698	64
35	0.244367	65
10	0.233969	66
60	0.168111	67
32	0.133449	68
33	0.133449	69
9	0.129983	70
38	0.129983	71
46	0.129983	72
47	0.129983	73
53	0.129983	74
59	0.129983	75
76	0.129983	76
