residue	score	rank
69	2.289272	1
42	2.243295	2
51	2.009579	3
50	1.998084	4
55	1.825670	5
41	1.542146	6
6	1.503831	7
40	1.434866	8
22	1.415709	9
54	1.411877	10
68	1.400383	11
43	1.396552	12
52	1.289272	13
44	1.262452	14
70	1.247126	15
72	1.231801	16
5	1.216475	17
27	1.197318	18
24	1.193487	19
37	1.185824	20
18	1.132184	21
71	1.101533	22
31	1.078544	23
73	0.971264	24
28	0.932950	25
25	0.863985	26
21	0.856322	27
63	0.833333	28
13	0.833333	29
67	0.810345	30
38	0.775862	31
66	0.741379	32
4	0.703065	33
74	0.703065	34
61	0.695402	35
12	0.691571	36
7	0.687739	37
62	0.680077	38
14	0.649425	39
53	0.637931	40
15	0.614943	41
65	0.614943	42
64	0.611111	43
17	0.607280	44
56	0.595785	45
3	0.588123	46
16	0.580460	47
36	0.553640	48
58	0.545977	49
20	0.522989	50
1	0.519157	51
45	0.477011	52
49	0.477011	53
75	0.427203	54
11	0.423372	55
35	0.423372	56
2	0.408046	57
48	0.362069	58
30	0.350575	59
19	0.331418	60
60	0.293103	61
34	0.281609	62
57	0.266284	63
47	0.247126	64
32	0.239464	65
29	0.159004	66
10	0.151341	67
9	0.147510	68
33	0.147510	69
8	0.143678	70
26	0.143678	71
39	0.143678	72
46	0.143678	73
59	0.143678	74
76	0.143678	75
23	0.143678	76
