residue	score	rank
42	2.693735	1
69	2.591647	2
22	2.331787	3
38	2.160093	4
43	2.150812	5
50	2.011601	6
51	2.011601	7
70	1.863109	8
41	1.816705	9
18	1.672854	10
6	1.631090	11
27	1.626450	12
55	1.580046	13
71	1.575406	14
21	1.547564	15
37	1.519722	16
72	1.491879	17
68	1.422274	18
24	1.357309	19
52	1.241299	20
73	1.176334	21
44	1.143852	22
67	1.139211	23
39	1.134571	24
31	1.111369	25
66	1.097448	26
40	1.078886	27
54	1.055684	28
5	1.046404	29
2	1.037123	30
25	1.018561	31
4	1.009281	32
3	0.939675	33
28	0.893271	34
65	0.874710	35
12	0.856148	36
64	0.851508	37
74	0.851508	38
1	0.842227	39
16	0.791183	40
17	0.791183	41
63	0.754060	42
7	0.726218	43
13	0.707657	44
36	0.703016	45
56	0.661253	46
61	0.647332	47
62	0.628770	48
14	0.614849	49
23	0.600928	50
45	0.596288	51
15	0.591647	52
8	0.573086	53
30	0.549884	54
49	0.549884	55
58	0.540603	56
19	0.522042	57
75	0.517401	58
48	0.424594	59
57	0.387471	60
34	0.345708	61
11	0.313225	62
20	0.313225	63
60	0.266821	64
10	0.229698	65
29	0.197216	66
32	0.197216	67
26	0.183295	68
33	0.178654	69
59	0.174014	70
76	0.174014	71
9	0.174014	72
35	0.174014	73
46	0.174014	74
47	0.174014	75
53	0.174014	76
