residue	score	rank
42	2.058528	1
51	2.005017	2
69	2.001672	3
50	1.998328	4
43	1.951505	5
22	1.861204	6
52	1.389632	7
21	1.349498	8
18	1.306020	9
41	1.306020	10
70	1.292642	11
37	1.192308	12
36	1.172241	13
39	1.168896	14
55	1.135452	15
72	1.075251	16
71	1.055184	17
68	1.045151	18
25	1.038462	19
24	0.951505	20
6	0.941472	21
2	0.847826	22
73	0.847826	23
67	0.831104	24
44	0.804348	25
66	0.790970	26
54	0.777592	27
7	0.737458	28
12	0.704013	29
64	0.680602	30
65	0.673913	31
13	0.670569	32
23	0.657191	33
1	0.650502	34
15	0.650502	35
14	0.633779	36
17	0.623746	37
30	0.617057	38
74	0.613712	39
16	0.593645	40
34	0.583612	41
63	0.543478	42
28	0.530100	43
27	0.506689	44
31	0.466555	45
61	0.459866	46
58	0.456522	47
62	0.449833	48
5	0.449833	49
4	0.436455	50
49	0.429766	51
3	0.409699	52
45	0.406355	53
40	0.399666	54
56	0.389632	55
75	0.372910	56
26	0.342809	57
8	0.329431	58
48	0.326087	59
19	0.309365	60
29	0.282609	61
20	0.275920	62
11	0.272575	63
57	0.252508	64
35	0.235786	65
10	0.165552	66
60	0.148829	67
32	0.128763	68
33	0.128763	69
9	0.125418	70
38	0.125418	71
46	0.125418	72
47	0.125418	73
53	0.125418	74
59	0.125418	75
76	0.125418	76
