residue	score	rank
69	2.932343	1
51	2.008251	2
50	1.998350	3
6	1.793729	4
55	1.714521	5
43	1.559406	6
42	1.463696	7
54	1.351485	8
41	1.344884	9
71	1.315182	10
5	1.239274	11
40	1.206271	12
70	1.173267	13
22	1.166667	14
68	1.150165	15
37	1.084158	16
72	1.061056	17
24	0.985149	18
27	0.965347	19
44	0.919142	20
52	0.915842	21
18	0.896040	22
73	0.836634	23
31	0.810231	24
58	0.760726	25
4	0.717822	26
28	0.691419	27
67	0.645215	28
21	0.641914	29
25	0.628713	30
3	0.615512	31
74	0.605611	32
66	0.595710	33
7	0.569307	34
13	0.562706	35
38	0.559406	36
63	0.556106	37
20	0.519802	38
61	0.516502	39
36	0.506601	40
60	0.506601	41
62	0.506601	42
2	0.500000	43
1	0.493399	44
65	0.490099	45
14	0.447195	46
17	0.433993	47
49	0.420792	48
45	0.400990	49
64	0.400990	50
11	0.384488	51
35	0.384488	52
15	0.374587	53
75	0.367987	54
16	0.351485	55
8	0.338284	56
48	0.321782	57
30	0.321782	58
34	0.249175	59
19	0.242574	60
53	0.232673	61
47	0.216172	62
23	0.212871	63
57	0.202970	64
12	0.199670	65
32	0.143564	66
9	0.130363	67
29	0.130363	68
33	0.127063	69
56	0.123762	70
59	0.123762	71
10	0.123762	72
26	0.123762	73
39	0.123762	74
46	0.123762	75
76	0.123762	76
