residue	score	rank
69	2.512448	1
42	2.433610	2
50	2.010373	3
51	2.006224	4
68	1.856846	5
41	1.695021	6
55	1.595436	7
40	1.574689	8
22	1.549793	9
6	1.508299	10
52	1.495851	11
66	1.454357	12
43	1.446058	13
44	1.383817	14
70	1.383817	15
72	1.334025	16
5	1.329876	17
37	1.325726	18
65	1.292531	19
67	1.284232	20
64	1.280083	21
71	1.255187	22
24	1.226141	23
27	1.205394	24
54	1.192946	25
18	1.180498	26
31	1.155602	27
73	1.051867	28
21	0.989627	29
28	0.977178	30
25	0.902490	31
63	0.894191	32
2	0.823651	33
62	0.807054	34
38	0.769710	35
61	0.765560	36
74	0.761411	37
7	0.748963	38
53	0.748963	39
12	0.736515	40
13	0.715768	41
1	0.699170	42
17	0.620332	43
36	0.620332	44
14	0.607884	45
15	0.570539	46
45	0.541494	47
16	0.537344	48
56	0.508299	49
58	0.491701	50
4	0.483402	51
49	0.479253	52
35	0.470954	53
75	0.462656	54
11	0.454357	55
20	0.421162	56
3	0.383817	57
30	0.379668	58
60	0.371369	59
48	0.367220	60
19	0.325726	61
34	0.309129	62
57	0.259336	63
32	0.255187	64
47	0.251037	65
29	0.172199	66
9	0.159751	67
10	0.159751	68
33	0.159751	69
8	0.155602	70
39	0.155602	71
46	0.155602	72
59	0.155602	73
76	0.155602	74
23	0.155602	75
26	0.155602	76
