t,linear_node_emd,linear_edge_emd,linear_total,cubic_node_emd,cubic_edge_emd,cubic_total,spectral_wasserstein,spectral_euclidean
4,3.0663080059433403,3.186254327858591,6.252562333801931,5.760677457929237,5.628291034914171,11.388968492843407,0.157783,1.114013
5,1.1709890802328111,1.3565459559445894,2.5275350361774005,2.7390171626603204,3.1057098898183084,5.844727052478628,0.088865,0.669499
6,0.0,0.0,0.0,0.0,0.0,0.0,0.0,0.0
7,0.5786538989509413,0.677347647528363,1.2560015464793044,1.6705399638801663,1.8916928358153104,3.562232799695477,0.019285,0.154573
8,0.8137657387062688,0.8542365581023772,1.668002296808646,2.0141884070886182,2.0063466171036786,4.020535024192297,0.032133,0.251443
9,1.2166736498666253,1.2782342808743306,2.494907930740956,2.195144350046341,2.9681173693896707,5.163261719436012,0.035966,0.269242
