residue	score	rank
42	1.911708	1
51	1.541267	2
41	1.305182	3
54	1.218810	4
69	1.128599	5
40	1.078695	6
50	1.000000	7
55	0.677543	8
37	0.564299	9
70	0.564299	10
71	0.564299	11
72	0.552783	12
73	0.552783	13
6	0.541267	14
43	0.533589	15
1	0.000000	16
2	0.000000	17
3	0.000000	18
4	0.000000	19
5	0.000000	20
7	0.000000	21
8	0.000000	22
9	0.000000	23
10	0.000000	24
11	0.000000	25
12	0.000000	26
13	0.000000	27
14	0.000000	28
15	0.000000	29
16	0.000000	30
17	0.000000	31
18	0.000000	32
19	0.000000	33
20	0.000000	34
21	0.000000	35
22	0.000000	36
23	0.000000	37
24	0.000000	38
25	0.000000	39
26	0.000000	40
27	0.000000	41
28	0.000000	42
29	0.000000	43
30	0.000000	44
31	0.000000	45
32	0.000000	46
33	0.000000	47
34	0.000000	48
35	0.000000	49
36	0.000000	50
38	0.000000	51
39	0.000000	52
44	0.000000	53
45	0.000000	54
46	0.000000	55
47	0.000000	56
48	0.000000	57
49	0.000000	58
52	0.000000	59
53	0.000000	60
56	0.000000	61
57	0.000000	62
58	0.000000	63
59	0.000000	64
60	0.000000	65
61	0.000000	66
62	0.000000	67
63	0.000000	68
64	0.000000	69
65	0.000000	70
66	0.000000	71
67	0.000000	72
68	0.000000	73
74	0.000000	74
75	0.000000	75
76	0.000000	76
