i	j	score	corr
50	51	1.000000	0.831000
41	42	0.790787	0.783000
54	55	0.677543	0.822000
42	69	0.587332	0.703000
37	40	0.564299	0.676000
70	71	0.564299	0.777000
72	73	0.552783	0.534000
6	69	0.541267	0.610000
51	54	0.541267	0.664000
42	43	0.533589	0.813000
40	41	0.514395	0.835000
