residue	score	rank
69	2.471429	1
42	2.434694	2
50	2.010204	3
51	2.006122	4
68	1.834694	5
41	1.667347	6
22	1.520408	7
52	1.508163	8
40	1.508163	9
6	1.483673	10
55	1.479592	11
43	1.463265	12
66	1.438776	13
70	1.402041	14
44	1.361224	15
72	1.312245	16
5	1.308163	17
37	1.304082	18
65	1.279592	19
71	1.275510	20
64	1.271429	21
67	1.271429	22
18	1.234694	23
54	1.169388	24
24	1.165306	25
27	1.144898	26
31	1.136735	27
21	1.042857	28
73	1.034694	29
28	0.961224	30
25	0.887755	31
2	0.855102	32
63	0.846939	33
53	0.773469	34
1	0.765306	35
74	0.748980	36
7	0.736735	37
62	0.724490	38
12	0.724490	39
38	0.716327	40
13	0.704082	41
61	0.683673	42
17	0.610204	43
36	0.610204	44
14	0.597959	45
15	0.561224	46
45	0.532653	47
16	0.528571	48
58	0.479592	49
4	0.475510	50
49	0.471429	51
35	0.463265	52
75	0.455102	53
11	0.446939	54
56	0.426531	55
20	0.418367	56
3	0.373469	57
60	0.365306	58
48	0.361224	59
19	0.332653	60
34	0.304082	61
57	0.263265	62
32	0.251020	63
47	0.246939	64
30	0.242857	65
29	0.169388	66
9	0.157143	67
10	0.157143	68
33	0.157143	69
26	0.153061	70
8	0.153061	71
23	0.153061	72
39	0.153061	73
46	0.153061	74
59	0.153061	75
76	0.153061	76
