residue	score	rank
69	2.236264	1
42	2.232601	2
51	2.012821	3
50	1.998168	4
55	1.771062	5
68	1.514652	6
41	1.496337	7
43	1.423077	8
71	1.419414	9
54	1.379121	10
22	1.335165	11
40	1.331502	12
6	1.291209	13
70	1.258242	14
44	1.250916	15
72	1.177656	16
37	1.159341	17
18	1.071429	18
5	1.067766	19
24	1.067766	20
27	1.064103	21
31	1.056777	22
52	0.994505	23
73	0.928571	24
28	0.902930	25
67	0.891941	26
63	0.829670	27
64	0.826007	28
66	0.822344	29
25	0.815018	30
21	0.807692	31
13	0.771062	32
65	0.719780	33
14	0.679487	34
74	0.672161	35
56	0.661172	36
38	0.657509	37
7	0.657509	38
53	0.653846	39
61	0.650183	40
12	0.650183	41
15	0.646520	42
62	0.639194	43
17	0.591575	44
16	0.558608	45
36	0.543956	46
58	0.525641	47
1	0.474359	48
45	0.459707	49
4	0.452381	50
49	0.452381	51
20	0.419414	52
35	0.415751	53
75	0.408425	54
11	0.404762	55
2	0.386447	56
3	0.357143	57
48	0.342491	58
19	0.309524	59
30	0.302198	60
34	0.272894	61
57	0.247253	62
47	0.236264	63
60	0.225275	64
32	0.225275	65
29	0.152015	66
10	0.144689	67
9	0.141026	68
33	0.141026	69
39	0.137363	70
46	0.137363	71
76	0.137363	72
8	0.137363	73
23	0.137363	74
26	0.137363	75
59	0.137363	76
