residue	score	rank
50	2.004934	1
51	2.004934	2
43	1.978618	3
69	1.962171	4
42	1.893092	5
41	1.689145	6
22	1.639803	7
55	1.261513	8
18	1.251645	9
39	1.245066	10
37	1.208882	11
52	1.205592	12
25	1.159539	13
21	1.146382	14
72	1.057566	15
68	1.034539	16
6	1.014803	17
40	1.008224	18
54	0.945724	19
31	0.942434	20
28	0.866776	21
70	0.853618	22
73	0.833882	23
67	0.817434	24
44	0.797697	25
71	0.797697	26
66	0.777961	27
2	0.725329	28
7	0.692434	29
64	0.666118	30
65	0.662829	31
12	0.649671	32
1	0.636513	33
74	0.603618	34
36	0.597039	35
24	0.583882	36
13	0.577303	37
17	0.570724	38
27	0.564145	39
15	0.554276	40
14	0.544408	41
16	0.541118	42
23	0.521382	43
63	0.501645	44
5	0.491776	45
4	0.468750	46
58	0.458882	47
56	0.449013	48
3	0.439145	49
49	0.416118	50
61	0.412829	51
45	0.406250	52
62	0.406250	53
8	0.402961	54
30	0.402961	55
75	0.366776	56
19	0.317434	57
48	0.314145	58
57	0.271382	59
34	0.241776	60
35	0.235197	61
60	0.228618	62
11	0.222039	63
20	0.195724	64
10	0.156250	65
26	0.129934	66
29	0.129934	67
32	0.126645	68
33	0.126645	69
47	0.123355	70
59	0.123355	71
9	0.123355	72
38	0.123355	73
46	0.123355	74
53	0.123355	75
76	0.123355	76
