residue	score	rank
51	2.016854	1
70	2.013109	2
69	2.009363	3
50	1.998127	4
71	1.926966	5
55	1.885768	6
22	1.616105	7
40	1.571161	8
6	1.503745	9
43	1.443820	10
42	1.365169	11
68	1.312734	12
5	1.252809	13
54	1.252809	14
44	1.252809	15
24	1.241573	16
37	1.234082	17
72	1.204120	18
18	1.181648	19
27	1.144195	20
31	1.043071	21
52	1.039326	22
73	0.949438	23
23	0.919476	24
21	0.855805	25
28	0.822097	26
13	0.792135	27
25	0.777154	28
14	0.705993	29
38	0.698502	30
61	0.698502	31
12	0.694757	32
15	0.687266	33
74	0.687266	34
56	0.657303	35
41	0.653558	36
17	0.653558	37
7	0.642322	38
62	0.638577	39
4	0.627341	40
67	0.623596	41
16	0.616105	42
66	0.578652	43
3	0.559925	44
63	0.552434	45
36	0.548689	46
20	0.537453	47
58	0.529963	48
1	0.511236	49
65	0.488764	50
49	0.473783	51
45	0.462547	52
2	0.447566	53
11	0.440075	54
30	0.425094	55
75	0.417603	56
35	0.417603	57
8	0.380150	58
48	0.357678	59
19	0.353933	60
64	0.312734	61
57	0.290262	62
34	0.275281	63
53	0.245318	64
47	0.237828	65
60	0.237828	66
10	0.177903	67
32	0.159176	68
9	0.147940	69
29	0.147940	70
33	0.144195	71
26	0.140449	72
46	0.140449	73
59	0.140449	74
76	0.140449	75
39	0.140449	76
