residue	score	rank
69	2.301923	1
42	2.259615	2
51	2.009615	3
50	1.998077	4
55	1.832692	5
41	1.555769	6
6	1.509615	7
40	1.448077	8
22	1.417308	9
54	1.417308	10
43	1.405769	11
68	1.405769	12
52	1.290385	13
44	1.267308	14
70	1.251923	15
72	1.236538	16
5	1.217308	17
27	1.198077	18
37	1.198077	19
24	1.194231	20
18	1.140385	21
71	1.105769	22
31	1.078846	23
73	0.975000	24
28	0.932692	25
25	0.863462	26
21	0.859615	27
13	0.836538	28
63	0.832692	29
67	0.817308	30
38	0.778846	31
66	0.748077	32
4	0.705769	33
74	0.705769	34
61	0.694231	35
12	0.694231	36
7	0.690385	37
62	0.678846	38
14	0.655769	39
53	0.640385	40
15	0.621154	41
65	0.621154	42
17	0.613462	43
64	0.613462	44
56	0.594231	45
3	0.590385	46
16	0.586538	47
36	0.563462	48
58	0.548077	49
20	0.528846	50
1	0.521154	51
45	0.478846	52
49	0.475000	53
35	0.432692	54
75	0.428846	55
11	0.425000	56
2	0.409615	57
48	0.363462	58
30	0.348077	59
19	0.332692	60
60	0.294231	61
34	0.286538	62
57	0.267308	63
47	0.248077	64
32	0.236538	65
29	0.159615	66
10	0.151923	67
33	0.148077	68
9	0.148077	69
39	0.144231	70
8	0.144231	71
23	0.144231	72
26	0.144231	73
46	0.144231	74
59	0.144231	75
76	0.144231	76
