node,label,x,y,z,size
0,LEU50,28.315,39.09,30.106,1.460653
1,GLU51,24.55,38.97,29.398,2.009597
2,GLN41,27.268,31.5,38.262,1.305182
3,ARG42,28.875,34.972,37.293,1.911708
4,ARG54,23.805,36.912,24.039,1.21881
5,THR55,25.925,34.845,21.791,0.677543
6,LEU69,34.16,32.621,36.61,1.128599
7,PRO37,23.752,26.146,39.61,0.564299
8,GLN40,25.017,30.926,41.417,1.078695
9,VAL70,32.956,33.779,39.891,0.564299
10,LEU71,30.613,31.922,42.207,1.053743
11,ARG72,27.746,33.372,44.312,1.042226
12,LEU73,27.402,31.898,47.862,0.973129
13,LYS6,38.947,30.133,34.447,1.017274
14,LEU43,30.82,35.257,34.106,0.994242
15,GLU24,23.357,30.929,29.323,0.911708
16,LYS27,26.488,28.412,32.122,0.857965
17,VAL5,36.327,29.392,31.758,0.476008
18,ASP52,22.773,35.604,29.524,0.890595
19,ASP21,26.165,29.523,21.293,0.449136
20,THR22,24.347,31.777,23.936,0.861804
21,ARG74,24.129,30.555,49.088,0.420345
22,ASN25,24.221,27.728,27.287,0.412668
23,ILE44,33.133,38.236,33.481,0.412668
24,HSD68,36.556,34.45,34.251,0.783109
25,THR66,39.629,33.147,28.65,0.370441
26,LEU67,36.2,33.885,30.445,0.740883
27,PRO38,23.21,28.826,36.805,0.368522
