residue	score	rank
42	2.238889	1
69	2.212963	2
51	2.009259	3
50	1.998148	4
55	1.764815	5
54	1.553704	6
41	1.494444	7
71	1.435185	8
43	1.424074	9
68	1.409259	10
6	1.387037	11
22	1.368519	12
40	1.335185	13
70	1.272222	14
44	1.227778	15
72	1.190741	16
37	1.161111	17
5	1.112963	18
18	1.109259	19
27	1.090741	20
24	1.087037	21
31	1.038889	22
52	1.009259	23
73	0.938889	24
28	0.890741	25
67	0.838889	26
21	0.838889	27
63	0.835185	28
25	0.831481	29
13	0.805556	30
66	0.772222	31
14	0.694444	32
74	0.679630	33
38	0.672222	34
7	0.664815	35
15	0.661111	36
12	0.657407	37
61	0.650000	38
65	0.646296	39
64	0.642593	40
62	0.638889	41
17	0.598148	42
16	0.568519	43
4	0.568519	44
56	0.561111	45
36	0.542593	46
58	0.531481	47
20	0.512963	48
1	0.494444	49
53	0.479630	50
45	0.464815	51
3	0.464815	52
49	0.453704	53
2	0.427778	54
35	0.416667	55
75	0.412963	56
11	0.409259	57
48	0.346296	58
30	0.338889	59
19	0.320370	60
60	0.279630	61
34	0.275926	62
57	0.257407	63
47	0.238889	64
32	0.227778	65
29	0.153704	66
10	0.146296	67
9	0.142593	68
33	0.142593	69
8	0.138889	70
23	0.138889	71
39	0.138889	72
46	0.138889	73
59	0.138889	74
76	0.138889	75
26	0.138889	76
