residue	score	rank
69	2.522624	1
42	2.518100	2
38	2.147059	3
6	2.052036	4
27	2.052036	5
51	2.015837	6
5	1.988688	7
24	1.979638	8
50	1.979638	9
54	1.861991	10
37	1.857466	11
52	1.839367	12
55	1.834842	13
41	1.812217	14
22	1.748869	15
18	1.694570	16
43	1.536199	17
21	1.518100	18
68	1.504525	19
72	1.454751	20
44	1.373303	21
70	1.350679	22
36	1.323529	23
56	1.278281	24
23	1.269231	25
13	1.264706	26
73	1.147059	27
71	1.142534	28
14	1.106335	29
49	1.083710	30
15	1.047511	31
2	0.916290	32
67	0.848416	33
31	0.843891	34
1	0.839367	35
53	0.839367	36
40	0.830317	37
74	0.830317	38
30	0.821267	39
7	0.816742	40
12	0.816742	41
63	0.812217	42
66	0.807692	43
17	0.789593	44
64	0.726244	45
16	0.712670	46
61	0.690045	47
65	0.690045	48
62	0.685520	49
35	0.649321	50
45	0.635747	51
25	0.581448	52
4	0.576923	53
28	0.572398	54
75	0.504525	55
8	0.495475	56
11	0.495475	57
3	0.459276	58
20	0.450226	59
57	0.445701	60
48	0.386878	61
19	0.368778	62
60	0.359729	63
34	0.332579	64
47	0.273756	65
59	0.223982	66
29	0.196833	67
32	0.192308	68
10	0.174208	69
33	0.174208	70
9	0.169683	71
26	0.169683	72
39	0.169683	73
46	0.169683	74
58	0.169683	75
76	0.169683	76
