residue	score	rank
70	2.144128	1
71	1.966192	2
23	1.959075	3
22	1.955516	4
51	1.937722	5
50	1.916370	6
40	1.660142	7
69	1.567616	8
6	1.560498	9
24	1.553381	10
27	1.521352	11
21	1.425267	12
68	1.400356	13
43	1.396797	14
18	1.379004	15
55	1.350534	16
42	1.307829	17
52	1.254448	18
44	1.247331	19
37	1.201068	20
72	1.144128	21
31	1.044484	22
5	0.905694	23
73	0.902135	24
67	0.852313	25
66	0.848754	26
54	0.841637	27
28	0.806050	28
17	0.734875	29
15	0.727758	30
13	0.724199	31
16	0.724199	32
14	0.713523	33
65	0.681495	34
56	0.670819	35
12	0.667260	36
1	0.656584	37
74	0.653025	38
7	0.603203	39
61	0.560498	40
38	0.539146	41
41	0.524911	42
36	0.521352	43
62	0.510676	44
63	0.489324	45
64	0.482206	46
45	0.460854	47
58	0.450178	48
11	0.425267	49
49	0.414591	50
35	0.400356	51
75	0.396797	52
30	0.364769	53
8	0.354093	54
4	0.332740	55
3	0.329181	56
19	0.322064	57
2	0.318505	58
48	0.318505	59
20	0.290036	60
34	0.265125	61
57	0.265125	62
47	0.225979	63
10	0.176157	64
60	0.169039	65
32	0.154804	66
29	0.140569	67
9	0.140569	68
33	0.137011	69
25	0.137011	70
39	0.133452	71
46	0.133452	72
53	0.133452	73
26	0.133452	74
59	0.133452	75
76	0.133452	76
