residue	score	rank
69	2.233273	1
70	2.056058	2
71	1.962025	3
51	1.799277	4
22	1.788427	5
50	1.781193	6
40	1.564195	7
43	1.433996	8
18	1.408680	9
55	1.336347	10
6	1.311031	11
21	1.249548	12
5	1.198915	13
72	1.162749	14
68	1.141049	15
37	1.137432	16
24	1.122966	17
42	1.119349	18
52	1.115732	19
44	1.021700	20
27	0.989150	21
25	0.934901	22
54	0.924051	23
73	0.916817	24
13	0.902351	25
31	0.898734	26
28	0.840868	27
14	0.804702	28
15	0.797468	29
2	0.764919	30
1	0.743219	31
4	0.703436	32
17	0.703436	33
16	0.696203	34
67	0.670886	35
74	0.663653	36
7	0.649186	37
12	0.638336	38
66	0.631103	39
36	0.627486	40
3	0.613020	41
63	0.609403	42
64	0.547920	43
65	0.540687	44
61	0.518987	45
62	0.511754	46
35	0.508137	47
38	0.497288	48
58	0.493671	49
49	0.471971	50
41	0.453888	51
39	0.450271	52
30	0.446655	53
45	0.435805	54
23	0.417722	55
56	0.414105	56
8	0.403255	57
75	0.403255	58
11	0.392405	59
48	0.356239	60
19	0.338156	61
20	0.301989	62
57	0.280289	63
34	0.262206	64
10	0.254973	65
47	0.236890	66
60	0.229656	67
53	0.207957	68
32	0.153707	69
29	0.150090	70
33	0.139241	71
26	0.139241	72
59	0.135624	73
9	0.135624	74
46	0.135624	75
76	0.135624	76
