residue	score	rank
69	2.203767	1
42	2.101027	2
51	2.005137	3
50	1.998288	4
43	1.943493	5
22	1.727740	6
41	1.337329	7
18	1.330479	8
55	1.292808	9
52	1.258562	10
37	1.258562	11
36	1.231164	12
40	1.231164	13
70	1.217466	14
21	1.214041	15
25	1.176370	16
71	1.107877	17
72	1.101027	18
68	1.090753	19
6	0.933219	20
54	0.926370	21
44	0.898973	22
67	0.875000	23
73	0.868151	24
2	0.840753	25
66	0.833904	26
7	0.830479	27
12	0.768836	28
13	0.734589	29
24	0.717466	30
15	0.707192	31
65	0.707192	32
64	0.700342	33
14	0.693493	34
30	0.676370	35
17	0.655822	36
16	0.648973	37
1	0.642123	38
74	0.628425	39
34	0.607877	40
26	0.580479	41
63	0.577055	42
23	0.525685	43
29	0.525685	44
28	0.501712	45
31	0.494863	46
61	0.484589	47
62	0.477740	48
58	0.467466	49
49	0.440068	50
5	0.426370	51
45	0.416096	52
4	0.412671	53
56	0.398973	54
3	0.385274	55
75	0.381849	56
27	0.368151	57
48	0.333904	58
11	0.323630	59
19	0.320205	60
8	0.309932	61
20	0.282534	62
57	0.258562	63
35	0.241438	64
10	0.231164	65
60	0.166096	66
33	0.131849	67
32	0.131849	68
38	0.128425	69
39	0.128425	70
46	0.128425	71
47	0.128425	72
53	0.128425	73
59	0.128425	74
76	0.128425	75
9	0.128425	76
