residue	score	rank
69	2.433962	1
70	2.090147	2
51	1.981132	3
71	1.972746	4
50	1.964361	5
6	1.696017	6
22	1.666667	7
55	1.637317	8
52	1.595388	9
40	1.532495	10
42	1.532495	11
68	1.519916	12
5	1.457023	13
24	1.415094	14
18	1.402516	15
27	1.398323	16
43	1.356394	17
72	1.348008	18
54	1.310273	19
44	1.297694	20
37	1.259958	21
21	1.167715	22
31	1.159329	23
73	1.062893	24
28	1.008386	25
25	0.932914	26
67	0.899371	27
66	0.882600	28
53	0.878407	29
2	0.874214	30
38	0.874214	31
13	0.870021	32
41	0.832285	33
63	0.790356	34
14	0.773585	35
74	0.769392	36
4	0.761006	37
1	0.756813	38
7	0.756813	39
12	0.756813	40
65	0.752621	41
15	0.748428	42
62	0.740042	43
61	0.731656	44
64	0.731656	45
3	0.693920	46
17	0.689727	47
16	0.664570	48
36	0.580713	49
56	0.542977	50
58	0.530398	51
45	0.522013	52
49	0.522013	53
75	0.467505	54
11	0.459119	55
20	0.450734	56
35	0.450734	57
39	0.450734	58
48	0.396226	59
19	0.362683	60
60	0.333333	61
57	0.316562	62
34	0.303983	63
30	0.295597	64
47	0.266247	65
32	0.228512	66
29	0.174004	67
10	0.161426	68
33	0.161426	69
9	0.161426	70
23	0.157233	71
46	0.157233	72
59	0.157233	73
8	0.157233	74
26	0.157233	75
76	0.157233	76
