residue	score	rank
69	2.753780	1
22	2.200864	2
42	2.183585	3
51	2.023758	4
50	1.993521	5
43	1.773218	6
18	1.691145	7
38	1.587473	8
21	1.535637	9
70	1.526998	10
55	1.514039	11
41	1.475162	12
71	1.393089	13
72	1.388769	14
6	1.384449	15
27	1.341253	16
24	1.336933	17
68	1.298056	18
52	1.285097	19
37	1.267819	20
44	1.177106	21
12	1.125270	22
13	1.125270	23
25	1.120950	24
73	1.095032	25
14	1.073434	26
15	1.073434	27
28	1.038877	28
54	1.030238	29
31	1.025918	30
7	0.974082	31
2	0.965443	32
17	0.930886	33
16	0.926566	34
67	0.917927	35
66	0.861771	36
1	0.792657	37
74	0.792657	38
65	0.779698	39
40	0.762419	40
36	0.736501	41
62	0.663067	42
61	0.654428	43
5	0.650108	44
35	0.598272	45
49	0.559395	46
58	0.559395	47
4	0.555076	48
30	0.524838	49
45	0.520518	50
23	0.507559	51
56	0.490281	52
3	0.485961	53
75	0.481641	54
64	0.477322	55
63	0.447084	56
39	0.447084	57
10	0.442765	58
11	0.429806	59
48	0.425486	60
19	0.412527	61
20	0.360691	62
57	0.343413	63
34	0.313175	64
47	0.282937	65
60	0.265659	66
8	0.196544	67
32	0.183585	68
29	0.179266	69
33	0.166307	70
26	0.166307	71
59	0.161987	72
9	0.161987	73
46	0.161987	74
53	0.161987	75
76	0.161987	76
