,WT,I3A,L15S,K33G,P38Q,E51D,V70N
WT,0.000000,2.282503,2.529081,1.184882,1.159790,2.722359,2.740235
I3A,2.282503,0.000000,1.778655,2.365717,2.275371,2.323446,2.126695
L15S,2.529081,1.778655,0.000000,2.423679,2.450912,1.703943,1.676563
K33G,1.184882,2.365717,2.423679,0.000000,0.906182,2.350704,2.436515
P38Q,1.159790,2.275371,2.450912,0.906182,0.000000,2.471039,2.328440
E51D,2.722359,2.323446,1.703943,2.350704,2.471039,0.000000,1.845248
V70N,2.740235,2.126695,1.676563,2.436515,2.328440,1.845248,0.000000
