,WT,I3A,L15S,K33G,P38Q,E51D,V70N
WT,0.000000,2.513309,2.823667,1.280795,1.242109,3.015217,2.990946
I3A,2.513309,0.000000,1.850518,2.633472,2.506424,2.519329,2.338177
L15S,2.823667,1.850518,0.000000,2.715178,2.709974,1.927393,1.862304
K33G,1.280795,2.633472,2.715178,0.000000,1.001776,2.627101,2.682232
P38Q,1.242109,2.506424,2.709974,1.001776,0.000000,2.740864,2.571729
E51D,3.015217,2.519329,1.927393,2.627101,2.740864,0.000000,2.040501
V70N,2.990946,2.338177,1.862304,2.682232,2.571729,2.040501,0.000000
