,WT,I3A,L15S,K33G,P38Q,E51D,V70N
WT,0.000000,4.795813,5.352748,2.465677,2.401899,5.737577,5.731181
I3A,4.795813,0.000000,3.629173,4.999189,4.781795,4.842774,4.464872
L15S,5.352748,3.629173,0.000000,5.138857,5.160886,3.631336,3.538868
K33G,2.465677,4.999189,5.138857,0.000000,1.907958,4.977805,5.118748
P38Q,2.401899,4.781795,5.160886,1.907958,0.000000,5.211904,4.900169
E51D,5.737577,4.842774,3.631336,4.977805,5.211904,0.000000,3.885749
V70N,5.731181,4.464872,3.538868,5.118748,4.900169,3.885749,0.000000
