,WT,I3A,L15S,K33G,P38Q,E51D,V70N
WT,0.000000,0.016297,0.033124,0.012310,0.008199,0.014597,0.028750
I3A,0.016297,0.000000,0.025426,0.019129,0.019325,0.018893,0.026889
L15S,0.033124,0.025426,0.000000,0.036607,0.035924,0.038197,0.021079
K33G,0.012310,0.019129,0.036607,0.000000,0.010800,0.014166,0.028297
P38Q,0.008199,0.019325,0.035924,0.010800,0.000000,0.015265,0.030804
E51D,0.014597,0.018893,0.038197,0.014166,0.015265,0.000000,0.030728
V70N,0.028750,0.026889,0.021079,0.028297,0.030804,0.030728,0.000000
