residue	score	rank
42	1.378119	1
50	1.000000	2
51	1.000000	3
41	0.790787	4
54	0.677543	5
55	0.677543	6
69	0.587332	7
37	0.564299	8
40	0.564299	9
70	0.564299	10
71	0.564299	11
72	0.552783	12
73	0.552783	13
1	0.000000	14
2	0.000000	15
3	0.000000	16
4	0.000000	17
5	0.000000	18
6	0.000000	19
7	0.000000	20
8	0.000000	21
9	0.000000	22
10	0.000000	23
11	0.000000	24
12	0.000000	25
13	0.000000	26
14	0.000000	27
15	0.000000	28
16	0.000000	29
17	0.000000	30
18	0.000000	31
19	0.000000	32
20	0.000000	33
21	0.000000	34
22	0.000000	35
23	0.000000	36
24	0.000000	37
25	0.000000	38
26	0.000000	39
27	0.000000	40
28	0.000000	41
29	0.000000	42
30	0.000000	43
31	0.000000	44
32	0.000000	45
33	0.000000	46
34	0.000000	47
35	0.000000	48
36	0.000000	49
38	0.000000	50
39	0.000000	51
43	0.000000	52
44	0.000000	53
45	0.000000	54
46	0.000000	55
47	0.000000	56
48	0.000000	57
49	0.000000	58
52	0.000000	59
53	0.000000	60
56	0.000000	61
57	0.000000	62
58	0.000000	63
59	0.000000	64
60	0.000000	65
61	0.000000	66
62	0.000000	67
63	0.000000	68
64	0.000000	69
65	0.000000	70
66	0.000000	71
67	0.000000	72
68	0.000000	73
74	0.000000	74
75	0.000000	75
76	0.000000	76
