residue	score	rank
69	2.955298	1
51	2.004967	2
50	1.995033	3
55	1.740066	4
6	1.637417	5
43	1.531457	6
54	1.504967	7
42	1.412252	8
71	1.322848	9
41	1.296358	10
5	1.293046	11
70	1.177152	12
40	1.173841	13
52	1.130795	14
68	1.107616	15
72	1.064570	16
37	1.044702	17
22	0.975166	18
24	0.942053	19
31	0.935430	20
27	0.908940	21
44	0.892384	22
73	0.839404	23
28	0.819536	24
18	0.806291	25
4	0.720199	26
25	0.710265	27
63	0.637417	28
61	0.614238	29
3	0.610927	30
67	0.610927	31
74	0.607616	32
21	0.607616	33
62	0.600993	34
13	0.594371	35
66	0.557947	36
7	0.524834	37
56	0.514901	38
38	0.508278	39
36	0.488411	40
2	0.488411	41
1	0.475166	42
65	0.471854	43
14	0.468543	44
20	0.465232	45
11	0.428808	46
49	0.425497	47
17	0.408940	48
45	0.405629	49
15	0.405629	50
35	0.379139	51
75	0.369205	52
57	0.349338	53
16	0.346026	54
48	0.319536	55
58	0.309603	56
8	0.296358	57
34	0.250000	58
64	0.250000	59
19	0.233444	60
47	0.216887	61
23	0.213576	62
12	0.210265	63
32	0.210265	64
30	0.160596	65
60	0.160596	66
9	0.134106	67
29	0.130795	68
33	0.130795	69
10	0.124172	70
26	0.124172	71
39	0.124172	72
46	0.124172	73
53	0.124172	74
76	0.124172	75
59	0.124172	76
