i	j	score	corr
50	51	1.000000	0.831000
41	42	0.790787	0.783000
54	55	0.677543	0.822000
42	69	0.587332	0.703000
37	40	0.564299	0.676000
70	71	0.564299	0.777000
72	73	0.552783	0.534000
6	69	0.541267	0.610000
51	54	0.541267	0.664000
42	43	0.533589	0.813000
40	41	0.514395	0.835000
24	27	0.489443	0.715000
71	72	0.489443	0.750000
5	6	0.476008	0.813000
51	52	0.468330	0.855000
43	50	0.460653	0.553000
21	22	0.449136	0.731000
24	52	0.422265	0.781000
73	74	0.420345	0.375000
22	25	0.412668	0.665000
44	68	0.412668	0.734000
66	67	0.370441	0.704000
67	68	0.370441	0.706000
27	38	0.368522	0.612000
69	70	0.349328	0.826000
28	31	0.347409	0.751000
52	53	0.345489	0.837000
62	63	0.343570	0.782000
61	62	0.337812	0.778000
68	69	0.337812	0.838000
42	70	0.335893	0.791000
25	28	0.333973	0.669000
13	14	0.326296	0.774000
65	66	0.322457	0.698000
18	21	0.320537	0.588000
55	56	0.320537	0.798000
17	18	0.314779	0.778000
14	15	0.307102	0.757000
44	50	0.307102	0.558000
7	69	0.305182	0.624000
