residue	score	rank
42	2.247601	1
69	2.120921	2
51	2.009597	3
50	1.767754	4
41	1.305182	5
70	1.249520	6
52	1.236084	7
54	1.218810	8
68	1.120921	9
40	1.078695	10
71	1.053743	11
72	1.042226	12
6	1.017274	13
55	0.998081	14
43	0.994242	15
73	0.973129	16
24	0.911708	17
22	0.861804	18
27	0.857965	19
21	0.769674	20
25	0.746641	21
67	0.740883	22
44	0.719770	23
66	0.692898	24
28	0.681382	25
62	0.681382	26
18	0.635317	27
14	0.633397	28
37	0.564299	29
5	0.476008	30
74	0.420345	31
38	0.368522	32
31	0.347409	33
53	0.345489	34
63	0.343570	35
61	0.337812	36
13	0.326296	37
65	0.322457	38
56	0.320537	39
17	0.314779	40
15	0.307102	41
7	0.305182	42
1	0.000000	43
2	0.000000	44
3	0.000000	45
4	0.000000	46
8	0.000000	47
9	0.000000	48
10	0.000000	49
11	0.000000	50
12	0.000000	51
16	0.000000	52
19	0.000000	53
20	0.000000	54
23	0.000000	55
26	0.000000	56
29	0.000000	57
30	0.000000	58
32	0.000000	59
33	0.000000	60
34	0.000000	61
35	0.000000	62
36	0.000000	63
39	0.000000	64
45	0.000000	65
46	0.000000	66
47	0.000000	67
48	0.000000	68
49	0.000000	69
57	0.000000	70
58	0.000000	71
59	0.000000	72
60	0.000000	73
64	0.000000	74
75	0.000000	75
76	0.000000	76
