residue	score	rank
69	2.261950	1
51	2.009560	2
50	2.001912	3
54	1.500956	4
6	1.497132	5
68	1.493308	6
43	1.451243	7
24	1.328872	8
41	1.321224	9
70	1.313576	10
72	1.229446	11
44	1.206501	12
22	1.198853	13
5	1.191205	14
37	1.191205	15
71	1.156788	16
52	1.137667	17
55	1.130019	18
18	1.053537	19
73	0.969407	20
21	0.950287	21
28	0.919694	22
31	0.889101	23
67	0.881453	24
66	0.793499	25
40	0.774379	26
13	0.751434	27
38	0.739962	28
53	0.728489	29
27	0.724665	30
62	0.717017	31
65	0.717017	32
12	0.713193	33
61	0.713193	34
74	0.701721	35
4	0.682600	36
14	0.648184	37
36	0.575526	38
17	0.575526	39
63	0.556405	40
15	0.552581	41
56	0.544933	42
16	0.537285	43
64	0.537285	44
25	0.529637	45
58	0.510516	46
1	0.476099	47
49	0.456979	48
11	0.449331	49
35	0.441683	50
75	0.426386	51
42	0.422562	52
2	0.403442	53
20	0.395793	54
3	0.361377	55
48	0.346080	56
60	0.338432	57
7	0.334608	58
45	0.319312	59
8	0.304015	60
19	0.300191	61
34	0.292543	62
57	0.284895	63
30	0.281071	64
32	0.258126	65
47	0.246654	66
29	0.158700	67
9	0.151052	68
23	0.147228	69
33	0.147228	70
59	0.143403	71
10	0.143403	72
26	0.143403	73
39	0.143403	74
46	0.143403	75
76	0.143403	76
