residue	score	rank
50	1.000000	1
51	1.000000	2
41	0.790787	3
42	0.790787	4
1	0.000000	5
2	0.000000	6
3	0.000000	7
4	0.000000	8
5	0.000000	9
6	0.000000	10
7	0.000000	11
8	0.000000	12
9	0.000000	13
10	0.000000	14
11	0.000000	15
12	0.000000	16
13	0.000000	17
14	0.000000	18
15	0.000000	19
16	0.000000	20
17	0.000000	21
18	0.000000	22
19	0.000000	23
20	0.000000	24
21	0.000000	25
22	0.000000	26
23	0.000000	27
24	0.000000	28
25	0.000000	29
26	0.000000	30
27	0.000000	31
28	0.000000	32
29	0.000000	33
30	0.000000	34
31	0.000000	35
32	0.000000	36
33	0.000000	37
34	0.000000	38
35	0.000000	39
36	0.000000	40
37	0.000000	41
38	0.000000	42
39	0.000000	43
40	0.000000	44
43	0.000000	45
44	0.000000	46
45	0.000000	47
46	0.000000	48
47	0.000000	49
48	0.000000	50
49	0.000000	51
52	0.000000	52
53	0.000000	53
54	0.000000	54
55	0.000000	55
56	0.000000	56
57	0.000000	57
58	0.000000	58
59	0.000000	59
60	0.000000	60
61	0.000000	61
62	0.000000	62
63	0.000000	63
64	0.000000	64
65	0.000000	65
66	0.000000	66
67	0.000000	67
68	0.000000	68
69	0.000000	69
70	0.000000	70
71	0.000000	71
72	0.000000	72
73	0.000000	73
74	0.000000	74
75	0.000000	75
76	0.000000	76
