i	j	score	corr
50	51	1.000000	0.831000
41	42	0.790787	0.783000
