residue	score	rank
50	1.000000	1
51	1.000000	2
1	0.000000	3
2	0.000000	4
3	0.000000	5
4	0.000000	6
5	0.000000	7
6	0.000000	8
7	0.000000	9
8	0.000000	10
9	0.000000	11
10	0.000000	12
11	0.000000	13
12	0.000000	14
13	0.000000	15
14	0.000000	16
15	0.000000	17
16	0.000000	18
17	0.000000	19
18	0.000000	20
19	0.000000	21
20	0.000000	22
21	0.000000	23
22	0.000000	24
23	0.000000	25
24	0.000000	26
25	0.000000	27
26	0.000000	28
27	0.000000	29
28	0.000000	30
29	0.000000	31
30	0.000000	32
31	0.000000	33
32	0.000000	34
33	0.000000	35
34	0.000000	36
35	0.000000	37
36	0.000000	38
37	0.000000	39
38	0.000000	40
39	0.000000	41
40	0.000000	42
41	0.000000	43
42	0.000000	44
43	0.000000	45
44	0.000000	46
45	0.000000	47
46	0.000000	48
47	0.000000	49
48	0.000000	50
49	0.000000	51
52	0.000000	52
53	0.000000	53
54	0.000000	54
55	0.000000	55
56	0.000000	56
57	0.000000	57
58	0.000000	58
59	0.000000	59
60	0.000000	60
61	0.000000	61
62	0.000000	62
63	0.000000	63
64	0.000000	64
65	0.000000	65
66	0.000000	66
67	0.000000	67
68	0.000000	68
69	0.000000	69
70	0.000000	70
71	0.000000	71
72	0.000000	72
73	0.000000	73
74	0.000000	74
75	0.000000	75
76	0.000000	76
