residue	score	rank
69	2.426263	1
42	2.389899	2
50	2.010101	3
51	2.006061	4
68	1.787879	5
41	1.630303	6
71	1.606061	7
52	1.517172	8
22	1.501010	9
40	1.488889	10
6	1.480808	11
55	1.464646	12
43	1.448485	13
66	1.424242	14
70	1.387879	15
44	1.319192	16
37	1.315152	17
67	1.307071	18
72	1.298990	19
5	1.294949	20
65	1.266667	21
18	1.222222	22
64	1.193939	23
24	1.177778	24
31	1.157576	25
54	1.157576	26
27	1.088889	27
21	1.032323	28
73	1.024242	29
28	0.983838	30
25	0.882828	31
2	0.846465	32
63	0.838384	33
53	0.769697	34
1	0.757576	35
74	0.741414	36
7	0.733333	37
12	0.733333	38
62	0.717172	39
13	0.696970	40
61	0.676768	41
38	0.664646	42
17	0.604040	43
36	0.600000	44
14	0.591919	45
15	0.555556	46
45	0.527273	47
16	0.523232	48
58	0.474747	49
49	0.466667	50
4	0.466667	51
35	0.454545	52
75	0.450505	53
11	0.442424	54
56	0.422222	55
20	0.414141	56
3	0.365657	57
60	0.361616	58
48	0.357576	59
19	0.329293	60
34	0.296970	61
57	0.260606	62
32	0.252525	63
47	0.244444	64
30	0.240404	65
29	0.167677	66
9	0.155556	67
33	0.155556	68
26	0.151515	69
8	0.151515	70
10	0.151515	71
23	0.151515	72
39	0.151515	73
46	0.151515	74
59	0.151515	75
76	0.151515	76
