residue	score	rank
42	2.229779	1
69	2.152574	2
51	2.016544	3
50	1.998162	4
55	1.788603	5
22	1.549632	6
41	1.483456	7
43	1.439338	8
71	1.424632	9
6	1.409926	10
40	1.402574	11
68	1.384191	12
54	1.365809	13
70	1.262868	14
37	1.248162	15
5	1.237132	16
44	1.229779	17
31	1.185662	18
72	1.181985	19
18	1.101103	20
49	1.034926	21
24	1.012868	22
28	0.965074	23
73	0.931985	24
52	0.917279	25
25	0.887868	26
27	0.873162	27
21	0.814338	28
63	0.792279	29
13	0.784926	30
67	0.707721	31
14	0.689338	32
61	0.685662	33
74	0.674632	34
62	0.667279	35
12	0.663603	36
7	0.659926	37
15	0.652574	38
66	0.637868	39
4	0.626838	40
56	0.593750	41
17	0.586397	42
3	0.553309	43
64	0.549632	44
65	0.545956	45
36	0.542279	46
16	0.534926	47
58	0.523897	48
20	0.516544	49
2	0.505515	50
1	0.487132	51
38	0.476103	52
45	0.454044	53
35	0.413603	54
75	0.409926	55
11	0.406250	56
8	0.398897	57
48	0.351103	58
30	0.340074	59
19	0.325368	60
53	0.273897	61
34	0.273897	62
39	0.266544	63
57	0.262868	64
47	0.237132	65
32	0.226103	66
60	0.174632	67
29	0.152574	68
10	0.145221	69
9	0.141544	70
33	0.141544	71
46	0.137868	72
76	0.137868	73
23	0.137868	74
26	0.137868	75
59	0.137868	76
