residue	score	rank
42	2.045531	1
69	2.042159	2
51	2.005059	3
50	2.001686	4
43	1.998314	5
22	1.849916	6
52	1.367622	7
21	1.330523	8
70	1.300169	9
41	1.286678	10
18	1.269815	11
37	1.269815	12
40	1.252951	13
36	1.242833	14
71	1.165261	15
55	1.151771	16
72	1.084317	17
68	1.064081	18
25	0.996627	19
6	0.993255	20
24	0.905565	21
73	0.854975	22
2	0.844857	23
67	0.841484	24
44	0.827993	25
66	0.801012	26
54	0.797639	27
7	0.753794	28
12	0.686341	29
64	0.682968	30
65	0.679595	31
23	0.669477	32
1	0.642496	33
74	0.618887	34
13	0.612142	35
30	0.605396	36
34	0.602024	37
17	0.595278	38
15	0.588533	39
14	0.578415	40
16	0.564924	41
63	0.548061	42
28	0.517707	43
5	0.497470	44
31	0.487352	45
27	0.483980	46
4	0.477234	47
58	0.463744	48
61	0.456998	49
62	0.450253	50
3	0.446880	51
45	0.419899	52
49	0.416526	53
56	0.389545	54
75	0.376054	55
8	0.362563	56
26	0.338954	57
48	0.318718	58
19	0.305228	59
29	0.284992	60
20	0.281619	61
57	0.254637	62
11	0.244519	63
35	0.244519	64
10	0.160202	65
60	0.150084	66
39	0.150084	67
32	0.129848	68
33	0.129848	69
9	0.126476	70
38	0.126476	71
46	0.126476	72
47	0.126476	73
53	0.126476	74
59	0.126476	75
76	0.126476	76
