residue	score	rank
42	2.038591	1
69	2.028523	2
51	2.005034	3
50	2.005034	4
43	2.001678	5
22	1.847315	6
52	1.364094	7
21	1.330537	8
70	1.293624	9
41	1.283557	10
18	1.270134	11
37	1.260067	12
40	1.250000	13
36	1.226510	14
71	1.159396	15
55	1.142617	16
72	1.078859	17
68	1.055369	18
25	1.015101	19
6	0.984899	20
24	0.890940	21
2	0.854027	22
73	0.850671	23
67	0.833893	24
44	0.823826	25
54	0.793624	26
66	0.793624	27
7	0.750000	28
12	0.679530	29
65	0.672819	30
64	0.672819	31
23	0.669463	32
1	0.629195	33
13	0.615772	34
74	0.615772	35
17	0.598993	36
15	0.595638	37
14	0.585570	38
28	0.575503	39
16	0.565436	40
31	0.548658	41
63	0.538591	42
30	0.531879	43
34	0.521812	44
5	0.488255	45
4	0.468121	46
58	0.464765	47
27	0.454698	48
61	0.447987	49
62	0.441275	50
3	0.437919	51
45	0.417785	52
49	0.414430	53
56	0.384228	54
75	0.374161	55
8	0.360738	56
26	0.340604	57
48	0.317114	58
19	0.303691	59
29	0.283557	60
20	0.280201	61
57	0.256711	62
35	0.243289	63
11	0.243289	64
10	0.159396	65
39	0.149329	66
60	0.149329	67
32	0.129195	68
33	0.129195	69
9	0.125839	70
38	0.125839	71
46	0.125839	72
47	0.125839	73
53	0.125839	74
76	0.125839	75
59	0.125839	76
