residue	score	rank
50	2.004854	1
51	2.001618	2
43	1.943366	3
69	1.930421	4
42	1.904531	5
41	1.700647	6
22	1.616505	7
55	1.244337	8
18	1.231392	9
52	1.211974	10
39	1.192557	11
37	1.156958	12
21	1.131068	13
36	1.124595	14
7	1.069579	15
72	1.040453	16
68	1.014563	17
40	0.988673	18
54	0.933657	19
25	0.911003	20
31	0.901294	21
28	0.862460	22
24	0.836570	23
73	0.820388	24
67	0.800971	25
44	0.775081	26
70	0.762136	27
66	0.762136	28
71	0.713592	29
2	0.697411	30
64	0.652104	31
65	0.648867	32
12	0.639159	33
1	0.632686	34
6	0.616505	35
11	0.597087	36
74	0.593851	37
27	0.580906	38
13	0.571197	39
17	0.564725	40
15	0.545307	41
14	0.538835	42
16	0.532362	43
23	0.506472	44
63	0.500000	45
5	0.480583	46
4	0.461165	47
58	0.451456	48
56	0.444984	49
3	0.435275	50
49	0.419094	51
61	0.412621	52
62	0.406149	53
45	0.389968	54
30	0.389968	55
8	0.386731	56
75	0.360841	57
48	0.318770	58
19	0.312298	59
57	0.266990	60
34	0.234628	61
35	0.231392	62
20	0.195793	63
10	0.153722	64
60	0.144013	65
26	0.127832	66
29	0.127832	67
32	0.124595	68
33	0.124595	69
9	0.121359	70
53	0.121359	71
76	0.121359	72
38	0.121359	73
46	0.121359	74
47	0.121359	75
59	0.121359	76
