residue	score	rank
69	2.289827	1
42	2.247601	2
51	2.009597	3
50	1.998081	4
55	1.829175	5
41	1.545106	6
6	1.502879	7
40	1.441459	8
22	1.422265	9
54	1.414587	10
43	1.403071	11
68	1.403071	12
52	1.287908	13
44	1.268714	14
70	1.249520	15
72	1.234165	16
5	1.214971	17
24	1.191939	18
27	1.191939	19
37	1.191939	20
18	1.138196	21
71	1.103647	22
31	1.080614	23
73	0.973129	24
28	0.934741	25
25	0.869482	26
21	0.861804	27
13	0.834933	28
63	0.834933	29
67	0.811900	30
38	0.773512	31
66	0.742802	32
4	0.704415	33
74	0.704415	34
61	0.696737	35
12	0.692898	36
7	0.689060	37
62	0.681382	38
14	0.650672	39
53	0.639155	40
15	0.616123	41
65	0.616123	42
64	0.612284	43
17	0.608445	44
56	0.596929	45
3	0.593090	46
16	0.581574	47
36	0.558541	48
58	0.547025	49
1	0.523992	50
20	0.523992	51
45	0.477927	52
49	0.474088	53
75	0.428023	54
35	0.428023	55
11	0.424184	56
2	0.412668	57
48	0.362764	58
30	0.347409	59
19	0.332054	60
60	0.293666	61
34	0.282150	62
57	0.266795	63
47	0.247601	64
32	0.239923	65
29	0.159309	66
10	0.151631	67
9	0.147793	68
33	0.147793	69
39	0.143954	70
8	0.143954	71
23	0.143954	72
46	0.143954	73
59	0.143954	74
76	0.143954	75
26	0.143954	76
