residue	score	rank
50	2.003363	1
51	1.994395	2
42	1.359865	3
43	1.321749	4
41	1.297085	5
52	1.218610	6
69	1.178251	7
55	1.084081	8
68	1.084081	9
22	1.048206	10
44	1.001121	11
25	0.837444	12
54	0.835202	13
40	0.783632	14
71	0.734305	15
72	0.720852	16
67	0.714126	17
28	0.682735	18
39	0.664798	19
24	0.655830	20
18	0.646861	21
66	0.637892	22
21	0.633408	23
73	0.568386	24
37	0.554933	25
23	0.514574	26
7	0.469731	27
6	0.467489	28
36	0.460762	29
64	0.456278	30
65	0.438341	31
35	0.420404	32
31	0.415919	33
5	0.415919	34
74	0.411435	35
70	0.406951	36
63	0.380045	37
56	0.362108	38
17	0.346413	39
61	0.339686	40
58	0.337444	41
14	0.303812	42
13	0.294843	43
16	0.294843	44
49	0.294843	45
62	0.283632	46
11	0.270179	47
45	0.265695	48
15	0.263453	49
1	0.256726	50
75	0.250000	51
4	0.227578	52
48	0.225336	53
8	0.220852	54
2	0.211883	55
20	0.211883	56
34	0.207399	57
27	0.193946	58
19	0.173767	59
3	0.171525	60
30	0.167040	61
12	0.151345	62
47	0.151345	63
57	0.149103	64
32	0.146861	65
60	0.128924	66
29	0.088565	67
9	0.086323	68
10	0.084081	69
26	0.084081	70
53	0.084081	71
59	0.084081	72
76	0.084081	73
33	0.084081	74
38	0.084081	75
46	0.084081	76
