residue	score	rank
51	2.008621	1
71	2.005172	2
50	1.998276	3
69	1.946552	4
70	1.815517	5
6	1.715517	6
55	1.653448	7
68	1.436207	8
42	1.367241	9
52	1.339655	10
54	1.339655	11
43	1.322414	12
44	1.284483	13
22	1.215517	14
24	1.153448	15
72	1.108621	16
37	1.060345	17
40	1.043103	18
27	1.032759	19
18	0.963793	20
31	0.908621	21
73	0.874138	22
38	0.805172	23
28	0.791379	24
64	0.774138	25
63	0.767241	26
21	0.746552	27
67	0.746552	28
25	0.729310	29
12	0.718966	30
5	0.708621	31
66	0.698276	32
41	0.674138	33
53	0.656897	34
74	0.632759	35
13	0.625862	36
61	0.598276	37
65	0.591379	38
7	0.584483	39
62	0.584483	40
4	0.560345	41
14	0.546552	42
15	0.515517	43
17	0.512069	44
56	0.512069	45
36	0.505172	46
58	0.487931	47
16	0.484483	48
20	0.467241	49
3	0.460345	50
1	0.453448	51
49	0.432759	52
45	0.425862	53
11	0.412069	54
35	0.387931	55
75	0.384483	56
30	0.346552	57
8	0.343103	58
48	0.329310	59
2	0.312069	60
19	0.274138	61
34	0.256897	62
60	0.256897	63
47	0.225862	64
57	0.222414	65
32	0.181034	66
29	0.143103	67
9	0.136207	68
33	0.132759	69
10	0.129310	70
23	0.129310	71
26	0.129310	72
39	0.129310	73
46	0.129310	74
59	0.129310	75
76	0.129310	76
