residue	score	rank
69	2.289827	1
42	2.247601	2
51	2.009597	3
50	1.998081	4
55	1.721689	5
41	1.472169	6
54	1.404990	7
43	1.349328	8
40	1.270633	9
6	1.268714	10
22	1.259117	11
70	1.249520	12
52	1.236084	13
72	1.234165	14
44	1.155470	15
68	1.120921	16
37	1.107486	17
24	1.071017	18
71	1.053743	19
5	1.042226	20
27	1.024952	21
73	0.973129	22
18	0.865643	23
28	0.848369	24
31	0.783109	25
21	0.769674	26
25	0.746641	27
67	0.740883	28
74	0.704415	29
66	0.692898	30
62	0.681382	31
14	0.633397	32
13	0.616123	33
65	0.612284	34
63	0.610365	35
17	0.589251	36
15	0.583493	37
61	0.583493	38
4	0.575816	39
56	0.566219	40
64	0.556622	41
16	0.550864	42
38	0.535509	43
12	0.531670	44
53	0.531670	45
36	0.497121	46
49	0.401152	47
1	0.399232	48
7	0.305182	49
3	0.299424	50
75	0.284069	51
11	0.280230	52
58	0.274472	53
45	0.249520	54
35	0.214971	55
20	0.211132	56
32	0.174664	57
48	0.170825	58
2	0.168906	59
8	0.000000	60
9	0.000000	61
10	0.000000	62
19	0.000000	63
23	0.000000	64
26	0.000000	65
29	0.000000	66
30	0.000000	67
33	0.000000	68
34	0.000000	69
39	0.000000	70
46	0.000000	71
47	0.000000	72
57	0.000000	73
59	0.000000	74
60	0.000000	75
76	0.000000	76
