residue	score	rank
69	2.341131	1
42	2.274854	2
51	2.009747	3
50	1.998051	4
55	1.826511	5
41	1.580897	6
6	1.534113	7
40	1.491228	8
22	1.452242	9
68	1.428850	10
54	1.409357	11
43	1.401559	12
52	1.307992	13
44	1.284600	14
72	1.253411	15
70	1.249513	16
5	1.237817	17
27	1.233918	18
24	1.230019	19
37	1.218324	20
18	1.155945	21
71	1.101365	22
31	1.097466	23
73	0.988304	24
28	0.941520	25
21	0.890838	26
25	0.871345	27
13	0.851852	28
63	0.840156	29
67	0.836257	30
38	0.808967	31
66	0.766082	32
4	0.715400	33
74	0.715400	34
12	0.703704	35
7	0.699805	36
61	0.695906	37
62	0.680312	38
14	0.668616	39
53	0.649123	40
15	0.633528	41
65	0.633528	42
64	0.629630	43
17	0.621832	44
3	0.598441	45
16	0.598441	46
56	0.594542	47
36	0.571150	48
58	0.555556	49
1	0.524366	50
20	0.512671	51
45	0.489279	52
49	0.477583	53
35	0.438596	54
75	0.434698	55
11	0.430799	56
8	0.423002	57
2	0.415205	58
48	0.364522	59
30	0.356725	60
19	0.341131	61
34	0.290448	62
57	0.274854	63
47	0.251462	64
60	0.251462	65
32	0.239766	66
29	0.161793	67
10	0.153996	68
9	0.150097	69
33	0.150097	70
23	0.146199	71
26	0.146199	72
39	0.146199	73
46	0.146199	74
59	0.146199	75
76	0.146199	76
