residue	score	rank
69	2.731463	1
42	2.202405	2
51	2.010020	3
50	1.997996	4
68	1.809619	5
55	1.761523	6
41	1.661323	7
6	1.609218	8
40	1.569138	9
5	1.436874	10
44	1.404810	11
54	1.396794	12
52	1.376754	13
22	1.360721	14
37	1.332665	15
70	1.304609	16
72	1.288577	17
24	1.248497	18
43	1.244489	19
27	1.224449	20
71	1.192385	21
18	1.148297	22
31	1.072144	23
73	1.016032	24
67	0.927856	25
13	0.907816	26
66	0.899800	27
28	0.867735	28
21	0.835671	29
25	0.819639	30
64	0.819639	31
63	0.815631	32
38	0.775551	33
65	0.767535	34
14	0.747495	35
74	0.735471	36
7	0.723447	37
12	0.711423	38
15	0.691383	39
53	0.691383	40
4	0.683367	41
61	0.671343	42
62	0.663327	43
16	0.635271	44
17	0.627255	45
36	0.603206	46
1	0.559118	47
3	0.559118	48
56	0.559118	49
58	0.527054	50
45	0.507014	51
20	0.503006	52
49	0.482966	53
2	0.458918	54
30	0.458918	55
35	0.458918	56
75	0.446894	57
11	0.438878	58
19	0.386774	59
48	0.370741	60
57	0.310621	61
34	0.302605	62
47	0.254509	63
60	0.246493	64
32	0.206413	65
29	0.166333	66
9	0.154309	67
10	0.154309	68
33	0.154309	69
8	0.150301	70
26	0.150301	71
76	0.150301	72
23	0.150301	73
39	0.150301	74
46	0.150301	75
59	0.150301	76
