residue	score	rank
71	2.012090	1
51	2.008636	2
50	1.998273	3
69	1.953368	4
70	1.822107	5
6	1.704663	6
55	1.659758	7
68	1.421416	8
42	1.369603	9
54	1.345423	10
52	1.341969	11
43	1.324698	12
44	1.269430	13
22	1.207254	14
24	1.155440	15
72	1.110535	16
37	1.065630	17
40	1.048359	18
27	1.034542	19
18	0.951641	20
31	0.906736	21
73	0.875648	22
38	0.806563	23
28	0.789292	24
64	0.782383	25
63	0.775475	26
67	0.768566	27
21	0.737478	28
12	0.727116	29
25	0.727116	30
66	0.720207	31
5	0.689119	32
41	0.675302	33
53	0.658031	34
13	0.633851	35
74	0.633851	36
61	0.606218	37
62	0.592401	38
65	0.592401	39
7	0.585492	40
4	0.561313	41
14	0.554404	42
15	0.519862	43
56	0.519862	44
36	0.509499	45
17	0.506045	46
58	0.488774	47
16	0.481865	48
20	0.464594	49
3	0.461140	50
1	0.447323	51
49	0.430052	52
45	0.426598	53
11	0.412781	54
35	0.388601	55
75	0.385147	56
30	0.347150	57
8	0.343696	58
48	0.329879	59
2	0.305699	60
19	0.274611	61
34	0.257340	62
60	0.257340	63
47	0.226252	64
57	0.222798	65
32	0.181347	66
29	0.143351	67
9	0.136442	68
33	0.132988	69
10	0.129534	70
23	0.129534	71
26	0.129534	72
39	0.129534	73
46	0.129534	74
59	0.129534	75
76	0.129534	76
