,Charmm36m,Charmm36,Amber
Charmm36m,0.0,1.925911,2.509341237662924
Charmm36,1.925911,0.0,2.244511667268064
Amber,2.509341237662924,2.244511667268064,0.0
