,Charmm36m,Charmm36,Amber
Charmm36m,0.0,1.77804,2.248440260779834
Charmm36,1.77804,0.0,2.0379985110570757
Amber,2.248440260779834,2.0379985110570757,0.0
