,Charmm36m,Charmm36,Amber
Charmm36m,0.0,3.70395,4.757781498442759
Charmm36,3.70395,0.0,4.28251017832514
Amber,4.757781498442759,4.28251017832514,0.0
