,Charmm36m,Charmm36,Amber
Charmm36m,0.000000,0.012462,0.018616
Charmm36,0.012462,0.000000,0.019305
Amber,0.018616,0.019305,0.000000
