residue	score	rank
69	2.350495	1
42	2.302970	2
51	2.009901	3
50	2.005941	4
68	1.756436	5
41	1.562376	6
52	1.542574	7
22	1.475248	8
55	1.467327	9
6	1.439604	10
40	1.431683	11
43	1.419802	12
70	1.360396	13
44	1.312871	14
72	1.273267	15
66	1.261386	16
18	1.237624	17
71	1.237624	18
37	1.233663	19
54	1.213861	20
24	1.209901	21
5	1.190099	22
27	1.170297	23
67	1.166337	24
65	1.114851	25
64	1.110891	26
31	1.067327	27
21	1.051485	28
73	1.003960	29
28	0.920792	30
2	0.900990	31
25	0.841584	32
53	0.805941	33
63	0.782178	34
1	0.762376	35
13	0.742574	36
74	0.726733	37
12	0.718812	38
7	0.718812	39
38	0.695050	40
62	0.671287	41
61	0.643564	42
14	0.639604	43
15	0.607921	44
17	0.596040	45
36	0.576238	46
16	0.512871	47
45	0.500990	48
58	0.485149	49
49	0.477228	50
4	0.453465	51
75	0.441584	52
35	0.437624	53
11	0.433663	54
56	0.425743	55
20	0.417822	56
48	0.366337	57
3	0.362376	58
60	0.334653	59
39	0.314851	60
19	0.302970	61
34	0.291089	62
30	0.271287	63
57	0.271287	64
47	0.251485	65
32	0.215842	66
29	0.164356	67
9	0.152475	68
33	0.152475	69
23	0.148515	70
26	0.148515	71
8	0.148515	72
10	0.148515	73
46	0.148515	74
59	0.148515	75
76	0.148515	76
