node1,node2,x,y,z,size
LEU50,GLU51,26.4325,39.03,29.752000000000002,1.0
GLN41,ARG42,28.0715,33.236000000000004,37.7775,0.790787
ARG54,THR55,24.865000000000002,35.8785,22.915,0.677543
ARG42,LEU69,31.5175,33.7965,36.951499999999996,0.587332
PRO37,GLN40,24.3845,28.536,40.5135,0.564299
VAL70,LEU71,31.7845,32.850500000000004,41.049,0.564299
ARG72,LEU73,27.573999999999998,32.635,46.087,0.552783
LYS6,LEU69,36.5535,31.377000000000002,35.5285,0.541267
GLU51,ARG54,24.177500000000002,37.941,26.7185,0.541267
ARG42,LEU43,29.8475,35.1145,35.6995,0.533589
GLN40,GLN41,26.1425,31.213,39.8395,0.514395
GLU24,LYS27,24.9225,29.670499999999997,30.7225,0.489443
LEU71,ARG72,29.179499999999997,32.647,43.2595,0.489443
VAL5,LYS6,37.637,29.7625,33.1025,0.476008
GLU51,ASP52,23.6615,37.287,29.461,0.46833
LEU43,LEU50,29.567500000000003,37.173500000000004,32.106,0.460653
ASP21,THR22,25.256,30.65,22.6145,0.449136
GLU24,ASP52,23.064999999999998,33.2665,29.4235,0.422265
LEU73,ARG74,25.765500000000003,31.2265,48.475,0.420345
THR22,ASN25,24.284,29.7525,25.6115,0.412668
ILE44,HSD68,34.8445,36.343,33.866,0.412668
THR66,LEU67,37.914500000000004,33.516,29.5475,0.370441
LEU67,HSD68,36.378,34.167500000000004,32.348,0.370441
LYS27,PRO38,24.849,28.619,34.463499999999996,0.368522
LEU69,VAL70,33.558,33.2,38.2505,0.349328
ALA28,GLN31,25.491,24.027,33.5045,0.347409
ASP52,GLY53,21.820999999999998,35.7295,27.872,0.345489
GLN62,LYS63,37.8825,32.193,19.7035,0.34357
ILE61,GLN62,35.8525,34.916,20.453,0.337812
HSD68,LEU69,35.358,33.5355,35.430499999999995,0.337812
ARG42,VAL70,30.9155,34.3755,38.592,0.335893
ASN25,ALA28,24.391,26.43,29.3955,0.333973
ILE13,THR14,37.588,24.1475,30.975499999999997,0.326296
SER65,THR66,39.807,33.117999999999995,26.721,0.322457
GLU18,ASP21,28.148,28.311999999999998,19.941,0.320537
THR55,LEU56,27.820500000000003,34.698499999999996,21.6435,0.320537
VAL17,GLU18,30.778,26.351,20.275,0.314779
THR14,LEU15,36.451,23.810000000000002,28.082,0.307102
ILE44,LEU50,30.724000000000004,38.663,31.7935,0.307102
THR7,LEU69,35.8755,31.3095,37.3545,0.305182
