residue	score	rank
69	2.671488	1
42	2.481405	2
50	2.010331	3
51	2.010331	4
68	1.832645	5
41	1.778926	6
55	1.650826	7
40	1.630165	8
22	1.543388	9
6	1.489669	10
43	1.456612	11
52	1.448347	12
44	1.361570	13
37	1.353306	14
70	1.349174	15
72	1.328512	16
66	1.262397	17
67	1.258264	18
54	1.245868	19
5	1.229339	20
24	1.229339	21
27	1.225207	22
71	1.188017	23
18	1.163223	24
31	1.154959	25
65	1.105372	26
63	1.080579	27
73	1.047521	28
64	1.035124	29
21	0.977273	30
28	0.948347	31
25	0.882231	32
13	0.857438	33
38	0.811983	34
62	0.766529	35
74	0.758264	36
14	0.754132	37
7	0.745868	38
12	0.733471	39
61	0.733471	40
15	0.708678	41
17	0.638430	42
36	0.630165	43
16	0.609504	44
1	0.601240	45
56	0.539256	46
58	0.539256	47
45	0.526860	48
49	0.489669	49
35	0.477273	50
53	0.473140	51
2	0.464876	52
4	0.460744	53
75	0.460744	54
11	0.452479	55
23	0.435950	56
20	0.407025	57
30	0.382231	58
48	0.378099	59
19	0.353306	60
3	0.340909	61
60	0.324380	62
34	0.307851	63
57	0.283058	64
47	0.258264	65
32	0.254132	66
29	0.171488	67
9	0.159091	68
10	0.159091	69
33	0.159091	70
39	0.154959	71
76	0.154959	72
8	0.154959	73
26	0.154959	74
46	0.154959	75
59	0.154959	76
