residue	score	rank
42	2.313406	1
69	2.019928	2
41	1.965580	3
43	1.951087	4
50	1.875000	5
51	1.864130	6
22	1.784420	7
55	1.396739	8
18	1.335145	9
38	1.327899	10
37	1.273551	11
6	1.244565	12
21	1.219203	13
71	1.215580	14
72	1.164855	15
68	1.074275	16
70	1.048913	17
31	1.038043	18
52	1.027174	19
54	1.019928	20
73	0.918478	21
25	0.889493	22
24	0.885870	23
2	0.856884	24
27	0.835145	25
67	0.831522	26
44	0.809783	27
28	0.788043	28
66	0.777174	29
5	0.733696	30
4	0.715580	31
39	0.715580	32
3	0.682971	33
40	0.679348	34
1	0.672101	35
74	0.664855	36
12	0.646739	37
65	0.635870	38
17	0.610507	39
16	0.577899	40
7	0.574275	41
36	0.559783	42
13	0.552536	43
49	0.527174	44
58	0.505435	45
56	0.501812	46
14	0.498188	47
15	0.494565	48
23	0.483696	49
61	0.461957	50
45	0.458333	51
62	0.454710	52
8	0.451087	53
64	0.429348	54
30	0.414855	55
75	0.403986	56
63	0.356884	57
19	0.349638	58
48	0.335145	59
57	0.298913	60
34	0.277174	61
60	0.251812	62
20	0.215580	63
11	0.201087	64
10	0.172101	65
29	0.153986	66
32	0.146739	67
26	0.143116	68
33	0.139493	69
59	0.135870	70
9	0.135870	71
35	0.135870	72
46	0.135870	73
47	0.135870	74
53	0.135870	75
76	0.135870	76
