residue	score	rank
69	2.601266	1
22	2.158228	2
70	2.061181	3
51	2.023207	4
50	1.989451	5
71	1.951477	6
43	1.740506	7
18	1.656118	8
40	1.575949	9
21	1.521097	10
55	1.483122	11
42	1.474684	12
24	1.381857	13
6	1.373418	14
72	1.356540	15
27	1.297468	16
52	1.293249	17
37	1.251055	18
68	1.234177	19
44	1.149789	20
25	1.120253	21
12	1.094937	22
73	1.069620	23
13	1.065401	24
14	1.014768	25
15	1.014768	26
28	1.010549	27
31	1.010549	28
54	1.010549	29
7	0.896624	30
17	0.888186	31
16	0.875527	32
2	0.871308	33
67	0.816456	34
1	0.803797	35
41	0.795359	36
74	0.774262	37
66	0.757384	38
63	0.744726	39
5	0.715190	40
36	0.715190	41
38	0.715190	42
64	0.698312	43
65	0.672996	44
4	0.660338	45
61	0.639241	46
62	0.630802	47
3	0.588608	48
35	0.584388	49
49	0.550633	50
58	0.546414	51
30	0.512658	52
45	0.508439	53
56	0.487342	54
23	0.483122	55
75	0.470464	56
39	0.449367	57
11	0.428270	58
48	0.415612	59
10	0.394515	60
19	0.394515	61
20	0.352321	62
57	0.327004	63
34	0.305907	64
47	0.276371	65
60	0.267932	66
8	0.229958	67
32	0.179325	68
29	0.175105	69
26	0.162447	70
33	0.162447	71
9	0.158228	72
46	0.158228	73
59	0.158228	74
76	0.158228	75
53	0.158228	76
