residue	score	rank
42	2.045997	1
69	2.042589	2
50	2.005111	3
51	2.005111	4
43	1.991482	5
22	1.872232	6
52	1.371380	7
21	1.350937	8
70	1.313458	9
18	1.306644	10
41	1.282794	11
37	1.275980	12
40	1.255537	13
36	1.248722	14
71	1.177172	15
55	1.153322	16
72	1.095400	17
68	1.078365	18
25	1.013629	19
6	0.993186	20
24	0.914821	21
73	0.863714	22
2	0.856899	23
67	0.856899	24
44	0.833049	25
66	0.816014	26
54	0.795571	27
7	0.751278	28
12	0.700170	29
64	0.693356	30
65	0.693356	31
23	0.669506	32
1	0.652470	33
13	0.649063	34
15	0.628620	35
74	0.625213	36
17	0.621806	37
14	0.618399	38
30	0.611584	39
34	0.604770	40
16	0.591141	41
63	0.550256	42
28	0.529813	43
5	0.495741	44
31	0.495741	45
27	0.492334	46
4	0.468484	47
58	0.468484	48
61	0.458262	49
62	0.451448	50
3	0.437819	51
45	0.424191	52
49	0.424191	53
56	0.390119	54
75	0.379898	55
8	0.359455	56
26	0.345826	57
48	0.321976	58
19	0.315162	59
29	0.287905	60
20	0.281090	61
57	0.257240	62
11	0.257240	63
35	0.247019	64
10	0.168654	65
39	0.151618	66
60	0.151618	67
32	0.131175	68
33	0.131175	69
46	0.127768	70
9	0.127768	71
38	0.127768	72
47	0.127768	73
53	0.127768	74
59	0.127768	75
76	0.127768	76
