residue	score	rank
69	2.360947	1
42	2.285996	2
51	2.009862	3
50	1.998028	4
55	1.828402	5
41	1.591716	6
6	1.536489	7
40	1.504931	8
22	1.485207	9
68	1.449704	10
54	1.402367	11
43	1.398422	12
44	1.295858	13
72	1.268245	14
70	1.264300	15
24	1.252465	16
27	1.252465	17
5	1.248521	18
37	1.228797	19
18	1.173570	20
31	1.114398	21
71	1.114398	22
52	1.051282	23
73	1.000000	24
28	0.956607	25
21	0.913215	26
25	0.889546	27
63	0.873767	28
13	0.861933	29
67	0.854043	30
38	0.822485	31
66	0.786982	32
14	0.739645	33
74	0.723866	34
61	0.719921	35
62	0.708087	36
7	0.708087	37
15	0.704142	38
12	0.700197	39
4	0.660750	40
53	0.656805	41
65	0.652860	42
64	0.641026	43
17	0.633136	44
56	0.605523	45
16	0.605523	46
36	0.573964	47
58	0.550296	48
3	0.546351	49
1	0.542406	50
20	0.518738	51
45	0.495069	52
2	0.487179	53
49	0.483235	54
35	0.439842	55
75	0.439842	56
11	0.435897	57
8	0.428008	58
39	0.412229	59
48	0.368836	60
19	0.341223	61
34	0.289941	62
57	0.274162	63
47	0.254438	64
60	0.250493	65
32	0.246548	66
30	0.234714	67
29	0.163708	68
10	0.155819	69
9	0.151874	70
33	0.151874	71
23	0.147929	72
26	0.147929	73
46	0.147929	74
59	0.147929	75
76	0.147929	76
