residue	score	rank
51	2.008606	1
71	2.005164	2
50	1.998279	3
69	1.946644	4
70	1.815835	5
6	1.716007	6
55	1.650602	7
54	1.519793	8
68	1.433735	9
42	1.361446	10
43	1.316695	11
44	1.278830	12
22	1.209983	13
52	1.158348	14
24	1.154905	15
72	1.106713	16
37	1.058520	17
40	1.044750	18
27	1.034423	19
18	0.955250	20
31	0.903614	21
73	0.872633	22
38	0.831325	23
28	0.786575	24
64	0.776248	25
63	0.769363	26
67	0.745267	27
21	0.741824	28
25	0.724613	29
12	0.721170	30
5	0.710843	31
66	0.697074	32
41	0.669535	33
74	0.631670	34
13	0.624785	35
61	0.600688	36
65	0.590361	37
62	0.586919	38
7	0.583477	39
4	0.562823	40
14	0.545611	41
15	0.511188	42
56	0.511188	43
17	0.504303	44
36	0.504303	45
58	0.483649	46
16	0.476764	47
53	0.473322	48
20	0.466437	49
3	0.462995	50
1	0.452668	51
49	0.435456	52
45	0.425129	53
11	0.411360	54
35	0.383821	55
75	0.383821	56
30	0.349398	57
8	0.342513	58
48	0.328744	59
2	0.311532	60
19	0.270224	61
60	0.259897	62
34	0.256454	63
47	0.225473	64
57	0.218589	65
32	0.180723	66
29	0.142857	67
9	0.135972	68
33	0.132530	69
10	0.129088	70
23	0.129088	71
39	0.129088	72
46	0.129088	73
59	0.129088	74
76	0.129088	75
26	0.129088	76
