residue	score	rank
71	2.026042	1
51	2.008681	2
50	1.998264	3
69	1.970486	4
70	1.835069	5
6	1.737847	6
55	1.678819	7
54	1.536458	8
68	1.421875	9
42	1.376736	10
43	1.328125	11
44	1.265625	12
22	1.217014	13
5	1.203125	14
24	1.196181	15
52	1.164931	16
72	1.116319	17
37	1.095486	18
27	1.060764	19
40	1.057292	20
18	0.963542	21
31	0.897569	22
73	0.880208	23
66	0.789931	24
38	0.786458	25
28	0.755208	26
67	0.737847	27
21	0.737847	28
65	0.699653	29
25	0.692708	30
41	0.678819	31
13	0.637153	32
74	0.637153	33
61	0.623264	34
62	0.612847	35
7	0.588542	36
14	0.550347	37
56	0.529514	38
36	0.512153	39
15	0.505208	40
17	0.501736	41
64	0.498264	42
63	0.487847	43
58	0.484375	44
20	0.477431	45
4	0.473958	46
16	0.470486	47
1	0.460069	48
53	0.453125	49
49	0.442708	50
45	0.425347	51
11	0.414931	52
35	0.390625	53
75	0.387153	54
30	0.387153	55
3	0.373264	56
8	0.345486	57
48	0.335069	58
2	0.314236	59
19	0.276042	60
34	0.258681	61
60	0.258681	62
12	0.248264	63
47	0.227431	64
57	0.223958	65
23	0.161458	66
32	0.147569	67
9	0.137153	68
29	0.137153	69
33	0.133681	70
10	0.130208	71
39	0.130208	72
59	0.130208	73
76	0.130208	74
26	0.130208	75
46	0.130208	76
