residue	score	rank
69	3.073630	1
68	2.577055	2
50	1.957192	3
51	1.922945	4
42	1.796233	5
39	1.738014	6
41	1.669521	7
54	1.645548	8
43	1.631849	9
55	1.529110	10
6	1.494863	11
66	1.491438	12
52	1.436644	13
37	1.347603	14
67	1.344178	15
65	1.337329	16
71	1.327055	17
64	1.272260	18
5	1.248288	19
36	1.238014	20
70	1.217466	21
63	1.138699	22
24	1.111301	23
72	1.101027	24
27	0.991438	25
73	0.868151	26
44	0.861301	27
31	0.857877	28
62	0.806507	29
7	0.789384	30
61	0.724315	31
45	0.724315	32
13	0.707192	33
49	0.693493	34
28	0.690068	35
74	0.628425	36
14	0.625000	37
4	0.566781	38
35	0.553082	39
8	0.549658	40
58	0.529110	41
18	0.501712	42
22	0.498288	43
20	0.484589	44
56	0.429795	45
19	0.422945	46
40	0.416096	47
38	0.416096	48
21	0.395548	49
30	0.392123	50
75	0.381849	51
25	0.378425	52
15	0.375000	53
1	0.330479	54
9	0.330479	55
57	0.316781	56
17	0.309932	57
48	0.299658	58
2	0.285959	59
34	0.268836	60
16	0.258562	61
47	0.210616	62
12	0.210616	63
23	0.203767	64
11	0.200342	65
33	0.196918	66
3	0.186644	67
29	0.131849	68
26	0.128425	69
32	0.128425	70
59	0.128425	71
60	0.128425	72
76	0.128425	73
10	0.128425	74
46	0.128425	75
53	0.128425	76
