residue	score	rank
71	2.283810	1
69	2.104762	2
51	2.017143	3
50	1.994286	4
70	1.967619	5
55	1.880000	6
40	1.563810	7
54	1.499048	8
43	1.476190	9
6	1.468571	10
22	1.415238	11
42	1.403810	12
44	1.339048	13
52	1.323810	14
68	1.281905	15
24	1.262857	16
5	1.255238	17
72	1.224762	18
27	1.220952	19
18	1.205714	20
37	1.198095	21
31	1.049524	22
73	0.965714	23
21	0.897143	24
28	0.878095	25
25	0.828571	26
13	0.805714	27
38	0.798095	28
14	0.718095	29
12	0.706667	30
41	0.702857	31
61	0.699048	32
74	0.699048	33
15	0.691429	34
17	0.664762	35
23	0.664762	36
67	0.660952	37
7	0.653333	38
56	0.653333	39
62	0.653333	40
4	0.626667	41
16	0.626667	42
66	0.615238	43
63	0.561905	44
36	0.554286	45
3	0.550476	46
58	0.539048	47
20	0.527619	48
65	0.523810	49
1	0.516190	50
53	0.508571	51
49	0.481905	52
45	0.470476	53
2	0.447619	54
11	0.447619	55
35	0.424762	56
75	0.424762	57
30	0.394286	58
8	0.386667	59
48	0.363810	60
19	0.360000	61
64	0.329524	62
57	0.295238	63
60	0.287619	64
34	0.280000	65
47	0.241905	66
32	0.200000	67
10	0.180952	68
9	0.150476	69
29	0.150476	70
33	0.146667	71
26	0.142857	72
39	0.142857	73
46	0.142857	74
59	0.142857	75
76	0.142857	76
