residue	score	rank
42	2.249538	1
69	2.231054	2
51	2.009242	3
50	1.998152	4
55	1.743068	5
6	1.735675	6
41	1.506470	7
71	1.432532	8
43	1.410351	9
54	1.391867	10
68	1.373383	11
52	1.347505	12
40	1.336414	13
22	1.310536	14
70	1.269871	15
44	1.229205	16
5	1.188540	17
72	1.188540	18
37	1.162662	19
24	1.121996	20
27	1.121996	21
18	1.077634	22
31	1.003697	23
73	0.937153	24
28	0.848429	25
21	0.815157	26
13	0.807763	27
67	0.796673	28
63	0.792976	29
25	0.781885	30
66	0.730129	31
53	0.693161	32
38	0.682070	33
4	0.682070	34
74	0.678373	35
12	0.667283	36
7	0.663586	37
61	0.648799	38
62	0.637708	39
14	0.630314	40
65	0.604436	41
15	0.597043	42
64	0.593346	43
17	0.585952	44
16	0.563771	45
56	0.556377	46
3	0.556377	47
36	0.537893	48
58	0.530499	49
20	0.500924	50
1	0.489834	51
45	0.463956	52
49	0.456562	53
35	0.412200	54
75	0.412200	55
11	0.408503	56
2	0.382625	57
30	0.375231	58
48	0.345656	59
19	0.319778	60
60	0.279113	61
34	0.275416	62
57	0.256932	63
47	0.238447	64
32	0.194085	65
29	0.153420	66
10	0.146026	67
9	0.142329	68
33	0.142329	69
26	0.138632	70
46	0.138632	71
59	0.138632	72
76	0.138632	73
8	0.138632	74
23	0.138632	75
39	0.138632	76
