residue	score	rank
6	2.249564	1
69	2.165794	2
5	2.127400	3
40	2.109948	4
42	1.666667	5
41	1.593368	6
68	1.579407	7
24	1.547993	8
27	1.457243	9
44	1.443281	10
37	1.404887	11
49	1.331588	12
4	1.314136	13
51	1.314136	14
36	1.303665	15
50	1.293194	16
18	1.268761	17
22	1.195462	18
3	1.167539	19
55	1.164049	20
72	1.122164	21
21	1.094241	22
1	1.024433	23
23	0.961606	24
2	0.951134	25
70	0.902269	26
73	0.884817	27
38	0.877836	28
52	0.870855	29
30	0.856894	30
31	0.846422	31
71	0.776614	32
63	0.717277	33
54	0.685864	34
12	0.640489	35
74	0.640489	36
56	0.636998	37
7	0.605585	38
13	0.563700	39
35	0.563700	40
43	0.542757	41
67	0.500873	42
45	0.486911	43
14	0.458988	44
25	0.448517	45
62	0.417103	46
66	0.413613	47
11	0.399651	48
75	0.389180	49
57	0.378709	50
48	0.371728	51
15	0.368237	52
29	0.347295	53
61	0.343805	54
19	0.336824	55
58	0.322862	56
26	0.291449	57
20	0.284468	58
34	0.277487	59
64	0.273997	60
17	0.246073	61
16	0.239092	62
60	0.228621	63
65	0.225131	64
47	0.214660	65
32	0.183246	66
10	0.158813	67
28	0.144852	68
33	0.134380	69
8	0.130890	70
9	0.130890	71
39	0.130890	72
46	0.130890	73
53	0.130890	74
59	0.130890	75
76	0.130890	76
