residue	score	rank
69	2.342697	1
70	2.061798	2
71	1.975655	3
22	1.705993	4
40	1.653558	5
6	1.574906	6
51	1.552434	7
50	1.552434	8
68	1.447566	9
5	1.294007	10
37	1.275281	11
42	1.267790	12
18	1.264045	13
43	1.207865	14
72	1.204120	15
55	1.189139	16
66	1.162921	17
44	1.125468	18
31	1.110487	19
21	1.102996	20
24	1.058052	21
27	1.046816	22
67	1.043071	23
65	1.001873	24
52	0.998127	25
73	0.949438	26
64	0.941948	27
2	0.923221	28
25	0.885768	29
28	0.863296	30
63	0.822097	31
1	0.807116	32
54	0.784644	33
38	0.713483	34
41	0.709738	35
62	0.694757	36
74	0.687266	37
13	0.679775	38
4	0.679775	39
7	0.676030	40
12	0.676030	41
61	0.649813	42
14	0.631086	43
15	0.601124	44
17	0.593633	45
3	0.578652	46
36	0.563670	47
16	0.514981	48
45	0.492509	49
35	0.428839	50
49	0.428839	51
75	0.417603	52
8	0.410112	53
11	0.410112	54
58	0.406367	55
39	0.395131	56
60	0.376404	57
23	0.372659	58
56	0.365169	59
30	0.350187	60
20	0.335206	61
48	0.327715	62
19	0.282772	63
34	0.279026	64
57	0.256554	65
32	0.230337	66
47	0.222846	67
53	0.211610	68
29	0.155431	69
9	0.144195	70
10	0.144195	71
26	0.144195	72
33	0.144195	73
46	0.140449	74
59	0.140449	75
76	0.140449	76
