residue	score	rank
69	2.550633	1
42	2.432489	2
50	2.010549	3
51	2.006329	4
68	1.888186	5
41	1.723629	6
40	1.630802	7
55	1.609705	8
22	1.588608	9
6	1.533755	10
52	1.500000	11
66	1.474684	12
43	1.432489	13
44	1.407173	14
70	1.377637	15
5	1.356540	16
72	1.356540	17
37	1.348101	18
65	1.310127	19
67	1.301688	20
64	1.297468	21
24	1.293249	22
27	1.267932	23
71	1.255274	24
18	1.208861	25
54	1.200422	26
63	1.200422	27
31	1.175105	28
73	1.069620	29
21	1.018987	30
28	0.993671	31
25	0.917722	32
38	0.824895	33
62	0.820675	34
61	0.778481	35
74	0.774262	36
7	0.761603	37
13	0.748945	38
12	0.748945	39
1	0.685654	40
14	0.639241	41
17	0.635021	42
36	0.630802	43
15	0.601266	44
16	0.567511	45
45	0.550633	46
56	0.516878	47
2	0.512658	48
58	0.495781	49
49	0.487342	50
53	0.483122	51
35	0.478903	52
75	0.470464	53
4	0.470464	54
11	0.462025	55
23	0.432489	56
20	0.428270	57
39	0.407173	58
30	0.386076	59
60	0.377637	60
48	0.373418	61
3	0.364979	62
19	0.335443	63
34	0.314346	64
57	0.263713	65
32	0.259494	66
47	0.255274	67
29	0.175105	68
9	0.162447	69
10	0.162447	70
33	0.162447	71
26	0.158228	72
8	0.158228	73
46	0.158228	74
59	0.158228	75
76	0.158228	76
