residue	score	rank
43	2.493171	1
51	2.007587	2
50	2.004552	3
68	1.874052	4
54	1.871017	5
41	1.840668	6
42	1.822458	7
55	1.625190	8
40	1.622155	9
24	1.185129	10
6	1.154780	11
67	1.024279	12
52	0.981791	13
44	0.884674	14
37	0.863429	15
27	0.863429	16
56	0.836115	17
66	0.836115	18
22	0.790592	19
73	0.769347	20
18	0.763278	21
25	0.742033	22
61	0.678300	23
21	0.672231	24
31	0.611533	25
62	0.593323	26
38	0.590288	27
5	0.578149	28
28	0.566009	29
63	0.559939	30
74	0.556904	31
7	0.520486	32
64	0.514416	33
65	0.465857	34
23	0.459788	35
13	0.444613	36
36	0.441578	37
14	0.438543	38
58	0.429439	39
49	0.423369	40
17	0.423369	41
4	0.411229	42
2	0.411229	43
3	0.402124	44
19	0.374810	45
45	0.362671	46
16	0.356601	47
11	0.353566	48
75	0.338392	49
35	0.335357	50
1	0.332322	51
71	0.326252	52
69	0.314112	53
70	0.314112	54
48	0.301973	55
15	0.295903	56
30	0.274659	57
12	0.268589	58
26	0.226100	59
34	0.220030	60
57	0.207891	61
20	0.192716	62
60	0.177542	63
29	0.171472	64
59	0.150228	65
32	0.128983	66
72	0.125948	67
9	0.122914	68
47	0.119879	69
33	0.116844	70
8	0.113809	71
10	0.113809	72
39	0.113809	73
46	0.113809	74
53	0.113809	75
76	0.113809	76
