residue	score	rank
71	2.265378	1
70	2.057996	2
51	2.001757	3
50	1.984183	4
54	1.910369	5
6	1.854130	6
55	1.685413	7
69	1.618629	8
40	1.597540	9
44	1.407733	10
43	1.376098	11
24	1.319859	12
42	1.302285	13
68	1.288225	14
52	1.228471	15
27	1.210896	16
22	1.189807	17
37	1.186292	18
5	1.140598	19
72	1.130053	20
18	1.087873	21
21	0.989455	22
31	0.943761	23
73	0.891037	24
13	0.817223	25
14	0.778559	26
15	0.757469	27
61	0.757469	28
53	0.725835	29
56	0.722320	30
28	0.718805	31
62	0.669596	32
17	0.666081	33
12	0.666081	34
74	0.644991	35
16	0.644991	36
7	0.588752	37
66	0.574692	38
67	0.550088	39
45	0.536028	40
23	0.528998	41
41	0.521968	42
36	0.521968	43
63	0.511424	44
38	0.500879	45
65	0.479789	46
58	0.458699	47
4	0.430580	48
11	0.427065	49
30	0.427065	50
1	0.409490	51
35	0.398946	52
3	0.395431	53
75	0.391916	54
25	0.388401	55
2	0.360281	56
8	0.342707	57
49	0.332162	58
19	0.314587	59
64	0.293497	60
20	0.286467	61
34	0.261863	62
57	0.258348	63
48	0.233743	64
60	0.209139	65
10	0.181019	66
26	0.166960	67
32	0.149385	68
9	0.138840	69
29	0.138840	70
47	0.138840	71
33	0.135325	72
39	0.131810	73
46	0.131810	74
59	0.131810	75
76	0.131810	76
