residue	score	rank
51	2.010189	1
50	1.992722	2
55	1.602620	3
71	1.593886	4
69	1.468705	5
70	1.459971	6
54	1.427948	7
43	1.299854	8
52	1.151383	9
22	1.128093	10
24	1.110626	11
42	1.107715	12
44	1.064047	13
68	1.014556	14
6	0.988355	15
18	0.976710	16
72	0.935953	17
27	0.886463	18
40	0.886463	19
5	0.825328	20
28	0.804949	21
31	0.802038	22
37	0.784571	23
73	0.737991	24
25	0.694323	25
21	0.688501	26
56	0.630277	27
63	0.572052	28
61	0.548763	29
74	0.534207	30
12	0.531295	31
17	0.522562	32
67	0.513828	33
7	0.508006	34
13	0.508006	35
16	0.505095	36
62	0.478894	37
14	0.473071	38
15	0.473071	39
66	0.473071	40
1	0.449782	41
41	0.426492	42
58	0.423581	43
49	0.403202	44
20	0.400291	45
38	0.397380	46
36	0.391557	47
65	0.388646	48
4	0.385735	49
53	0.368268	50
11	0.336245	51
45	0.333333	52
3	0.327511	53
75	0.324600	54
35	0.304221	55
48	0.304221	56
8	0.301310	57
19	0.275109	58
2	0.260553	59
64	0.248908	60
30	0.240175	61
57	0.225619	62
34	0.205240	63
47	0.205240	64
32	0.187773	65
60	0.176128	66
23	0.138282	67
10	0.129549	68
29	0.114993	69
9	0.112082	70
33	0.112082	71
39	0.109170	72
46	0.109170	73
76	0.109170	74
26	0.109170	75
59	0.109170	76
