residue	score	rank
69	2.501984	1
42	2.367063	2
51	2.017857	3
50	1.994048	4
22	1.986111	5
43	1.803571	6
41	1.593254	7
18	1.553571	8
55	1.490079	9
21	1.378968	10
70	1.367063	11
38	1.359127	12
6	1.311508	13
37	1.307540	14
36	1.299603	15
72	1.275794	16
71	1.200397	17
44	1.192460	18
68	1.148810	19
52	1.109127	20
31	1.097222	21
24	1.065476	22
54	1.049603	23
25	1.045635	24
13	1.041667	25
14	1.037698	26
12	1.033730	27
28	1.009921	28
73	1.005952	29
15	0.994048	30
27	0.938492	31
2	0.914683	32
16	0.871032	33
7	0.867063	34
17	0.855159	35
67	0.827381	36
66	0.744048	37
74	0.728175	38
1	0.696429	39
63	0.664683	40
64	0.660714	41
65	0.648810	42
5	0.585317	43
61	0.573413	44
62	0.561508	45
56	0.557540	46
58	0.541667	47
23	0.521825	48
40	0.505952	49
4	0.501984	50
49	0.501984	51
45	0.486111	52
30	0.478175	53
3	0.470238	54
75	0.442460	55
11	0.422619	56
48	0.382937	57
19	0.371032	58
8	0.339286	59
57	0.307540	60
10	0.295635	61
34	0.287698	62
35	0.279762	63
47	0.255952	64
20	0.244048	65
60	0.192460	66
29	0.168651	67
32	0.168651	68
26	0.156746	69
33	0.152778	70
39	0.148810	71
9	0.148810	72
46	0.148810	73
76	0.148810	74
53	0.148810	75
59	0.148810	76
