residue	score	rank
69	2.289272	1
42	2.247126	2
51	2.009579	3
50	1.998084	4
55	1.829502	5
41	1.545977	6
6	1.503831	7
40	1.438697	8
22	1.415709	9
54	1.415709	10
68	1.404215	11
43	1.400383	12
52	1.285441	13
44	1.270115	14
70	1.247126	15
72	1.231801	16
5	1.212644	17
27	1.193487	18
24	1.189655	19
37	1.189655	20
18	1.132184	21
71	1.101533	22
31	1.078544	23
73	0.971264	24
28	0.932950	25
25	0.863985	26
21	0.856322	27
13	0.833333	28
63	0.829502	29
67	0.810345	30
38	0.775862	31
66	0.741379	32
74	0.703065	33
4	0.699234	34
12	0.691571	35
61	0.691571	36
7	0.687739	37
62	0.676245	38
14	0.649425	39
53	0.637931	40
64	0.618774	41
15	0.614943	42
65	0.614943	43
17	0.607280	44
56	0.595785	45
3	0.584291	46
16	0.580460	47
36	0.557471	48
58	0.549808	49
20	0.522989	50
1	0.519157	51
45	0.477011	52
49	0.473180	53
35	0.427203	54
75	0.427203	55
11	0.423372	56
2	0.408046	57
48	0.362069	58
30	0.346743	59
19	0.331418	60
60	0.289272	61
34	0.281609	62
57	0.266284	63
47	0.247126	64
32	0.239464	65
29	0.159004	66
10	0.151341	67
9	0.147510	68
33	0.147510	69
8	0.143678	70
26	0.143678	71
39	0.143678	72
46	0.143678	73
59	0.143678	74
76	0.143678	75
23	0.143678	76
