residue	score	rank
51	2.011706	1
42	2.001672	2
50	2.001672	3
69	1.964883	4
55	1.750836	5
43	1.459866	6
54	1.436455	7
71	1.329431	8
41	1.265886	9
68	1.232441	10
22	1.229097	11
40	1.182274	12
70	1.148829	13
52	1.145485	14
72	1.075251	15
18	1.051839	16
24	1.028428	17
37	1.021739	18
6	0.991639	19
27	0.971572	20
44	0.968227	21
31	0.904682	22
5	0.871237	23
73	0.847826	24
67	0.794314	25
28	0.787625	26
21	0.770903	27
25	0.740803	28
7	0.707358	29
66	0.693980	30
64	0.683946	31
63	0.677258	32
74	0.613712	33
13	0.600334	34
61	0.600334	35
56	0.590301	36
65	0.583612	37
38	0.580268	38
17	0.570234	39
16	0.566890	40
49	0.566890	41
14	0.560201	42
15	0.556856	43
62	0.530100	44
1	0.506689	45
20	0.506689	46
58	0.486622	47
12	0.486622	48
36	0.479933	49
53	0.439799	50
48	0.426421	51
4	0.372910	52
75	0.372910	53
35	0.362876	54
30	0.342809	55
23	0.336120	56
3	0.309365	57
19	0.309365	58
2	0.309365	59
45	0.306020	60
11	0.259197	61
9	0.255853	62
57	0.255853	63
34	0.242475	64
60	0.209030	65
32	0.178930	66
10	0.148829	67
29	0.138796	68
33	0.128763	69
8	0.125418	70
26	0.125418	71
39	0.125418	72
46	0.125418	73
47	0.125418	74
59	0.125418	75
76	0.125418	76
