residue	score	rank
51	2.009597	1
42	1.911708	2
50	1.460653	3
41	1.305182	4
54	1.218810	5
69	1.128599	6
40	1.078695	7
71	1.053743	8
72	1.042226	9
6	1.017274	10
43	0.994242	11
73	0.973129	12
24	0.911708	13
52	0.890595	14
22	0.861804	15
27	0.857965	16
68	0.783109	17
67	0.740883	18
55	0.677543	19
37	0.564299	20
70	0.564299	21
5	0.476008	22
21	0.449136	23
74	0.420345	24
25	0.412668	25
44	0.412668	26
66	0.370441	27
38	0.368522	28
1	0.000000	29
2	0.000000	30
3	0.000000	31
4	0.000000	32
7	0.000000	33
8	0.000000	34
9	0.000000	35
10	0.000000	36
11	0.000000	37
12	0.000000	38
13	0.000000	39
14	0.000000	40
15	0.000000	41
16	0.000000	42
17	0.000000	43
18	0.000000	44
19	0.000000	45
20	0.000000	46
23	0.000000	47
26	0.000000	48
28	0.000000	49
29	0.000000	50
30	0.000000	51
31	0.000000	52
32	0.000000	53
33	0.000000	54
34	0.000000	55
35	0.000000	56
36	0.000000	57
39	0.000000	58
45	0.000000	59
46	0.000000	60
47	0.000000	61
48	0.000000	62
49	0.000000	63
53	0.000000	64
56	0.000000	65
57	0.000000	66
58	0.000000	67
59	0.000000	68
60	0.000000	69
61	0.000000	70
62	0.000000	71
63	0.000000	72
64	0.000000	73
65	0.000000	74
75	0.000000	75
76	0.000000	76
