residue	score	rank
42	2.464557	1
50	2.024051	2
51	1.983544	3
41	1.839241	4
43	1.667089	5
6	1.636709	6
54	1.621519	7
39	1.616456	8
68	1.581013	9
69	1.527848	10
5	1.436709	11
37	1.244304	12
70	1.127848	13
36	1.097468	14
55	1.008861	15
22	1.001266	16
71	0.968354	17
49	0.897468	18
44	0.872152	19
72	0.813924	20
7	0.786076	21
61	0.775949	22
21	0.760759	23
62	0.715190	24
63	0.687342	25
66	0.654430	26
73	0.641772	27
52	0.616456	28
56	0.606329	29
65	0.596203	30
4	0.565823	31
11	0.464557	32
74	0.464557	33
24	0.456962	34
34	0.446835	35
35	0.444304	36
18	0.434177	37
27	0.383544	38
23	0.378481	39
3	0.370886	40
13	0.363291	41
31	0.350633	42
14	0.297468	43
48	0.289873	44
75	0.282278	45
17	0.277215	46
57	0.272152	47
2	0.267089	48
45	0.267089	49
20	0.259494	50
38	0.244304	51
32	0.234177	52
60	0.206329	53
58	0.203797	54
26	0.191139	55
19	0.188608	56
30	0.155696	57
28	0.150633	58
29	0.145570	59
64	0.137975	60
67	0.120253	61
12	0.117722	62
1	0.112658	63
25	0.097468	64
8	0.094937	65
9	0.094937	66
10	0.094937	67
15	0.094937	68
16	0.094937	69
33	0.094937	70
40	0.094937	71
46	0.094937	72
47	0.094937	73
53	0.094937	74
59	0.094937	75
76	0.094937	76
