residue	score	rank
50	2.004800	1
42	2.001600	2
51	2.001600	3
69	1.950400	4
43	1.947200	5
41	1.800000	6
22	1.588800	7
55	1.233600	8
52	1.224000	9
18	1.185600	10
39	1.150400	11
37	1.121600	12
21	1.108800	13
36	1.096000	14
72	1.028800	15
68	1.009600	16
6	0.968000	17
54	0.926400	18
24	0.920000	19
25	0.840000	20
40	0.833600	21
73	0.811200	22
2	0.804800	23
31	0.801600	24
67	0.795200	25
28	0.788800	26
44	0.769600	27
66	0.753600	28
7	0.718400	29
70	0.718400	30
64	0.641600	31
65	0.638400	32
12	0.635200	33
27	0.622400	34
1	0.616000	35
74	0.587200	36
71	0.564800	37
13	0.561600	38
17	0.539200	39
15	0.532800	40
14	0.529600	41
63	0.513600	42
16	0.507200	43
23	0.497600	44
5	0.481600	45
4	0.459200	46
30	0.452800	47
58	0.443200	48
3	0.430400	49
61	0.427200	50
62	0.420800	51
49	0.411200	52
45	0.385600	53
56	0.366400	54
75	0.356800	55
8	0.347200	56
48	0.315200	57
19	0.286400	58
20	0.267200	59
57	0.244800	60
34	0.238400	61
35	0.228800	62
11	0.216000	63
10	0.152000	64
60	0.142400	65
26	0.126400	66
29	0.126400	67
33	0.123200	68
32	0.123200	69
9	0.120000	70
47	0.120000	71
59	0.120000	72
38	0.120000	73
46	0.120000	74
53	0.120000	75
76	0.120000	76
