residue	score	rank
69	2.123939	1
42	2.117148	2
51	2.005093	3
50	1.998302	4
43	1.954160	5
22	1.740238	6
41	1.353141	7
18	1.315789	8
55	1.292020	9
52	1.241087	10
25	1.234295	11
37	1.230900	12
21	1.220713	13
36	1.210526	14
70	1.210526	15
39	1.207131	16
72	1.091681	17
68	1.064516	18
71	1.064516	19
6	0.935484	20
54	0.928693	21
73	0.860781	22
2	0.857385	23
67	0.843803	24
44	0.820034	25
66	0.803056	26
7	0.789474	27
12	0.745331	28
24	0.718166	29
13	0.711375	30
64	0.691002	31
15	0.691002	32
65	0.684211	33
14	0.674024	34
30	0.660441	35
17	0.643463	36
1	0.640068	37
74	0.623090	38
16	0.612903	39
34	0.592530	40
26	0.575552	41
63	0.565365	42
23	0.517827	43
29	0.517827	44
28	0.504244	45
31	0.494058	46
61	0.480475	47
62	0.470289	48
58	0.463497	49
5	0.436333	50
49	0.436333	51
4	0.422750	52
45	0.412564	53
40	0.405772	54
3	0.395586	55
56	0.395586	56
75	0.378608	57
48	0.331070	58
8	0.314092	59
27	0.314092	60
11	0.307301	61
19	0.307301	62
20	0.283531	63
57	0.249576	64
35	0.239389	65
10	0.222411	66
60	0.164686	67
32	0.130730	68
33	0.130730	69
38	0.127334	70
53	0.127334	71
76	0.127334	72
9	0.127334	73
46	0.127334	74
47	0.127334	75
59	0.127334	76
