residue	score	rank
51	2.006623	1
50	1.993377	2
24	1.331126	3
55	1.317881	4
52	1.286093	5
27	1.180132	6
68	1.166887	7
44	1.161589	8
43	1.137748	9
69	1.132450	10
22	1.098013	11
54	1.071523	12
42	1.071523	13
71	1.026490	14
70	0.909934	15
6	0.894040	16
72	0.851656	17
5	0.843709	18
28	0.843709	19
18	0.825166	20
21	0.740397	21
53	0.692715	22
31	0.679470	23
73	0.671523	24
25	0.615894	25
38	0.610596	26
13	0.573510	27
56	0.517881	28
15	0.509934	29
14	0.507285	30
41	0.504636	31
61	0.488742	32
74	0.486093	33
7	0.478146	34
17	0.472848	35
12	0.470199	36
16	0.459603	37
37	0.449007	38
62	0.422517	39
63	0.414570	40
67	0.411921	41
4	0.398675	42
58	0.390728	43
49	0.382781	44
40	0.353642	45
2	0.348344	46
66	0.329801	47
1	0.327152	48
3	0.311258	49
30	0.305960	50
75	0.295364	51
45	0.290066	52
48	0.290066	53
11	0.287417	54
20	0.271523	55
65	0.271523	56
19	0.255629	57
36	0.245033	58
39	0.242384	59
64	0.205298	60
57	0.200000	61
47	0.192053	62
35	0.186755	63
60	0.147020	64
32	0.144371	65
34	0.139073	66
9	0.104636	67
29	0.104636	68
10	0.101987	69
33	0.101987	70
8	0.099338	71
26	0.099338	72
46	0.099338	73
23	0.099338	74
59	0.099338	75
76	0.099338	76
