residue	score	rank
69	2.428270	1
70	2.056962	2
51	2.018987	3
50	1.989451	4
55	1.968354	5
22	1.955696	6
71	1.951477	7
6	1.702532	8
27	1.571730	9
5	1.529536	10
42	1.500000	11
24	1.491561	12
68	1.478903	13
18	1.445148	14
72	1.356540	15
44	1.327004	16
40	1.322785	17
43	1.284810	18
38	1.280591	19
37	1.272152	20
54	1.208861	21
52	1.120253	22
31	1.094937	23
73	1.069620	24
21	1.056962	25
13	0.917722	26
28	0.917722	27
25	0.909283	28
41	0.883966	29
14	0.824895	30
4	0.795359	31
15	0.795359	32
2	0.778481	33
74	0.774262	34
7	0.765823	35
63	0.757384	36
61	0.753165	37
12	0.748945	38
17	0.736287	39
64	0.736287	40
62	0.732068	41
49	0.732068	42
67	0.727848	43
1	0.723629	44
3	0.719409	45
16	0.715190	46
56	0.702532	47
66	0.668776	48
36	0.584388	49
58	0.584388	50
20	0.580169	51
65	0.575949	52
30	0.529536	53
45	0.483122	54
75	0.470464	55
8	0.466245	56
39	0.462025	57
11	0.457806	58
35	0.453586	59
48	0.440928	60
19	0.432489	61
23	0.335443	62
57	0.331224	63
34	0.305907	64
46	0.297468	65
47	0.276371	66
53	0.255274	67
60	0.234177	68
32	0.179325	69
29	0.175105	70
9	0.162447	71
26	0.162447	72
33	0.162447	73
10	0.158228	74
59	0.158228	75
76	0.158228	76
