residue	score	rank
69	2.527721	1
42	2.396304	2
51	2.010267	3
50	2.002053	4
55	1.776181	5
41	1.710472	6
68	1.694045	7
40	1.587269	8
6	1.554415	9
22	1.488706	10
43	1.418891	11
54	1.361396	12
52	1.361396	13
44	1.357290	14
70	1.336756	15
72	1.320329	16
37	1.316222	17
27	1.271047	18
5	1.271047	19
24	1.266940	20
18	1.184805	21
66	1.184805	22
71	1.180698	23
31	1.156057	24
67	1.106776	25
63	1.045175	26
73	1.041068	27
65	1.032854	28
64	0.979466	29
28	0.958932	30
21	0.913758	31
25	0.893224	32
13	0.856263	33
38	0.835729	34
62	0.761807	35
74	0.753593	36
14	0.745380	37
7	0.741273	38
61	0.741273	39
12	0.728953	40
15	0.708419	41
17	0.650924	42
16	0.618070	43
36	0.605749	44
1	0.597536	45
56	0.564682	46
58	0.540041	47
45	0.523614	48
20	0.511294	49
49	0.486653	50
53	0.482546	51
2	0.462012	52
35	0.462012	53
4	0.462012	54
75	0.457906	55
8	0.449692	56
11	0.449692	57
30	0.383984	58
48	0.375770	59
19	0.355236	60
3	0.347023	61
23	0.342916	62
60	0.314168	63
34	0.305955	64
57	0.285421	65
47	0.256674	66
32	0.252567	67
29	0.170431	68
9	0.158111	69
10	0.158111	70
33	0.158111	71
39	0.154004	72
46	0.154004	73
59	0.154004	74
76	0.154004	75
26	0.154004	76
