residue	score	rank
69	2.382353	1
42	2.288235	2
51	2.009804	3
50	1.998039	4
6	1.884314	5
55	1.794118	6
41	1.598039	7
71	1.519608	8
40	1.488235	9
68	1.460784	10
54	1.421569	11
22	1.386275	12
43	1.386275	13
52	1.362745	14
5	1.307843	15
44	1.300000	16
70	1.276471	17
24	1.264706	18
27	1.260784	19
72	1.260784	20
37	1.233333	21
18	1.131373	22
31	1.064706	23
73	0.994118	24
28	0.900000	25
63	0.868627	26
21	0.860784	27
67	0.856863	28
13	0.856863	29
25	0.829412	30
38	0.794118	31
66	0.786275	32
4	0.766667	33
74	0.719608	34
12	0.707843	35
7	0.703922	36
61	0.703922	37
62	0.696078	38
53	0.688235	39
14	0.664706	40
65	0.652941	41
64	0.641176	42
3	0.633333	43
15	0.629412	44
17	0.617647	45
16	0.594118	46
56	0.586275	47
36	0.570588	48
1	0.550980	49
58	0.547059	50
20	0.496078	51
45	0.492157	52
49	0.480392	53
35	0.437255	54
75	0.437255	55
2	0.433333	56
11	0.433333	57
30	0.398039	58
48	0.366667	59
19	0.339216	60
60	0.300000	61
34	0.292157	62
57	0.272549	63
47	0.252941	64
32	0.205882	65
29	0.162745	66
10	0.154902	67
9	0.150980	68
33	0.150980	69
39	0.147059	70
46	0.147059	71
76	0.147059	72
8	0.147059	73
23	0.147059	74
26	0.147059	75
59	0.147059	76
