residue	score	rank
51	2.016886	1
69	2.005629	2
50	1.990619	3
70	1.938086	4
55	1.859287	5
71	1.836773	6
6	1.510319	7
40	1.495310	8
54	1.484053	9
22	1.393996	10
42	1.378987	11
43	1.371482	12
68	1.330206	13
52	1.326454	14
44	1.307692	15
24	1.303940	16
27	1.292683	17
5	1.228893	18
72	1.206379	19
18	1.187617	20
37	1.131332	21
31	0.954972	22
73	0.951220	23
21	0.883677	24
28	0.838649	25
13	0.786116	26
38	0.786116	27
25	0.778612	28
14	0.696060	29
12	0.692308	30
61	0.688555	31
74	0.688555	32
41	0.684803	33
15	0.669794	34
67	0.651032	35
17	0.651032	36
7	0.647280	37
56	0.643527	38
62	0.643527	39
4	0.613508	40
16	0.613508	41
66	0.609756	42
63	0.553471	43
3	0.542214	44
36	0.538462	45
58	0.530957	46
20	0.523452	47
65	0.519700	48
1	0.512195	49
53	0.500938	50
49	0.485929	51
45	0.455910	52
2	0.448405	53
11	0.437148	54
30	0.422139	55
75	0.418386	56
35	0.410882	57
8	0.384615	58
48	0.365854	59
19	0.354597	60
64	0.328330	61
23	0.317073	62
57	0.290807	63
34	0.275797	64
47	0.242026	65
60	0.238274	66
10	0.174484	67
32	0.159475	68
9	0.148218	69
29	0.148218	70
33	0.144465	71
39	0.140713	72
46	0.140713	73
59	0.140713	74
76	0.140713	75
26	0.140713	76
