node,label,x,y,z,size
0,LEU50,28.315,39.09,30.106,1.0
1,GLU51,24.55,38.97,29.398,1.541267
2,GLN41,27.268,31.5,38.262,1.305182
3,ARG42,28.875,34.972,37.293,1.911708
4,ARG54,23.805,36.912,24.039,1.21881
5,THR55,25.925,34.845,21.791,0.677543
6,LEU69,34.16,32.621,36.61,1.128599
7,PRO37,23.752,26.146,39.61,0.564299
8,GLN40,25.017,30.926,41.417,1.078695
9,VAL70,32.956,33.779,39.891,0.564299
10,LEU71,30.613,31.922,42.207,0.564299
11,ARG72,27.746,33.372,44.312,0.552783
12,LEU73,27.402,31.898,47.862,0.552783
13,LYS6,38.947,30.133,34.447,0.541267
14,LEU43,30.82,35.257,34.106,0.533589
