residue	score	rank
69	2.255046	1
70	2.056881	2
71	1.965138	3
22	1.869725	4
51	1.752294	5
50	1.730275	6
40	1.638532	7
18	1.451376	8
43	1.385321	9
55	1.315596	10
6	1.297248	11
21	1.267890	12
5	1.187156	13
72	1.179817	14
24	1.157798	15
68	1.157798	16
37	1.154128	17
52	1.106422	18
42	1.084404	19
27	1.051376	20
44	1.025688	21
25	0.966972	22
31	0.966972	23
73	0.930275	24
13	0.911927	25
28	0.908257	26
54	0.897248	27
14	0.812844	28
15	0.812844	29
2	0.790826	30
1	0.761468	31
17	0.728440	32
16	0.713761	33
4	0.713761	34
67	0.680734	35
74	0.673394	36
12	0.669725	37
66	0.647706	38
7	0.636697	39
36	0.636697	40
3	0.629358	41
38	0.625688	42
63	0.618349	43
64	0.563303	44
65	0.555963	45
61	0.526606	46
62	0.519266	47
35	0.515596	48
39	0.508257	49
58	0.500917	50
49	0.478899	51
41	0.460550	52
45	0.442202	53
11	0.420183	54
23	0.420183	55
56	0.420183	56
75	0.409174	57
8	0.405505	58
20	0.361468	59
48	0.361468	60
19	0.346789	61
30	0.339450	62
57	0.284404	63
60	0.284404	64
10	0.277064	65
34	0.266055	66
47	0.240367	67
32	0.233028	68
53	0.211009	69
29	0.152294	70
26	0.141284	71
33	0.141284	72
9	0.137615	73
46	0.137615	74
59	0.137615	75
76	0.137615	76
