node1,node2,x,y,z,size
LEU50,GLU51,26.4325,39.03,29.752000000000002,1.0
GLN41,ARG42,28.0715,33.236000000000004,37.7775,0.790787
ARG54,THR55,24.865000000000002,35.8785,22.915,0.677543
