i	j	score	corr
50	51	1.000000	0.831000
41	42	0.790787	0.783000
54	55	0.677543	0.822000
42	69	0.587332	0.703000
37	40	0.564299	0.676000
70	71	0.564299	0.777000
72	73	0.552783	0.534000
6	69	0.541267	0.610000
51	54	0.541267	0.664000
42	43	0.533589	0.813000
40	41	0.514395	0.835000
24	27	0.489443	0.715000
71	72	0.489443	0.750000
5	6	0.476008	0.813000
51	52	0.468330	0.855000
43	50	0.460653	0.553000
21	22	0.449136	0.731000
24	52	0.422265	0.781000
73	74	0.420345	0.375000
22	25	0.412668	0.665000
44	68	0.412668	0.734000
66	67	0.370441	0.704000
67	68	0.370441	0.706000
27	38	0.368522	0.612000
69	70	0.349328	0.826000
28	31	0.347409	0.751000
52	53	0.345489	0.837000
62	63	0.343570	0.782000
61	62	0.337812	0.778000
68	69	0.337812	0.838000
42	70	0.335893	0.791000
25	28	0.333973	0.669000
13	14	0.326296	0.774000
65	66	0.322457	0.698000
18	21	0.320537	0.588000
55	56	0.320537	0.798000
17	18	0.314779	0.778000
14	15	0.307102	0.757000
44	50	0.307102	0.558000
7	69	0.305182	0.624000
3	4	0.299424	0.692000
5	13	0.289827	0.637000
64	65	0.289827	0.785000
74	75	0.284069	0.829000
36	37	0.282150	0.834000
11	12	0.280230	0.766000
4	5	0.276392	0.659000
15	16	0.276392	0.692000
16	17	0.274472	0.715000
55	58	0.274472	0.750000
63	64	0.266795	0.816000
31	37	0.261036	0.682000
6	12	0.251440	0.496000
44	45	0.249520	0.779000
56	61	0.245681	0.585000
22	55	0.238004	0.692000
1	18	0.230326	0.629000
49	50	0.230326	0.786000
35	36	0.214971	0.890000
20	55	0.211132	0.637000
40	72	0.191939	0.486000
43	44	0.186180	0.809000
53	54	0.186180	0.848000
31	32	0.174664	0.859000
48	49	0.170825	0.763000
1	2	0.168906	0.793000
43	69	0.168906	0.733000
27	28	0.166987	0.860000
38	41	0.166987	0.618000
22	24	0.159309	0.636000
12	13	0.149712	0.797000
2	3	0.147793	0.683000
10	11	0.143954	0.671000
34	35	0.143954	0.883000
75	76	0.143954	0.902000
18	20	0.142035	0.641000
7	8	0.140115	0.701000
5	68	0.138196	0.526000
7	9	0.136276	0.470000
18	19	0.130518	0.762000
30	31	0.128599	0.865000
6	68	0.126679	0.642000
38	40	0.119002	0.646000
58	59	0.115163	0.840000
47	48	0.113244	0.739000
60	61	0.113244	0.823000
3	63	0.111324	0.495000
58	60	0.111324	0.730000
6	7	0.107486	0.650000
22	53	0.107486	0.697000
