residue	score	rank
69	2.289827	1
42	2.247601	2
51	2.009597	3
50	1.998081	4
55	1.721689	5
6	1.502879	6
41	1.472169	7
54	1.404990	8
40	1.389635	9
68	1.385797	10
22	1.366603	11
43	1.349328	12
70	1.249520	13
52	1.236084	14
72	1.234165	15
5	1.180422	16
44	1.155470	17
18	1.138196	18
37	1.107486	19
24	1.071017	20
71	1.053743	21
27	1.024952	22
73	0.973129	23
31	0.911708	24
28	0.848369	25
21	0.769674	26
13	0.765835	27
25	0.746641	28
67	0.740883	29
63	0.721689	30
74	0.704415	31
61	0.696737	32
66	0.692898	33
7	0.689060	34
12	0.681382	35
62	0.681382	36
38	0.654511	37
53	0.639155	38
14	0.633397	39
65	0.612284	40
17	0.589251	41
15	0.583493	42
4	0.575816	43
56	0.566219	44
3	0.558541	45
64	0.556622	46
16	0.550864	47
58	0.500960	48
36	0.497121	49
75	0.428023	50
11	0.424184	51
49	0.401152	52
1	0.399232	53
35	0.358925	54
20	0.353167	55
2	0.316699	56
48	0.284069	57
45	0.249520	58
60	0.224568	59
32	0.174664	60
10	0.143954	61
34	0.143954	62
76	0.143954	63
8	0.140115	64
9	0.136276	65
19	0.130518	66
30	0.128599	67
59	0.115163	68
47	0.113244	69
23	0.000000	70
26	0.000000	71
29	0.000000	72
33	0.000000	73
39	0.000000	74
46	0.000000	75
57	0.000000	76
